scenario,label,total_gdp_ratio,scale_ratio,development_ratio,s1,s2,gw1,gw2,xbar1,xbar2,metric,developed_var,less_developed_var,developed_steady_state,less_developed_steady_state,transformation,horizon,developed_normalized_response,less_developed_normalized_response,normalized_gap
scale_development_y100,"R=1.0, scale=1.000, unit GDP=1.000",1,1,1,0.5,0.5,0.5,0.5,1,1,Net real debt-service burden,ds1,ds2,0.0161616161616163,0.0404040404040407,first_order_relative_deviation=level_IRF/steady_state,1,0.16755090204678,0.175234679092437,0.00768377704565748
scale_development_y100,"R=1.0, scale=1.000, unit GDP=1.000",1,1,1,0.5,0.5,0.5,0.5,1,1,Net real debt-service burden,ds1,ds2,0.0161616161616163,0.0404040404040407,first_order_relative_deviation=level_IRF/steady_state,2,0.276566407843968,0.283517115411843,0.00695070756787425
scale_development_y100,"R=1.0, scale=1.000, unit GDP=1.000",1,1,1,0.5,0.5,0.5,0.5,1,1,Net real debt-service burden,ds1,ds2,0.0161616161616163,0.0404040404040407,first_order_relative_deviation=level_IRF/steady_state,3,0.148424881211633,0.154147329726645,0.00572244851501133
scale_development_y100,"R=1.0, scale=1.000, unit GDP=1.000",1,1,1,0.5,0.5,0.5,0.5,1,1,Net real debt-service burden,ds1,ds2,0.0161616161616163,0.0404040404040407,first_order_relative_deviation=level_IRF/steady_state,4,0.0758293873298316,0.0801522385160634,0.00432285118623181
scale_development_y100,"R=1.0, scale=1.000, unit GDP=1.000",1,1,1,0.5,0.5,0.5,0.5,1,1,Net real debt-service burden,ds1,ds2,0.0161616161616163,0.0404040404040407,first_order_relative_deviation=level_IRF/steady_state,5,0.0359169026909527,0.0388656147960172,0.00294871210506445
scale_development_y100,"R=1.0, scale=1.000, unit GDP=1.000",1,1,1,0.5,0.5,0.5,0.5,1,1,Net real debt-service burden,ds1,ds2,0.0161616161616163,0.0404040404040407,first_order_relative_deviation=level_IRF/steady_state,6,0.0148518598885546,0.0165608842177671,0.00170902432921246
scale_development_y100,"R=1.0, scale=1.000, unit GDP=1.000",1,1,1,0.5,0.5,0.5,0.5,1,1,Net real debt-service burden,ds1,ds2,0.0161616161616163,0.0404040404040407,first_order_relative_deviation=level_IRF/steady_state,7,0.00438395933035402,0.00503850095417779,0.000654541623823771
scale_development_y100,"R=1.0, scale=1.000, unit GDP=1.000",1,1,1,0.5,0.5,0.5,0.5,1,1,Net real debt-service burden,ds1,ds2,0.0161616161616163,0.0404040404040407,first_order_relative_deviation=level_IRF/steady_state,8,-0.000321992485322017,-0.000522775710279233,-0.000200783224957216
scale_development_y100,"R=1.0, scale=1.000, unit GDP=1.000",1,1,1,0.5,0.5,0.5,0.5,1,1,Net real debt-service burden,ds1,ds2,0.0161616161616163,0.0404040404040407,first_order_relative_deviation=level_IRF/steady_state,9,-0.00204031722610924,-0.00290510126575153,-0.000864784039642292
scale_development_y100,"R=1.0, scale=1.000, unit GDP=1.000",1,1,1,0.5,0.5,0.5,0.5,1,1,Net real debt-service burden,ds1,ds2,0.0161616161616163,0.0404040404040407,first_order_relative_deviation=level_IRF/steady_state,10,-0.00232033317582762,-0.00367726341557213,-0.00135693023974452
scale_development_y100,"R=1.0, scale=1.000, unit GDP=1.000",1,1,1,0.5,0.5,0.5,0.5,1,1,Net real debt-service burden,ds1,ds2,0.0161616161616163,0.0404040404040407,first_order_relative_deviation=level_IRF/steady_state,11,-0.00199613511136953,-0.00369786516733382,-0.00170173005596429
scale_development_y100,"R=1.0, scale=1.000, unit GDP=1.000",1,1,1,0.5,0.5,0.5,0.5,1,1,Net real debt-service burden,ds1,ds2,0.0161616161616163,0.0404040404040407,first_order_relative_deviation=level_IRF/steady_state,12,-0.00149335386229654,-0.00341800408108036,-0.00192465021878382
scale_development_y100,"R=1.0, scale=1.000, unit GDP=1.000",1,1,1,0.5,0.5,0.5,0.5,1,1,Net real debt-service burden,ds1,ds2,0.0161616161616163,0.0404040404040407,first_order_relative_deviation=level_IRF/steady_state,13,-0.00101091169762576,-0.00306067439415709,-0.00204976269653133
scale_development_y100,"R=1.0, scale=1.000, unit GDP=1.000",1,1,1,0.5,0.5,0.5,0.5,1,1,Net real debt-service burden,ds1,ds2,0.0161616161616163,0.0404040404040407,first_order_relative_deviation=level_IRF/steady_state,14,-0.000626741353418504,-0.00272527895089834,-0.00209853759747983
scale_development_y100,"R=1.0, scale=1.000, unit GDP=1.000",1,1,1,0.5,0.5,0.5,0.5,1,1,Net real debt-service burden,ds1,ds2,0.0161616161616163,0.0404040404040407,first_order_relative_deviation=level_IRF/steady_state,15,-0.000357884228711623,-0.00244725138807222,-0.0020893671593606
scale_development_y100,"R=1.0, scale=1.000, unit GDP=1.000",1,1,1,0.5,0.5,0.5,0.5,1,1,Net real debt-service burden,ds1,ds2,0.0161616161616163,0.0404040404040407,first_order_relative_deviation=level_IRF/steady_state,16,-0.000193648366655271,-0.00223118082957476,-0.00203753246291949
scale_development_y100,"R=1.0, scale=1.000, unit GDP=1.000",1,1,1,0.5,0.5,0.5,0.5,1,1,Net real debt-service burden,ds1,ds2,0.0161616161616163,0.0404040404040407,first_order_relative_deviation=level_IRF/steady_state,17,-0.000113158018425309,-0.00206857634266593,-0.00195541832424062
scale_development_y100,"R=1.0, scale=1.000, unit GDP=1.000",1,1,1,0.5,0.5,0.5,0.5,1,1,Net real debt-service burden,ds1,ds2,0.0161616161616163,0.0404040404040407,first_order_relative_deviation=level_IRF/steady_state,18,-9.40729288323942e-05,-0.00194692232619593,-0.00185284939736354
scale_development_y100,"R=1.0, scale=1.000, unit GDP=1.000",1,1,1,0.5,0.5,0.5,0.5,1,1,Net real debt-service burden,ds1,ds2,0.0161616161616163,0.0404040404040407,first_order_relative_deviation=level_IRF/steady_state,19,-0.000116465922945472,-0.00185393387436347,-0.001737467951418
scale_development_y100,"R=1.0, scale=1.000, unit GDP=1.000",1,1,1,0.5,0.5,0.5,0.5,1,1,Net real debt-service burden,ds1,ds2,0.0161616161616163,0.0404040404040407,first_order_relative_deviation=level_IRF/steady_state,20,-0.000164160003934517,-0.00177926622284267,-0.00161510621890815
scale_development_y100,"R=1.0, scale=1.000, unit GDP=1.000",1,1,1,0.5,0.5,0.5,0.5,1,1,Net real debt-service burden,ds1,ds2,0.0161616161616163,0.0404040404040407,first_order_relative_deviation=level_IRF/steady_state,21,-0.000224820098350162,-0.00171494786037977,-0.00149012776202961
scale_development_y100,"R=1.0, scale=1.000, unit GDP=1.000",1,1,1,0.5,0.5,0.5,0.5,1,1,Net real debt-service burden,ds1,ds2,0.0161616161616163,0.0404040404040407,first_order_relative_deviation=level_IRF/steady_state,22,-0.000289504764945583,-0.00165523091222282,-0.00136572614727724
scale_development_y100,"R=1.0, scale=1.000, unit GDP=1.000",1,1,1,0.5,0.5,0.5,0.5,1,1,Net real debt-service burden,ds1,ds2,0.0161616161616163,0.0404040404040407,first_order_relative_deviation=level_IRF/steady_state,23,-0.000352044410458978,-0.00159622214284967,-0.00124417773239069
scale_development_y100,"R=1.0, scale=1.000, unit GDP=1.000",1,1,1,0.5,0.5,0.5,0.5,1,1,Net real debt-service burden,ds1,ds2,0.0161616161616163,0.0404040404040407,first_order_relative_deviation=level_IRF/steady_state,24,-0.000408422966991562,-0.00153547325684303,-0.00112705028985147
scale_development_y100,"R=1.0, scale=1.000, unit GDP=1.000",1,1,1,0.5,0.5,0.5,0.5,1,1,Net real debt-service burden,ds1,ds2,0.0161616161616163,0.0404040404040407,first_order_relative_deviation=level_IRF/steady_state,25,-0.000456237514170189,-0.00147160927107504,-0.00101537175690485
scale_development_y100,"R=1.0, scale=1.000, unit GDP=1.000",1,1,1,0.5,0.5,0.5,0.5,1,1,Net real debt-service burden,ds1,ds2,0.0161616161616163,0.0404040404040407,first_order_relative_deviation=level_IRF/steady_state,26,-0.000494257655766264,-0.00140402213463942,-0.00090976447887316
scale_development_y100,"R=1.0, scale=1.000, unit GDP=1.000",1,1,1,0.5,0.5,0.5,0.5,1,1,Net real debt-service burden,ds1,ds2,0.0161616161616163,0.0404040404040407,first_order_relative_deviation=level_IRF/steady_state,27,-0.000522081485133913,-0.00133263197630411,-0.0008105504911702
scale_development_y100,"R=1.0, scale=1.000, unit GDP=1.000",1,1,1,0.5,0.5,0.5,0.5,1,1,Net real debt-service burden,ds1,ds2,0.0161616161616163,0.0404040404040407,first_order_relative_deviation=level_IRF/steady_state,28,-0.00053987484468023,-0.00125770790392185,-0.000717833059241616
scale_development_y100,"R=1.0, scale=1.000, unit GDP=1.000",1,1,1,0.5,0.5,0.5,0.5,1,1,Net real debt-service burden,ds1,ds2,0.0161616161616163,0.0404040404040407,first_order_relative_deviation=level_IRF/steady_state,29,-0.000548177992401073,-0.00117973711131425,-0.000631559118913179
scale_development_y100,"R=1.0, scale=1.000, unit GDP=1.000",1,1,1,0.5,0.5,0.5,0.5,1,1,Net real debt-service burden,ds1,ds2,0.0161616161616163,0.0404040404040407,first_order_relative_deviation=level_IRF/steady_state,30,-0.000547764694727683,-0.00109933128528537,-0.000551566590557685
scale_development_y100,"R=1.0, scale=1.000, unit GDP=1.000",1,1,1,0.5,0.5,0.5,0.5,1,1,Net real debt-service burden,ds1,ds2,0.0161616161616163,0.0404040404040407,first_order_relative_deviation=level_IRF/steady_state,31,-0.000539541024605366,-0.00101716089717789,-0.000477619872572523
scale_development_y100,"R=1.0, scale=1.000, unit GDP=1.000",1,1,1,0.5,0.5,0.5,0.5,1,1,Net real debt-service burden,ds1,ds2,0.0161616161616163,0.0404040404040407,first_order_relative_deviation=level_IRF/steady_state,32,-0.000524473683171542,-0.00093390988693651,-0.000409436203764968
scale_development_y100,"R=1.0, scale=1.000, unit GDP=1.000",1,1,1,0.5,0.5,0.5,0.5,1,1,Net real debt-service burden,ds1,ds2,0.0161616161616163,0.0404040404040407,first_order_relative_deviation=level_IRF/steady_state,33,-0.000503539996582308,-0.000850245040630214,-0.000346705044047906
scale_development_y100,"R=1.0, scale=1.000, unit GDP=1.000",1,1,1,0.5,0.5,0.5,0.5,1,1,Net real debt-service burden,ds1,ds2,0.0161616161616163,0.0404040404040407,first_order_relative_deviation=level_IRF/steady_state,34,-0.000477693689430189,-0.000766795854809372,-0.000289102165379183
scale_development_y100,"R=1.0, scale=1.000, unit GDP=1.000",1,1,1,0.5,0.5,0.5,0.5,1,1,Net real debt-service burden,ds1,ds2,0.0161616161616163,0.0404040404040407,first_order_relative_deviation=level_IRF/steady_state,35,-0.000447842078007613,-0.000684141845619633,-0.00023629976761202
scale_development_y100,"R=1.0, scale=1.000, unit GDP=1.000",1,1,1,0.5,0.5,0.5,0.5,1,1,Net real debt-service burden,ds1,ds2,0.0161616161616163,0.0404040404040407,first_order_relative_deviation=level_IRF/steady_state,36,-0.000414831502567637,-0.000602805131795012,-0.000187973629227374
scale_development_y100,"R=1.0, scale=1.000, unit GDP=1.000",1,1,1,0.5,0.5,0.5,0.5,1,1,Net real debt-service burden,ds1,ds2,0.0161616161616163,0.0404040404040407,first_order_relative_deviation=level_IRF/steady_state,37,-0.000379438692368868,-0.000523246753477024,-0.000143808061108156
scale_development_y100,"R=1.0, scale=1.000, unit GDP=1.000",1,1,1,0.5,0.5,0.5,0.5,1,1,Net real debt-service burden,ds1,ds2,0.0161616161616163,0.0404040404040407,first_order_relative_deviation=level_IRF/steady_state,38,-0.000342366396443182,-0.000445865638833685,-0.000103499242390503
scale_development_y100,"R=1.0, scale=1.000, unit GDP=1.000",1,1,1,0.5,0.5,0.5,0.5,1,1,Net real debt-service burden,ds1,ds2,0.0161616161616163,0.0404040404040407,first_order_relative_deviation=level_IRF/steady_state,39,-0.00030424207433377,-0.000370999445791972,-6.67573714582029e-05
scale_development_y100,"R=1.0, scale=1.000, unit GDP=1.000",1,1,1,0.5,0.5,0.5,0.5,1,1,Net real debt-service burden,ds1,ds2,0.0161616161616163,0.0404040404040407,first_order_relative_deviation=level_IRF/steady_state,40,-0.000265618771400159,-0.000298926725148082,-3.33079537479231e-05
scale_development_y100,"R=1.0, scale=1.000, unit GDP=1.000",1,1,1,0.5,0.5,0.5,0.5,1,1,Pre-financing fiscal resources,fs1,fs2,0.12,0.12,first_order_relative_deviation=level_IRF/steady_state,1,-0.0237207546946836,-0.0597796682804246,-0.036058913585741
scale_development_y100,"R=1.0, scale=1.000, unit GDP=1.000",1,1,1,0.5,0.5,0.5,0.5,1,1,Pre-financing fiscal resources,fs1,fs2,0.12,0.12,first_order_relative_deviation=level_IRF/steady_state,2,-0.0382118398402779,-0.0961652760623289,-0.057953436222051
scale_development_y100,"R=1.0, scale=1.000, unit GDP=1.000",1,1,1,0.5,0.5,0.5,0.5,1,1,Pre-financing fiscal resources,fs1,fs2,0.12,0.12,first_order_relative_deviation=level_IRF/steady_state,3,-0.0207738384810872,-0.0525268221117283,-0.0317529836306411
scale_development_y100,"R=1.0, scale=1.000, unit GDP=1.000",1,1,1,0.5,0.5,0.5,0.5,1,1,Pre-financing fiscal resources,fs1,fs2,0.12,0.12,first_order_relative_deviation=level_IRF/steady_state,4,-0.0108440760694556,-0.0275391777053628,-0.0166951016359072
scale_development_y100,"R=1.0, scale=1.000, unit GDP=1.000",1,1,1,0.5,0.5,0.5,0.5,1,1,Pre-financing fiscal resources,fs1,fs2,0.12,0.12,first_order_relative_deviation=level_IRF/steady_state,5,-0.00534641485041403,-0.0135748560303873,-0.00822844117997328
scale_development_y100,"R=1.0, scale=1.000, unit GDP=1.000",1,1,1,0.5,0.5,0.5,0.5,1,1,Pre-financing fiscal resources,fs1,fs2,0.12,0.12,first_order_relative_deviation=level_IRF/steady_state,6,-0.00241474575250952,-0.0060123958921005,-0.00359765013959098
scale_development_y100,"R=1.0, scale=1.000, unit GDP=1.000",1,1,1,0.5,0.5,0.5,0.5,1,1,Pre-financing fiscal resources,fs1,fs2,0.12,0.12,first_order_relative_deviation=level_IRF/steady_state,7,-0.00093314896317855,-0.00208966881203171,-0.00115651984885316
scale_development_y100,"R=1.0, scale=1.000, unit GDP=1.000",1,1,1,0.5,0.5,0.5,0.5,1,1,Pre-financing fiscal resources,fs1,fs2,0.12,0.12,first_order_relative_deviation=level_IRF/steady_state,8,-0.000245446146864929,-0.000181574897842318,6.38712490226105e-05
scale_development_y100,"R=1.0, scale=1.000, unit GDP=1.000",1,1,1,0.5,0.5,0.5,0.5,1,1,Pre-financing fiscal resources,fs1,fs2,0.12,0.12,first_order_relative_deviation=level_IRF/steady_state,9,2.6400902684622e-05,0.000650338156053578,0.000623937253368956
scale_development_y100,"R=1.0, scale=1.000, unit GDP=1.000",1,1,1,0.5,0.5,0.5,0.5,1,1,Pre-financing fiscal resources,fs1,fs2,0.12,0.12,first_order_relative_deviation=level_IRF/steady_state,10,9.46159881088047e-05,0.0009356927567977,0.000841076768688896
scale_development_y100,"R=1.0, scale=1.000, unit GDP=1.000",1,1,1,0.5,0.5,0.5,0.5,1,1,Pre-financing fiscal resources,fs1,fs2,0.12,0.12,first_order_relative_deviation=level_IRF/steady_state,11,7.42733912856749e-05,0.000964664997479015,0.000890391606193341
scale_development_y100,"R=1.0, scale=1.000, unit GDP=1.000",1,1,1,0.5,0.5,0.5,0.5,1,1,Pre-financing fiscal resources,fs1,fs2,0.12,0.12,first_order_relative_deviation=level_IRF/steady_state,12,2.47258094089597e-05,0.000889930064144548,0.000865204254735588
scale_development_y100,"R=1.0, scale=1.000, unit GDP=1.000",1,1,1,0.5,0.5,0.5,0.5,1,1,Pre-financing fiscal resources,fs1,fs2,0.12,0.12,first_order_relative_deviation=level_IRF/steady_state,13,-2.57742761565251e-05,0.000787124413606395,0.00081289868976292
scale_development_y100,"R=1.0, scale=1.000, unit GDP=1.000",1,1,1,0.5,0.5,0.5,0.5,1,1,Pre-financing fiscal resources,fs1,fs2,0.12,0.12,first_order_relative_deviation=level_IRF/steady_state,14,-6.57006594100238e-05,0.000690093969921956,0.000755794629331979
scale_development_y100,"R=1.0, scale=1.000, unit GDP=1.000",1,1,1,0.5,0.5,0.5,0.5,1,1,Pre-financing fiscal resources,fs1,fs2,0.12,0.12,first_order_relative_deviation=level_IRF/steady_state,15,-9.2044580518244e-05,0.000611020047842451,0.000703064628360695
scale_development_y100,"R=1.0, scale=1.000, unit GDP=1.000",1,1,1,0.5,0.5,0.5,0.5,1,1,Pre-financing fiscal resources,fs1,fs2,0.12,0.12,first_order_relative_deviation=level_IRF/steady_state,16,-0.000105758211035982,0.000551612922145237,0.00065737113318122
scale_development_y100,"R=1.0, scale=1.000, unit GDP=1.000",1,1,1,0.5,0.5,0.5,0.5,1,1,Pre-financing fiscal resources,fs1,fs2,0.12,0.12,first_order_relative_deviation=level_IRF/steady_state,17,-0.000109322423512068,0.000509123319372695,0.000618445742884763
scale_development_y100,"R=1.0, scale=1.000, unit GDP=1.000",1,1,1,0.5,0.5,0.5,0.5,1,1,Pre-financing fiscal resources,fs1,fs2,0.12,0.12,first_order_relative_deviation=level_IRF/steady_state,18,-0.000105522270491566,0.000479412871426272,0.000584935141917838
scale_development_y100,"R=1.0, scale=1.000, unit GDP=1.000",1,1,1,0.5,0.5,0.5,0.5,1,1,Pre-financing fiscal resources,fs1,fs2,0.12,0.12,first_order_relative_deviation=level_IRF/steady_state,19,-9.68890146269691e-05,0.000458401580946908,0.000555290595573877
scale_development_y100,"R=1.0, scale=1.000, unit GDP=1.000",1,1,1,0.5,0.5,0.5,0.5,1,1,Pre-financing fiscal resources,fs1,fs2,0.12,0.12,first_order_relative_deviation=level_IRF/steady_state,20,-8.54952094122656e-05,0.000442652990630353,0.000528148200042618
scale_development_y100,"R=1.0, scale=1.000, unit GDP=1.000",1,1,1,0.5,0.5,0.5,0.5,1,1,Pre-financing fiscal resources,fs1,fs2,0.12,0.12,first_order_relative_deviation=level_IRF/steady_state,21,-7.292546407948e-05,0.00042952596354881,0.00050245142762829
scale_development_y100,"R=1.0, scale=1.000, unit GDP=1.000",1,1,1,0.5,0.5,0.5,0.5,1,1,Pre-financing fiscal resources,fs1,fs2,0.12,0.12,first_order_relative_deviation=level_IRF/steady_state,22,-6.03256134688174e-05,0.00041712773074983,0.000477453344218647
scale_development_y100,"R=1.0, scale=1.000, unit GDP=1.000",1,1,1,0.5,0.5,0.5,0.5,1,1,Pre-financing fiscal resources,fs1,fs2,0.12,0.12,first_order_relative_deviation=level_IRF/steady_state,23,-4.84792110479887e-05,0.000404191378617497,0.000452670589665485
scale_development_y100,"R=1.0, scale=1.000, unit GDP=1.000",1,1,1,0.5,0.5,0.5,0.5,1,1,Pre-financing fiscal resources,fs1,fs2,0.12,0.12,first_order_relative_deviation=level_IRF/steady_state,24,-3.78862610573201e-05,0.000389938537681313,0.000427824798738633
scale_development_y100,"R=1.0, scale=1.000, unit GDP=1.000",1,1,1,0.5,0.5,0.5,0.5,1,1,Pre-financing fiscal resources,fs1,fs2,0.12,0.12,first_order_relative_deviation=level_IRF/steady_state,25,-2.88332652301447e-05,0.0003739542167841,0.000402787482014245
scale_development_y100,"R=1.0, scale=1.000, unit GDP=1.000",1,1,1,0.5,0.5,0.5,0.5,1,1,Pre-financing fiscal resources,fs1,fs2,0.12,0.12,first_order_relative_deviation=level_IRF/steady_state,26,-2.14510214288181e-05,0.000356083220730621,0.000377534242159439
scale_development_y100,"R=1.0, scale=1.000, unit GDP=1.000",1,1,1,0.5,0.5,0.5,0.5,1,1,Pre-financing fiscal resources,fs1,fs2,0.12,0.12,first_order_relative_deviation=level_IRF/steady_state,27,-1.57601701825568e-05,0.000336349144507373,0.00035210931468993
scale_development_y100,"R=1.0, scale=1.000, unit GDP=1.000",1,1,1,0.5,0.5,0.5,0.5,1,1,Pre-financing fiscal resources,fs1,fs2,0.12,0.12,first_order_relative_deviation=level_IRF/steady_state,28,-1.17059883875346e-05,0.000314893349255667,0.000326599337643202
scale_development_y100,"R=1.0, scale=1.000, unit GDP=1.000",1,1,1,0.5,0.5,0.5,0.5,1,1,Pre-financing fiscal resources,fs1,fs2,0.12,0.12,first_order_relative_deviation=level_IRF/steady_state,29,-9.18437608859087e-06,0.000291930211512396,0.000301114587600987
scale_development_y100,"R=1.0, scale=1.000, unit GDP=1.000",1,1,1,0.5,0.5,0.5,0.5,1,1,Pre-financing fiscal resources,fs1,fs2,0.12,0.12,first_order_relative_deviation=level_IRF/steady_state,30,-8.06092763360837e-06,0.000267714985418878,0.000275775913052487
scale_development_y100,"R=1.0, scale=1.000, unit GDP=1.000",1,1,1,0.5,0.5,0.5,0.5,1,1,Pre-financing fiscal resources,fs1,fs2,0.12,0.12,first_order_relative_deviation=level_IRF/steady_state,31,-8.18472011404152e-06,0.000242521132447331,0.000250705852561373
scale_development_y100,"R=1.0, scale=1.000, unit GDP=1.000",1,1,1,0.5,0.5,0.5,0.5,1,1,Pre-financing fiscal resources,fs1,fs2,0.12,0.12,first_order_relative_deviation=level_IRF/steady_state,32,-9.39814090763121e-06,0.000216624607072419,0.00022602274798005
scale_development_y100,"R=1.0, scale=1.000, unit GDP=1.000",1,1,1,0.5,0.5,0.5,0.5,1,1,Pre-financing fiscal resources,fs1,fs2,0.12,0.12,first_order_relative_deviation=level_IRF/steady_state,33,-1.15437824182764e-05,0.000190293181718051,0.000201836964136328
scale_development_y100,"R=1.0, scale=1.000, unit GDP=1.000",1,1,1,0.5,0.5,0.5,0.5,1,1,Pre-financing fiscal resources,fs1,fs2,0.12,0.12,first_order_relative_deviation=level_IRF/steady_state,34,-1.44691828840119e-05,0.000163779391375412,0.000178248574259424
scale_development_y100,"R=1.0, scale=1.000, unit GDP=1.000",1,1,1,0.5,0.5,0.5,0.5,1,1,Pre-financing fiscal resources,fs1,fs2,0.12,0.12,first_order_relative_deviation=level_IRF/steady_state,35,-1.80299930442838e-05,0.000137316067195502,0.000155346060239786
scale_development_y100,"R=1.0, scale=1.000, unit GDP=1.000",1,1,1,0.5,0.5,0.5,0.5,1,1,Pre-financing fiscal resources,fs1,fs2,0.12,0.12,first_order_relative_deviation=level_IRF/steady_state,36,-2.20919954384511e-05,0.00011111371997057,0.000133205715409021
scale_development_y100,"R=1.0, scale=1.000, unit GDP=1.000",1,1,1,0.5,0.5,0.5,0.5,1,1,Pre-financing fiscal resources,fs1,fs2,0.12,0.12,first_order_relative_deviation=level_IRF/steady_state,37,-2.65322885187787e-05,8.53592467322621e-05,0.000111891535251041
scale_development_y100,"R=1.0, scale=1.000, unit GDP=1.000",1,1,1,0.5,0.5,0.5,0.5,1,1,Pre-financing fiscal resources,fs1,fs2,0.12,0.12,first_order_relative_deviation=level_IRF/steady_state,38,-3.12398634887828e-05,6.02155850779051e-05,9.1455448566688e-05
scale_development_y100,"R=1.0, scale=1.000, unit GDP=1.000",1,1,1,0.5,0.5,0.5,0.5,1,1,Pre-financing fiscal resources,fs1,fs2,0.12,0.12,first_order_relative_deviation=level_IRF/steady_state,39,-3.61157405515354e-05,3.58220462554533e-05,7.19377868069887e-05
scale_development_y100,"R=1.0, scale=1.000, unit GDP=1.000",1,1,1,0.5,0.5,0.5,0.5,1,1,Pre-financing fiscal resources,fs1,fs2,0.12,0.12,first_order_relative_deviation=level_IRF/steady_state,40,-4.1072787087514e-05,1.22951322454231e-05,5.33679193329371e-05
scale_development_y100,"R=1.0, scale=1.000, unit GDP=1.000",1,1,1,0.5,0.5,0.5,0.5,1,1,Public investment,ig1,ig2,0.12,0.12,first_order_relative_deviation=level_IRF/steady_state,1,-0.00178269830836165,-0.00402098194074498,-0.00223828363238333
scale_development_y100,"R=1.0, scale=1.000, unit GDP=1.000",1,1,1,0.5,0.5,0.5,0.5,1,1,Public investment,ig1,ig2,0.12,0.12,first_order_relative_deviation=level_IRF/steady_state,2,-0.00307818985344234,-0.00717204071206817,-0.00409385085862584
scale_development_y100,"R=1.0, scale=1.000, unit GDP=1.000",1,1,1,0.5,0.5,0.5,0.5,1,1,Public investment,ig1,ig2,0.12,0.12,first_order_relative_deviation=level_IRF/steady_state,3,-0.00402755266695395,-0.0096059921861452,-0.00557843951919125
scale_development_y100,"R=1.0, scale=1.000, unit GDP=1.000",1,1,1,0.5,0.5,0.5,0.5,1,1,Public investment,ig1,ig2,0.12,0.12,first_order_relative_deviation=level_IRF/steady_state,4,-0.00471809506102395,-0.0114375829049541,-0.00671948784393012
scale_development_y100,"R=1.0, scale=1.000, unit GDP=1.000",1,1,1,0.5,0.5,0.5,0.5,1,1,Public investment,ig1,ig2,0.12,0.12,first_order_relative_deviation=level_IRF/steady_state,5,-0.0052058759106918,-0.0127576557729464,-0.0075517798622546
scale_development_y100,"R=1.0, scale=1.000, unit GDP=1.000",1,1,1,0.5,0.5,0.5,0.5,1,1,Public investment,ig1,ig2,0.12,0.12,first_order_relative_deviation=level_IRF/steady_state,6,-0.0055289953879886,-0.0136415882180963,-0.00811259283010774
scale_development_y100,"R=1.0, scale=1.000, unit GDP=1.000",1,1,1,0.5,0.5,0.5,0.5,1,1,Public investment,ig1,ig2,0.12,0.12,first_order_relative_deviation=level_IRF/steady_state,7,-0.00571528478801644,-0.0141542334419424,-0.00843894865392598
scale_development_y100,"R=1.0, scale=1.000, unit GDP=1.000",1,1,1,0.5,0.5,0.5,0.5,1,1,Public investment,ig1,ig2,0.12,0.12,first_order_relative_deviation=level_IRF/steady_state,8,-0.00578664931089763,-0.014352764125888,-0.0085661148149904
scale_development_y100,"R=1.0, scale=1.000, unit GDP=1.000",1,1,1,0.5,0.5,0.5,0.5,1,1,Public investment,ig1,ig2,0.12,0.12,first_order_relative_deviation=level_IRF/steady_state,9,-0.00576144726385381,-0.014288285538225,-0.00852683827437123
scale_development_y100,"R=1.0, scale=1.000, unit GDP=1.000",1,1,1,0.5,0.5,0.5,0.5,1,1,Public investment,ig1,ig2,0.12,0.12,first_order_relative_deviation=level_IRF/steady_state,10,-0.00565574363477241,-0.0140067474189612,-0.00835100378418878
scale_development_y100,"R=1.0, scale=1.000, unit GDP=1.000",1,1,1,0.5,0.5,0.5,0.5,1,1,Public investment,ig1,ig2,0.12,0.12,first_order_relative_deviation=level_IRF/steady_state,11,-0.00548393775972369,-0.0135494722814192,-0.00806553452169546
scale_development_y100,"R=1.0, scale=1.000, unit GDP=1.000",1,1,1,0.5,0.5,0.5,0.5,1,1,Public investment,ig1,ig2,0.12,0.12,first_order_relative_deviation=level_IRF/steady_state,12,-0.00525905754985868,-0.0129534865047568,-0.0076944289548981
scale_development_y100,"R=1.0, scale=1.000, unit GDP=1.000",1,1,1,0.5,0.5,0.5,0.5,1,1,Public investment,ig1,ig2,0.12,0.12,first_order_relative_deviation=level_IRF/steady_state,13,-0.00499288740760384,-0.0122517602889284,-0.00725887288132455
scale_development_y100,"R=1.0, scale=1.000, unit GDP=1.000",1,1,1,0.5,0.5,0.5,0.5,1,1,Public investment,ig1,ig2,0.12,0.12,first_order_relative_deviation=level_IRF/steady_state,14,-0.00469602231940776,-0.0114734141850398,-0.00677739186563201
scale_development_y100,"R=1.0, scale=1.000, unit GDP=1.000",1,1,1,0.5,0.5,0.5,0.5,1,1,Public investment,ig1,ig2,0.12,0.12,first_order_relative_deviation=level_IRF/steady_state,15,-0.00437789697283163,-0.0106439213598821,-0.00626602438705051
scale_development_y100,"R=1.0, scale=1.000, unit GDP=1.000",1,1,1,0.5,0.5,0.5,0.5,1,1,Public investment,ig1,ig2,0.12,0.12,first_order_relative_deviation=level_IRF/steady_state,16,-0.004046813820542,-0.0097853183293047,-0.0057385045087627
scale_development_y100,"R=1.0, scale=1.000, unit GDP=1.000",1,1,1,0.5,0.5,0.5,0.5,1,1,Public investment,ig1,ig2,0.12,0.12,first_order_relative_deviation=level_IRF/steady_state,17,-0.0037099802153006,-0.00891642779780611,-0.00520644758250551
scale_development_y100,"R=1.0, scale=1.000, unit GDP=1.000",1,1,1,0.5,0.5,0.5,0.5,1,1,Public investment,ig1,ig2,0.12,0.12,first_order_relative_deviation=level_IRF/steady_state,18,-0.00337355743848695,-0.00805309249670057,-0.00467953505821362
scale_development_y100,"R=1.0, scale=1.000, unit GDP=1.000",1,1,1,0.5,0.5,0.5,0.5,1,1,Public investment,ig1,ig2,0.12,0.12,first_order_relative_deviation=level_IRF/steady_state,19,-0.00304272085192442,-0.00720841669928617,-0.00416569584736175
scale_development_y100,"R=1.0, scale=1.000, unit GDP=1.000",1,1,1,0.5,0.5,0.5,0.5,1,1,Public investment,ig1,ig2,0.12,0.12,first_order_relative_deviation=level_IRF/steady_state,20,-0.00272172886495309,-0.00639301130774365,-0.00367128244279057
scale_development_y100,"R=1.0, scale=1.000, unit GDP=1.000",1,1,1,0.5,0.5,0.5,0.5,1,1,Public investment,ig1,ig2,0.12,0.12,first_order_relative_deviation=level_IRF/steady_state,21,-0.00241399796233402,-0.00561523839726491,-0.00320124043493089
scale_development_y100,"R=1.0, scale=1.000, unit GDP=1.000",1,1,1,0.5,0.5,0.5,0.5,1,1,Public investment,ig1,ig2,0.12,0.12,first_order_relative_deviation=level_IRF/steady_state,22,-0.0021221811347587,-0.00488145148435625,-0.00275927034959755
scale_development_y100,"R=1.0, scale=1.000, unit GDP=1.000",1,1,1,0.5,0.5,0.5,0.5,1,1,Public investment,ig1,ig2,0.12,0.12,first_order_relative_deviation=level_IRF/steady_state,23,-0.00184824738868374,-0.00419622833872785,-0.00234798095004411
scale_development_y100,"R=1.0, scale=1.000, unit GDP=1.000",1,1,1,0.5,0.5,0.5,0.5,1,1,Public investment,ig1,ig2,0.12,0.12,first_order_relative_deviation=level_IRF/steady_state,24,-0.00159356042446606,-0.00356259375968819,-0.00196903333522213
scale_development_y100,"R=1.0, scale=1.000, unit GDP=1.000",1,1,1,0.5,0.5,0.5,0.5,1,1,Public investment,ig1,ig2,0.12,0.12,first_order_relative_deviation=level_IRF/steady_state,25,-0.00135895498067536,-0.00298223032376814,-0.00162327534309279
scale_development_y100,"R=1.0, scale=1.000, unit GDP=1.000",1,1,1,0.5,0.5,0.5,0.5,1,1,Public investment,ig1,ig2,0.12,0.12,first_order_relative_deviation=level_IRF/steady_state,26,-0.00114480971185847,-0.00245567564852132,-0.00131086593666285
scale_development_y100,"R=1.0, scale=1.000, unit GDP=1.000",1,1,1,0.5,0.5,0.5,0.5,1,1,Public investment,ig1,ig2,0.12,0.12,first_order_relative_deviation=level_IRF/steady_state,27,-0.000951115784365737,-0.00198250519465778,-0.00103138941029204
scale_development_y100,"R=1.0, scale=1.000, unit GDP=1.000",1,1,1,0.5,0.5,0.5,0.5,1,1,Public investment,ig1,ig2,0.12,0.12,first_order_relative_deviation=level_IRF/steady_state,28,-0.000777540639267567,-0.00156150004145816,-0.000783959402190596
scale_development_y100,"R=1.0, scale=1.000, unit GDP=1.000",1,1,1,0.5,0.5,0.5,0.5,1,1,Public investment,ig1,ig2,0.12,0.12,first_order_relative_deviation=level_IRF/steady_state,29,-0.000623486587314134,-0.00119079942056816,-0.000567312833254022
scale_development_y100,"R=1.0, scale=1.000, unit GDP=1.000",1,1,1,0.5,0.5,0.5,0.5,1,1,Public investment,ig1,ig2,0.12,0.12,first_order_relative_deviation=level_IRF/steady_state,30,-0.000488144074581888,-0.000868038085074842,-0.000379894010492955
scale_development_y100,"R=1.0, scale=1.000, unit GDP=1.000",1,1,1,0.5,0.5,0.5,0.5,1,1,Public investment,ig1,ig2,0.12,0.12,first_order_relative_deviation=level_IRF/steady_state,31,-0.000370539595346414,-0.000590468829528637,-0.000219929234182223
scale_development_y100,"R=1.0, scale=1.000, unit GDP=1.000",1,1,1,0.5,0.5,0.5,0.5,1,1,Public investment,ig1,ig2,0.12,0.12,first_order_relative_deviation=level_IRF/steady_state,32,-0.000269578336724192,-0.000355070667869042,-8.54923311448495e-05
scale_development_y100,"R=1.0, scale=1.000, unit GDP=1.000",1,1,1,0.5,0.5,0.5,0.5,1,1,Public investment,ig1,ig2,0.12,0.12,first_order_relative_deviation=level_IRF/steady_state,33,-0.000184081722816425,-0.000158643325480027,2.54383973363979e-05
scale_development_y100,"R=1.0, scale=1.000, unit GDP=1.000",1,1,1,0.5,0.5,0.5,0.5,1,1,Public investment,ig1,ig2,0.12,0.12,first_order_relative_deviation=level_IRF/steady_state,34,-0.00011282008875758,2.1111860026383e-06,0.000114931274760218
scale_development_y100,"R=1.0, scale=1.000, unit GDP=1.000",1,1,1,0.5,0.5,0.5,0.5,1,1,Public investment,ig1,ig2,0.12,0.12,first_order_relative_deviation=level_IRF/steady_state,35,-5.45407607541413e-05,0.00013051906221836,0.000185059822972502
scale_development_y100,"R=1.0, scale=1.000, unit GDP=1.000",1,1,1,0.5,0.5,0.5,0.5,1,1,Public investment,ig1,ig2,0.12,0.12,first_order_relative_deviation=level_IRF/steady_state,36,-7.99184986255882e-06,0.00022987636643379,0.000237868216296349
scale_development_y100,"R=1.0, scale=1.000, unit GDP=1.000",1,1,1,0.5,0.5,0.5,0.5,1,1,Public investment,ig1,ig2,0.12,0.12,first_order_relative_deviation=level_IRF/steady_state,37,2.80579126752991e-05,0.000303400926305805,0.000275343013630506
scale_development_y100,"R=1.0, scale=1.000, unit GDP=1.000",1,1,1,0.5,0.5,0.5,0.5,1,1,Public investment,ig1,ig2,0.12,0.12,first_order_relative_deviation=level_IRF/steady_state,38,5.48029601887592e-05,0.000354193527759653,0.000299390567570894
scale_development_y100,"R=1.0, scale=1.000, unit GDP=1.000",1,1,1,0.5,0.5,0.5,0.5,1,1,Public investment,ig1,ig2,0.12,0.12,first_order_relative_deviation=level_IRF/steady_state,39,7.33879543432745e-05,0.000385207474511729,0.000311819520168455
scale_development_y100,"R=1.0, scale=1.000, unit GDP=1.000",1,1,1,0.5,0.5,0.5,0.5,1,1,Public investment,ig1,ig2,0.12,0.12,first_order_relative_deviation=level_IRF/steady_state,40,8.48977904448443e-05,0.000399225603317626,0.000314327812872781
scale_development_y100,"R=1.0, scale=1.000, unit GDP=1.000",1,1,1,0.5,0.5,0.5,0.5,1,1,Public capital,kg1,kg2,4.8,4.8,first_order_relative_deviation=level_IRF/steady_state,1,-4.45674577091252e-05,-0.00010052454851861,-5.59570908094849e-05
scale_development_y100,"R=1.0, scale=1.000, unit GDP=1.000",1,1,1,0.5,0.5,0.5,0.5,1,1,Public capital,kg1,kg2,4.8,4.8,first_order_relative_deviation=level_IRF/steady_state,2,-0.000120408017602417,-0.000277312452607315,-0.000156904435004897
scale_development_y100,"R=1.0, scale=1.000, unit GDP=1.000",1,1,1,0.5,0.5,0.5,0.5,1,1,Public capital,kg1,kg2,4.8,4.8,first_order_relative_deviation=level_IRF/steady_state,3,-0.000218086633836193,-0.000510529445945836,-0.000292442812109643
scale_development_y100,"R=1.0, scale=1.000, unit GDP=1.000",1,1,1,0.5,0.5,0.5,0.5,1,1,Public capital,kg1,kg2,4.8,4.8,first_order_relative_deviation=level_IRF/steady_state,4,-0.000330586844515997,-0.000783705782420966,-0.000453118937904969
scale_development_y100,"R=1.0, scale=1.000, unit GDP=1.000",1,1,1,0.5,0.5,0.5,0.5,1,1,Public capital,kg1,kg2,4.8,4.8,first_order_relative_deviation=level_IRF/steady_state,5,-0.000452469071170469,-0.00108305453218419,-0.000630585461013726
scale_development_y100,"R=1.0, scale=1.000, unit GDP=1.000",1,1,1,0.5,0.5,0.5,0.5,1,1,Public capital,kg1,kg2,4.8,4.8,first_order_relative_deviation=level_IRF/steady_state,6,-0.000579382229090967,-0.00139701787433185,-0.000817635645240881
scale_development_y100,"R=1.0, scale=1.000, unit GDP=1.000",1,1,1,0.5,0.5,0.5,0.5,1,1,Public capital,kg1,kg2,4.8,4.8,first_order_relative_deviation=level_IRF/steady_state,7,-0.000707779793064171,-0.00171594826352225,-0.00100816847045807
scale_development_y100,"R=1.0, scale=1.000, unit GDP=1.000",1,1,1,0.5,0.5,0.5,0.5,1,1,Public capital,kg1,kg2,4.8,4.8,first_order_relative_deviation=level_IRF/steady_state,8,-0.000834751531009944,-0.00203186866008139,-0.00119711712907145
scale_development_y100,"R=1.0, scale=1.000, unit GDP=1.000",1,1,1,0.5,0.5,0.5,0.5,1,1,Public capital,kg1,kg2,4.8,4.8,first_order_relative_deviation=level_IRF/steady_state,9,-0.000957918924331021,-0.00233827908203495,-0.00138036015770393
scale_development_y100,"R=1.0, scale=1.000, unit GDP=1.000",1,1,1,0.5,0.5,0.5,0.5,1,1,Public capital,kg1,kg2,4.8,4.8,first_order_relative_deviation=level_IRF/steady_state,10,-0.00107536454209208,-0.00262999079045811,-0.00155462624836603
scale_development_y100,"R=1.0, scale=1.000, unit GDP=1.000",1,1,1,0.5,0.5,0.5,0.5,1,1,Public capital,kg1,kg2,4.8,4.8,first_order_relative_deviation=level_IRF/steady_state,11,-0.0011855788725329,-0.00290297782773212,-0.00171739895519922
scale_development_y100,"R=1.0, scale=1.000, unit GDP=1.000",1,1,1,0.5,0.5,0.5,0.5,1,1,Public capital,kg1,kg2,4.8,4.8,first_order_relative_deviation=level_IRF/steady_state,12,-0.0012874158394662,-0.00315424054465774,-0.00186682470519154
scale_development_y100,"R=1.0, scale=1.000, unit GDP=1.000",1,1,1,0.5,0.5,0.5,0.5,1,1,Public capital,kg1,kg2,4.8,4.8,first_order_relative_deviation=level_IRF/steady_state,13,-0.00138005262866966,-0.00338167853826436,-0.0020016259095947
scale_development_y100,"R=1.0, scale=1.000, unit GDP=1.000",1,1,1,0.5,0.5,0.5,0.5,1,1,Public capital,kg1,kg2,4.8,4.8,first_order_relative_deviation=level_IRF/steady_state,14,-0.00146295187093803,-0.00358397192943375,-0.00212102005849572
scale_development_y100,"R=1.0, scale=1.000, unit GDP=1.000",1,1,1,0.5,0.5,0.5,0.5,1,1,Public capital,kg1,kg2,4.8,4.8,first_order_relative_deviation=level_IRF/steady_state,15,-0.00153582549848541,-0.00376047066519503,-0.00222464516670962
scale_development_y100,"R=1.0, scale=1.000, unit GDP=1.000",1,1,1,0.5,0.5,0.5,0.5,1,1,Public capital,kg1,kg2,4.8,4.8,first_order_relative_deviation=level_IRF/steady_state,16,-0.00159860020653676,-0.00391109185679787,-0.00231249165026111
scale_development_y100,"R=1.0, scale=1.000, unit GDP=1.000",1,1,1,0.5,0.5,0.5,0.5,1,1,Public capital,kg1,kg2,4.8,4.8,first_order_relative_deviation=level_IRF/steady_state,17,-0.001651384706756,-0.00403622525532295,-0.00238484054856695
scale_development_y100,"R=1.0, scale=1.000, unit GDP=1.000",1,1,1,0.5,0.5,0.5,0.5,1,1,Public capital,kg1,kg2,4.8,4.8,first_order_relative_deviation=level_IRF/steady_state,18,-0.00169443902504914,-0.0041366469363574,-0.00244220791130826
scale_development_y100,"R=1.0, scale=1.000, unit GDP=1.000",1,1,1,0.5,0.5,0.5,0.5,1,1,Public capital,kg1,kg2,4.8,4.8,first_order_relative_deviation=level_IRF/steady_state,19,-0.00172814607072117,-0.00421344118043065,-0.00248529510970948
scale_development_y100,"R=1.0, scale=1.000, unit GDP=1.000",1,1,1,0.5,0.5,0.5,0.5,1,1,Public capital,kg1,kg2,4.8,4.8,first_order_relative_deviation=level_IRF/steady_state,20,-0.00175298564057698,-0.00426793043361351,-0.00251494479303653
scale_development_y100,"R=1.0, scale=1.000, unit GDP=1.000",1,1,1,0.5,0.5,0.5,0.5,1,1,Public capital,kg1,kg2,4.8,4.8,first_order_relative_deviation=level_IRF/steady_state,21,-0.0017695109486208,-0.00430161313270468,-0.00253210218408388
scale_development_y100,"R=1.0, scale=1.000, unit GDP=1.000",1,1,1,0.5,0.5,0.5,0.5,1,1,Public capital,kg1,kg2,4.8,4.8,first_order_relative_deviation=level_IRF/steady_state,22,-0.0017783277032742,-0.00431610909149597,-0.00253778138822177
scale_development_y100,"R=1.0, scale=1.000, unit GDP=1.000",1,1,1,0.5,0.5,0.5,0.5,1,1,Public capital,kg1,kg2,4.8,4.8,first_order_relative_deviation=level_IRF/steady_state,23,-0.0017800756954095,-0.00431311207267693,-0.00253303637726743
scale_development_y100,"R=1.0, scale=1.000, unit GDP=1.000",1,1,1,0.5,0.5,0.5,0.5,1,1,Public capital,kg1,kg2,4.8,4.8,first_order_relative_deviation=level_IRF/steady_state,24,-0.00177541281363584,-0.00429434911485208,-0.00251893630121625
scale_development_y100,"R=1.0, scale=1.000, unit GDP=1.000",1,1,1,0.5,0.5,0.5,0.5,1,1,Public capital,kg1,kg2,4.8,4.8,first_order_relative_deviation=level_IRF/steady_state,25,-0.00176500136781184,-0.00426154614507512,-0.00249654477726328
scale_development_y100,"R=1.0, scale=1.000, unit GDP=1.000",1,1,1,0.5,0.5,0.5,0.5,1,1,Public capital,kg1,kg2,4.8,4.8,first_order_relative_deviation=level_IRF/steady_state,26,-0.0017494965764131,-0.00421639938266124,-0.00246690280624814
scale_development_y100,"R=1.0, scale=1.000, unit GDP=1.000",1,1,1,0.5,0.5,0.5,0.5,1,1,Public capital,kg1,kg2,4.8,4.8,first_order_relative_deviation=level_IRF/steady_state,27,-0.0017295370566119,-0.00416055202796103,-0.00243101497134912
scale_development_y100,"R=1.0, scale=1.000, unit GDP=1.000",1,1,1,0.5,0.5,0.5,0.5,1,1,Public capital,kg1,kg2,4.8,4.8,first_order_relative_deviation=level_IRF/steady_state,28,-0.00170573714617817,-0.00409557572829863,-0.00238983858212046
scale_development_y100,"R=1.0, scale=1.000, unit GDP=1.000",1,1,1,0.5,0.5,0.5,0.5,1,1,Public capital,kg1,kg2,4.8,4.8,first_order_relative_deviation=level_IRF/steady_state,29,-0.00167868088220668,-0.00402295632060531,-0.00234427543839862
scale_development_y100,"R=1.0, scale=1.000, unit GDP=1.000",1,1,1,0.5,0.5,0.5,0.5,1,1,Public capital,kg1,kg2,4.8,4.8,first_order_relative_deviation=level_IRF/steady_state,30,-0.00164891746201601,-0.00394408336471697,-0.00229516590270096
scale_development_y100,"R=1.0, scale=1.000, unit GDP=1.000",1,1,1,0.5,0.5,0.5,0.5,1,1,Public capital,kg1,kg2,4.8,4.8,first_order_relative_deviation=level_IRF/steady_state,31,-0.0016169580153493,-0.00386024300133736,-0.00224328498598806
scale_development_y100,"R=1.0, scale=1.000, unit GDP=1.000",1,1,1,0.5,0.5,0.5,0.5,1,1,Public capital,kg1,kg2,4.8,4.8,first_order_relative_deviation=level_IRF/steady_state,32,-0.00158327352338357,-0.00377261369300071,-0.00218934016961714
scale_development_y100,"R=1.0, scale=1.000, unit GDP=1.000",1,1,1,0.5,0.5,0.5,0.5,1,1,Public capital,kg1,kg2,4.8,4.8,first_order_relative_deviation=level_IRF/steady_state,33,-0.00154829372836951,-0.00368226443381266,-0.00213397070544315
scale_development_y100,"R=1.0, scale=1.000, unit GDP=1.000",1,1,1,0.5,0.5,0.5,0.5,1,1,Public capital,kg1,kg2,4.8,4.8,first_order_relative_deviation=level_IRF/steady_state,34,-0.00151240688737915,-0.00359015504331724,-0.00207774815593809
scale_development_y100,"R=1.0, scale=1.000, unit GDP=1.000",1,1,1,0.5,0.5,0.5,0.5,1,1,Public capital,kg1,kg2,4.8,4.8,first_order_relative_deviation=level_IRF/steady_state,35,-0.00147596023421348,-0.0034971381906788,-0.00202117795646532
scale_development_y100,"R=1.0, scale=1.000, unit GDP=1.000",1,1,1,0.5,0.5,0.5,0.5,1,1,Public capital,kg1,kg2,4.8,4.8,first_order_relative_deviation=level_IRF/steady_state,36,-0.00143926102460482,-0.00340396282675108,-0.00196470180214625
scale_development_y100,"R=1.0, scale=1.000, unit GDP=1.000",1,1,1,0.5,0.5,0.5,0.5,1,1,Public capital,kg1,kg2,4.8,4.8,first_order_relative_deviation=level_IRF/steady_state,37,-0.00140257805117283,-0.00331127873292462,-0.00190870068175179
scale_development_y100,"R=1.0, scale=1.000, unit GDP=1.000",1,1,1,0.5,0.5,0.5,0.5,1,1,Public capital,kg1,kg2,4.8,4.8,first_order_relative_deviation=level_IRF/steady_state,38,-0.00136614352588882,-0.00321964192640745,-0.00185349840051863
scale_development_y100,"R=1.0, scale=1.000, unit GDP=1.000",1,1,1,0.5,0.5,0.5,0.5,1,1,Public capital,kg1,kg2,4.8,4.8,first_order_relative_deviation=level_IRF/steady_state,39,-0.00133015523888299,-0.0031295206913845,-0.00179936545250151
scale_development_y100,"R=1.0, scale=1.000, unit GDP=1.000",1,1,1,0.5,0.5,0.5,0.5,1,1,Public capital,kg1,kg2,4.8,4.8,first_order_relative_deviation=level_IRF/steady_state,40,-0.00129477891314974,-0.00304130203401698,-0.00174652312086724
scale_development_y100,"R=1.0, scale=1.000, unit GDP=1.000",1,1,1,0.5,0.5,0.5,0.5,1,1,Private investment,inv1,inv2,0.267086330935251,0.267086330935251,first_order_relative_deviation=level_IRF/steady_state,1,-0.0026645265629162,-0.00282233854022104,-0.000157811977304833
scale_development_y100,"R=1.0, scale=1.000, unit GDP=1.000",1,1,1,0.5,0.5,0.5,0.5,1,1,Private investment,inv1,inv2,0.267086330935251,0.267086330935251,first_order_relative_deviation=level_IRF/steady_state,2,-0.00320910513531885,-0.00341314967059933,-0.000204044535280483
scale_development_y100,"R=1.0, scale=1.000, unit GDP=1.000",1,1,1,0.5,0.5,0.5,0.5,1,1,Private investment,inv1,inv2,0.267086330935251,0.267086330935251,first_order_relative_deviation=level_IRF/steady_state,3,-0.00277692090901336,-0.00294612289205671,-0.000169201983043355
scale_development_y100,"R=1.0, scale=1.000, unit GDP=1.000",1,1,1,0.5,0.5,0.5,0.5,1,1,Private investment,inv1,inv2,0.267086330935251,0.267086330935251,first_order_relative_deviation=level_IRF/steady_state,4,-0.00198206836171935,-0.00206323981971309,-8.11714579937468e-05
scale_development_y100,"R=1.0, scale=1.000, unit GDP=1.000",1,1,1,0.5,0.5,0.5,0.5,1,1,Private investment,inv1,inv2,0.267086330935251,0.267086330935251,first_order_relative_deviation=level_IRF/steady_state,5,-0.00113574493075813,-0.00109933771889285,3.64072118652786e-05
scale_development_y100,"R=1.0, scale=1.000, unit GDP=1.000",1,1,1,0.5,0.5,0.5,0.5,1,1,Private investment,inv1,inv2,0.267086330935251,0.267086330935251,first_order_relative_deviation=level_IRF/steady_state,6,-0.00038058381087714,-0.000215895482114217,0.000164688328762923
scale_development_y100,"R=1.0, scale=1.000, unit GDP=1.000",1,1,1,0.5,0.5,0.5,0.5,1,1,Private investment,inv1,inv2,0.267086330935251,0.267086330935251,first_order_relative_deviation=level_IRF/steady_state,7,0.000231000748774931,0.000520512705511607,0.000289511956736676
scale_development_y100,"R=1.0, scale=1.000, unit GDP=1.000",1,1,1,0.5,0.5,0.5,0.5,1,1,Private investment,inv1,inv2,0.267086330935251,0.267086330935251,first_order_relative_deviation=level_IRF/steady_state,8,0.000692132444859884,0.00109306729421495,0.000400934849355065
scale_development_y100,"R=1.0, scale=1.000, unit GDP=1.000",1,1,1,0.5,0.5,0.5,0.5,1,1,Private investment,inv1,inv2,0.267086330935251,0.267086330935251,first_order_relative_deviation=level_IRF/steady_state,9,0.00101671950547055,0.00150931491888509,0.000492595413414548
scale_development_y100,"R=1.0, scale=1.000, unit GDP=1.000",1,1,1,0.5,0.5,0.5,0.5,1,1,Private investment,inv1,inv2,0.267086330935251,0.267086330935251,first_order_relative_deviation=level_IRF/steady_state,10,0.00122627921590578,0.00178731474877803,0.000561035532872254
scale_development_y100,"R=1.0, scale=1.000, unit GDP=1.000",1,1,1,0.5,0.5,0.5,0.5,1,1,Private investment,inv1,inv2,0.267086330935251,0.267086330935251,first_order_relative_deviation=level_IRF/steady_state,11,0.00134333511479854,0.00194838699389139,0.000605051879092849
scale_development_y100,"R=1.0, scale=1.000, unit GDP=1.000",1,1,1,0.5,0.5,0.5,0.5,1,1,Private investment,inv1,inv2,0.267086330935251,0.267086330935251,first_order_relative_deviation=level_IRF/steady_state,12,0.00138843437467755,0.00201354981865821,0.000625115443980667
scale_development_y100,"R=1.0, scale=1.000, unit GDP=1.000",1,1,1,0.5,0.5,0.5,0.5,1,1,Private investment,inv1,inv2,0.267086330935251,0.267086330935251,first_order_relative_deviation=level_IRF/steady_state,13,0.00137907716404632,0.00200195316717121,0.000622876003124884
scale_development_y100,"R=1.0, scale=1.000, unit GDP=1.000",1,1,1,0.5,0.5,0.5,0.5,1,1,Private investment,inv1,inv2,0.267086330935251,0.267086330935251,first_order_relative_deviation=level_IRF/steady_state,14,0.00132959333686996,0.00193034789928206,0.000600754562412102
scale_development_y100,"R=1.0, scale=1.000, unit GDP=1.000",1,1,1,0.5,0.5,0.5,0.5,1,1,Private investment,inv1,inv2,0.267086330935251,0.267086330935251,first_order_relative_deviation=level_IRF/steady_state,15,0.00125143878283639,0.00181305771566152,0.000561618932825126
scale_development_y100,"R=1.0, scale=1.000, unit GDP=1.000",1,1,1,0.5,0.5,0.5,0.5,1,1,Private investment,inv1,inv2,0.267086330935251,0.267086330935251,first_order_relative_deviation=level_IRF/steady_state,16,0.00115363546737287,0.00166216895460853,0.00050853348723566
scale_development_y100,"R=1.0, scale=1.000, unit GDP=1.000",1,1,1,0.5,0.5,0.5,0.5,1,1,Private investment,inv1,inv2,0.267086330935251,0.267086330935251,first_order_relative_deviation=level_IRF/steady_state,17,0.00104322051914452,0.0014877930250613,0.000444572505916777
scale_development_y100,"R=1.0, scale=1.000, unit GDP=1.000",1,1,1,0.5,0.5,0.5,0.5,1,1,Private investment,inv1,inv2,0.267086330935251,0.267086330935251,first_order_relative_deviation=level_IRF/steady_state,18,0.000925646435342118,0.00129833279538043,0.000372686360038309
scale_development_y100,"R=1.0, scale=1.000, unit GDP=1.000",1,1,1,0.5,0.5,0.5,0.5,1,1,Private investment,inv1,inv2,0.267086330935251,0.267086330935251,first_order_relative_deviation=level_IRF/steady_state,19,0.000805114143750161,0.00110072461352624,0.000295610469776082
scale_development_y100,"R=1.0, scale=1.000, unit GDP=1.000",1,1,1,0.5,0.5,0.5,0.5,1,1,Private investment,inv1,inv2,0.267086330935251,0.267086330935251,first_order_relative_deviation=level_IRF/steady_state,20,0.000684839653887769,0.000900647737335944,0.000215808083448175
scale_development_y100,"R=1.0, scale=1.000, unit GDP=1.000",1,1,1,0.5,0.5,0.5,0.5,1,1,Private investment,inv1,inv2,0.267086330935251,0.267086330935251,first_order_relative_deviation=level_IRF/steady_state,21,0.000567262893036259,0.000702702083002783,0.000135439189966524
scale_development_y100,"R=1.0, scale=1.000, unit GDP=1.000",1,1,1,0.5,0.5,0.5,0.5,1,1,Private investment,inv1,inv2,0.267086330935251,0.267086330935251,first_order_relative_deviation=level_IRF/steady_state,22,0.00045420950266709,0.00051055864193683,5.63491392697392e-05
scale_development_y100,"R=1.0, scale=1.000, unit GDP=1.000",1,1,1,0.5,0.5,0.5,0.5,1,1,Private investment,inv1,inv2,0.267086330935251,0.267086330935251,first_order_relative_deviation=level_IRF/steady_state,23,0.000347015887125573,0.000327087603115225,-1.99282840103483e-05
scale_development_y100,"R=1.0, scale=1.000, unit GDP=1.000",1,1,1,0.5,0.5,0.5,0.5,1,1,Private investment,inv1,inv2,0.267086330935251,0.267086330935251,first_order_relative_deviation=level_IRF/steady_state,24,0.000246626271143571,0.00015446871920263,-9.21575519409412e-05
scale_development_y100,"R=1.0, scale=1.000, unit GDP=1.000",1,1,1,0.5,0.5,0.5,0.5,1,1,Private investment,inv1,inv2,0.267086330935251,0.267086330935251,first_order_relative_deviation=level_IRF/steady_state,25,0.000153668747966095,-5.71243149127111e-06,-0.000159381179457366
scale_development_y100,"R=1.0, scale=1.000, unit GDP=1.000",1,1,1,0.5,0.5,0.5,0.5,1,1,Private investment,inv1,inv2,0.267086330935251,0.267086330935251,first_order_relative_deviation=level_IRF/steady_state,26,6.85156570243333e-05,-0.000152379534299546,-0.000220895191323879
scale_development_y100,"R=1.0, scale=1.000, unit GDP=1.000",1,1,1,0.5,0.5,0.5,0.5,1,1,Private investment,inv1,inv2,0.267086330935251,0.267086330935251,first_order_relative_deviation=level_IRF/steady_state,27,-8.66774223149232e-06,-0.000284889987276229,-0.000276222245044737
scale_development_y100,"R=1.0, scale=1.000, unit GDP=1.000",1,1,1,0.5,0.5,0.5,0.5,1,1,Private investment,inv1,inv2,0.267086330935251,0.267086330935251,first_order_relative_deviation=level_IRF/steady_state,28,-7.78834126884384e-05,-0.000402967303429578,-0.00032508389074114
scale_development_y100,"R=1.0, scale=1.000, unit GDP=1.000",1,1,1,0.5,0.5,0.5,0.5,1,1,Private investment,inv1,inv2,0.267086330935251,0.267086330935251,first_order_relative_deviation=level_IRF/steady_state,29,-0.000139267424678045,-0.000506640479155143,-0.000367373054477098
scale_development_y100,"R=1.0, scale=1.000, unit GDP=1.000",1,1,1,0.5,0.5,0.5,0.5,1,1,Private investment,inv1,inv2,0.267086330935251,0.267086330935251,first_order_relative_deviation=level_IRF/steady_state,30,-0.000193062106459543,-0.000596189626514798,-0.000403127520055255
scale_development_y100,"R=1.0, scale=1.000, unit GDP=1.000",1,1,1,0.5,0.5,0.5,0.5,1,1,Private investment,inv1,inv2,0.267086330935251,0.267086330935251,first_order_relative_deviation=level_IRF/steady_state,31,-0.000239592408697057,-0.000672097349743305,-0.000432504941046248
scale_development_y100,"R=1.0, scale=1.000, unit GDP=1.000",1,1,1,0.5,0.5,0.5,0.5,1,1,Private investment,inv1,inv2,0.267086330935251,0.267086330935251,first_order_relative_deviation=level_IRF/steady_state,32,-0.000279245729984388,-0.000735005456759668,-0.000455759726775279
scale_development_y100,"R=1.0, scale=1.000, unit GDP=1.000",1,1,1,0.5,0.5,0.5,0.5,1,1,Private investment,inv1,inv2,0.267086330935251,0.267086330935251,first_order_relative_deviation=level_IRF/steady_state,33,-0.000312454656012234,-0.000785676658214972,-0.000473222002202739
scale_development_y100,"R=1.0, scale=1.000, unit GDP=1.000",1,1,1,0.5,0.5,0.5,0.5,1,1,Private investment,inv1,inv2,0.267086330935251,0.267086330935251,first_order_relative_deviation=level_IRF/steady_state,34,-0.000339682204497332,-0.000824960937504774,-0.000485278733007442
scale_development_y100,"R=1.0, scale=1.000, unit GDP=1.000",1,1,1,0.5,0.5,0.5,0.5,1,1,Private investment,inv1,inv2,0.267086330935251,0.267086330935251,first_order_relative_deviation=level_IRF/steady_state,35,-0.000361409261602848,-0.000853766287910961,-0.000492357026308113
scale_development_y100,"R=1.0, scale=1.000, unit GDP=1.000",1,1,1,0.5,0.5,0.5,0.5,1,1,Private investment,inv1,inv2,0.267086330935251,0.267086330935251,first_order_relative_deviation=level_IRF/steady_state,36,-0.000378123957929503,-0.000873033516278426,-0.000494909558348923
scale_development_y100,"R=1.0, scale=1.000, unit GDP=1.000",1,1,1,0.5,0.5,0.5,0.5,1,1,Private investment,inv1,inv2,0.267086330935251,0.267086330935251,first_order_relative_deviation=level_IRF/steady_state,37,-0.000390312773650776,-0.000883714812006529,-0.000493402038355753
scale_development_y100,"R=1.0, scale=1.000, unit GDP=1.000",1,1,1,0.5,0.5,0.5,0.5,1,1,Private investment,inv1,inv2,0.267086330935251,0.267086330935251,first_order_relative_deviation=level_IRF/steady_state,38,-0.000398453190284536,-0.000886755779154469,-0.000488302588869933
scale_development_y100,"R=1.0, scale=1.000, unit GDP=1.000",1,1,1,0.5,0.5,0.5,0.5,1,1,Private investment,inv1,inv2,0.267086330935251,0.267086330935251,first_order_relative_deviation=level_IRF/steady_state,39,-0.000403007725907878,-0.000883080630072276,-0.000480072904164397
scale_development_y100,"R=1.0, scale=1.000, unit GDP=1.000",1,1,1,0.5,0.5,0.5,0.5,1,1,Private investment,inv1,inv2,0.267086330935251,0.267086330935251,first_order_relative_deviation=level_IRF/steady_state,40,-0.00040441920465895,-0.000873580242174143,-0.000469161037515193
scale_development_y100,"R=1.0, scale=1.000, unit GDP=1.000",1,1,1,0.5,0.5,0.5,0.5,1,1,Local production GDP,xloc1,xloc2,1,1,first_order_relative_deviation=level_IRF/steady_state,1,-0.00217106368639097,-0.00235809765349249,-0.000187033967101513
scale_development_y100,"R=1.0, scale=1.000, unit GDP=1.000",1,1,1,0.5,0.5,0.5,0.5,1,1,Local production GDP,xloc1,xloc2,1,1,first_order_relative_deviation=level_IRF/steady_state,2,-0.00181177290382095,-0.00213648417680845,-0.000324711272987499
scale_development_y100,"R=1.0, scale=1.000, unit GDP=1.000",1,1,1,0.5,0.5,0.5,0.5,1,1,Local production GDP,xloc1,xloc2,1,1,first_order_relative_deviation=level_IRF/steady_state,3,-0.00147363785074373,-0.00189523667876268,-0.000421598828018954
scale_development_y100,"R=1.0, scale=1.000, unit GDP=1.000",1,1,1,0.5,0.5,0.5,0.5,1,1,Local production GDP,xloc1,xloc2,1,1,first_order_relative_deviation=level_IRF/steady_state,4,-0.00118680442680397,-0.00167257068251381,-0.000485766255709841
scale_development_y100,"R=1.0, scale=1.000, unit GDP=1.000",1,1,1,0.5,0.5,0.5,0.5,1,1,Local production GDP,xloc1,xloc2,1,1,first_order_relative_deviation=level_IRF/steady_state,5,-0.000957019638828105,-0.00148133430023767,-0.000524314661409564
scale_development_y100,"R=1.0, scale=1.000, unit GDP=1.000",1,1,1,0.5,0.5,0.5,0.5,1,1,Local production GDP,xloc1,xloc2,1,1,first_order_relative_deviation=level_IRF/steady_state,6,-0.000779146157931176,-0.00132237916507283,-0.000543233007141652
scale_development_y100,"R=1.0, scale=1.000, unit GDP=1.000",1,1,1,0.5,0.5,0.5,0.5,1,1,Local production GDP,xloc1,xloc2,1,1,first_order_relative_deviation=level_IRF/steady_state,7,-0.000644220688923336,-0.00119164838526165,-0.00054742769633831
scale_development_y100,"R=1.0, scale=1.000, unit GDP=1.000",1,1,1,0.5,0.5,0.5,0.5,1,1,Local production GDP,xloc1,xloc2,1,1,first_order_relative_deviation=level_IRF/steady_state,8,-0.00054289370273275,-0.00108372771109277,-0.000540834008360025
scale_development_y100,"R=1.0, scale=1.000, unit GDP=1.000",1,1,1,0.5,0.5,0.5,0.5,1,1,Local production GDP,xloc1,xloc2,1,1,first_order_relative_deviation=level_IRF/steady_state,9,-0.00046690899333568,-0.000993466267624865,-0.000526557274289186
scale_development_y100,"R=1.0, scale=1.000, unit GDP=1.000",1,1,1,0.5,0.5,0.5,0.5,1,1,Local production GDP,xloc1,xloc2,1,1,first_order_relative_deviation=level_IRF/steady_state,10,-0.000409572016232818,-0.000916587681513259,-0.000507015665280441
scale_development_y100,"R=1.0, scale=1.000, unit GDP=1.000",1,1,1,0.5,0.5,0.5,0.5,1,1,Local production GDP,xloc1,xloc2,1,1,first_order_relative_deviation=level_IRF/steady_state,11,-0.000365735488879304,-0.000849806249817564,-0.00048407076093826
scale_development_y100,"R=1.0, scale=1.000, unit GDP=1.000",1,1,1,0.5,0.5,0.5,0.5,1,1,Local production GDP,xloc1,xloc2,1,1,first_order_relative_deviation=level_IRF/steady_state,12,-0.000331586006945495,-0.000790726316909129,-0.000459140309963635
scale_development_y100,"R=1.0, scale=1.000, unit GDP=1.000",1,1,1,0.5,0.5,0.5,0.5,1,1,Local production GDP,xloc1,xloc2,1,1,first_order_relative_deviation=level_IRF/steady_state,13,-0.000304376126098127,-0.00073766825076127,-0.000433292124663143
scale_development_y100,"R=1.0, scale=1.000, unit GDP=1.000",1,1,1,0.5,0.5,0.5,0.5,1,1,Local production GDP,xloc1,xloc2,1,1,first_order_relative_deviation=level_IRF/steady_state,14,-0.000282169303680524,-0.000689489653296071,-0.000407320349615548
scale_development_y100,"R=1.0, scale=1.000, unit GDP=1.000",1,1,1,0.5,0.5,0.5,0.5,1,1,Local production GDP,xloc1,xloc2,1,1,first_order_relative_deviation=level_IRF/steady_state,15,-0.000263624111154437,-0.000645430455081697,-0.00038180634392726
scale_development_y100,"R=1.0, scale=1.000, unit GDP=1.000",1,1,1,0.5,0.5,0.5,0.5,1,1,Local production GDP,xloc1,xloc2,1,1,first_order_relative_deviation=level_IRF/steady_state,16,-0.000247823565467709,-0.000604990255921756,-0.000357166690454047
scale_development_y100,"R=1.0, scale=1.000, unit GDP=1.000",1,1,1,0.5,0.5,0.5,0.5,1,1,Local production GDP,xloc1,xloc2,1,1,first_order_relative_deviation=level_IRF/steady_state,17,-0.000234146079241104,-0.000567836820539847,-0.000333690741298742
scale_development_y100,"R=1.0, scale=1.000, unit GDP=1.000",1,1,1,0.5,0.5,0.5,0.5,1,1,Local production GDP,xloc1,xloc2,1,1,first_order_relative_deviation=level_IRF/steady_state,18,-0.000222171085375256,-0.000533740916387582,-0.000311569831012326
scale_development_y100,"R=1.0, scale=1.000, unit GDP=1.000",1,1,1,0.5,0.5,0.5,0.5,1,1,Local production GDP,xloc1,xloc2,1,1,first_order_relative_deviation=level_IRF/steady_state,19,-0.000211611862417804,-0.00050253181525628,-0.000290919952838475
scale_development_y100,"R=1.0, scale=1.000, unit GDP=1.000",1,1,1,0.5,0.5,0.5,0.5,1,1,Local production GDP,xloc1,xloc2,1,1,first_order_relative_deviation=level_IRF/steady_state,20,-0.000202268844005316,-0.00047406820476581,-0.000271799360760494
scale_development_y100,"R=1.0, scale=1.000, unit GDP=1.000",1,1,1,0.5,0.5,0.5,0.5,1,1,Local production GDP,xloc1,xloc2,1,1,first_order_relative_deviation=level_IRF/steady_state,21,-0.00019399789092156,-0.00044822015167334,-0.00025422226075178
scale_development_y100,"R=1.0, scale=1.000, unit GDP=1.000",1,1,1,0.5,0.5,0.5,0.5,1,1,Local production GDP,xloc1,xloc2,1,1,first_order_relative_deviation=level_IRF/steady_state,22,-0.000186689226570058,-0.000424858726424393,-0.000238169499854335
scale_development_y100,"R=1.0, scale=1.000, unit GDP=1.000",1,1,1,0.5,0.5,0.5,0.5,1,1,Local production GDP,xloc1,xloc2,1,1,first_order_relative_deviation=level_IRF/steady_state,23,-0.000180253810757036,-0.000403850763628144,-0.000223596952871108
scale_development_y100,"R=1.0, scale=1.000, unit GDP=1.000",1,1,1,0.5,0.5,0.5,0.5,1,1,Local production GDP,xloc1,xloc2,1,1,first_order_relative_deviation=level_IRF/steady_state,24,-0.00017461479882086,-0.000385056938703721,-0.00021044213988286
scale_development_y100,"R=1.0, scale=1.000, unit GDP=1.000",1,1,1,0.5,0.5,0.5,0.5,1,1,Local production GDP,xloc1,xloc2,1,1,first_order_relative_deviation=level_IRF/steady_state,25,-0.000169702407216255,-0.000368331884924689,-0.000198629477708434
scale_development_y100,"R=1.0, scale=1.000, unit GDP=1.000",1,1,1,0.5,0.5,0.5,0.5,1,1,Local production GDP,xloc1,xloc2,1,1,first_order_relative_deviation=level_IRF/steady_state,26,-0.000165451010094908,-0.000353525478642425,-0.000188074468547517
scale_development_y100,"R=1.0, scale=1.000, unit GDP=1.000",1,1,1,0.5,0.5,0.5,0.5,1,1,Local production GDP,xloc1,xloc2,1,1,first_order_relative_deviation=level_IRF/steady_state,27,-0.000161797657908802,-0.00034048471134418,-0.000178687053435378
scale_development_y100,"R=1.0, scale=1.000, unit GDP=1.000",1,1,1,0.5,0.5,0.5,0.5,1,1,Local production GDP,xloc1,xloc2,1,1,first_order_relative_deviation=level_IRF/steady_state,28,-0.000158681470495692,-0.000329055772073983,-0.000170374301578291
scale_development_y100,"R=1.0, scale=1.000, unit GDP=1.000",1,1,1,0.5,0.5,0.5,0.5,1,1,Local production GDP,xloc1,xloc2,1,1,first_order_relative_deviation=level_IRF/steady_state,29,-0.000156043540470496,-0.000319086105226907,-0.00016304256475641
scale_development_y100,"R=1.0, scale=1.000, unit GDP=1.000",1,1,1,0.5,0.5,0.5,0.5,1,1,Local production GDP,xloc1,xloc2,1,1,first_order_relative_deviation=level_IRF/steady_state,30,-0.000153827109470317,-0.00031042630468503,-0.000156599195214713
scale_development_y100,"R=1.0, scale=1.000, unit GDP=1.000",1,1,1,0.5,0.5,0.5,0.5,1,1,Local production GDP,xloc1,xloc2,1,1,first_order_relative_deviation=level_IRF/steady_state,31,-0.000151977866190478,-0.000302931769193049,-0.000150953903002571
scale_development_y100,"R=1.0, scale=1.000, unit GDP=1.000",1,1,1,0.5,0.5,0.5,0.5,1,1,Local production GDP,xloc1,xloc2,1,1,first_order_relative_deviation=level_IRF/steady_state,32,-0.000150444273268491,-0.00029646408564421,-0.000146019812375719
scale_development_y100,"R=1.0, scale=1.000, unit GDP=1.000",1,1,1,0.5,0.5,0.5,0.5,1,1,Local production GDP,xloc1,xloc2,1,1,first_order_relative_deviation=level_IRF/steady_state,33,-0.000149177868617234,-0.000290892133599674,-0.00014171426498244
scale_development_y100,"R=1.0, scale=1.000, unit GDP=1.000",1,1,1,0.5,0.5,0.5,0.5,1,1,Local production GDP,xloc1,xloc2,1,1,first_order_relative_deviation=level_IRF/steady_state,34,-0.000148133511985837,-0.000286092920841363,-0.000137959408855526
scale_development_y100,"R=1.0, scale=1.000, unit GDP=1.000",1,1,1,0.5,0.5,0.5,0.5,1,1,Local production GDP,xloc1,xloc2,1,1,first_order_relative_deviation=level_IRF/steady_state,35,-0.000147269563635866,-0.000281952169437716,-0.00013468260580185
scale_development_y100,"R=1.0, scale=1.000, unit GDP=1.000",1,1,1,0.5,0.5,0.5,0.5,1,1,Local production GDP,xloc1,xloc2,1,1,first_order_relative_deviation=level_IRF/steady_state,36,-0.000146547992075363,-0.000278364677022913,-0.00013181668494755
scale_development_y100,"R=1.0, scale=1.000, unit GDP=1.000",1,1,1,0.5,0.5,0.5,0.5,1,1,Local production GDP,xloc1,xloc2,1,1,first_order_relative_deviation=level_IRF/steady_state,37,-0.000145934413827931,-0.000275234480287878,-0.000129300066459948
scale_development_y100,"R=1.0, scale=1.000, unit GDP=1.000",1,1,1,0.5,0.5,0.5,0.5,1,1,Local production GDP,xloc1,xloc2,1,1,first_order_relative_deviation=level_IRF/steady_state,38,-0.000145398071606961,-0.000272474848114546,-0.000127076776507584
scale_development_y100,"R=1.0, scale=1.000, unit GDP=1.000",1,1,1,0.5,0.5,0.5,0.5,1,1,Local production GDP,xloc1,xloc2,1,1,first_order_relative_deviation=level_IRF/steady_state,39,-0.000144911758969246,-0.000270008131034172,-0.000125096372064926
scale_development_y100,"R=1.0, scale=1.000, unit GDP=1.000",1,1,1,0.5,0.5,0.5,0.5,1,1,Local production GDP,xloc1,xloc2,1,1,first_order_relative_deviation=level_IRF/steady_state,40,-0.000144451700132997,-0.000267765492223848,-0.000123313792090851
scale_development_y100,"R=1.0, scale=1.000, unit GDP=1.000",1,1,1,0.5,0.5,0.5,0.5,1,1,Consumption,c1,c2,0.512913669064749,0.512913669064749,first_order_relative_deviation=level_IRF/steady_state,1,-0.00232639437705089,-0.00228891066165796,3.74837153929381e-05
scale_development_y100,"R=1.0, scale=1.000, unit GDP=1.000",1,1,1,0.5,0.5,0.5,0.5,1,1,Consumption,c1,c2,0.512913669064749,0.512913669064749,first_order_relative_deviation=level_IRF/steady_state,2,-0.00096084797349487,-0.000890371308433871,7.04766650609999e-05
scale_development_y100,"R=1.0, scale=1.000, unit GDP=1.000",1,1,1,0.5,0.5,0.5,0.5,1,1,Consumption,c1,c2,0.512913669064749,0.512913669064749,first_order_relative_deviation=level_IRF/steady_state,3,-0.00024749364658044,-0.000150823631447815,9.66700151326246e-05
scale_development_y100,"R=1.0, scale=1.000, unit GDP=1.000",1,1,1,0.5,0.5,0.5,0.5,1,1,Consumption,c1,c2,0.512913669064749,0.512913669064749,first_order_relative_deviation=level_IRF/steady_state,4,9.80375208647058e-05,0.000213423794977657,0.000115386274112951
scale_development_y100,"R=1.0, scale=1.000, unit GDP=1.000",1,1,1,0.5,0.5,0.5,0.5,1,1,Consumption,c1,c2,0.512913669064749,0.512913669064749,first_order_relative_deviation=level_IRF/steady_state,5,0.000242857946176793,0.000369779045493975,0.000126921099317182
scale_development_y100,"R=1.0, scale=1.000, unit GDP=1.000",1,1,1,0.5,0.5,0.5,0.5,1,1,Consumption,c1,c2,0.512913669064749,0.512913669064749,first_order_relative_deviation=level_IRF/steady_state,6,0.000283189822779312,0.000415282838756447,0.000132093015977135
scale_development_y100,"R=1.0, scale=1.000, unit GDP=1.000",1,1,1,0.5,0.5,0.5,0.5,1,1,Consumption,c1,c2,0.512913669064749,0.512913669064749,first_order_relative_deviation=level_IRF/steady_state,7,0.000273024667548856,0.000404972748448946,0.00013194808090009
scale_development_y100,"R=1.0, scale=1.000, unit GDP=1.000",1,1,1,0.5,0.5,0.5,0.5,1,1,Consumption,c1,c2,0.512913669064749,0.512913669064749,first_order_relative_deviation=level_IRF/steady_state,8,0.00024162968910556,0.000369205562884505,0.000127575873778945
scale_development_y100,"R=1.0, scale=1.000, unit GDP=1.000",1,1,1,0.5,0.5,0.5,0.5,1,1,Consumption,c1,c2,0.512913669064749,0.512913669064749,first_order_relative_deviation=level_IRF/steady_state,9,0.000204100961691579,0.000324103735144275,0.000120002773452696
scale_development_y100,"R=1.0, scale=1.000, unit GDP=1.000",1,1,1,0.5,0.5,0.5,0.5,1,1,Consumption,c1,c2,0.512913669064749,0.512913669064749,first_order_relative_deviation=level_IRF/steady_state,10,0.000167629282477189,0.000277766283139378,0.000110137000662189
scale_development_y100,"R=1.0, scale=1.000, unit GDP=1.000",1,1,1,0.5,0.5,0.5,0.5,1,1,Consumption,c1,c2,0.512913669064749,0.512913669064749,first_order_relative_deviation=level_IRF/steady_state,11,0.000135154161080235,0.000233901095560724,9.87469344804893e-05
scale_development_y100,"R=1.0, scale=1.000, unit GDP=1.000",1,1,1,0.5,0.5,0.5,0.5,1,1,Consumption,c1,c2,0.512913669064749,0.512913669064749,first_order_relative_deviation=level_IRF/steady_state,12,0.000107448022519973,0.000193907733669815,8.64597111498412e-05
scale_development_y100,"R=1.0, scale=1.000, unit GDP=1.000",1,1,1,0.5,0.5,0.5,0.5,1,1,Consumption,c1,c2,0.512913669064749,0.512913669064749,first_order_relative_deviation=level_IRF/steady_state,13,8.42715629472705e-05,0.000158042823029342,7.37712600820717e-05
scale_development_y100,"R=1.0, scale=1.000, unit GDP=1.000",1,1,1,0.5,0.5,0.5,0.5,1,1,Consumption,c1,c2,0.512913669064749,0.512913669064749,first_order_relative_deviation=level_IRF/steady_state,14,6.49896566317495e-05,0.00012605161529813,6.10619586663803e-05
scale_development_y100,"R=1.0, scale=1.000, unit GDP=1.000",1,1,1,0.5,0.5,0.5,0.5,1,1,Consumption,c1,c2,0.512913669064749,0.512913669064749,first_order_relative_deviation=level_IRF/steady_state,15,4.88811325249172e-05,9.74953675952005e-05,4.86142350702833e-05
scale_development_y100,"R=1.0, scale=1.000, unit GDP=1.000",1,1,1,0.5,0.5,0.5,0.5,1,1,Consumption,c1,c2,0.512913669064749,0.512913669064749,first_order_relative_deviation=level_IRF/steady_state,16,3.52799851040363e-05,7.19099148919198e-05,3.66299297878836e-05
scale_development_y100,"R=1.0, scale=1.000, unit GDP=1.000",1,1,1,0.5,0.5,0.5,0.5,1,1,Consumption,c1,c2,0.512913669064749,0.512913669064749,first_order_relative_deviation=level_IRF/steady_state,17,2.36275727088378e-05,4.88737914875897e-05,2.52462187787519e-05
scale_development_y100,"R=1.0, scale=1.000, unit GDP=1.000",1,1,1,0.5,0.5,0.5,0.5,1,1,Consumption,c1,c2,0.512913669064749,0.512913669064749,first_order_relative_deviation=level_IRF/steady_state,18,1.34807074029155e-05,2.80302503540459e-05,1.45495429511303e-05
scale_development_y100,"R=1.0, scale=1.000, unit GDP=1.000",1,1,1,0.5,0.5,0.5,0.5,1,1,Consumption,c1,c2,0.512913669064749,0.512913669064749,first_order_relative_deviation=level_IRF/steady_state,19,4.50018642919312e-06,9.0875727904483e-06,4.58738636125519e-06
scale_development_y100,"R=1.0, scale=1.000, unit GDP=1.000",1,1,1,0.5,0.5,0.5,0.5,1,1,Consumption,c1,c2,0.512913669064749,0.512913669064749,first_order_relative_deviation=level_IRF/steady_state,20,-3.5674029182895e-06,-8.18942572103841e-06,-4.62202280274891e-06
scale_development_y100,"R=1.0, scale=1.000, unit GDP=1.000",1,1,1,0.5,0.5,0.5,0.5,1,1,Consumption,c1,c2,0.512913669064749,0.512913669064749,first_order_relative_deviation=level_IRF/steady_state,21,-1.09083503517716e-05,-2.39902425098973e-05,-1.30818921581257e-05
scale_development_y100,"R=1.0, scale=1.000, unit GDP=1.000",1,1,1,0.5,0.5,0.5,0.5,1,1,Consumption,c1,c2,0.512913669064749,0.512913669064749,first_order_relative_deviation=level_IRF/steady_state,22,-1.76582756095431e-05,-3.84689527776897e-05,-2.08106771681465e-05
scale_development_y100,"R=1.0, scale=1.000, unit GDP=1.000",1,1,1,0.5,0.5,0.5,0.5,1,1,Consumption,c1,c2,0.512913669064749,0.512913669064749,first_order_relative_deviation=level_IRF/steady_state,23,-2.39155261952369e-05,-5.17527925022203e-05,-2.78372663069833e-05
scale_development_y100,"R=1.0, scale=1.000, unit GDP=1.000",1,1,1,0.5,0.5,0.5,0.5,1,1,Consumption,c1,c2,0.512913669064749,0.512913669064749,first_order_relative_deviation=level_IRF/steady_state,24,-2.97515614374026e-05,-6.39488557146225e-05,-3.41972942772198e-05
scale_development_y100,"R=1.0, scale=1.000, unit GDP=1.000",1,1,1,0.5,0.5,0.5,0.5,1,1,Consumption,c1,c2,0.512913669064749,0.512913669064749,first_order_relative_deviation=level_IRF/steady_state,25,-3.52187296462714e-05,-7.51490938846088e-05,-3.99303642383374e-05
scale_development_y100,"R=1.0, scale=1.000, unit GDP=1.000",1,1,1,0.5,0.5,0.5,0.5,1,1,Consumption,c1,c2,0.512913669064749,0.512913669064749,first_order_relative_deviation=level_IRF/steady_state,26,-4.03559459341258e-05,-8.5433936659979e-05,-4.50779907258532e-05
scale_development_y100,"R=1.0, scale=1.000, unit GDP=1.000",1,1,1,0.5,0.5,0.5,0.5,1,1,Consumption,c1,c2,0.512913669064749,0.512913669064749,first_order_relative_deviation=level_IRF/steady_state,27,-4.51927550988135e-05,-9.48748609767473e-05,-4.96821058779338e-05
scale_development_y100,"R=1.0, scale=1.000, unit GDP=1.000",1,1,1,0.5,0.5,0.5,0.5,1,1,Consumption,c1,c2,0.512913669064749,0.512913669064749,first_order_relative_deviation=level_IRF/steady_state,28,-4.97521917690605e-05,-0.000103536192084461,-5.37840003154005e-05
scale_development_y100,"R=1.0, scale=1.000, unit GDP=1.000",1,1,1,0.5,0.5,0.5,0.5,1,1,Consumption,c1,c2,0.512913669064749,0.512913669064749,first_order_relative_deviation=level_IRF/steady_state,29,-5.40527665336038e-05,-0.000111476361886284,-5.742359535268e-05
scale_development_y100,"R=1.0, scale=1.000, unit GDP=1.000",1,1,1,0.5,0.5,0.5,0.5,1,1,Consumption,c1,c2,0.512913669064749,0.512913669064749,first_order_relative_deviation=level_IRF/steady_state,30,-5.8109829325617e-05,-0.000118748794110357,-6.06389647847403e-05
scale_development_y100,"R=1.0, scale=1.000, unit GDP=1.000",1,1,1,0.5,0.5,0.5,0.5,1,1,Consumption,c1,c2,0.512913669064749,0.512913669064749,first_order_relative_deviation=level_IRF/steady_state,31,-6.19364963705929e-05,-0.000125402538755805,-6.34660423852119e-05
scale_development_y100,"R=1.0, scale=1.000, unit GDP=1.000",1,1,1,0.5,0.5,0.5,0.5,1,1,Consumption,c1,c2,0.512913669064749,0.512913669064749,first_order_relative_deviation=level_IRF/steady_state,32,-6.55442756655166e-05,-0.0001314827414381,-6.59384657725836e-05
scale_development_y100,"R=1.0, scale=1.000, unit GDP=1.000",1,1,1,0.5,0.5,0.5,0.5,1,1,Consumption,c1,c2,0.512913669064749,0.512913669064749,first_order_relative_deviation=level_IRF/steady_state,33,-6.89434869306912e-05,-0.000137031005837462,-6.80875189067711e-05
scale_development_y100,"R=1.0, scale=1.000, unit GDP=1.000",1,1,1,0.5,0.5,0.5,0.5,1,1,Consumption,c1,c2,0.512913669064749,0.512913669064749,first_order_relative_deviation=level_IRF/steady_state,34,-7.21435431492962e-05,-0.000142085687767863,-6.9942144618567e-05
scale_development_y100,"R=1.0, scale=1.000, unit GDP=1.000",1,1,1,0.5,0.5,0.5,0.5,1,1,Consumption,c1,c2,0.512913669064749,0.512913669064749,first_order_relative_deviation=level_IRF/steady_state,35,-7.51531399795046e-05,-0.000146682145664286,-7.15290056847819e-05
scale_development_y100,"R=1.0, scale=1.000, unit GDP=1.000",1,1,1,0.5,0.5,0.5,0.5,1,1,Consumption,c1,c2,0.512913669064749,0.512913669064749,first_order_relative_deviation=level_IRF/steady_state,36,-7.79803845367052e-05,-0.000150852962978997,-7.28725784422921e-05
scale_development_y100,"R=1.0, scale=1.000, unit GDP=1.000",1,1,1,0.5,0.5,0.5,0.5,1,1,Consumption,c1,c2,0.512913669064749,0.512913669064749,first_order_relative_deviation=level_IRF/steady_state,37,-8.06328847063896e-05,-0.000154628151815348,-7.39952671089587e-05
scale_development_y100,"R=1.0, scale=1.000, unit GDP=1.000",1,1,1,0.5,0.5,0.5,0.5,1,1,Consumption,c1,c2,0.512913669064749,0.512913669064749,first_order_relative_deviation=level_IRF/steady_state,38,-8.31178130106862e-05,-0.000158035343169566,-7.49175301588796e-05
scale_development_y100,"R=1.0, scale=1.000, unit GDP=1.000",1,1,1,0.5,0.5,0.5,0.5,1,1,Consumption,c1,c2,0.512913669064749,0.512913669064749,first_order_relative_deviation=level_IRF/steady_state,39,-8.54419542001388e-05,-0.000161099966664336,-7.56580124641968e-05
scale_development_y100,"R=1.0, scale=1.000, unit GDP=1.000",1,1,1,0.5,0.5,0.5,0.5,1,1,Consumption,c1,c2,0.512913669064749,0.512913669064749,first_order_relative_deviation=level_IRF/steady_state,40,-8.76117424662911e-05,-0.000163845421176379,-7.62336787100875e-05
scale_development_y100,"R=1.0, scale=1.000, unit GDP=1.000",1,1,1,0.5,0.5,0.5,0.5,1,1,Inflation,pinf1,pinf2,1,1,first_order_relative_deviation=level_IRF/steady_state,1,-0.00165379838360391,-0.00172876581438941,-7.49674307854997e-05
scale_development_y100,"R=1.0, scale=1.000, unit GDP=1.000",1,1,1,0.5,0.5,0.5,0.5,1,1,Inflation,pinf1,pinf2,1,1,first_order_relative_deviation=level_IRF/steady_state,2,-0.000936091740171174,-0.00100207763950788,-6.59858993367068e-05
scale_development_y100,"R=1.0, scale=1.000, unit GDP=1.000",1,1,1,0.5,0.5,0.5,0.5,1,1,Inflation,pinf1,pinf2,1,1,first_order_relative_deviation=level_IRF/steady_state,3,-0.000505556129198226,-0.000557942829341074,-5.2386700142848e-05
scale_development_y100,"R=1.0, scale=1.000, unit GDP=1.000",1,1,1,0.5,0.5,0.5,0.5,1,1,Inflation,pinf1,pinf2,1,1,first_order_relative_deviation=level_IRF/steady_state,4,-0.000252242660666369,-0.000289675178627435,-3.74325179610668e-05
scale_development_y100,"R=1.0, scale=1.000, unit GDP=1.000",1,1,1,0.5,0.5,0.5,0.5,1,1,Inflation,pinf1,pinf2,1,1,first_order_relative_deviation=level_IRF/steady_state,5,-0.000106813425907459,-0.000129883076316117,-2.3069650408658e-05
scale_development_y100,"R=1.0, scale=1.000, unit GDP=1.000",1,1,1,0.5,0.5,0.5,0.5,1,1,Inflation,pinf1,pinf2,1,1,first_order_relative_deviation=level_IRF/steady_state,6,-2.60230591316857e-05,-3.63668924520111e-05,-1.03438333203254e-05
scale_development_y100,"R=1.0, scale=1.000, unit GDP=1.000",1,1,1,0.5,0.5,0.5,0.5,1,1,Inflation,pinf1,pinf2,1,1,first_order_relative_deviation=level_IRF/steady_state,7,1.6776381921435e-05,1.70662520757592e-05,2.89870154324134e-07
scale_development_y100,"R=1.0, scale=1.000, unit GDP=1.000",1,1,1,0.5,0.5,0.5,0.5,1,1,Inflation,pinf1,pinf2,1,1,first_order_relative_deviation=level_IRF/steady_state,8,3.77845500729723e-05,4.65289643150069e-05,8.74441424203454e-06
scale_development_y100,"R=1.0, scale=1.000, unit GDP=1.000",1,1,1,0.5,0.5,0.5,0.5,1,1,Inflation,pinf1,pinf2,1,1,first_order_relative_deviation=level_IRF/steady_state,9,4.66962240739388e-05,6.18424247267324e-05,1.51462006527936e-05
scale_development_y100,"R=1.0, scale=1.000, unit GDP=1.000",1,1,1,0.5,0.5,0.5,0.5,1,1,Inflation,pinf1,pinf2,1,1,first_order_relative_deviation=level_IRF/steady_state,10,4.92050685612089e-05,6.89366141417569e-05,1.9731545580548e-05
scale_development_y100,"R=1.0, scale=1.000, unit GDP=1.000",1,1,1,0.5,0.5,0.5,0.5,1,1,Inflation,pinf1,pinf2,1,1,first_order_relative_deviation=level_IRF/steady_state,11,4.85768456224278e-05,7.13569779859924e-05,2.27801323635646e-05
scale_development_y100,"R=1.0, scale=1.000, unit GDP=1.000",1,1,1,0.5,0.5,0.5,0.5,1,1,Inflation,pinf1,pinf2,1,1,first_order_relative_deviation=level_IRF/steady_state,12,4.66269815013742e-05,7.12014281629703e-05,2.4574446661596e-05
scale_development_y100,"R=1.0, scale=1.000, unit GDP=1.000",1,1,1,0.5,0.5,0.5,0.5,1,1,Inflation,pinf1,pinf2,1,1,first_order_relative_deviation=level_IRF/steady_state,13,4.43206441833599e-05,6.96975463183591e-05,2.53769021349992e-05
scale_development_y100,"R=1.0, scale=1.000, unit GDP=1.000",1,1,1,0.5,0.5,0.5,0.5,1,1,Inflation,pinf1,pinf2,1,1,first_order_relative_deviation=level_IRF/steady_state,14,4.2136073739929e-05,6.75546765716017e-05,2.54186028316727e-05
scale_development_y100,"R=1.0, scale=1.000, unit GDP=1.000",1,1,1,0.5,0.5,0.5,0.5,1,1,Inflation,pinf1,pinf2,1,1,first_order_relative_deviation=level_IRF/steady_state,15,4.02810885258287e-05,6.51765357180256e-05,2.48954471921969e-05
scale_development_y100,"R=1.0, scale=1.000, unit GDP=1.000",1,1,1,0.5,0.5,0.5,0.5,1,1,Inflation,pinf1,pinf2,1,1,first_order_relative_deviation=level_IRF/steady_state,16,3.88196520244577e-05,6.27882625894305e-05,2.39686105649728e-05
scale_development_y100,"R=1.0, scale=1.000, unit GDP=1.000",1,1,1,0.5,0.5,0.5,0.5,1,1,Inflation,pinf1,pinf2,1,1,first_order_relative_deviation=level_IRF/steady_state,17,3.77441107080045e-05,6.05115327261263e-05,2.27674220181218e-05
scale_development_y100,"R=1.0, scale=1.000, unit GDP=1.000",1,1,1,0.5,0.5,0.5,0.5,1,1,Inflation,pinf1,pinf2,1,1,first_order_relative_deviation=level_IRF/steady_state,18,3.70151453850109e-05,5.84084970403076e-05,2.13933516552967e-05
scale_development_y100,"R=1.0, scale=1.000, unit GDP=1.000",1,1,1,0.5,0.5,0.5,0.5,1,1,Inflation,pinf1,pinf2,1,1,first_order_relative_deviation=level_IRF/steady_state,19,3.65829109543192e-05,5.65072241340836e-05,1.99243131797644e-05
scale_development_y100,"R=1.0, scale=1.000, unit GDP=1.000",1,1,1,0.5,0.5,0.5,0.5,1,1,Inflation,pinf1,pinf2,1,1,first_order_relative_deviation=level_IRF/steady_state,20,3.63974858159644e-05,5.48163041436123e-05,1.84188183276479e-05
scale_development_y100,"R=1.0, scale=1.000, unit GDP=1.000",1,1,1,0.5,0.5,0.5,0.5,1,1,Inflation,pinf1,pinf2,1,1,first_order_relative_deviation=level_IRF/steady_state,21,3.64134444377218e-05,5.33331831487072e-05,1.69197387109854e-05
scale_development_y100,"R=1.0, scale=1.000, unit GDP=1.000",1,1,1,0.5,0.5,0.5,0.5,1,1,Inflation,pinf1,pinf2,1,1,first_order_relative_deviation=level_IRF/steady_state,22,3.65913484505764e-05,5.20489184705486e-05,1.54575700199722e-05
scale_development_y100,"R=1.0, scale=1.000, unit GDP=1.000",1,1,1,0.5,0.5,0.5,0.5,1,1,Inflation,pinf1,pinf2,1,1,first_order_relative_deviation=level_IRF/steady_state,23,3.68977379050506e-05,5.09509161827904e-05,1.40531782777398e-05
scale_development_y100,"R=1.0, scale=1.000, unit GDP=1.000",1,1,1,0.5,0.5,0.5,0.5,1,1,Inflation,pinf1,pinf2,1,1,first_order_relative_deviation=level_IRF/steady_state,24,3.73044867010286e-05,5.00245426415802e-05,1.27200559405516e-05
scale_development_y100,"R=1.0, scale=1.000, unit GDP=1.000",1,1,1,0.5,0.5,0.5,0.5,1,1,Inflation,pinf1,pinf2,1,1,first_order_relative_deviation=level_IRF/steady_state,25,3.77879706829898e-05,4.92541106056343e-05,1.14661399226446e-05
scale_development_y100,"R=1.0, scale=1.000, unit GDP=1.000",1,1,1,0.5,0.5,0.5,0.5,1,1,Inflation,pinf1,pinf2,1,1,first_order_relative_deviation=level_IRF/steady_state,26,3.83282627016701e-05,4.86235156766934e-05,1.02952529750233e-05
scale_development_y100,"R=1.0, scale=1.000, unit GDP=1.000",1,1,1,0.5,0.5,0.5,0.5,1,1,Inflation,pinf1,pinf2,1,1,first_order_relative_deviation=level_IRF/steady_state,27,3.89084417335983e-05,4.81166720376347e-05,9.20823030403639e-06
scale_development_y100,"R=1.0, scale=1.000, unit GDP=1.000",1,1,1,0.5,0.5,0.5,0.5,1,1,Inflation,pinf1,pinf2,1,1,first_order_relative_deviation=level_IRF/steady_state,28,3.95140377058567e-05,4.7717826580751e-05,8.20378887489426e-06
scale_development_y100,"R=1.0, scale=1.000, unit GDP=1.000",1,1,1,0.5,0.5,0.5,0.5,1,1,Inflation,pinf1,pinf2,1,1,first_order_relative_deviation=level_IRF/steady_state,29,4.01326029420002e-05,4.7411793016261e-05,7.27919007426081e-06
scale_development_y100,"R=1.0, scale=1.000, unit GDP=1.000",1,1,1,0.5,0.5,0.5,0.5,1,1,Inflation,pinf1,pinf2,1,1,first_order_relative_deviation=level_IRF/steady_state,30,4.07533891717549e-05,4.71841280358376e-05,6.43073886408274e-06
scale_development_y100,"R=1.0, scale=1.000, unit GDP=1.000",1,1,1,0.5,0.5,0.5,0.5,1,1,Inflation,pinf1,pinf2,1,1,first_order_relative_deviation=level_IRF/steady_state,31,4.13671066608057e-05,4.7021261862179e-05,5.65415520137336e-06
scale_development_y100,"R=1.0, scale=1.000, unit GDP=1.000",1,1,1,0.5,0.5,0.5,0.5,1,1,Inflation,pinf1,pinf2,1,1,first_order_relative_deviation=level_IRF/steady_state,32,4.19657440633436e-05,4.69105908380563e-05,4.94484677471263e-06
scale_development_y100,"R=1.0, scale=1.000, unit GDP=1.000",1,1,1,0.5,0.5,0.5,0.5,1,1,Inflation,pinf1,pinf2,1,1,first_order_relative_deviation=level_IRF/steady_state,33,4.25424313215128e-05,4.68405375897429e-05,4.29810626823013e-06
scale_development_y100,"R=1.0, scale=1.000, unit GDP=1.000",1,1,1,0.5,0.5,0.5,0.5,1,1,Inflation,pinf1,pinf2,1,1,first_order_relative_deviation=level_IRF/steady_state,34,4.30913319169335e-05,4.68005833402785e-05,3.70925142334499e-06
scale_development_y100,"R=1.0, scale=1.000, unit GDP=1.000",1,1,1,0.5,0.5,0.5,0.5,1,1,Inflation,pinf1,pinf2,1,1,first_order_relative_deviation=level_IRF/steady_state,35,4.36075543677195e-05,4.67812765005959e-05,3.17372213287648e-06
scale_development_y100,"R=1.0, scale=1.000, unit GDP=1.000",1,1,1,0.5,0.5,0.5,0.5,1,1,Inflation,pinf1,pinf2,1,1,first_order_relative_deviation=level_IRF/steady_state,36,4.40870758535716e-05,4.67742213683398e-05,2.68714551476812e-06
scale_development_y100,"R=1.0, scale=1.000, unit GDP=1.000",1,1,1,0.5,0.5,0.5,0.5,1,1,Inflation,pinf1,pinf2,1,1,first_order_relative_deviation=level_IRF/steady_state,37,4.45266731678995e-05,4.67720505015201e-05,2.24537733362062e-06
scale_development_y100,"R=1.0, scale=1.000, unit GDP=1.000",1,1,1,0.5,0.5,0.5,0.5,1,1,Inflation,pinf1,pinf2,1,1,first_order_relative_deviation=level_IRF/steady_state,38,4.49238579476319e-05,4.67683840474908e-05,1.84452609985897e-06
scale_development_y100,"R=1.0, scale=1.000, unit GDP=1.000",1,1,1,0.5,0.5,0.5,0.5,1,1,Inflation,pinf1,pinf2,1,1,first_order_relative_deviation=level_IRF/steady_state,39,4.52768143865967e-05,4.67577789977636e-05,1.48096461116687e-06
scale_development_y100,"R=1.0, scale=1.000, unit GDP=1.000",1,1,1,0.5,0.5,0.5,0.5,1,1,Inflation,pinf1,pinf2,1,1,first_order_relative_deviation=level_IRF/steady_state,40,4.55843385165355e-05,4.67356710078803e-05,1.1513324913448e-06
scale_development_y150,"R=1.5, scale=1.225, unit GDP=1.225",1.5,1.22474487139159,1.22474487139159,0.550510257216822,0.449489742783178,0.6,0.4,1.08989794855664,0.889897948556636,Net real debt-service burden,ds1,ds2,0.0161616161616163,0.0404040404040407,first_order_relative_deviation=level_IRF/steady_state,1,0.169417822223074,0.176836792819223,0.00741897059614907
scale_development_y150,"R=1.5, scale=1.225, unit GDP=1.225",1.5,1.22474487139159,1.22474487139159,0.550510257216822,0.449489742783178,0.6,0.4,1.08989794855664,0.889897948556636,Net real debt-service burden,ds1,ds2,0.0161616161616163,0.0404040404040407,first_order_relative_deviation=level_IRF/steady_state,2,0.277509504864456,0.284224505115594,0.00671500025113808
scale_development_y150,"R=1.5, scale=1.225, unit GDP=1.225",1.5,1.22474487139159,1.22474487139159,0.550510257216822,0.449489742783178,0.6,0.4,1.08989794855664,0.889897948556636,Net real debt-service burden,ds1,ds2,0.0161616161616163,0.0404040404040407,first_order_relative_deviation=level_IRF/steady_state,3,0.148926675217769,0.154459718888276,0.00553304367050614
scale_development_y150,"R=1.5, scale=1.225, unit GDP=1.225",1.5,1.22474487139159,1.22474487139159,0.550510257216822,0.449489742783178,0.6,0.4,1.08989794855664,0.889897948556636,Net real debt-service burden,ds1,ds2,0.0161616161616163,0.0404040404040407,first_order_relative_deviation=level_IRF/steady_state,4,0.0761334395290581,0.0803177053969456,0.00418426586788745
scale_development_y150,"R=1.5, scale=1.225, unit GDP=1.225",1.5,1.22474487139159,1.22474487139159,0.550510257216822,0.449489742783178,0.6,0.4,1.08989794855664,0.889897948556636,Net real debt-service burden,ds1,ds2,0.0161616161616163,0.0404040404040407,first_order_relative_deviation=level_IRF/steady_state,5,0.0361384711677674,0.0389964713008944,0.00285800013312704
scale_development_y150,"R=1.5, scale=1.225, unit GDP=1.225",1.5,1.22474487139159,1.22474487139159,0.550510257216822,0.449489742783178,0.6,0.4,1.08989794855664,0.889897948556636,Net real debt-service burden,ds1,ds2,0.0161616161616163,0.0404040404040407,first_order_relative_deviation=level_IRF/steady_state,6,0.0150405143234638,0.0166999371830115,0.00165942285954764
scale_development_y150,"R=1.5, scale=1.225, unit GDP=1.225",1.5,1.22474487139159,1.22474487139159,0.550510257216822,0.449489742783178,0.6,0.4,1.08989794855664,0.889897948556636,Net real debt-service burden,ds1,ds2,0.0161616161616163,0.0404040404040407,first_order_relative_deviation=level_IRF/steady_state,7,0.00455781239806239,0.00519568297297904,0.00063787057491665
scale_development_y150,"R=1.5, scale=1.225, unit GDP=1.225",1.5,1.22474487139159,1.22474487139159,0.550510257216822,0.449489742783178,0.6,0.4,1.08989794855664,0.889897948556636,Net real debt-service burden,ds1,ds2,0.0161616161616163,0.0404040404040407,first_order_relative_deviation=level_IRF/steady_state,8,-0.000158389420202761,-0.000351042777034545,-0.000192653356831783
scale_development_y150,"R=1.5, scale=1.225, unit GDP=1.225",1.5,1.22474487139159,1.22474487139159,0.550510257216822,0.449489742783178,0.6,0.4,1.08989794855664,0.889897948556636,Net real debt-service burden,ds1,ds2,0.0161616161616163,0.0404040404040407,first_order_relative_deviation=level_IRF/steady_state,9,-0.00188718706014468,-0.00272631239276603,-0.000839125332621348
scale_development_y150,"R=1.5, scale=1.225, unit GDP=1.225",1.5,1.22474487139159,1.22474487139159,0.550510257216822,0.449489742783178,0.6,0.4,1.08989794855664,0.889897948556636,Net real debt-service burden,ds1,ds2,0.0161616161616163,0.0404040404040407,first_order_relative_deviation=level_IRF/steady_state,10,-0.00217876339029208,-0.00349855872922145,-0.00131979533892937
scale_development_y150,"R=1.5, scale=1.225, unit GDP=1.225",1.5,1.22474487139159,1.22474487139159,0.550510257216822,0.449489742783178,0.6,0.4,1.08989794855664,0.889897948556636,Net real debt-service burden,ds1,ds2,0.0161616161616163,0.0404040404040407,first_order_relative_deviation=level_IRF/steady_state,11,-0.00186663847395506,-0.00352451009287811,-0.00165787161892305
scale_development_y150,"R=1.5, scale=1.225, unit GDP=1.225",1.5,1.22474487139159,1.22474487139159,0.550510257216822,0.449489742783178,0.6,0.4,1.08989794855664,0.889897948556636,Net real debt-service burden,ds1,ds2,0.0161616161616163,0.0404040404040407,first_order_relative_deviation=level_IRF/steady_state,12,-0.00137557864183763,-0.00325318273675292,-0.00187760409491529
scale_development_y150,"R=1.5, scale=1.225, unit GDP=1.225",1.5,1.22474487139159,1.22474487139159,0.550510257216822,0.449489742783178,0.6,0.4,1.08989794855664,0.889897948556636,Net real debt-service burden,ds1,ds2,0.0161616161616163,0.0404040404040407,first_order_relative_deviation=level_IRF/steady_state,13,-0.000903810516405182,-0.00290582448732044,-0.00200201397091526
scale_development_y150,"R=1.5, scale=1.225, unit GDP=1.225",1.5,1.22474487139159,1.22474487139159,0.550510257216822,0.449489742783178,0.6,0.4,1.08989794855664,0.889897948556636,Net real debt-service burden,ds1,ds2,0.0161616161616163,0.0404040404040407,first_order_relative_deviation=level_IRF/steady_state,14,-0.000528861793409352,-0.00258057861860254,-0.00205171682519319
scale_development_y150,"R=1.5, scale=1.225, unit GDP=1.225",1.5,1.22474487139159,1.22474487139159,0.550510257216822,0.449489742783178,0.6,0.4,1.08989794855664,0.889897948556636,Net real debt-service burden,ds1,ds2,0.0161616161616163,0.0404040404040407,first_order_relative_deviation=level_IRF/steady_state,15,-0.000267635223310703,-0.00231207995355575,-0.00204444473024505
scale_development_y150,"R=1.5, scale=1.225, unit GDP=1.225",1.5,1.22474487139159,1.22474487139159,0.550510257216822,0.449489742783178,0.6,0.4,1.08989794855664,0.889897948556636,Net real debt-service burden,ds1,ds2,0.0161616161616163,0.0404040404040407,first_order_relative_deviation=level_IRF/steady_state,16,-0.000109493640096959,-0.0021044871041869,-0.00199499346408995
scale_development_y150,"R=1.5, scale=1.225, unit GDP=1.225",1.5,1.22474487139159,1.22474487139159,0.550510257216822,0.449489742783178,0.6,0.4,1.08989794855664,0.889897948556636,Net real debt-service burden,ds1,ds2,0.0161616161616163,0.0404040404040407,first_order_relative_deviation=level_IRF/steady_state,17,-3.37331024547955e-05,-0.00194914300591718,-0.00191540990346239
scale_development_y150,"R=1.5, scale=1.225, unit GDP=1.225",1.5,1.22474487139159,1.22474487139159,0.550510257216822,0.449489742783178,0.6,0.4,1.08989794855664,0.889897948556636,Net real debt-service burden,ds1,ds2,0.0161616161616163,0.0404040404040407,first_order_relative_deviation=level_IRF/steady_state,18,-1.82400532234226e-05,-0.00183353876721248,-0.00181529871398906
scale_development_y150,"R=1.5, scale=1.225, unit GDP=1.225",1.5,1.22474487139159,1.22474487139159,0.550510257216822,0.449489742783178,0.6,0.4,1.08989794855664,0.889897948556636,Net real debt-service burden,ds1,ds2,0.0161616161616163,0.0404040404040407,first_order_relative_deviation=level_IRF/steady_state,19,-4.33252582961735e-05,-0.00174549761474609,-0.00170217235644992
scale_development_y150,"R=1.5, scale=1.225, unit GDP=1.225",1.5,1.22474487139159,1.22474487139159,0.550510257216822,0.449489742783178,0.6,0.4,1.08989794855664,0.889897948556636,Net real debt-service burden,ds1,ds2,0.0161616161616163,0.0404040404040407,first_order_relative_deviation=level_IRF/steady_state,20,-9.30339453739467e-05,-0.00167483307985951,-0.00158179913448556
scale_development_y150,"R=1.5, scale=1.225, unit GDP=1.225",1.5,1.22474487139159,1.22474487139159,0.550510257216822,0.449489742783178,0.6,0.4,1.08989794855664,0.889897948556636,Net real debt-service burden,ds1,ds2,0.0161616161616163,0.0404040404040407,first_order_relative_deviation=level_IRF/steady_state,21,-0.000155223464426607,-0.00161374790062691,-0.0014585244362003
scale_development_y150,"R=1.5, scale=1.225, unit GDP=1.225",1.5,1.22474487139159,1.22474487139159,0.550510257216822,0.449489742783178,0.6,0.4,1.08989794855664,0.889897948556636,Net real debt-service burden,ds1,ds2,0.0161616161616163,0.0404040404040407,first_order_relative_deviation=level_IRF/steady_state,22,-0.000221109829676382,-0.00155666330797079,-0.00133555347829441
scale_development_y150,"R=1.5, scale=1.225, unit GDP=1.225",1.5,1.22474487139159,1.22474487139159,0.550510257216822,0.449489742783178,0.6,0.4,1.08989794855664,0.889897948556636,Net real debt-service burden,ds1,ds2,0.0161616161616163,0.0404040404040407,first_order_relative_deviation=level_IRF/steady_state,23,-0.000284646357478155,-0.00149983834884852,-0.00121519199137036
scale_development_y150,"R=1.5, scale=1.225, unit GDP=1.225",1.5,1.22474487139159,1.22474487139159,0.550510257216822,0.449489742783178,0.6,0.4,1.08989794855664,0.889897948556636,Net real debt-service burden,ds1,ds2,0.0161616161616163,0.0404040404040407,first_order_relative_deviation=level_IRF/steady_state,24,-0.000341908857801735,-0.00144095488168081,-0.00109904602387908
scale_development_y150,"R=1.5, scale=1.225, unit GDP=1.225",1.5,1.22474487139159,1.22474487139159,0.550510257216822,0.449489742783178,0.6,0.4,1.08989794855664,0.889897948556636,Net real debt-service burden,ds1,ds2,0.0161616161616163,0.0404040404040407,first_order_relative_deviation=level_IRF/steady_state,25,-0.000390560144070447,-0.00137874469911222,-0.000988184555041776
scale_development_y150,"R=1.5, scale=1.225, unit GDP=1.225",1.5,1.22474487139159,1.22474487139159,0.550510257216822,0.449489742783178,0.6,0.4,1.08989794855664,0.889897948556636,Net real debt-service burden,ds1,ds2,0.0161616161616163,0.0404040404040407,first_order_relative_deviation=level_IRF/steady_state,26,-0.000429414581595056,-0.00131268428858068,-0.000883269706985624
scale_development_y150,"R=1.5, scale=1.225, unit GDP=1.225",1.5,1.22474487139159,1.22474487139159,0.550510257216822,0.449489742783178,0.6,0.4,1.08989794855664,0.889897948556636,Net real debt-service burden,ds1,ds2,0.0161616161616163,0.0404040404040407,first_order_relative_deviation=level_IRF/steady_state,27,-0.00045809888348231,-0.00124275847184026,-0.000784659588357947
scale_development_y150,"R=1.5, scale=1.225, unit GDP=1.225",1.5,1.22474487139159,1.22474487139159,0.550510257216822,0.449489742783178,0.6,0.4,1.08989794855664,0.889897948556636,Net real debt-service burden,ds1,ds2,0.0161616161616163,0.0404040404040407,first_order_relative_deviation=level_IRF/steady_state,28,-0.000476795552176948,-0.00116928410798529,-0.000692488555808344
scale_development_y150,"R=1.5, scale=1.225, unit GDP=1.225",1.5,1.22474487139159,1.22474487139159,0.550510257216822,0.449489742783178,0.6,0.4,1.08989794855664,0.889897948556636,Net real debt-service burden,ds1,ds2,0.0161616161616163,0.0404040404040407,first_order_relative_deviation=level_IRF/steady_state,29,-0.000486052976475647,-0.001092782162267,-0.000606729185791358
scale_development_y150,"R=1.5, scale=1.225, unit GDP=1.225",1.5,1.22474487139159,1.22474487139159,0.550510257216822,0.449489742783178,0.6,0.4,1.08989794855664,0.889897948556636,Net real debt-service burden,ds1,ds2,0.0161616161616163,0.0404040404040407,first_order_relative_deviation=level_IRF/steady_state,30,-0.000486647220302702,-0.00101388687742552,-0.000527239657122816
scale_development_y150,"R=1.5, scale=1.225, unit GDP=1.225",1.5,1.22474487139159,1.22474487139159,0.550510257216822,0.449489742783178,0.6,0.4,1.08989794855664,0.889897948556636,Net real debt-service burden,ds1,ds2,0.0161616161616163,0.0404040404040407,first_order_relative_deviation=level_IRF/steady_state,31,-0.000479482862083795,-0.000933282506140258,-0.000453799644056463
scale_development_y150,"R=1.5, scale=1.225, unit GDP=1.225",1.5,1.22474487139159,1.22474487139159,0.550510257216822,0.449489742783178,0.6,0.4,1.08989794855664,0.889897948556636,Net real debt-service burden,ds1,ds2,0.0161616161616163,0.0404040404040407,first_order_relative_deviation=level_IRF/steady_state,32,-0.000465522808847822,-0.000851660068553236,-0.000386137259705414
scale_development_y150,"R=1.5, scale=1.225, unit GDP=1.225",1.5,1.22474487139159,1.22474487139159,0.550510257216822,0.449489742783178,0.6,0.4,1.08989794855664,0.889897948556636,Net real debt-service burden,ds1,ds2,0.0161616161616163,0.0404040404040407,first_order_relative_deviation=level_IRF/steady_state,33,-0.000445739345907493,-0.000769688440207063,-0.00032394909429957
scale_development_y150,"R=1.5, scale=1.225, unit GDP=1.225",1.5,1.22474487139159,1.22474487139159,0.550510257216822,0.449489742783178,0.6,0.4,1.08989794855664,0.889897948556636,Net real debt-service burden,ds1,ds2,0.0161616161616163,0.0404040404040407,first_order_relative_deviation=level_IRF/steady_state,34,-0.000421080624193176,-0.000687995594288205,-0.000266914970095029
scale_development_y150,"R=1.5, scale=1.225, unit GDP=1.225",1.5,1.22474487139159,1.22474487139159,0.550510257216822,0.449489742783178,0.6,0.4,1.08989794855664,0.889897948556636,Net real debt-service burden,ds1,ds2,0.0161616161616163,0.0404040404040407,first_order_relative_deviation=level_IRF/steady_state,35,-0.000392448314859232,-0.000607156998454859,-0.000214708683595628
scale_development_y150,"R=1.5, scale=1.225, unit GDP=1.225",1.5,1.22474487139159,1.22474487139159,0.550510257216822,0.449489742783178,0.6,0.4,1.08989794855664,0.889897948556636,Net real debt-service burden,ds1,ds2,0.0161616161616163,0.0404040404040407,first_order_relative_deviation=level_IRF/steady_state,36,-0.000360683320802136,-0.000527689040881794,-0.000167005720079659
scale_development_y150,"R=1.5, scale=1.225, unit GDP=1.225",1.5,1.22474487139159,1.22474487139159,0.550510257216822,0.449489742783178,0.6,0.4,1.08989794855664,0.889897948556636,Net real debt-service burden,ds1,ds2,0.0161616161616163,0.0404040404040407,first_order_relative_deviation=level_IRF/steady_state,37,-0.000326557294188232,-0.000450045991131757,-0.000123488696943524
scale_development_y150,"R=1.5, scale=1.225, unit GDP=1.225",1.5,1.22474487139159,1.22474487139159,0.550510257216822,0.449489742783178,0.6,0.4,1.08989794855664,0.889897948556636,Net real debt-service burden,ds1,ds2,0.0161616161616163,0.0404040404040407,first_order_relative_deviation=level_IRF/steady_state,38,-0.000290768334878994,-0.000374619447121512,-8.3851112242518e-05
scale_development_y150,"R=1.5, scale=1.225, unit GDP=1.225",1.5,1.22474487139159,1.22474487139159,0.550510257216822,0.449489742783178,0.6,0.4,1.08989794855664,0.889897948556636,Net real debt-service burden,ds1,ds2,0.0161616161616163,0.0404040404040407,first_order_relative_deviation=level_IRF/steady_state,39,-0.000253939694829506,-0.000301739529369483,-4.77998345399761e-05
scale_development_y150,"R=1.5, scale=1.225, unit GDP=1.225",1.5,1.22474487139159,1.22474487139159,0.550510257216822,0.449489742783178,0.6,0.4,1.08989794855664,0.889897948556636,Net real debt-service burden,ds1,ds2,0.0161616161616163,0.0404040404040407,first_order_relative_deviation=level_IRF/steady_state,40,-0.000216620635002535,-0.000231677297110725,-1.50566621081896e-05
scale_development_y150,"R=1.5, scale=1.225, unit GDP=1.225",1.5,1.22474487139159,1.22474487139159,0.550510257216822,0.449489742783178,0.6,0.4,1.08989794855664,0.889897948556636,Pre-financing fiscal resources,fs1,fs2,0.130787753826796,0.106787753826796,first_order_relative_deviation=level_IRF/steady_state,1,-0.0239809607539284,-0.0603238482087771,-0.0363428874548487
scale_development_y150,"R=1.5, scale=1.225, unit GDP=1.225",1.5,1.22474487139159,1.22474487139159,0.550510257216822,0.449489742783178,0.6,0.4,1.08989794855664,0.889897948556636,Pre-financing fiscal resources,fs1,fs2,0.130787753826796,0.106787753826796,first_order_relative_deviation=level_IRF/steady_state,2,-0.0383471158560467,-0.0964075799344634,-0.0580604640784167
scale_development_y150,"R=1.5, scale=1.225, unit GDP=1.225",1.5,1.22474487139159,1.22474487139159,0.550510257216822,0.449489742783178,0.6,0.4,1.08989794855664,0.889897948556636,Pre-financing fiscal resources,fs1,fs2,0.130787753826796,0.106787753826796,first_order_relative_deviation=level_IRF/steady_state,3,-0.0208494487944005,-0.0526359528921344,-0.0317865040977339
scale_development_y150,"R=1.5, scale=1.225, unit GDP=1.225",1.5,1.22474487139159,1.22474487139159,0.550510257216822,0.449489742783178,0.6,0.4,1.08989794855664,0.889897948556636,Pre-financing fiscal resources,fs1,fs2,0.130787753826796,0.106787753826796,first_order_relative_deviation=level_IRF/steady_state,4,-0.0108929664870118,-0.0275989303005166,-0.0167059638135048
scale_development_y150,"R=1.5, scale=1.225, unit GDP=1.225",1.5,1.22474487139159,1.22474487139159,0.550510257216822,0.449489742783178,0.6,0.4,1.08989794855664,0.889897948556636,Pre-financing fiscal resources,fs1,fs2,0.130787753826796,0.106787753826796,first_order_relative_deviation=level_IRF/steady_state,5,-0.00538415251267286,-0.0136231761861126,-0.00823902367343973
scale_development_y150,"R=1.5, scale=1.225, unit GDP=1.225",1.5,1.22474487139159,1.22474487139159,0.550510257216822,0.449489742783178,0.6,0.4,1.08989794855664,0.889897948556636,Pre-financing fiscal resources,fs1,fs2,0.130787753826796,0.106787753826796,first_order_relative_deviation=level_IRF/steady_state,6,-0.00244798996838065,-0.00606373288290907,-0.00361574291452842
scale_development_y150,"R=1.5, scale=1.225, unit GDP=1.225",1.5,1.22474487139159,1.22474487139159,0.550510257216822,0.449489742783178,0.6,0.4,1.08989794855664,0.889897948556636,Pre-financing fiscal resources,fs1,fs2,0.130787753826796,0.106787753826796,first_order_relative_deviation=level_IRF/steady_state,7,-0.000964291696741723,-0.00214734441517621,-0.00118305271843449
scale_development_y150,"R=1.5, scale=1.225, unit GDP=1.225",1.5,1.22474487139159,1.22474487139159,0.550510257216822,0.449489742783178,0.6,0.4,1.08989794855664,0.889897948556636,Pre-financing fiscal resources,fs1,fs2,0.130787753826796,0.106787753826796,first_order_relative_deviation=level_IRF/steady_state,8,-0.000275042992455532,-0.000244329602486004,3.07133899695286e-05
scale_development_y150,"R=1.5, scale=1.225, unit GDP=1.225",1.5,1.22474487139159,1.22474487139159,0.550510257216822,0.449489742783178,0.6,0.4,1.08989794855664,0.889897948556636,Pre-financing fiscal resources,fs1,fs2,0.130787753826796,0.106787753826796,first_order_relative_deviation=level_IRF/steady_state,9,-1.56529195592173e-06,0.000585096510583003,0.000586661802538925
scale_development_y150,"R=1.5, scale=1.225, unit GDP=1.225",1.5,1.22474487139159,1.22474487139159,0.550510257216822,0.449489742783178,0.6,0.4,1.08989794855664,0.889897948556636,Pre-financing fiscal resources,fs1,fs2,0.130787753826796,0.106787753826796,first_order_relative_deviation=level_IRF/steady_state,10,6.84725577637052e-05,0.000870438885343041,0.000801966327579336
scale_development_y150,"R=1.5, scale=1.225, unit GDP=1.225",1.5,1.22474487139159,1.22474487139159,0.550510257216822,0.449489742783178,0.6,0.4,1.08989794855664,0.889897948556636,Pre-financing fiscal resources,fs1,fs2,0.130787753826796,0.106787753826796,first_order_relative_deviation=level_IRF/steady_state,11,5.0055978175249e-05,0.000901237472135028,0.000851181493959779
scale_development_y150,"R=1.5, scale=1.225, unit GDP=1.225",1.5,1.22474487139159,1.22474487139159,0.550510257216822,0.449489742783178,0.6,0.4,1.08989794855664,0.889897948556636,Pre-financing fiscal resources,fs1,fs2,0.130787753826796,0.106787753826796,first_order_relative_deviation=level_IRF/steady_state,12,2.40986160495484e-06,0.000829458164411712,0.000827048302806757
scale_development_y150,"R=1.5, scale=1.225, unit GDP=1.225",1.5,1.22474487139159,1.22474487139159,0.550510257216822,0.449489742783178,0.6,0.4,1.08989794855664,0.889897948556636,Pre-financing fiscal resources,fs1,fs2,0.130787753826796,0.106787753826796,first_order_relative_deviation=level_IRF/steady_state,13,-4.63170145359497e-05,0.000730139512098814,0.000776456526634764
scale_development_y150,"R=1.5, scale=1.225, unit GDP=1.225",1.5,1.22474487139159,1.22474487139159,0.550510257216822,0.449489742783178,0.6,0.4,1.08989794855664,0.889897948556636,Pre-financing fiscal resources,fs1,fs2,0.130787753826796,0.106787753826796,first_order_relative_deviation=level_IRF/steady_state,14,-8.46611428515073e-05,0.000636693433383454,0.000721354576234961
scale_development_y150,"R=1.5, scale=1.225, unit GDP=1.225",1.5,1.22474487139159,1.22474487139159,0.550510257216822,0.449489742783178,0.6,0.4,1.08989794855664,0.889897948556636,Pre-financing fiscal resources,fs1,fs2,0.130787753826796,0.106787753826796,first_order_relative_deviation=level_IRF/steady_state,15,-0.000109638670754308,0.000561023115339497,0.000670661786093804
scale_development_y150,"R=1.5, scale=1.225, unit GDP=1.225",1.5,1.22474487139159,1.22474487139159,0.550510257216822,0.449489742783178,0.6,0.4,1.08989794855664,0.889897948556636,Pre-financing fiscal resources,fs1,fs2,0.130787753826796,0.106787753826796,first_order_relative_deviation=level_IRF/steady_state,16,-0.000122198905792404,0.000504685818972416,0.00062688472476482
scale_development_y150,"R=1.5, scale=1.225, unit GDP=1.225",1.5,1.22474487139159,1.22474487139159,0.550510257216822,0.449489742783178,0.6,0.4,1.08989794855664,0.889897948556636,Pre-financing fiscal resources,fs1,fs2,0.130787753826796,0.106787753826796,first_order_relative_deviation=level_IRF/steady_state,17,-0.0001248026739804,0.000464869498152781,0.000589672172133181
scale_development_y150,"R=1.5, scale=1.225, unit GDP=1.225",1.5,1.22474487139159,1.22474487139159,0.550510257216822,0.449489742783178,0.6,0.4,1.08989794855664,0.889897948556636,Pre-financing fiscal resources,fs1,fs2,0.130787753826796,0.106787753826796,first_order_relative_deviation=level_IRF/steady_state,18,-0.000120206479253653,0.000437432404721929,0.000557638883975582
scale_development_y150,"R=1.5, scale=1.225, unit GDP=1.225",1.5,1.22474487139159,1.22474487139159,0.550510257216822,0.449489742783178,0.6,0.4,1.08989794855664,0.889897948556636,Pre-financing fiscal resources,fs1,fs2,0.130787753826796,0.106787753826796,first_order_relative_deviation=level_IRF/steady_state,19,-0.000110910697747527,0.000418326402861732,0.000529237100609259
scale_development_y150,"R=1.5, scale=1.225, unit GDP=1.225",1.5,1.22474487139159,1.22474487139159,0.550510257216822,0.449489742783178,0.6,0.4,1.08989794855664,0.889897948556636,Pre-financing fiscal resources,fs1,fs2,0.130787753826796,0.106787753826796,first_order_relative_deviation=level_IRF/steady_state,20,-9.89585279639341e-05,0.000404164741404226,0.00050312326936816
scale_development_y150,"R=1.5, scale=1.225, unit GDP=1.225",1.5,1.22474487139159,1.22474487139159,0.550510257216822,0.449489742783178,0.6,0.4,1.08989794855664,0.889897948556636,Pre-financing fiscal resources,fs1,fs2,0.130787753826796,0.106787753826796,first_order_relative_deviation=level_IRF/steady_state,21,-8.59088396793742e-05,0.000392362170595937,0.000478271010275311
scale_development_y150,"R=1.5, scale=1.225, unit GDP=1.225",1.5,1.22474487139159,1.22474487139159,0.550510257216822,0.449489742783178,0.6,0.4,1.08989794855664,0.889897948556636,Pre-financing fiscal resources,fs1,fs2,0.130787753826796,0.106787753826796,first_order_relative_deviation=level_IRF/steady_state,22,-7.28861790032156e-05,0.000381080748319409,0.000453966927322624
scale_development_y150,"R=1.5, scale=1.225, unit GDP=1.225",1.5,1.22474487139159,1.22474487139159,0.550510257216822,0.449489742783178,0.6,0.4,1.08989794855664,0.889897948556636,Pre-financing fiscal resources,fs1,fs2,0.130787753826796,0.106787753826796,first_order_relative_deviation=level_IRF/steady_state,23,-6.06573035605878e-05,0.000369103271541232,0.000429760575101819
scale_development_y150,"R=1.5, scale=1.225, unit GDP=1.225",1.5,1.22474487139159,1.22474487139159,0.550510257216822,0.449489742783178,0.6,0.4,1.08989794855664,0.889897948556636,Pre-financing fiscal resources,fs1,fs2,0.130787753826796,0.106787753826796,first_order_relative_deviation=level_IRF/steady_state,24,-4.97095085193678e-05,0.000355694072504184,0.000405403581023551
scale_development_y150,"R=1.5, scale=1.225, unit GDP=1.225",1.5,1.22474487139159,1.22474487139159,0.550510257216822,0.449489742783178,0.6,0.4,1.08989794855664,0.889897948556636,Pre-financing fiscal resources,fs1,fs2,0.130787753826796,0.106787753826796,first_order_relative_deviation=level_IRF/steady_state,25,-4.03200583361092e-05,0.000340473343090049,0.000380793401426158
scale_development_y150,"R=1.5, scale=1.225, unit GDP=1.225",1.5,1.22474487139159,1.22474487139159,0.550510257216822,0.449489742783178,0.6,0.4,1.08989794855664,0.889897948556636,Pre-financing fiscal resources,fs1,fs2,0.130787753826796,0.106787753826796,first_order_relative_deviation=level_IRF/steady_state,26,-3.26133151338197e-05,0.000323313863156655,0.000355927178290474
scale_development_y150,"R=1.5, scale=1.225, unit GDP=1.225",1.5,1.22474487139159,1.22474487139159,0.550510257216822,0.449489742783178,0.6,0.4,1.08989794855664,0.889897948556636,Pre-financing fiscal resources,fs1,fs2,0.130787753826796,0.106787753826796,first_order_relative_deviation=level_IRF/steady_state,27,-2.66056494085869e-05,0.000304260740573341,0.000330866389981928
scale_development_y150,"R=1.5, scale=1.225, unit GDP=1.225",1.5,1.22474487139159,1.22474487139159,0.550510257216822,0.449489742783178,0.6,0.4,1.08989794855664,0.889897948556636,Pre-financing fiscal resources,fs1,fs2,0.130787753826796,0.106787753826796,first_order_relative_deviation=level_IRF/steady_state,28,-2.22396778358963e-05,0.000283471316866887,0.000305710994702783
scale_development_y150,"R=1.5, scale=1.225, unit GDP=1.225",1.5,1.22474487139159,1.22474487139159,0.550510257216822,0.449489742783178,0.6,0.4,1.08989794855664,0.889897948556636,Pre-financing fiscal resources,fs1,fs2,0.130787753826796,0.106787753826796,first_order_relative_deviation=level_IRF/steady_state,29,-1.94097909917536e-05,0.000261171375350726,0.000280581166342479
scale_development_y150,"R=1.5, scale=1.225, unit GDP=1.225",1.5,1.22474487139159,1.22474487139159,0.550510257216822,0.449489742783178,0.6,0.4,1.08989794855664,0.889897948556636,Pre-financing fiscal resources,fs1,fs2,0.130787753826796,0.106787753826796,first_order_relative_deviation=level_IRF/steady_state,30,-1.79808620513834e-05,0.000237623903446302,0.000255604765497685
scale_development_y150,"R=1.5, scale=1.225, unit GDP=1.225",1.5,1.22474487139159,1.22474487139159,0.550510257216822,0.449489742783178,0.6,0.4,1.08989794855664,0.889897948556636,Pre-financing fiscal resources,fs1,fs2,0.130787753826796,0.106787753826796,first_order_relative_deviation=level_IRF/steady_state,31,-1.78017599551834e-05,0.000213107219836308,0.000230908979791492
scale_development_y150,"R=1.5, scale=1.225, unit GDP=1.225",1.5,1.22474487139159,1.22474487139159,0.550510257216822,0.449489742783178,0.6,0.4,1.08989794855664,0.889897948556636,Pre-financing fiscal resources,fs1,fs2,0.130787753826796,0.106787753826796,first_order_relative_deviation=level_IRF/steady_state,32,-1.87149754283672e-05,0.000187899938781454,0.000206614914209822
scale_development_y150,"R=1.5, scale=1.225, unit GDP=1.225",1.5,1.22474487139159,1.22474487139159,0.550510257216822,0.449489742783178,0.6,0.4,1.08989794855664,0.889897948556636,Pre-financing fiscal resources,fs1,fs2,0.130787753826796,0.106787753826796,first_order_relative_deviation=level_IRF/steady_state,33,-2.05633736632596e-05,0.000162270855375704,0.000182834229038964
scale_development_y150,"R=1.5, scale=1.225, unit GDP=1.225",1.5,1.22474487139159,1.22474487139159,0.550510257216822,0.449489742783178,0.6,0.4,1.08989794855664,0.889897948556636,Pre-financing fiscal resources,fs1,fs2,0.130787753826796,0.106787753826796,first_order_relative_deviation=level_IRF/steady_state,34,-2.31948391695455e-05,0.000136472341589984,0.00015966718075953
scale_development_y150,"R=1.5, scale=1.225, unit GDP=1.225",1.5,1.22474487139159,1.22474487139159,0.550510257216822,0.449489742783178,0.6,0.4,1.08989794855664,0.889897948556636,Pre-financing fiscal resources,fs1,fs2,0.130787753826796,0.106787753826796,first_order_relative_deviation=level_IRF/steady_state,35,-2.64653809838409e-05,0.000110736236025785,0.000137201617009625
scale_development_y150,"R=1.5, scale=1.225, unit GDP=1.225",1.5,1.22474487139159,1.22474487139159,0.550510257216822,0.449489742783178,0.6,0.4,1.08989794855664,0.889897948556636,Pre-financing fiscal resources,fs1,fs2,0.130787753826796,0.106787753826796,first_order_relative_deviation=level_IRF/steady_state,36,-3.02411154545587e-05,8.52715031161282e-05,0.000115512618570687
scale_development_y150,"R=1.5, scale=1.225, unit GDP=1.225",1.5,1.22474487139159,1.22474487139159,0.550510257216822,0.449489742783178,0.6,0.4,1.08989794855664,0.889897948556636,Pre-financing fiscal resources,fs1,fs2,0.130787753826796,0.106787753826796,first_order_relative_deviation=level_IRF/steady_state,37,-3.43994312306331e-05,6.02631493179814e-05,9.46625805486145e-05
scale_development_y150,"R=1.5, scale=1.225, unit GDP=1.225",1.5,1.22474487139159,1.22474487139159,0.550510257216822,0.449489742783178,0.6,0.4,1.08989794855664,0.889897948556636,Pre-financing fiscal resources,fs1,fs2,0.130787753826796,0.106787753826796,first_order_relative_deviation=level_IRF/steady_state,38,-3.88295585961093e-05,3.5872033837937e-05,7.47015924340464e-05
scale_development_y150,"R=1.5, scale=1.225, unit GDP=1.225",1.5,1.22474487139159,1.22474487139159,0.550510257216822,0.449489742783178,0.6,0.4,1.08989794855664,0.889897948556636,Pre-financing fiscal resources,fs1,fs2,0.130787753826796,0.106787753826796,first_order_relative_deviation=level_IRF/steady_state,39,-4.34327055664779e-05,1.22353160969049e-05,5.56680216633827e-05
scale_development_y150,"R=1.5, scale=1.225, unit GDP=1.225",1.5,1.22474487139159,1.22474487139159,0.550510257216822,0.449489742783178,0.6,0.4,1.08989794855664,0.889897948556636,Pre-financing fiscal resources,fs1,fs2,0.130787753826796,0.106787753826796,first_order_relative_deviation=level_IRF/steady_state,40,-4.81218802115285e-05,-1.05326454676677e-05,3.75892347438608e-05
scale_development_y150,"R=1.5, scale=1.225, unit GDP=1.225",1.5,1.22474487139159,1.22474487139159,0.550510257216822,0.449489742783178,0.6,0.4,1.08989794855664,0.889897948556636,Public investment,ig1,ig2,0.130787753826796,0.106787753826796,first_order_relative_deviation=level_IRF/steady_state,1,-0.00179699198466015,-0.00404580566990539,-0.00224881368524524
scale_development_y150,"R=1.5, scale=1.225, unit GDP=1.225",1.5,1.22474487139159,1.22474487139159,0.550510257216822,0.449489742783178,0.6,0.4,1.08989794855664,0.889897948556636,Public investment,ig1,ig2,0.130787753826796,0.106787753826796,first_order_relative_deviation=level_IRF/steady_state,2,-0.00310395312971511,-0.00721762963262862,-0.0041136765029135
scale_development_y150,"R=1.5, scale=1.225, unit GDP=1.225",1.5,1.22474487139159,1.22474487139159,0.550510257216822,0.449489742783178,0.6,0.4,1.08989794855664,0.889897948556636,Public investment,ig1,ig2,0.130787753826796,0.106787753826796,first_order_relative_deviation=level_IRF/steady_state,3,-0.00406248341753715,-0.00966878369081649,-0.00560630027327934
scale_development_y150,"R=1.5, scale=1.225, unit GDP=1.225",1.5,1.22474487139159,1.22474487139159,0.550510257216822,0.449489742783178,0.6,0.4,1.08989794855664,0.889897948556636,Public investment,ig1,ig2,0.130787753826796,0.106787753826796,first_order_relative_deviation=level_IRF/steady_state,4,-0.0047602247534212,-0.011514372565152,-0.00675414781173078
scale_development_y150,"R=1.5, scale=1.225, unit GDP=1.225",1.5,1.22474487139159,1.22474487139159,0.550510257216822,0.449489742783178,0.6,0.4,1.08989794855664,0.889897948556636,Public investment,ig1,ig2,0.130787753826796,0.106787753826796,first_order_relative_deviation=level_IRF/steady_state,5,-0.00525348345225258,-0.0128455390179251,-0.00759205556567255
scale_development_y150,"R=1.5, scale=1.225, unit GDP=1.225",1.5,1.22474487139159,1.22474487139159,0.550510257216822,0.449489742783178,0.6,0.4,1.08989794855664,0.889897948556636,Public investment,ig1,ig2,0.130787753826796,0.106787753826796,first_order_relative_deviation=level_IRF/steady_state,6,-0.00558056890953567,-0.0137379390986254,-0.00815737018908978
scale_development_y150,"R=1.5, scale=1.225, unit GDP=1.225",1.5,1.22474487139159,1.22474487139159,0.550510257216822,0.449489742783178,0.6,0.4,1.08989794855664,0.889897948556636,Public investment,ig1,ig2,0.130787753826796,0.106787753826796,first_order_relative_deviation=level_IRF/steady_state,7,-0.00576950341208351,-0.0142566977790716,-0.00848719436698809
scale_development_y150,"R=1.5, scale=1.225, unit GDP=1.225",1.5,1.22474487139159,1.22474487139159,0.550510257216822,0.449489742783178,0.6,0.4,1.08989794855664,0.889897948556636,Public investment,ig1,ig2,0.130787753826796,0.106787753826796,first_order_relative_deviation=level_IRF/steady_state,8,-0.00584237148577371,-0.0144592556956295,-0.0086168842098558
scale_development_y150,"R=1.5, scale=1.225, unit GDP=1.225",1.5,1.22474487139159,1.22474487139159,0.550510257216822,0.449489742783178,0.6,0.4,1.08989794855664,0.889897948556636,Public investment,ig1,ig2,0.130787753826796,0.106787753826796,first_order_relative_deviation=level_IRF/steady_state,9,-0.00581769993084357,-0.014396980271978,-0.00857928034113439
scale_development_y150,"R=1.5, scale=1.225, unit GDP=1.225",1.5,1.22474487139159,1.22474487139159,0.550510257216822,0.449489742783178,0.6,0.4,1.08989794855664,0.889897948556636,Public investment,ig1,ig2,0.130787753826796,0.106787753826796,first_order_relative_deviation=level_IRF/steady_state,10,-0.0057117103206562,-0.0141160739601354,-0.00840436363947919
scale_development_y150,"R=1.5, scale=1.225, unit GDP=1.225",1.5,1.22474487139159,1.22474487139159,0.550510257216822,0.449489742783178,0.6,0.4,1.08989794855664,0.889897948556636,Public investment,ig1,ig2,0.130787753826796,0.106787753826796,first_order_relative_deviation=level_IRF/steady_state,11,-0.00553894541451935,-0.0136580988936609,-0.00811915347914155
scale_development_y150,"R=1.5, scale=1.225, unit GDP=1.225",1.5,1.22474487139159,1.22474487139159,0.550510257216822,0.449489742783178,0.6,0.4,1.08989794855664,0.889897948556636,Public investment,ig1,ig2,0.130787753826796,0.106787753826796,first_order_relative_deviation=level_IRF/steady_state,12,-0.00531256259723266,-0.013060305037066,-0.00774774243983339
scale_development_y150,"R=1.5, scale=1.225, unit GDP=1.225",1.5,1.22474487139159,1.22474487139159,0.550510257216822,0.449489742783178,0.6,0.4,1.08989794855664,0.889897948556636,Public investment,ig1,ig2,0.130787753826796,0.106787753826796,first_order_relative_deviation=level_IRF/steady_state,13,-0.00504446160678299,-0.0123558681151496,-0.00731140650836657
scale_development_y150,"R=1.5, scale=1.225, unit GDP=1.225",1.5,1.22474487139159,1.22474487139159,0.550510257216822,0.449489742783178,0.6,0.4,1.08989794855664,0.889897948556636,Public investment,ig1,ig2,0.130787753826796,0.106787753826796,first_order_relative_deviation=level_IRF/steady_state,14,-0.00474533895414448,-0.0115740950052371,-0.00682875605109261
scale_development_y150,"R=1.5, scale=1.225, unit GDP=1.225",1.5,1.22474487139159,1.22474487139159,0.550510257216822,0.449489742783178,0.6,0.4,1.08989794855664,0.889897948556636,Public investment,ig1,ig2,0.130787753826796,0.106787753826796,first_order_relative_deviation=level_IRF/steady_state,15,-0.00442471773549255,-0.0107406256195611,-0.00631590788406858
scale_development_y150,"R=1.5, scale=1.225, unit GDP=1.225",1.5,1.22474487139159,1.22474487139159,0.550510257216822,0.449489742783178,0.6,0.4,1.08989794855664,0.889897948556636,Public investment,ig1,ig2,0.130787753826796,0.106787753826796,first_order_relative_deviation=level_IRF/steady_state,16,-0.00409097661582476,-0.00987764385262834,-0.00578666723680358
scale_development_y150,"R=1.5, scale=1.225, unit GDP=1.225",1.5,1.22474487139159,1.22474487139159,0.550510257216822,0.449489742783178,0.6,0.4,1.08989794855664,0.889897948556636,Public investment,ig1,ig2,0.130787753826796,0.106787753826796,first_order_relative_deviation=level_IRF/steady_state,17,-0.00375138799359725,-0.00900410107805512,-0.00525271308445787
scale_development_y150,"R=1.5, scale=1.225, unit GDP=1.225",1.5,1.22474487139159,1.22474487139159,0.550510257216822,0.449489742783178,0.6,0.4,1.08989794855664,0.889897948556636,Public investment,ig1,ig2,0.130787753826796,0.106787753826796,first_order_relative_deviation=level_IRF/steady_state,18,-0.00341216808789414,-0.00813595095560261,-0.00472378286770847
scale_development_y150,"R=1.5, scale=1.225, unit GDP=1.225",1.5,1.22474487139159,1.22474487139159,0.550510257216822,0.449489742783178,0.6,0.4,1.08989794855664,0.889897948556636,Public investment,ig1,ig2,0.130787753826796,0.106787753826796,first_order_relative_deviation=level_IRF/steady_state,19,-0.00307853812598525,-0.00728639212011755,-0.00420785399413231
scale_development_y150,"R=1.5, scale=1.225, unit GDP=1.225",1.5,1.22474487139159,1.22474487139159,0.550510257216822,0.449489742783178,0.6,0.4,1.08989794855664,0.889897948556636,Public investment,ig1,ig2,0.130787753826796,0.106787753826796,first_order_relative_deviation=level_IRF/steady_state,20,-0.00275479429341007,-0.00646611456388508,-0.00371132027047501
scale_development_y150,"R=1.5, scale=1.225, unit GDP=1.225",1.5,1.22474487139159,1.22474487139159,0.550510257216822,0.449489742783178,0.6,0.4,1.08989794855664,0.889897948556636,Public investment,ig1,ig2,0.130787753826796,0.106787753826796,first_order_relative_deviation=level_IRF/steady_state,21,-0.00244438367763697,-0.00568354553477364,-0.00323916185713667
scale_development_y150,"R=1.5, scale=1.225, unit GDP=1.225",1.5,1.22474487139159,1.22474487139159,0.550510257216822,0.449489742783178,0.6,0.4,1.08989794855664,0.889897948556636,Public investment,ig1,ig2,0.130787753826796,0.106787753826796,first_order_relative_deviation=level_IRF/steady_state,22,-0.00214998354224742,-0.00494509117029113,-0.0027951076280437
scale_development_y150,"R=1.5, scale=1.225, unit GDP=1.225",1.5,1.22474487139159,1.22474487139159,0.550510257216822,0.449489742783178,0.6,0.4,1.08989794855664,0.889897948556636,Public investment,ig1,ig2,0.130787753826796,0.106787753826796,first_order_relative_deviation=level_IRF/steady_state,23,-0.00187358160916031,-0.00425537065291022,-0.00238178904374992
scale_development_y150,"R=1.5, scale=1.225, unit GDP=1.225",1.5,1.22474487139159,1.22474487139159,0.550510257216822,0.449489742783178,0.6,0.4,1.08989794855664,0.889897948556636,Public investment,ig1,ig2,0.130787753826796,0.106787753826796,first_order_relative_deviation=level_IRF/steady_state,24,-0.00161655544151422,-0.00361744028334591,-0.00200088484183168
scale_development_y150,"R=1.5, scale=1.225, unit GDP=1.225",1.5,1.22474487139159,1.22474487139159,0.550510257216822,0.449489742783178,0.6,0.4,1.08989794855664,0.889897948556636,Public investment,ig1,ig2,0.130787753826796,0.106787753826796,first_order_relative_deviation=level_IRF/steady_state,25,-0.00137974942985559,-0.00303300546171924,-0.00165325603186365
scale_development_y150,"R=1.5, scale=1.225, unit GDP=1.225",1.5,1.22474487139159,1.22474487139159,0.550510257216822,0.449489742783178,0.6,0.4,1.08989794855664,0.889897948556636,Public investment,ig1,ig2,0.130787753826796,0.106787753826796,first_order_relative_deviation=level_IRF/steady_state,26,-0.00116354825379659,-0.00250261911039287,-0.00133907085659628
scale_development_y150,"R=1.5, scale=1.225, unit GDP=1.225",1.5,1.22474487139159,1.22474487139159,0.550510257216822,0.449489742783178,0.6,0.4,1.08989794855664,0.889897948556636,Public investment,ig1,ig2,0.130787753826796,0.106787753826796,first_order_relative_deviation=level_IRF/steady_state,27,-0.000967946008295995,-0.0020258655537092,-0.00105791954541321
scale_development_y150,"R=1.5, scale=1.225, unit GDP=1.225",1.5,1.22474487139159,1.22474487139159,0.550510257216822,0.449489742783178,0.6,0.4,1.08989794855664,0.889897948556636,Public investment,ig1,ig2,0.130787753826796,0.106787753826796,first_order_relative_deviation=level_IRF/steady_state,28,-0.000792610447585829,-0.00160152928585445,-0.000808918838268622
scale_development_y150,"R=1.5, scale=1.225, unit GDP=1.225",1.5,1.22474487139159,1.22474487139159,0.550510257216822,0.449489742783178,0.6,0.4,1.08989794855664,0.889897948556636,Public investment,ig1,ig2,0.130787753826796,0.106787753826796,first_order_relative_deviation=level_IRF/steady_state,29,-0.000636942015150492,-0.00122774841064576,-0.000590806395495268
scale_development_y150,"R=1.5, scale=1.225, unit GDP=1.225",1.5,1.22474487139159,1.22474487139159,0.550510257216822,0.449489742783178,0.6,0.4,1.08989794855664,0.889897948556636,Public investment,ig1,ig2,0.130787753826796,0.106787753826796,first_order_relative_deviation=level_IRF/steady_state,30,-0.00050012750139026,-0.000902152830672491,-0.000402025329282232
scale_development_y150,"R=1.5, scale=1.225, unit GDP=1.225",1.5,1.22474487139159,1.22474487139159,0.550510257216822,0.449489742783178,0.6,0.4,1.08989794855664,0.889897948556636,Public investment,ig1,ig2,0.130787753826796,0.106787753826796,first_order_relative_deviation=level_IRF/steady_state,31,-0.000381188308146738,-0.000621987503380976,-0.000240799195234239
scale_development_y150,"R=1.5, scale=1.225, unit GDP=1.225",1.5,1.22474487139159,1.22474487139159,0.550510257216822,0.449489742783178,0.6,0.4,1.08989794855664,0.889897948556636,Public investment,ig1,ig2,0.130787753826796,0.106787753826796,first_order_relative_deviation=level_IRF/steady_state,32,-0.000279023407027887,-0.00038422127402685,-0.000105197866998963
scale_development_y150,"R=1.5, scale=1.225, unit GDP=1.225",1.5,1.22474487139159,1.22474487139159,0.550510257216822,0.449489742783178,0.6,0.4,1.08989794855664,0.889897948556636,Public investment,ig1,ig2,0.130787753826796,0.106787753826796,first_order_relative_deviation=level_IRF/steady_state,33,-0.000192447161514722,-0.000185641945469317,6.80521604540523e-06
scale_development_y150,"R=1.5, scale=1.225, unit GDP=1.225",1.5,1.22474487139159,1.22474487139159,0.550510257216822,0.449489742783178,0.6,0.4,1.08989794855664,0.889897948556636,Public investment,ig1,ig2,0.130787753826796,0.106787753826796,first_order_relative_deviation=level_IRF/steady_state,34,-0.000120222245417568,-2.2938357734652e-05,9.72838876829157e-05
scale_development_y150,"R=1.5, scale=1.225, unit GDP=1.225",1.5,1.22474487139159,1.22474487139159,0.550510257216822,0.449489742783178,0.6,0.4,1.08989794855664,0.889897948556636,Public investment,ig1,ig2,0.130787753826796,0.106787753826796,first_order_relative_deviation=level_IRF/steady_state,35,-6.10879359134206e-05,0.000107229669035576,0.000168317604948996
scale_development_y150,"R=1.5, scale=1.225, unit GDP=1.225",1.5,1.22474487139159,1.22474487139159,0.550510257216822,0.449489742783178,0.6,0.4,1.08989794855664,0.889897948556636,Public investment,ig1,ig2,0.130787753826796,0.106787753826796,first_order_relative_deviation=level_IRF/steady_state,36,-1.37840910373294e-05,0.000208172621805289,0.000221956712842618
scale_development_y150,"R=1.5, scale=1.225, unit GDP=1.225",1.5,1.22474487139159,1.22474487139159,0.550510257216822,0.449489742783178,0.6,0.4,1.08989794855664,0.889897948556636,Public investment,ig1,ig2,0.130787753826796,0.106787753826796,first_order_relative_deviation=level_IRF/steady_state,37,2.29288584100692e-05,0.000283122876547801,0.000260194018137732
scale_development_y150,"R=1.5, scale=1.225, unit GDP=1.225",1.5,1.22474487139159,1.22474487139159,0.550510257216822,0.449489742783178,0.6,0.4,1.08989794855664,0.889897948556636,Public investment,ig1,ig2,0.130787753826796,0.106787753826796,first_order_relative_deviation=level_IRF/steady_state,38,5.0253562051104e-05,0.000335195630438673,0.000284942068387569
scale_development_y150,"R=1.5, scale=1.225, unit GDP=1.225",1.5,1.22474487139159,1.22474487139159,0.550510257216822,0.449489742783178,0.6,0.4,1.08989794855664,0.889897948556636,Public investment,ig1,ig2,0.130787753826796,0.106787753826796,first_order_relative_deviation=level_IRF/steady_state,39,6.93427050015903e-05,0.000367358247821465,0.000298015542819875
scale_development_y150,"R=1.5, scale=1.225, unit GDP=1.225",1.5,1.22474487139159,1.22474487139159,0.550510257216822,0.449489742783178,0.6,0.4,1.08989794855664,0.889897948556636,Public investment,ig1,ig2,0.130787753826796,0.106787753826796,first_order_relative_deviation=level_IRF/steady_state,40,8.12889252457693e-05,0.000382407105097629,0.00030111817985186
scale_development_y150,"R=1.5, scale=1.225, unit GDP=1.225",1.5,1.22474487139159,1.22474487139159,0.550510257216822,0.449489742783178,0.6,0.4,1.08989794855664,0.889897948556636,Public capital,kg1,kg2,5.23151015307185,4.27151015307185,first_order_relative_deviation=level_IRF/steady_state,1,-4.49247996165408e-05,-0.000101145141747531,-5.622034213099e-05
scale_development_y150,"R=1.5, scale=1.225, unit GDP=1.225",1.5,1.22474487139159,1.22474487139159,0.550510257216822,0.449489742783178,0.6,0.4,1.08989794855664,0.889897948556636,Public capital,kg1,kg2,5.23151015307185,4.27151015307185,first_order_relative_deviation=level_IRF/steady_state,2,-0.000121400507868931,-0.000279057254019715,-0.000157656746150784
scale_development_y150,"R=1.5, scale=1.225, unit GDP=1.225",1.5,1.22474487139159,1.22474487139159,0.550510257216822,0.449489742783178,0.6,0.4,1.08989794855664,0.889897948556636,Public capital,kg1,kg2,5.23151015307185,4.27151015307185,first_order_relative_deviation=level_IRF/steady_state,3,-0.000219927580610554,-0.000513800414939655,-0.000293872834329102
scale_development_y150,"R=1.5, scale=1.225, unit GDP=1.225",1.5,1.22474487139159,1.22474487139159,0.550510257216822,0.449489742783178,0.6,0.4,1.08989794855664,0.889897948556636,Public capital,kg1,kg2,5.23151015307185,4.27151015307185,first_order_relative_deviation=level_IRF/steady_state,4,-0.000333435009930805,-0.000788814718694888,-0.000455379708764083
scale_development_y150,"R=1.5, scale=1.225, unit GDP=1.225",1.5,1.22474487139159,1.22474487139159,0.550510257216822,0.449489742783178,0.6,0.4,1.08989794855664,0.889897948556636,Public capital,kg1,kg2,5.23151015307185,4.27151015307185,first_order_relative_deviation=level_IRF/steady_state,5,-0.000456436220988761,-0.00109023282617577,-0.000633796605187007
scale_development_y150,"R=1.5, scale=1.225, unit GDP=1.225",1.5,1.22474487139159,1.22474487139159,0.550510257216822,0.449489742783178,0.6,0.4,1.08989794855664,0.889897948556636,Public capital,kg1,kg2,5.23151015307185,4.27151015307185,first_order_relative_deviation=level_IRF/steady_state,6,-0.000584539538202477,-0.00140642548298696,-0.00082188594478448
scale_development_y150,"R=1.5, scale=1.225, unit GDP=1.225",1.5,1.22474487139159,1.22474487139159,0.550510257216822,0.449489742783178,0.6,0.4,1.08989794855664,0.889897948556636,Public capital,kg1,kg2,5.23151015307185,4.27151015307185,first_order_relative_deviation=level_IRF/steady_state,7,-0.00071416363504945,-0.00172768229038917,-0.00101351865533972
scale_development_y150,"R=1.5, scale=1.225, unit GDP=1.225",1.5,1.22474487139159,1.22474487139159,0.550510257216822,0.449489742783178,0.6,0.4,1.08989794855664,0.889897948556636,Public capital,kg1,kg2,5.23151015307185,4.27151015307185,first_order_relative_deviation=level_IRF/steady_state,8,-0.000842368831317491,-0.00204597162552011,-0.00120360279420262
scale_development_y150,"R=1.5, scale=1.225, unit GDP=1.225",1.5,1.22474487139159,1.22474487139159,0.550510257216822,0.449489742783178,0.6,0.4,1.08989794855664,0.889897948556636,Public capital,kg1,kg2,5.23151015307185,4.27151015307185,first_order_relative_deviation=level_IRF/steady_state,9,-0.000966752108805717,-0.00235474684168156,-0.00138799473287584
scale_development_y150,"R=1.5, scale=1.225, unit GDP=1.225",1.5,1.22474487139159,1.22474487139159,0.550510257216822,0.449489742783178,0.6,0.4,1.08989794855664,0.889897948556636,Public capital,kg1,kg2,5.23151015307185,4.27151015307185,first_order_relative_deviation=level_IRF/steady_state,10,-0.00108537606410194,-0.00264878001964308,-0.00156340395554114
scale_development_y150,"R=1.5, scale=1.225, unit GDP=1.225",1.5,1.22474487139159,1.22474487139159,0.550510257216822,0.449489742783178,0.6,0.4,1.08989794855664,0.889897948556636,Public capital,kg1,kg2,5.23151015307185,4.27151015307185,first_order_relative_deviation=level_IRF/steady_state,11,-0.00119671529786227,-0.0029240129914935,-0.00172729769363123
scale_development_y150,"R=1.5, scale=1.225, unit GDP=1.225",1.5,1.22474487139159,1.22474487139159,0.550510257216822,0.449489742783178,0.6,0.4,1.08989794855664,0.889897948556636,Public capital,kg1,kg2,5.23151015307185,4.27151015307185,first_order_relative_deviation=level_IRF/steady_state,12,-0.00129961148034648,-0.00317742029263277,-0.00187780881228629
scale_development_y150,"R=1.5, scale=1.225, unit GDP=1.225",1.5,1.22474487139159,1.22474487139159,0.550510257216822,0.449489742783178,0.6,0.4,1.08989794855664,0.889897948556636,Public capital,kg1,kg2,5.23151015307185,4.27151015307185,first_order_relative_deviation=level_IRF/steady_state,13,-0.00139323273350746,-0.00340688148819569,-0.00201364875468823
scale_development_y150,"R=1.5, scale=1.225, unit GDP=1.225",1.5,1.22474487139159,1.22474487139159,0.550510257216822,0.449489742783178,0.6,0.4,1.08989794855664,0.889897948556636,Public capital,kg1,kg2,5.23151015307185,4.27151015307185,first_order_relative_deviation=level_IRF/steady_state,14,-0.00147703538902347,-0.00361106182612169,-0.00213402643709822
scale_development_y150,"R=1.5, scale=1.225, unit GDP=1.225",1.5,1.22474487139159,1.22474487139159,0.550510257216822,0.449489742783178,0.6,0.4,1.08989794855664,0.889897948556636,Public capital,kg1,kg2,5.23151015307185,4.27151015307185,first_order_relative_deviation=level_IRF/steady_state,15,-0.00155072744768511,-0.00378930092095766,-0.00223857347327254
scale_development_y150,"R=1.5, scale=1.225, unit GDP=1.225",1.5,1.22474487139159,1.22474487139159,0.550510257216822,0.449489742783178,0.6,0.4,1.08989794855664,0.889897948556636,Public capital,kg1,kg2,5.23151015307185,4.27151015307185,first_order_relative_deviation=level_IRF/steady_state,16,-0.00161423367688867,-0.00394150949424948,-0.00232727581736081
scale_development_y150,"R=1.5, scale=1.225, unit GDP=1.225",1.5,1.22474487139159,1.22474487139159,0.550510257216822,0.449489742783178,0.6,0.4,1.08989794855664,0.889897948556636,Public capital,kg1,kg2,5.23151015307185,4.27151015307185,first_order_relative_deviation=level_IRF/steady_state,17,-0.00166766253480636,-0.00406807428384471,-0.00240041174903835
scale_development_y150,"R=1.5, scale=1.225, unit GDP=1.225",1.5,1.22474487139159,1.22474487139159,0.550510257216822,0.449489742783178,0.6,0.4,1.08989794855664,0.889897948556636,Public capital,kg1,kg2,5.23151015307185,4.27151015307185,first_order_relative_deviation=level_IRF/steady_state,18,-0.00171127517363358,-0.00416977120063866,-0.00245849602700507
scale_development_y150,"R=1.5, scale=1.225, unit GDP=1.225",1.5,1.22474487139159,1.22474487139159,0.550510257216822,0.449489742783178,0.6,0.4,1.08989794855664,0.889897948556636,Public capital,kg1,kg2,5.23151015307185,4.27151015307185,first_order_relative_deviation=level_IRF/steady_state,19,-0.00174545674744236,-0.00424768672362557,-0.00250222997618322
scale_development_y150,"R=1.5, scale=1.225, unit GDP=1.225",1.5,1.22474487139159,1.22474487139159,0.550510257216822,0.449489742783178,0.6,0.4,1.08989794855664,0.889897948556636,Public capital,kg1,kg2,5.23151015307185,4.27151015307185,first_order_relative_deviation=level_IRF/steady_state,20,-0.0017706901860915,-0.00430314741963215,-0.00253245723354065
scale_development_y150,"R=1.5, scale=1.225, unit GDP=1.225",1.5,1.22474487139159,1.22474487139159,0.550510257216822,0.449489742783178,0.6,0.4,1.08989794855664,0.889897948556636,Public capital,kg1,kg2,5.23151015307185,4.27151015307185,first_order_relative_deviation=level_IRF/steady_state,21,-0.00178753252338025,-0.0043376573725107,-0.00255012484913045
scale_development_y150,"R=1.5, scale=1.225, unit GDP=1.225",1.5,1.22474487139159,1.22474487139159,0.550510257216822,0.449489742783178,0.6,0.4,1.08989794855664,0.889897948556636,Public capital,kg1,kg2,5.23151015307185,4.27151015307185,first_order_relative_deviation=level_IRF/steady_state,22,-0.00179659379885181,-0.00435284321745513,-0.00255624941860333
scale_development_y150,"R=1.5, scale=1.225, unit GDP=1.225",1.5,1.22474487139159,1.22474487139159,0.550510257216822,0.449489742783178,0.6,0.4,1.08989794855664,0.889897948556636,Public capital,kg1,kg2,5.23151015307185,4.27151015307185,first_order_relative_deviation=level_IRF/steady_state,23,-0.00179851849410959,-0.00435040640334148,-0.00255188790923189
scale_development_y150,"R=1.5, scale=1.225, unit GDP=1.225",1.5,1.22474487139159,1.22474487139159,0.550510257216822,0.449489742783178,0.6,0.4,1.08989794855664,0.889897948556636,Public capital,kg1,kg2,5.23151015307185,4.27151015307185,first_order_relative_deviation=level_IRF/steady_state,24,-0.00179396941779479,-0.00433208225034161,-0.00253811283254682
scale_development_y150,"R=1.5, scale=1.225, unit GDP=1.225",1.5,1.22474487139159,1.22474487139159,0.550510257216822,0.449489742783178,0.6,0.4,1.08989794855664,0.889897948556636,Public capital,kg1,kg2,5.23151015307185,4.27151015307185,first_order_relative_deviation=level_IRF/steady_state,25,-0.00178361391809617,-0.00429960533062594,-0.00251599141252977
scale_development_y150,"R=1.5, scale=1.225, unit GDP=1.225",1.5,1.22474487139159,1.22474487139159,0.550510257216822,0.449489742783178,0.6,0.4,1.08989794855664,0.889897948556636,Public capital,kg1,kg2,5.23151015307185,4.27151015307185,first_order_relative_deviation=level_IRF/steady_state,26,-0.00176811227648874,-0.00425468067512018,-0.00248656839863144
scale_development_y150,"R=1.5, scale=1.225, unit GDP=1.225",1.5,1.22474487139159,1.22474487139159,0.550510257216822,0.449489742783178,0.6,0.4,1.08989794855664,0.889897948556636,Public capital,kg1,kg2,5.23151015307185,4.27151015307185,first_order_relative_deviation=level_IRF/steady_state,27,-0.00174810811978391,-0.00419896029708502,-0.00245085217730111
scale_development_y150,"R=1.5, scale=1.225, unit GDP=1.225",1.5,1.22474487139159,1.22474487139159,0.550510257216822,0.449489742783178,0.6,0.4,1.08989794855664,0.889897948556636,Public capital,kg1,kg2,5.23151015307185,4.27151015307185,first_order_relative_deviation=level_IRF/steady_state,28,-0.00172422067797904,-0.00413402452180409,-0.00240980384382506
scale_development_y150,"R=1.5, scale=1.225, unit GDP=1.225",1.5,1.22474487139159,1.22474487139159,0.550510257216822,0.449489742783178,0.6,0.4,1.08989794855664,0.889897948556636,Public capital,kg1,kg2,5.23151015307185,4.27151015307185,first_order_relative_deviation=level_IRF/steady_state,29,-0.00169703871140824,-0.00406136761902519,-0.00236432890761695
scale_development_y150,"R=1.5, scale=1.225, unit GDP=1.225",1.5,1.22474487139159,1.22474487139159,0.550510257216822,0.449489742783178,0.6,0.4,1.08989794855664,0.889897948556636,Public capital,kg1,kg2,5.23151015307185,4.27151015307185,first_order_relative_deviation=level_IRF/steady_state,30,-0.00166711593115783,-0.00398238724931649,-0.00231527131815866
scale_development_y150,"R=1.5, scale=1.225, unit GDP=1.225",1.5,1.22474487139159,1.22474487139159,0.550510257216822,0.449489742783178,0.6,0.4,1.08989794855664,0.889897948556636,Public capital,kg1,kg2,5.23151015307185,4.27151015307185,first_order_relative_deviation=level_IRF/steady_state,31,-0.00163496774058263,-0.00389837725566798,-0.00226340951508535
scale_development_y150,"R=1.5, scale=1.225, unit GDP=1.225",1.5,1.22474487139159,1.22474487139159,0.550510257216822,0.449489742783178,0.6,0.4,1.08989794855664,0.889897948556636,Public capital,kg1,kg2,5.23151015307185,4.27151015307185,first_order_relative_deviation=level_IRF/steady_state,32,-0.00160106913224376,-0.00381052335612705,-0.00220945422388328
scale_development_y150,"R=1.5, scale=1.225, unit GDP=1.225",1.5,1.22474487139159,1.22474487139159,0.550510257216822,0.449489742783178,0.6,0.4,1.08989794855664,0.889897948556636,Public capital,kg1,kg2,5.23151015307185,4.27151015307185,first_order_relative_deviation=level_IRF/steady_state,33,-0.00156585358297559,-0.00371990132086061,-0.00215404773788502
scale_development_y150,"R=1.5, scale=1.225, unit GDP=1.225",1.5,1.22474487139159,1.22474487139159,0.550510257216822,0.449489742783178,0.6,0.4,1.08989794855664,0.889897948556636,Public capital,kg1,kg2,5.23151015307185,4.27151015307185,first_order_relative_deviation=level_IRF/steady_state,34,-0.00152971279953665,-0.00362747724678242,-0.00209776444724577
scale_development_y150,"R=1.5, scale=1.225, unit GDP=1.225",1.5,1.22474487139159,1.22474487139159,0.550510257216822,0.449489742783178,0.6,0.4,1.08989794855664,0.889897948556636,Public capital,kg1,kg2,5.23151015307185,4.27151015307185,first_order_relative_deviation=level_IRF/steady_state,35,-0.00149299717794595,-0.0035341095738869,-0.00204111239594095
scale_development_y150,"R=1.5, scale=1.225, unit GDP=1.225",1.5,1.22474487139159,1.22474487139159,0.550510257216822,0.449489742783178,0.6,0.4,1.08989794855664,0.889897948556636,Public capital,kg1,kg2,5.23151015307185,4.27151015307185,first_order_relative_deviation=level_IRF/steady_state,36,-0.00145601685077329,-0.00344055251899467,-0.00198453566822138
scale_development_y150,"R=1.5, scale=1.225, unit GDP=1.225",1.5,1.22474487139159,1.22474487139159,0.550510257216822,0.449489742783178,0.6,0.4,1.08989794855664,0.889897948556636,Public capital,kg1,kg2,5.23151015307185,4.27151015307185,first_order_relative_deviation=level_IRF/steady_state,37,-0.00141904320804375,-0.00334746063410607,-0.00192841742606232
scale_development_y150,"R=1.5, scale=1.225, unit GDP=1.225",1.5,1.22474487139159,1.22474487139159,0.550510257216822,0.449489742783178,0.6,0.4,1.08989794855664,0.889897948556636,Public capital,kg1,kg2,5.23151015307185,4.27151015307185,first_order_relative_deviation=level_IRF/steady_state,38,-0.00138231078879138,-0.00325539422749245,-0.00187308343870107
scale_development_y150,"R=1.5, scale=1.225, unit GDP=1.225",1.5,1.22474487139159,1.22474487139159,0.550510257216822,0.449489742783178,0.6,0.4,1.08989794855664,0.889897948556636,Public capital,kg1,kg2,5.23151015307185,4.27151015307185,first_order_relative_deviation=level_IRF/steady_state,39,-0.00134601945144649,-0.00316482541560962,-0.00181880596416313
scale_development_y150,"R=1.5, scale=1.225, unit GDP=1.225",1.5,1.22474487139159,1.22474487139159,0.550510257216822,0.449489742783178,0.6,0.4,1.08989794855664,0.889897948556636,Public capital,kg1,kg2,5.23151015307185,4.27151015307185,first_order_relative_deviation=level_IRF/steady_state,40,-0.00131033674202923,-0.00307614460259192,-0.00176580786056269
scale_development_y150,"R=1.5, scale=1.225, unit GDP=1.225",1.5,1.22474487139159,1.22474487139159,0.550510257216822,0.449489742783178,0.6,0.4,1.08989794855664,0.889897948556636,Private investment,inv1,inv2,0.291096844173849,0.237679577986799,first_order_relative_deviation=level_IRF/steady_state,1,-0.00270183453474292,-0.00286098718165641,-0.000159152646913493
scale_development_y150,"R=1.5, scale=1.225, unit GDP=1.225",1.5,1.22474487139159,1.22474487139159,0.550510257216822,0.449489742783178,0.6,0.4,1.08989794855664,0.889897948556636,Private investment,inv1,inv2,0.291096844173849,0.237679577986799,first_order_relative_deviation=level_IRF/steady_state,2,-0.00327114264263584,-0.00348009559009829,-0.00020895294746245
scale_development_y150,"R=1.5, scale=1.225, unit GDP=1.225",1.5,1.22474487139159,1.22474487139159,0.550510257216822,0.449489742783178,0.6,0.4,1.08989794855664,0.889897948556636,Private investment,inv1,inv2,0.291096844173849,0.237679577986799,first_order_relative_deviation=level_IRF/steady_state,3,-0.00285532198556774,-0.0030342605412669,-0.000178938555699158
scale_development_y150,"R=1.5, scale=1.225, unit GDP=1.225",1.5,1.22474487139159,1.22474487139159,0.550510257216822,0.449489742783178,0.6,0.4,1.08989794855664,0.889897948556636,Private investment,inv1,inv2,0.291096844173849,0.237679577986799,first_order_relative_deviation=level_IRF/steady_state,4,-0.00207078180376467,-0.00216696545784093,-9.61836540762681e-05
scale_development_y150,"R=1.5, scale=1.225, unit GDP=1.225",1.5,1.22474487139159,1.22474487139159,0.550510257216822,0.449489742783178,0.6,0.4,1.08989794855664,0.889897948556636,Private investment,inv1,inv2,0.291096844173849,0.237679577986799,first_order_relative_deviation=level_IRF/steady_state,5,-0.00123013756300445,-0.00121384305744479,1.62945055596606e-05
scale_development_y150,"R=1.5, scale=1.225, unit GDP=1.225",1.5,1.22474487139159,1.22474487139159,0.550510257216822,0.449489742783178,0.6,0.4,1.08989794855664,0.889897948556636,Private investment,inv1,inv2,0.291096844173849,0.237679577986799,first_order_relative_deviation=level_IRF/steady_state,6,-0.000477024205280197,-0.000336941328736592,0.000140082876543605
scale_development_y150,"R=1.5, scale=1.225, unit GDP=1.225",1.5,1.22474487139159,1.22474487139159,0.550510257216822,0.449489742783178,0.6,0.4,1.08989794855664,0.889897948556636,Private investment,inv1,inv2,0.291096844173849,0.237679577986799,first_order_relative_deviation=level_IRF/steady_state,7,0.000135346012946701,0.000396631415177192,0.000261285402230491
scale_development_y150,"R=1.5, scale=1.225, unit GDP=1.225",1.5,1.22474487139159,1.22474487139159,0.550510257216822,0.449489742783178,0.6,0.4,1.08989794855664,0.889897948556636,Private investment,inv1,inv2,0.291096844173849,0.237679577986799,first_order_relative_deviation=level_IRF/steady_state,8,0.000599419203666299,0.00096950374354799,0.000370084539881691
scale_development_y150,"R=1.5, scale=1.225, unit GDP=1.225",1.5,1.22474487139159,1.22474487139159,0.550510257216822,0.449489742783178,0.6,0.4,1.08989794855664,0.889897948556636,Private investment,inv1,inv2,0.291096844173849,0.237679577986799,first_order_relative_deviation=level_IRF/steady_state,9,0.000928519508959415,0.00138865853868669,0.000460139029727273
scale_development_y150,"R=1.5, scale=1.225, unit GDP=1.225",1.5,1.22474487139159,1.22474487139159,0.550510257216822,0.449489742783178,0.6,0.4,1.08989794855664,0.889897948556636,Private investment,inv1,inv2,0.291096844173849,0.237679577986799,first_order_relative_deviation=level_IRF/steady_state,10,0.00114366715172053,0.00167160361264529,0.000527936460924754
scale_development_y150,"R=1.5, scale=1.225, unit GDP=1.225",1.5,1.22474487139159,1.22474487139159,0.550510257216822,0.449489742783178,0.6,0.4,1.08989794855664,0.889897948556636,Private investment,inv1,inv2,0.291096844173849,0.237679577986799,first_order_relative_deviation=level_IRF/steady_state,11,0.00126697350501642,0.00183914456377461,0.000572171058758196
scale_development_y150,"R=1.5, scale=1.225, unit GDP=1.225",1.5,1.22474487139159,1.22474487139159,0.550510257216822,0.449489742783178,0.6,0.4,1.08989794855664,0.889897948556636,Private investment,inv1,inv2,0.291096844173849,0.237679577986799,first_order_relative_deviation=level_IRF/steady_state,12,0.00131865469527197,0.00191183929376583,0.000593184598493862
scale_development_y150,"R=1.5, scale=1.225, unit GDP=1.225",1.5,1.22474487139159,1.22474487139159,0.550510257216822,0.449489742783178,0.6,0.4,1.08989794855664,0.889897948556636,Private investment,inv1,inv2,0.291096844173849,0.237679577986799,first_order_relative_deviation=level_IRF/steady_state,13,0.00131595426595381,0.00190844143547826,0.000592487169524447
scale_development_y150,"R=1.5, scale=1.225, unit GDP=1.225",1.5,1.22474487139159,1.22474487139159,0.550510257216822,0.449489742783178,0.6,0.4,1.08989794855664,0.889897948556636,Private investment,inv1,inv2,0.291096844173849,0.237679577986799,first_order_relative_deviation=level_IRF/steady_state,14,0.00127301087969207,0.00184537221444742,0.000572361334755345
scale_development_y150,"R=1.5, scale=1.225, unit GDP=1.225",1.5,1.22474487139159,1.22474487139159,0.550510257216822,0.449489742783178,0.6,0.4,1.08989794855664,0.889897948556636,Private investment,inv1,inv2,0.291096844173849,0.237679577986799,first_order_relative_deviation=level_IRF/steady_state,15,0.00120114453978912,0.00173669008335784,0.000535545543568719
scale_development_y150,"R=1.5, scale=1.225, unit GDP=1.225",1.5,1.22474487139159,1.22474487139159,0.550510257216822,0.449489742783178,0.6,0.4,1.08989794855664,0.889897948556636,Private investment,inv1,inv2,0.291096844173849,0.237679577986799,first_order_relative_deviation=level_IRF/steady_state,16,0.00110928641713421,0.00159427504272443,0.00048498862559022
scale_development_y150,"R=1.5, scale=1.225, unit GDP=1.225",1.5,1.22474487139159,1.22474487139159,0.550510257216822,0.449489742783178,0.6,0.4,1.08989794855664,0.889897948556636,Private investment,inv1,inv2,0.291096844173849,0.237679577986799,first_order_relative_deviation=level_IRF/steady_state,17,0.00100441840107808,0.00142808390971745,0.000423665508639374
scale_development_y150,"R=1.5, scale=1.225, unit GDP=1.225",1.5,1.22474487139159,1.22474487139159,0.550510257216822,0.449489742783178,0.6,0.4,1.08989794855664,0.889897948556636,Private investment,inv1,inv2,0.291096844173849,0.237679577986799,first_order_relative_deviation=level_IRF/steady_state,18,0.000891964891661041,0.00124640895066374,0.000354444059002699
scale_development_y150,"R=1.5, scale=1.225, unit GDP=1.225",1.5,1.22474487139159,1.22474487139159,0.550510257216822,0.449489742783178,0.6,0.4,1.08989794855664,0.889897948556636,Private investment,inv1,inv2,0.291096844173849,0.237679577986799,first_order_relative_deviation=level_IRF/steady_state,19,0.000776118762923973,0.0010561122837881,0.000279993520864127
scale_development_y150,"R=1.5, scale=1.225, unit GDP=1.225",1.5,1.22474487139159,1.22474487139159,0.550510257216822,0.449489742783178,0.6,0.4,1.08989794855664,0.889897948556636,Private investment,inv1,inv2,0.291096844173849,0.237679577986799,first_order_relative_deviation=level_IRF/steady_state,20,0.00066010223989165,0.000862828270624605,0.000202726030732955
scale_development_y150,"R=1.5, scale=1.225, unit GDP=1.225",1.5,1.22474487139159,1.22474487139159,0.550510257216822,0.449489742783178,0.6,0.4,1.08989794855664,0.889897948556636,Private investment,inv1,inv2,0.291096844173849,0.237679577986799,first_order_relative_deviation=level_IRF/steady_state,21,0.000546371184177897,0.000671135030552465,0.000124763846374568
scale_development_y150,"R=1.5, scale=1.225, unit GDP=1.225",1.5,1.22474487139159,1.22474487139159,0.550510257216822,0.449489742783178,0.6,0.4,1.08989794855664,0.889897948556636,Private investment,inv1,inv2,0.291096844173849,0.237679577986799,first_order_relative_deviation=level_IRF/steady_state,22,0.000436773405555488,0.000484699509361893,4.79261038064048e-05
scale_development_y150,"R=1.5, scale=1.225, unit GDP=1.225",1.5,1.22474487139159,1.22474487139159,0.550510257216822,0.449489742783178,0.6,0.4,1.08989794855664,0.889897948556636,Private investment,inv1,inv2,0.291096844173849,0.237679577986799,first_order_relative_deviation=level_IRF/steady_state,23,0.000332671113436458,0.000306401127232417,-2.62699862040402e-05
scale_development_y150,"R=1.5, scale=1.225, unit GDP=1.225",1.5,1.22474487139159,1.22474487139159,0.550510257216822,0.449489742783178,0.6,0.4,1.08989794855664,0.889897948556636,Private investment,inv1,inv2,0.291096844173849,0.237679577986799,first_order_relative_deviation=level_IRF/steady_state,24,0.000235036090917024,0.000138438479215734,-9.65976117012897e-05
scale_development_y150,"R=1.5, scale=1.225, unit GDP=1.225",1.5,1.22474487139159,1.22474487139159,0.550510257216822,0.449489742783178,0.6,0.4,1.08989794855664,0.889897948556636,Private investment,inv1,inv2,0.291096844173849,0.237679577986799,first_order_relative_deviation=level_IRF/steady_state,25,0.000144524416424251,-1.75773514454939e-05,-0.000162101767869745
scale_development_y150,"R=1.5, scale=1.225, unit GDP=1.225",1.5,1.22474487139159,1.22474487139159,0.550510257216822,0.449489742783178,0.6,0.4,1.08989794855664,0.889897948556636,Private investment,inv1,inv2,0.291096844173849,0.237679577986799,first_order_relative_deviation=level_IRF/steady_state,26,6.15359382591976e-05,-0.000160540214901201,-0.000222076153160398
scale_development_y150,"R=1.5, scale=1.225, unit GDP=1.225",1.5,1.22474487139159,1.22474487139159,0.550510257216822,0.449489742783178,0.6,0.4,1.08989794855664,0.889897948556636,Private investment,inv1,inv2,0.291096844173849,0.237679577986799,first_order_relative_deviation=level_IRF/steady_state,27,-1.37376406664568e-05,-0.000289775158550564,-0.000276037517884107
scale_development_y150,"R=1.5, scale=1.225, unit GDP=1.225",1.5,1.22474487139159,1.22474487139159,0.550510257216822,0.449489742783178,0.6,0.4,1.08989794855664,0.889897948556636,Private investment,inv1,inv2,0.291096844173849,0.237679577986799,first_order_relative_deviation=level_IRF/steady_state,28,-8.12732667133672e-05,-0.000404972217535251,-0.000323698950821884
scale_development_y150,"R=1.5, scale=1.225, unit GDP=1.225",1.5,1.22474487139159,1.22474487139159,0.550510257216822,0.449489742783178,0.6,0.4,1.08989794855664,0.889897948556636,Private investment,inv1,inv2,0.291096844173849,0.237679577986799,first_order_relative_deviation=level_IRF/steady_state,29,-0.000141183621061802,-0.000506126825231919,-0.000364943204170117
scale_development_y150,"R=1.5, scale=1.225, unit GDP=1.225",1.5,1.22474487139159,1.22474487139159,0.550510257216822,0.449489742783178,0.6,0.4,1.08989794855664,0.889897948556636,Private investment,inv1,inv2,0.291096844173849,0.237679577986799,first_order_relative_deviation=level_IRF/steady_state,30,-0.000193689359377596,-0.000593486210227677,-0.00039979685085008
scale_development_y150,"R=1.5, scale=1.225, unit GDP=1.225",1.5,1.22474487139159,1.22474487139159,0.550510257216822,0.449489742783178,0.6,0.4,1.08989794855664,0.889897948556636,Private investment,inv1,inv2,0.291096844173849,0.237679577986799,first_order_relative_deviation=level_IRF/steady_state,31,-0.0002390954907092,-0.000667501317843529,-0.000428405827134329
scale_development_y150,"R=1.5, scale=1.225, unit GDP=1.225",1.5,1.22474487139159,1.22474487139159,0.550510257216822,0.449489742783178,0.6,0.4,1.08989794855664,0.889897948556636,Private investment,inv1,inv2,0.291096844173849,0.237679577986799,first_order_relative_deviation=level_IRF/steady_state,32,-0.000277771168786392,-0.000728783894515615,-0.000451012725729222
scale_development_y150,"R=1.5, scale=1.225, unit GDP=1.225",1.5,1.22474487139159,1.22474487139159,0.550510257216822,0.449489742783178,0.6,0.4,1.08989794855664,0.889897948556636,Private investment,inv1,inv2,0.291096844173849,0.237679577986799,first_order_relative_deviation=level_IRF/steady_state,33,-0.000310132366607081,-0.000778068426204569,-0.000467936059597487
scale_development_y150,"R=1.5, scale=1.225, unit GDP=1.225",1.5,1.22474487139159,1.22474487139159,0.550510257216822,0.449489742783178,0.6,0.4,1.08989794855664,0.889897948556636,Private investment,inv1,inv2,0.291096844173849,0.237679577986799,first_order_relative_deviation=level_IRF/steady_state,34,-0.00033662703894473,-0.000816178645335544,-0.000479551606390814
scale_development_y150,"R=1.5, scale=1.225, unit GDP=1.225",1.5,1.22474487139159,1.22474487139159,0.550510257216822,0.449489742783178,0.6,0.4,1.08989794855664,0.889897948556636,Private investment,inv1,inv2,0.291096844173849,0.237679577986799,first_order_relative_deviation=level_IRF/steady_state,35,-0.000357722466873677,-0.000843998327206224,-0.000486275860332548
scale_development_y150,"R=1.5, scale=1.225, unit GDP=1.225",1.5,1.22474487139159,1.22474487139159,0.550510257216822,0.449489742783178,0.6,0.4,1.08989794855664,0.889897948556636,Private investment,inv1,inv2,0.291096844173849,0.237679577986799,first_order_relative_deviation=level_IRF/steady_state,36,-0.000373894537831198,-0.000862446094866205,-0.000488551557035007
scale_development_y150,"R=1.5, scale=1.225, unit GDP=1.225",1.5,1.22474487139159,1.22474487139159,0.550510257216822,0.449489742783178,0.6,0.4,1.08989794855664,0.889897948556636,Private investment,inv1,inv2,0.291096844173849,0.237679577986799,first_order_relative_deviation=level_IRF/steady_state,37,-0.000385618754248048,-0.000872453946668759,-0.000486835192420711
scale_development_y150,"R=1.5, scale=1.225, unit GDP=1.225",1.5,1.22474487139159,1.22474487139159,0.550510257216822,0.449489742783178,0.6,0.4,1.08989794855664,0.889897948556636,Private investment,inv1,inv2,0.291096844173849,0.237679577986799,first_order_relative_deviation=level_IRF/steady_state,38,-0.000393362790354502,-0.000874949216349695,-0.000481586425995193
scale_development_y150,"R=1.5, scale=1.225, unit GDP=1.225",1.5,1.22474487139159,1.22474487139159,0.550510257216822,0.449489742783178,0.6,0.4,1.08989794855664,0.889897948556636,Private investment,inv1,inv2,0.291096844173849,0.237679577986799,first_order_relative_deviation=level_IRF/steady_state,39,-0.000397580435225477,-0.000870839673431417,-0.00047325923820594
scale_development_y150,"R=1.5, scale=1.225, unit GDP=1.225",1.5,1.22474487139159,1.22474487139159,0.550510257216822,0.449489742783178,0.6,0.4,1.08989794855664,0.889897948556636,Private investment,inv1,inv2,0.291096844173849,0.237679577986799,first_order_relative_deviation=level_IRF/steady_state,40,-0.000398706773625232,-0.000861001472837181,-0.000462294699211949
scale_development_y150,"R=1.5, scale=1.225, unit GDP=1.225",1.5,1.22474487139159,1.22474487139159,0.550510257216822,0.449489742783178,0.6,0.4,1.08989794855664,0.889897948556636,Local production GDP,xloc1,xloc2,1.08989794855664,0.889897948556636,first_order_relative_deviation=level_IRF/steady_state,1,-0.00218754718350451,-0.00237248608249338,-0.000184938898988876
scale_development_y150,"R=1.5, scale=1.225, unit GDP=1.225",1.5,1.22474487139159,1.22474487139159,0.550510257216822,0.449489742783178,0.6,0.4,1.08989794855664,0.889897948556636,Local production GDP,xloc1,xloc2,1.08989794855664,0.889897948556636,first_order_relative_deviation=level_IRF/steady_state,2,-0.00182729882700983,-0.00214898703036769,-0.000321688203357865
scale_development_y150,"R=1.5, scale=1.225, unit GDP=1.225",1.5,1.22474487139159,1.22474487139159,0.550510257216822,0.449489742783178,0.6,0.4,1.08989794855664,0.889897948556636,Local production GDP,xloc1,xloc2,1.08989794855664,0.889897948556636,first_order_relative_deviation=level_IRF/steady_state,3,-0.00148872964067155,-0.00190720530751253,-0.000418475666840973
scale_development_y150,"R=1.5, scale=1.225, unit GDP=1.225",1.5,1.22474487139159,1.22474487139159,0.550510257216822,0.449489742783178,0.6,0.4,1.08989794855664,0.889897948556636,Local production GDP,xloc1,xloc2,1.08989794855664,0.889897948556636,first_order_relative_deviation=level_IRF/steady_state,4,-0.00120173079417814,-0.00168481387304929,-0.000483083078871148
scale_development_y150,"R=1.5, scale=1.225, unit GDP=1.225",1.5,1.22474487139159,1.22474487139159,0.550510257216822,0.449489742783178,0.6,0.4,1.08989794855664,0.889897948556636,Local production GDP,xloc1,xloc2,1.08989794855664,0.889897948556636,first_order_relative_deviation=level_IRF/steady_state,5,-0.000971863604766694,-0.00149424691006082,-0.000522383305294125
scale_development_y150,"R=1.5, scale=1.225, unit GDP=1.225",1.5,1.22474487139159,1.22474487139159,0.550510257216822,0.449489742783178,0.6,0.4,1.08989794855664,0.889897948556636,Local production GDP,xloc1,xloc2,1.08989794855664,0.889897948556636,first_order_relative_deviation=level_IRF/steady_state,6,-0.000793876251079178,-0.00133607089717177,-0.000542194646092593
scale_development_y150,"R=1.5, scale=1.225, unit GDP=1.225",1.5,1.22474487139159,1.22474487139159,0.550510257216822,0.449489742783178,0.6,0.4,1.08989794855664,0.889897948556636,Local production GDP,xloc1,xloc2,1.08989794855664,0.889897948556636,first_order_relative_deviation=level_IRF/steady_state,7,-0.000658747708922652,-0.00120605095927969,-0.000547303250357041
scale_development_y150,"R=1.5, scale=1.225, unit GDP=1.225",1.5,1.22474487139159,1.22474487139159,0.550510257216822,0.449489742783178,0.6,0.4,1.08989794855664,0.889897948556636,Local production GDP,xloc1,xloc2,1.08989794855664,0.889897948556636,first_order_relative_deviation=level_IRF/steady_state,8,-0.000557109782072002,-0.00109867520042633,-0.000541565418354328
scale_development_y150,"R=1.5, scale=1.225, unit GDP=1.225",1.5,1.22474487139159,1.22474487139159,0.550510257216822,0.449489742783178,0.6,0.4,1.08989794855664,0.889897948556636,Local production GDP,xloc1,xloc2,1.08989794855664,0.889897948556636,first_order_relative_deviation=level_IRF/steady_state,9,-0.000480711228586708,-0.00100875077177004,-0.000528039543183329
scale_development_y150,"R=1.5, scale=1.225, unit GDP=1.225",1.5,1.22474487139159,1.22474487139159,0.550510257216822,0.449489742783178,0.6,0.4,1.08989794855664,0.889897948556636,Local production GDP,xloc1,xloc2,1.08989794855664,0.889897948556636,first_order_relative_deviation=level_IRF/steady_state,10,-0.000422874594657097,-0.00093199514260469,-0.000509120547947593
scale_development_y150,"R=1.5, scale=1.225, unit GDP=1.225",1.5,1.22474487139159,1.22474487139159,0.550510257216822,0.449489742783178,0.6,0.4,1.08989794855664,0.889897948556636,Local production GDP,xloc1,xloc2,1.08989794855664,0.889897948556636,first_order_relative_deviation=level_IRF/steady_state,11,-0.00037847413569715,-0.00086513755167043,-0.00048666341597328
scale_development_y150,"R=1.5, scale=1.225, unit GDP=1.225",1.5,1.22474487139159,1.22474487139159,0.550510257216822,0.449489742783178,0.6,0.4,1.08989794855664,0.889897948556636,Local production GDP,xloc1,xloc2,1.08989794855664,0.889897948556636,first_order_relative_deviation=level_IRF/steady_state,12,-0.000343717827701599,-0.000805808151479806,-0.000462090323778208
scale_development_y150,"R=1.5, scale=1.225, unit GDP=1.225",1.5,1.22474487139159,1.22474487139159,0.550510257216822,0.449489742783178,0.6,0.4,1.08989794855664,0.889897948556636,Local production GDP,xloc1,xloc2,1.08989794855664,0.889897948556636,first_order_relative_deviation=level_IRF/steady_state,13,-0.000315877050464475,-0.000752357282027508,-0.000436480231563033
scale_development_y150,"R=1.5, scale=1.225, unit GDP=1.225",1.5,1.22474487139159,1.22474487139159,0.550510257216822,0.449489742783178,0.6,0.4,1.08989794855664,0.889897948556636,Local production GDP,xloc1,xloc2,1.08989794855664,0.889897948556636,first_order_relative_deviation=level_IRF/steady_state,14,-0.000293030576982868,-0.00070367257291184,-0.000410641995928972
scale_development_y150,"R=1.5, scale=1.225, unit GDP=1.225",1.5,1.22474487139159,1.22474487139159,0.550510257216822,0.449489742783178,0.6,0.4,1.08989794855664,0.889897948556636,Local production GDP,xloc1,xloc2,1.08989794855664,0.889897948556636,first_order_relative_deviation=level_IRF/steady_state,15,-0.000273848697129604,-0.000659021735711538,-0.000385173038581934
scale_development_y150,"R=1.5, scale=1.225, unit GDP=1.225",1.5,1.22474487139159,1.22474487139159,0.550510257216822,0.449489742783178,0.6,0.4,1.08989794855664,0.889897948556636,Local production GDP,xloc1,xloc2,1.08989794855664,0.889897948556636,first_order_relative_deviation=level_IRF/steady_state,16,-0.00025742291534323,-0.000617928797794639,-0.000360505882451408
scale_development_y150,"R=1.5, scale=1.225, unit GDP=1.225",1.5,1.22474487139159,1.22474487139159,0.550510257216822,0.449489742783178,0.6,0.4,1.08989794855664,0.889897948556636,Local production GDP,xloc1,xloc2,1.08989794855664,0.889897948556636,first_order_relative_deviation=level_IRF/steady_state,17,-0.000243137457407602,-0.000580082241228025,-0.000336944783820424
scale_development_y150,"R=1.5, scale=1.225, unit GDP=1.225",1.5,1.22474487139159,1.22474487139159,0.550510257216822,0.449489742783178,0.6,0.4,1.08989794855664,0.889897948556636,Local production GDP,xloc1,xloc2,1.08989794855664,0.889897948556636,first_order_relative_deviation=level_IRF/steady_state,18,-0.000230575483970103,-0.0005452699236616,-0.000314694439691496
scale_development_y150,"R=1.5, scale=1.225, unit GDP=1.225",1.5,1.22474487139159,1.22474487139159,0.550510257216822,0.449489742783178,0.6,0.4,1.08989794855664,0.889897948556636,Local production GDP,xloc1,xloc2,1.08989794855664,0.889897948556636,first_order_relative_deviation=level_IRF/steady_state,19,-0.000219452452929495,-0.000513334896170333,-0.000293882443240838
scale_development_y150,"R=1.5, scale=1.225, unit GDP=1.225",1.5,1.22474487139159,1.22474487139159,0.550510257216822,0.449489742783178,0.6,0.4,1.08989794855664,0.889897948556636,Local production GDP,xloc1,xloc2,1.08989794855664,0.889897948556636,first_order_relative_deviation=level_IRF/steady_state,20,-0.000209569877343426,-0.000484146732539893,-0.000274576855196467
scale_development_y150,"R=1.5, scale=1.225, unit GDP=1.225",1.5,1.22474487139159,1.22474487139159,0.550510257216822,0.449489742783178,0.6,0.4,1.08989794855664,0.889897948556636,Local production GDP,xloc1,xloc2,1.08989794855664,0.889897948556636,first_order_relative_deviation=level_IRF/steady_state,21,-0.000200783949125352,-0.000457583932609328,-0.000256799983483977
scale_development_y150,"R=1.5, scale=1.225, unit GDP=1.225",1.5,1.22474487139159,1.22474487139159,0.550510257216822,0.449489742783178,0.6,0.4,1.08989794855664,0.889897948556636,Local production GDP,xloc1,xloc2,1.08989794855664,0.889897948556636,first_order_relative_deviation=level_IRF/steady_state,22,-0.00019298473639871,-0.000433523964757112,-0.000240539228358402
scale_development_y150,"R=1.5, scale=1.225, unit GDP=1.225",1.5,1.22474487139159,1.22474487139159,0.550510257216822,0.449489742783178,0.6,0.4,1.08989794855664,0.889897948556636,Local production GDP,xloc1,xloc2,1.08989794855664,0.889897948556636,first_order_relative_deviation=level_IRF/steady_state,23,-0.000186082743396506,-0.000411838400378755,-0.000225755656982248
scale_development_y150,"R=1.5, scale=1.225, unit GDP=1.225",1.5,1.22474487139159,1.22474487139159,0.550510257216822,0.449489742783178,0.6,0.4,1.08989794855664,0.889897948556636,Local production GDP,xloc1,xloc2,1.08989794855664,0.889897948556636,first_order_relative_deviation=level_IRF/steady_state,24,-0.000180000495837705,-0.000392391312595556,-0.00021239081675785
scale_development_y150,"R=1.5, scale=1.225, unit GDP=1.225",1.5,1.22474487139159,1.22474487139159,0.550510257216822,0.449489742783178,0.6,0.4,1.08989794855664,0.889897948556636,Local production GDP,xloc1,xloc2,1.08989794855664,0.889897948556636,first_order_relative_deviation=level_IRF/steady_state,25,-0.000174667487902899,-0.000375039663402953,-0.000200372175500054
scale_development_y150,"R=1.5, scale=1.225, unit GDP=1.225",1.5,1.22474487139159,1.22474487139159,0.550510257216822,0.449489742783178,0.6,0.4,1.08989794855664,0.889897948556636,Local production GDP,xloc1,xloc2,1.08989794855664,0.889897948556636,first_order_relative_deviation=level_IRF/steady_state,26,-0.000170017328218466,-0.000359634811229862,-0.000189617483011395
scale_development_y150,"R=1.5, scale=1.225, unit GDP=1.225",1.5,1.22474487139159,1.22474487139159,0.550510257216822,0.449489742783178,0.6,0.4,1.08989794855664,0.889897948556636,Local production GDP,xloc1,xloc2,1.08989794855664,0.889897948556636,first_order_relative_deviation=level_IRF/steady_state,27,-0.000165986286162502,-0.000346024563609542,-0.00018003827744704
scale_development_y150,"R=1.5, scale=1.225, unit GDP=1.225",1.5,1.22474487139159,1.22474487139159,0.550510257216822,0.449489742783178,0.6,0.4,1.08989794855664,0.889897948556636,Local production GDP,xloc1,xloc2,1.08989794855664,0.889897948556636,first_order_relative_deviation=level_IRF/steady_state,28,-0.000162512698761759,-0.000334055404990645,-0.000171542706228885
scale_development_y150,"R=1.5, scale=1.225, unit GDP=1.225",1.5,1.22474487139159,1.22474487139159,0.550510257216822,0.449489742783178,0.6,0.4,1.08989794855664,0.889897948556636,Local production GDP,xloc1,xloc2,1.08989794855664,0.889897948556636,first_order_relative_deviation=level_IRF/steady_state,29,-0.000159536879643008,-0.000323574670893255,-0.000164037791250248
scale_development_y150,"R=1.5, scale=1.225, unit GDP=1.225",1.5,1.22474487139159,1.22474487139159,0.550510257216822,0.449489742783178,0.6,0.4,1.08989794855664,0.889897948556636,Local production GDP,xloc1,xloc2,1.08989794855664,0.889897948556636,first_order_relative_deviation=level_IRF/steady_state,30,-0.000157001296464298,-0.000314432534887821,-0.000157431238423523
scale_development_y150,"R=1.5, scale=1.225, unit GDP=1.225",1.5,1.22474487139159,1.22474487139159,0.550510257216822,0.449489742783178,0.6,0.4,1.08989794855664,0.889897948556636,Local production GDP,xloc1,xloc2,1.08989794855664,0.889897948556636,first_order_relative_deviation=level_IRF/steady_state,31,-0.000154850868291499,-0.000306483737986143,-0.000151632869694644
scale_development_y150,"R=1.5, scale=1.225, unit GDP=1.225",1.5,1.22474487139159,1.22474487139159,0.550510257216822,0.449489742783178,0.6,0.4,1.08989794855664,0.889897948556636,Local production GDP,xloc1,xloc2,1.08989794855664,0.889897948556636,first_order_relative_deviation=level_IRF/steady_state,32,-0.000153033291494541,-0.000299589030992209,-0.000146555739497668
scale_development_y150,"R=1.5, scale=1.225, unit GDP=1.225",1.5,1.22474487139159,1.22474487139159,0.550510257216822,0.449489742783178,0.6,0.4,1.08989794855664,0.889897948556636,Local production GDP,xloc1,xloc2,1.08989794855664,0.889897948556636,first_order_relative_deviation=level_IRF/steady_state,33,-0.000151499340596728,-0.00029361632626661,-0.000142116985669881
scale_development_y150,"R=1.5, scale=1.225, unit GDP=1.225",1.5,1.22474487139159,1.22474487139159,0.550510257216822,0.449489742783178,0.6,0.4,1.08989794855664,0.889897948556636,Local production GDP,xloc1,xloc2,1.08989794855664,0.889897948556636,first_order_relative_deviation=level_IRF/steady_state,34,-0.000150203115196584,-0.000288441571189747,-0.000138238455993163
scale_development_y150,"R=1.5, scale=1.225, unit GDP=1.225",1.5,1.22474487139159,1.22474487139159,0.550510257216822,0.449489742783178,0.6,0.4,1.08989794855664,0.889897948556636,Local production GDP,xloc1,xloc2,1.08989794855664,0.889897948556636,first_order_relative_deviation=level_IRF/steady_state,35,-0.000149102219914982,-0.00028394936475348,-0.000134847144838497
scale_development_y150,"R=1.5, scale=1.225, unit GDP=1.225",1.5,1.22474487139159,1.22474487139159,0.550510257216822,0.449489742783178,0.6,0.4,1.08989794855664,0.889897948556636,Local production GDP,xloc1,xloc2,1.08989794855664,0.889897948556636,first_order_relative_deviation=level_IRF/steady_state,36,-0.000148157874190387,-0.00028003334349694,-0.000131875469306553
scale_development_y150,"R=1.5, scale=1.225, unit GDP=1.225",1.5,1.22474487139159,1.22474487139159,0.550510257216822,0.449489742783178,0.6,0.4,1.08989794855664,0.889897948556636,Local production GDP,xloc1,xloc2,1.08989794855664,0.889897948556636,first_order_relative_deviation=level_IRF/steady_state,37,-0.000147334954702718,-0.000276596364956252,-0.000129261410253534
scale_development_y150,"R=1.5, scale=1.225, unit GDP=1.225",1.5,1.22474487139159,1.22474487139159,0.550510257216822,0.449489742783178,0.6,0.4,1.08989794855664,0.889897948556636,Local production GDP,xloc1,xloc2,1.08989794855664,0.889897948556636,first_order_relative_deviation=level_IRF/steady_state,38,-0.00014660197657093,-0.000273550516962279,-0.000126948540391349
scale_development_y150,"R=1.5, scale=1.225, unit GDP=1.225",1.5,1.22474487139159,1.22474487139159,0.550510257216822,0.449489742783178,0.6,0.4,1.08989794855664,0.889897948556636,Local production GDP,xloc1,xloc2,1.08989794855664,0.889897948556636,first_order_relative_deviation=level_IRF/steady_state,39,-0.000145931021179923,-0.00027081698016515,-0.000124885958985227
scale_development_y150,"R=1.5, scale=1.225, unit GDP=1.225",1.5,1.22474487139159,1.22474487139159,0.550510257216822,0.449489742783178,0.6,0.4,1.08989794855664,0.889897948556636,Local production GDP,xloc1,xloc2,1.08989794855664,0.889897948556636,first_order_relative_deviation=level_IRF/steady_state,40,-0.000145297619132323,-0.000268325769540714,-0.000123028150408392
scale_development_y150,"R=1.5, scale=1.225, unit GDP=1.225",1.5,1.22474487139159,1.22474487139159,0.550510257216822,0.449489742783178,0.6,0.4,1.08989794855664,0.889897948556636,Consumption,c1,c2,0.559023555700327,0.456440821887377,first_order_relative_deviation=level_IRF/steady_state,1,-0.00235270673608984,-0.00231653657760412,3.61701584857227e-05
scale_development_y150,"R=1.5, scale=1.225, unit GDP=1.225",1.5,1.22474487139159,1.22474487139159,0.550510257216822,0.449489742783178,0.6,0.4,1.08989794855664,0.889897948556636,Consumption,c1,c2,0.559023555700327,0.456440821887377,first_order_relative_deviation=level_IRF/steady_state,2,-0.000982614694191057,-0.000914600693558709,6.8014000632348e-05
scale_development_y150,"R=1.5, scale=1.225, unit GDP=1.225",1.5,1.22474487139159,1.22474487139159,0.550510257216822,0.449489742783178,0.6,0.4,1.08989794855664,0.889897948556636,Consumption,c1,c2,0.559023555700327,0.456440821887377,first_order_relative_deviation=level_IRF/steady_state,3,-0.000266960140616559,-0.000173658324580943,9.33018160356164e-05
scale_development_y150,"R=1.5, scale=1.225, unit GDP=1.225",1.5,1.22474487139159,1.22474487139159,0.550510257216822,0.449489742783178,0.6,0.4,1.08989794855664,0.889897948556636,Consumption,c1,c2,0.559023555700327,0.456440821887377,first_order_relative_deviation=level_IRF/steady_state,4,7.986811673061e-05,0.000191240858732343,0.000111372742001733
scale_development_y150,"R=1.5, scale=1.225, unit GDP=1.225",1.5,1.22474487139159,1.22474487139159,0.550510257216822,0.449489742783178,0.6,0.4,1.08989794855664,0.889897948556636,Consumption,c1,c2,0.559023555700327,0.456440821887377,first_order_relative_deviation=level_IRF/steady_state,5,0.000225571090068461,0.000348074022719964,0.000122502932651502
scale_development_y150,"R=1.5, scale=1.225, unit GDP=1.225",1.5,1.22474487139159,1.22474487139159,0.550510257216822,0.449489742783178,0.6,0.4,1.08989794855664,0.889897948556636,Consumption,c1,c2,0.559023555700327,0.456440821887377,first_order_relative_deviation=level_IRF/steady_state,6,0.000266625215055303,0.000394098750607406,0.000127473535552103
scale_development_y150,"R=1.5, scale=1.225, unit GDP=1.225",1.5,1.22474487139159,1.22474487139159,0.550510257216822,0.449489742783178,0.6,0.4,1.08989794855664,0.889897948556636,Consumption,c1,c2,0.559023555700327,0.456440821887377,first_order_relative_deviation=level_IRF/steady_state,7,0.000257116190229004,0.000384403438066468,0.000127287247837464
scale_development_y150,"R=1.5, scale=1.225, unit GDP=1.225",1.5,1.22474487139159,1.22474487139159,0.550510257216822,0.449489742783178,0.6,0.4,1.08989794855664,0.889897948556636,Consumption,c1,c2,0.559023555700327,0.456440821887377,first_order_relative_deviation=level_IRF/steady_state,8,0.000226336300338815,0.000349327778574313,0.000122991478235498
scale_development_y150,"R=1.5, scale=1.225, unit GDP=1.225",1.5,1.22474487139159,1.22474487139159,0.550510257216822,0.449489742783178,0.6,0.4,1.08989794855664,0.889897948556636,Consumption,c1,c2,0.559023555700327,0.456440821887377,first_order_relative_deviation=level_IRF/steady_state,9,0.000189382163201486,0.0003049576320608,0.000115575468859314
scale_development_y150,"R=1.5, scale=1.225, unit GDP=1.225",1.5,1.22474487139159,1.22474487139159,0.550510257216822,0.449489742783178,0.6,0.4,1.08989794855664,0.889897948556636,Consumption,c1,c2,0.559023555700327,0.456440821887377,first_order_relative_deviation=level_IRF/steady_state,10,0.000153440378072457,0.000259357343528264,0.000105916965455807
scale_development_y150,"R=1.5, scale=1.225, unit GDP=1.225",1.5,1.22474487139159,1.22474487139159,0.550510257216822,0.449489742783178,0.6,0.4,1.08989794855664,0.889897948556636,Consumption,c1,c2,0.559023555700327,0.456440821887377,first_order_relative_deviation=level_IRF/steady_state,11,0.000121448788399503,0.000216209563058869,9.47607746593666e-05
scale_development_y150,"R=1.5, scale=1.225, unit GDP=1.225",1.5,1.22474487139159,1.22474487139159,0.550510257216822,0.449489742783178,0.6,0.4,1.08989794855664,0.889897948556636,Consumption,c1,c2,0.559023555700327,0.456440821887377,first_order_relative_deviation=level_IRF/steady_state,12,9.41821549492595e-05,0.000176898966825931,8.27168118766712e-05
scale_development_y150,"R=1.5, scale=1.225, unit GDP=1.225",1.5,1.22474487139159,1.22474487139159,0.550510257216822,0.449489742783178,0.6,0.4,1.08989794855664,0.889897948556636,Consumption,c1,c2,0.559023555700327,0.456440821887377,first_order_relative_deviation=level_IRF/steady_state,13,7.14066806845262e-05,0.000141675880667623,7.02691999830968e-05
scale_development_y150,"R=1.5, scale=1.225, unit GDP=1.225",1.5,1.22474487139159,1.22474487139159,0.550510257216822,0.449489742783178,0.6,0.4,1.08989794855664,0.889897948556636,Consumption,c1,c2,0.559023555700327,0.456440821887377,first_order_relative_deviation=level_IRF/steady_state,14,5.24944866240643e-05,0.000110285348542642,5.77908619185774e-05
scale_development_y150,"R=1.5, scale=1.225, unit GDP=1.225",1.5,1.22474487139159,1.22474487139159,0.550510257216822,0.449489742783178,0.6,0.4,1.08989794855664,0.889897948556636,Consumption,c1,c2,0.559023555700327,0.456440821887377,first_order_relative_deviation=level_IRF/steady_state,15,3.67320889928285e-05,8.22921821946214e-05,4.55600932017929e-05
scale_development_y150,"R=1.5, scale=1.225, unit GDP=1.225",1.5,1.22474487139159,1.22474487139159,0.550510257216822,0.449489742783178,0.6,0.4,1.08989794855664,0.889897948556636,Consumption,c1,c2,0.559023555700327,0.456440821887377,first_order_relative_deviation=level_IRF/steady_state,16,2.34606828357314e-05,5.72376920932836e-05,3.37770092575521e-05
scale_development_y150,"R=1.5, scale=1.225, unit GDP=1.225",1.5,1.22474487139159,1.22474487139159,0.550510257216822,0.449489742783178,0.6,0.4,1.08989794855664,0.889897948556636,Consumption,c1,c2,0.559023555700327,0.456440821887377,first_order_relative_deviation=level_IRF/steady_state,17,1.21277982979792e-05,3.47065047168375e-05,2.25787064188583e-05
scale_development_y150,"R=1.5, scale=1.225, unit GDP=1.225",1.5,1.22474487139159,1.22474487139159,0.550510257216822,0.449489742783178,0.6,0.4,1.08989794855664,0.889897948556636,Consumption,c1,c2,0.559023555700327,0.456440821887377,first_order_relative_deviation=level_IRF/steady_state,18,2.29515836811311e-06,1.43477457081552e-05,1.20525873400421e-05
scale_development_y150,"R=1.5, scale=1.225, unit GDP=1.225",1.5,1.22474487139159,1.22474487139159,0.550510257216822,0.449489742783178,0.6,0.4,1.08989794855664,0.889897948556636,Consumption,c1,c2,0.559023555700327,0.456440821887377,first_order_relative_deviation=level_IRF/steady_state,19,-6.37280682844623e-06,-4.1251248966324e-06,2.24768193181383e-06
scale_development_y150,"R=1.5, scale=1.225, unit GDP=1.225",1.5,1.22474487139159,1.22474487139159,0.550510257216822,0.449489742783178,0.6,0.4,1.08989794855664,0.889897948556636,Consumption,c1,c2,0.559023555700327,0.456440821887377,first_order_relative_deviation=level_IRF/steady_state,20,-1.41270422968395e-05,-2.09430242304614e-05,-6.8159819336219e-06
scale_development_y150,"R=1.5, scale=1.225, unit GDP=1.225",1.5,1.22474487139159,1.22474487139159,0.550510257216822,0.449489742783178,0.6,0.4,1.08989794855664,0.889897948556636,Consumption,c1,c2,0.559023555700327,0.456440821887377,first_order_relative_deviation=level_IRF/steady_state,21,-2.11523573074888e-05,-3.62921417726224e-05,-1.51397844651335e-05
scale_development_y150,"R=1.5, scale=1.225, unit GDP=1.225",1.5,1.22474487139159,1.22474487139159,0.550510257216822,0.449489742783178,0.6,0.4,1.08989794855664,0.889897948556636,Consumption,c1,c2,0.559023555700327,0.456440821887377,first_order_relative_deviation=level_IRF/steady_state,22,-2.75836800165344e-05,-5.0324150356475e-05,-2.27404703399406e-05
scale_development_y150,"R=1.5, scale=1.225, unit GDP=1.225",1.5,1.22474487139159,1.22474487139159,0.550510257216822,0.449489742783178,0.6,0.4,1.08989794855664,0.889897948556636,Consumption,c1,c2,0.559023555700327,0.456440821887377,first_order_relative_deviation=level_IRF/steady_state,23,-3.35192638882705e-05,-6.31646805350128e-05,-2.96454166467423e-05
scale_development_y150,"R=1.5, scale=1.225, unit GDP=1.225",1.5,1.22474487139159,1.22474487139159,0.550510257216822,0.449489742783178,0.6,0.4,1.08989794855664,0.889897948556636,Consumption,c1,c2,0.559023555700327,0.456440821887377,first_order_relative_deviation=level_IRF/steady_state,24,-3.90309024092798e-05,-7.49198868501176e-05,-3.58889844408379e-05
scale_development_y150,"R=1.5, scale=1.225, unit GDP=1.225",1.5,1.22474487139159,1.22474487139159,0.550510257216822,0.449489742783178,0.6,0.4,1.08989794855664,0.889897948556636,Consumption,c1,c2,0.559023555700327,0.456440821887377,first_order_relative_deviation=level_IRF/steady_state,25,-4.41715650969074e-05,-8.56813138530657e-05,-4.15097487561584e-05
scale_development_y150,"R=1.5, scale=1.225, unit GDP=1.225",1.5,1.22474487139159,1.22474487139159,0.550510257216822,0.449489742783178,0.6,0.4,1.08989794855664,0.889897948556636,Consumption,c1,c2,0.559023555700327,0.456440821887377,first_order_relative_deviation=level_IRF/steady_state,26,-4.89809631597221e-05,-9.55293927217378e-05,-4.65484295620157e-05
scale_development_y150,"R=1.5, scale=1.225, unit GDP=1.225",1.5,1.22474487139159,1.22474487139159,0.550510257216822,0.449489742783178,0.6,0.4,1.08989794855664,0.889897948556636,Consumption,c1,c2,0.559023555700327,0.456440821887377,first_order_relative_deviation=level_IRF/steady_state,27,-5.34895269193876e-05,-0.000104535901322658,-5.10463744032707e-05
scale_development_y150,"R=1.5, scale=1.225, unit GDP=1.225",1.5,1.22474487139159,1.22474487139159,0.550510257216822,0.449489742783178,0.6,0.4,1.08989794855664,0.889897948556636,Consumption,c1,c2,0.559023555700327,0.456440821887377,first_order_relative_deviation=level_IRF/steady_state,28,-5.77212034512202e-05,-0.000112765673367003,-5.50444699157833e-05
scale_development_y150,"R=1.5, scale=1.225, unit GDP=1.225",1.5,1.22474487139159,1.22474487139159,0.550510257216822,0.449489742783178,0.6,0.4,1.08989794855664,0.889897948556636,Consumption,c1,c2,0.559023555700327,0.456440821887377,first_order_relative_deviation=level_IRF/steady_state,29,-6.16953989701902e-05,-0.000120277781921927,-5.85823829517366e-05
scale_development_y150,"R=1.5, scale=1.225, unit GDP=1.225",1.5,1.22474487139159,1.22474487139159,0.550510257216822,0.449489742783178,0.6,0.4,1.08989794855664,0.889897948556636,Consumption,c1,c2,0.559023555700327,0.456440821887377,first_order_relative_deviation=level_IRF/steady_state,30,-6.54283132083501e-05,-0.000127126365404641,-6.16980521962909e-05
scale_development_y150,"R=1.5, scale=1.225, unit GDP=1.225",1.5,1.22474487139159,1.22474487139159,0.550510257216822,0.449489742783178,0.6,0.4,1.08989794855664,0.889897948556636,Consumption,c1,c2,0.559023555700327,0.456440821887377,first_order_relative_deviation=level_IRF/steady_state,31,-6.89338485246548e-05,-0.000133361216536259,-6.4427368011604e-05
scale_development_y150,"R=1.5, scale=1.225, unit GDP=1.225",1.5,1.22474487139159,1.22474487139159,0.550510257216822,0.449489742783178,0.6,0.4,1.08989794855664,0.889897948556636,Consumption,c1,c2,0.559023555700327,0.456440821887377,first_order_relative_deviation=level_IRF/steady_state,32,-7.22242257354127e-05,-0.000139028217736625,-6.68039920012127e-05
scale_development_y150,"R=1.5, scale=1.225, unit GDP=1.225",1.5,1.22474487139159,1.22474487139159,0.550510257216822,0.449489742783178,0.6,0.4,1.08989794855664,0.889897948556636,Consumption,c1,c2,0.559023555700327,0.456440821887377,first_order_relative_deviation=level_IRF/steady_state,33,-7.53104002150944e-05,-0.000144169679089619,-6.88592788745249e-05
scale_development_y150,"R=1.5, scale=1.225, unit GDP=1.225",1.5,1.22474487139159,1.22474487139159,0.550510257216822,0.449489742783178,0.6,0.4,1.08989794855664,0.889897948556636,Consumption,c1,c2,0.559023555700327,0.456440821887377,first_order_relative_deviation=level_IRF/steady_state,34,-7.82023435387111e-05,-0.000148824615517503,-7.06222719787916e-05
scale_development_y150,"R=1.5, scale=1.225, unit GDP=1.225",1.5,1.22474487139159,1.22474487139159,0.550510257216822,0.449489742783178,0.6,0.4,1.08989794855664,0.889897948556636,Consumption,c1,c2,0.559023555700327,0.456440821887377,first_order_relative_deviation=level_IRF/steady_state,35,-8.0909235561966e-05,-0.000153028986329277,-7.21197507673113e-05
scale_development_y150,"R=1.5, scale=1.225, unit GDP=1.225",1.5,1.22474487139159,1.22474487139159,0.550510257216822,0.449489742783178,0.6,0.4,1.08989794855664,0.889897948556636,Consumption,c1,c2,0.559023555700327,0.456440821887377,first_order_relative_deviation=level_IRF/steady_state,36,-8.34395974281137e-05,-0.000156815911261732,-7.33763138336184e-05
scale_development_y150,"R=1.5, scale=1.225, unit GDP=1.225",1.5,1.22474487139159,1.22474487139159,0.550510257216822,0.449489742783178,0.6,0.4,1.08989794855664,0.889897948556636,Consumption,c1,c2,0.559023555700327,0.456440821887377,first_order_relative_deviation=level_IRF/steady_state,37,-8.58013859480346e-05,-0.000160215871220536,-7.4414485272501e-05
scale_development_y150,"R=1.5, scale=1.225, unit GDP=1.225",1.5,1.22474487139159,1.22474487139159,0.550510257216822,0.449489742783178,0.6,0.4,1.08989794855664,0.889897948556636,Consumption,c1,c2,0.559023555700327,0.456440821887377,first_order_relative_deviation=level_IRF/steady_state,38,-8.80020628893327e-05,-0.000163256898178404,-7.5254835289071e-05
scale_development_y150,"R=1.5, scale=1.225, unit GDP=1.225",1.5,1.22474487139159,1.22474487139159,0.550510257216822,0.449489742783178,0.6,0.4,1.08989794855664,0.889897948556636,Consumption,c1,c2,0.559023555700327,0.456440821887377,first_order_relative_deviation=level_IRF/steady_state,39,-9.00486480236949e-05,-0.000165964756403043,-7.59161083793484e-05
scale_development_y150,"R=1.5, scale=1.225, unit GDP=1.225",1.5,1.22474487139159,1.22474487139159,0.550510257216822,0.449489742783178,0.6,0.4,1.08989794855664,0.889897948556636,Consumption,c1,c2,0.559023555700327,0.456440821887377,first_order_relative_deviation=level_IRF/steady_state,40,-9.1947761627575e-05,-0.000168363115853055,-7.64153542254796e-05
scale_development_y150,"R=1.5, scale=1.225, unit GDP=1.225",1.5,1.22474487139159,1.22474487139159,0.550510257216822,0.449489742783178,0.6,0.4,1.08989794855664,0.889897948556636,Inflation,pinf1,pinf2,1,1,first_order_relative_deviation=level_IRF/steady_state,1,-0.00167230275039576,-0.00174464306736732,-7.23403169715642e-05
scale_development_y150,"R=1.5, scale=1.225, unit GDP=1.225",1.5,1.22474487139159,1.22474487139159,0.550510257216822,0.449489742783178,0.6,0.4,1.08989794855664,0.889897948556636,Inflation,pinf1,pinf2,1,1,first_order_relative_deviation=level_IRF/steady_state,2,-0.000948821248463516,-0.00101250893275662,-6.36876842931011e-05
scale_development_y150,"R=1.5, scale=1.225, unit GDP=1.225",1.5,1.22474487139159,1.22474487139159,0.550510257216822,0.449489742783178,0.6,0.4,1.08989794855664,0.889897948556636,Inflation,pinf1,pinf2,1,1,first_order_relative_deviation=level_IRF/steady_state,3,-0.000514272292352569,-0.000564847923158696,-5.05756308061267e-05
scale_development_y150,"R=1.5, scale=1.225, unit GDP=1.225",1.5,1.22474487139159,1.22474487139159,0.550510257216822,0.449489742783178,0.6,0.4,1.08989794855664,0.889897948556636,Inflation,pinf1,pinf2,1,1,first_order_relative_deviation=level_IRF/steady_state,4,-0.000258071104956459,-0.000294212956888473,-3.61418519320145e-05
scale_development_y150,"R=1.5, scale=1.225, unit GDP=1.225",1.5,1.22474487139159,1.22474487139159,0.550510257216822,0.449489742783178,0.6,0.4,1.08989794855664,0.889897948556636,Inflation,pinf1,pinf2,1,1,first_order_relative_deviation=level_IRF/steady_state,5,-0.000110507457324438,-0.000132767838624037,-2.22603812995992e-05
scale_development_y150,"R=1.5, scale=1.225, unit GDP=1.225",1.5,1.22474487139159,1.22474487139159,0.550510257216822,0.449489742783178,0.6,0.4,1.08989794855664,0.889897948556636,Inflation,pinf1,pinf2,1,1,first_order_relative_deviation=level_IRF/steady_state,6,-2.81142656173294e-05,-3.80554714181081e-05,-9.94120580077862e-06
scale_development_y150,"R=1.5, scale=1.225, unit GDP=1.225",1.5,1.22474487139159,1.22474487139159,0.550510257216822,0.449489742783178,0.6,0.4,1.08989794855664,0.889897948556636,Inflation,pinf1,pinf2,1,1,first_order_relative_deviation=level_IRF/steady_state,7,1.58934415210865e-05,1.62660169504836e-05,3.7257542939706e-07
scale_development_y150,"R=1.5, scale=1.225, unit GDP=1.225",1.5,1.22474487139159,1.22474487139159,0.550510257216822,0.449489742783178,0.6,0.4,1.08989794855664,0.889897948556636,Inflation,pinf1,pinf2,1,1,first_order_relative_deviation=level_IRF/steady_state,8,3.7805094033061e-05,4.63966332373555e-05,8.59153920429456e-06
scale_development_y150,"R=1.5, scale=1.225, unit GDP=1.225",1.5,1.22474487139159,1.22474487139159,0.550510257216822,0.449489742783178,0.6,0.4,1.08989794855664,0.889897948556636,Inflation,pinf1,pinf2,1,1,first_order_relative_deviation=level_IRF/steady_state,9,4.73786526884457e-05,6.22106714407433e-05,1.48320187522977e-05
scale_development_y150,"R=1.5, scale=1.225, unit GDP=1.225",1.5,1.22474487139159,1.22474487139159,0.550510257216822,0.449489742783178,0.6,0.4,1.08989794855664,0.889897948556636,Inflation,pinf1,pinf2,1,1,first_order_relative_deviation=level_IRF/steady_state,10,5.03554314559285e-05,6.96724382633906e-05,1.93170068074622e-05
scale_development_y150,"R=1.5, scale=1.225, unit GDP=1.225",1.5,1.22474487139159,1.22474487139159,0.550510257216822,0.449489742783178,0.6,0.4,1.08989794855664,0.889897948556636,Inflation,pinf1,pinf2,1,1,first_order_relative_deviation=level_IRF/steady_state,11,5.00390751294599e-05,7.23514567222416e-05,2.23123815927817e-05
scale_development_y150,"R=1.5, scale=1.225, unit GDP=1.225",1.5,1.22474487139159,1.22474487139159,0.550510257216822,0.449489742783178,0.6,0.4,1.08989794855664,0.889897948556636,Inflation,pinf1,pinf2,1,1,first_order_relative_deviation=level_IRF/steady_state,12,4.8276089710253e-05,7.23640152757721e-05,2.40879255655191e-05
scale_development_y150,"R=1.5, scale=1.225, unit GDP=1.225",1.5,1.22474487139159,1.22474487139159,0.550510257216822,0.449489742783178,0.6,0.4,1.08989794855664,0.889897948556636,Inflation,pinf1,pinf2,1,1,first_order_relative_deviation=level_IRF/steady_state,13,4.60574769503008e-05,7.09527007374255e-05,2.48952237871247e-05
scale_development_y150,"R=1.5, scale=1.225, unit GDP=1.225",1.5,1.22474487139159,1.22474487139159,0.550510257216822,0.449489742783178,0.6,0.4,1.08989794855664,0.889897948556636,Inflation,pinf1,pinf2,1,1,first_order_relative_deviation=level_IRF/steady_state,14,4.38829611391078e-05,6.88396372685585e-05,2.49566761294506e-05
scale_development_y150,"R=1.5, scale=1.225, unit GDP=1.225",1.5,1.22474487139159,1.22474487139159,0.550510257216822,0.449489742783178,0.6,0.4,1.08989794855664,0.889897948556636,Inflation,pinf1,pinf2,1,1,first_order_relative_deviation=level_IRF/steady_state,15,4.19781063931701e-05,6.64396438265769e-05,2.44615374334067e-05
scale_development_y150,"R=1.5, scale=1.225, unit GDP=1.225",1.5,1.22474487139159,1.22474487139159,0.550510257216822,0.449489742783178,0.6,0.4,1.08989794855664,0.889897948556636,Inflation,pinf1,pinf2,1,1,first_order_relative_deviation=level_IRF/steady_state,16,4.04213814069188e-05,6.39875492955966e-05,2.35661678886778e-05
scale_development_y150,"R=1.5, scale=1.225, unit GDP=1.225",1.5,1.22474487139159,1.22474487139159,0.550510257216822,0.449489742783178,0.6,0.4,1.08989794855664,0.889897948556636,Inflation,pinf1,pinf2,1,1,first_order_relative_deviation=level_IRF/steady_state,17,3.92168494711687e-05,6.16134551483238e-05,2.23966056771552e-05
scale_development_y150,"R=1.5, scale=1.225, unit GDP=1.225",1.5,1.22474487139159,1.22474487139159,0.550510257216822,0.449489742783178,0.6,0.4,1.08989794855664,0.889897948556636,Inflation,pinf1,pinf2,1,1,first_order_relative_deviation=level_IRF/steady_state,18,3.83345442176442e-05,5.93867823754923e-05,2.10522381578482e-05
scale_development_y150,"R=1.5, scale=1.225, unit GDP=1.225",1.5,1.22474487139159,1.22474487139159,0.550510257216822,0.449489742783178,0.6,0.4,1.08989794855664,0.889897948556636,Inflation,pinf1,pinf2,1,1,first_order_relative_deviation=level_IRF/steady_state,19,3.77320040969575e-05,5.73418149134586e-05,1.9609810816501e-05
scale_development_y150,"R=1.5, scale=1.225, unit GDP=1.225",1.5,1.22474487139159,1.22474487139159,0.550510257216822,0.449489742783178,0.6,0.4,1.08989794855664,0.889897948556636,Inflation,pinf1,pinf2,1,1,first_order_relative_deviation=level_IRF/steady_state,20,3.73650796792191e-05,5.54924074098739e-05,1.81273277306548e-05
scale_development_y150,"R=1.5, scale=1.225, unit GDP=1.225",1.5,1.22474487139159,1.22474487139159,0.550510257216822,0.449489742783178,0.6,0.4,1.08989794855664,0.889897948556636,Inflation,pinf1,pinf2,1,1,first_order_relative_deviation=level_IRF/steady_state,21,3.71928212601347e-05,5.38404263235037e-05,1.6647605063369e-05
scale_development_y150,"R=1.5, scale=1.225, unit GDP=1.225",1.5,1.22474487139159,1.22474487139159,0.550510257216822,0.449489742783178,0.6,0.4,1.08989794855664,0.889897948556636,Inflation,pinf1,pinf2,1,1,first_order_relative_deviation=level_IRF/steady_state,22,3.71792393756287e-05,5.23806111252245e-05,1.52013717495958e-05
scale_development_y150,"R=1.5, scale=1.225, unit GDP=1.225",1.5,1.22474487139159,1.22474487139159,0.550510257216822,0.449489742783178,0.6,0.4,1.08989794855664,0.889897948556636,Inflation,pinf1,pinf2,1,1,first_order_relative_deviation=level_IRF/steady_state,23,3.72935203731828e-05,5.11034129868637e-05,1.38098926136809e-05
scale_development_y150,"R=1.5, scale=1.225, unit GDP=1.225",1.5,1.22474487139159,1.22474487139159,0.550510257216822,0.449489742783178,0.6,0.4,1.08989794855664,0.889897948556636,Inflation,pinf1,pinf2,1,1,first_order_relative_deviation=level_IRF/steady_state,24,3.75095641027556e-05,4.99966996911905e-05,1.24871355884348e-05
scale_development_y150,"R=1.5, scale=1.225, unit GDP=1.225",1.5,1.22474487139159,1.22474487139159,0.550510257216822,0.449489742783178,0.6,0.4,1.08989794855664,0.889897948556636,Inflation,pinf1,pinf2,1,1,first_order_relative_deviation=level_IRF/steady_state,25,3.78052968437181e-05,4.90468254739085e-05,1.12415286301903e-05
scale_development_y150,"R=1.5, scale=1.225, unit GDP=1.225",1.5,1.22474487139159,1.22474487139159,0.550510257216822,0.449489742783178,0.6,0.4,1.08989794855664,0.889897948556636,Inflation,pinf1,pinf2,1,1,first_order_relative_deviation=level_IRF/steady_state,26,3.81619791467447e-05,4.82393407588155e-05,1.00773616120708e-05
scale_development_y150,"R=1.5, scale=1.225, unit GDP=1.225",1.5,1.22474487139159,1.22474487139159,0.550510257216822,0.449489742783178,0.6,0.4,1.08989794855664,0.889897948556636,Inflation,pinf1,pinf2,1,1,first_order_relative_deviation=level_IRF/steady_state,27,3.85636011630552e-05,4.75594908451171e-05,8.99588968206189e-06
scale_development_y150,"R=1.5, scale=1.225, unit GDP=1.225",1.5,1.22474487139159,1.22474487139159,0.550510257216822,0.449489742783178,0.6,0.4,1.08989794855664,0.889897948556636,Inflation,pinf1,pinf2,1,1,first_order_relative_deviation=level_IRF/steady_state,28,3.89963922737824e-05,4.69925832990992e-05,7.99619102531679e-06
scale_development_y150,"R=1.5, scale=1.225, unit GDP=1.225",1.5,1.22474487139159,1.22474487139159,0.550510257216822,0.449489742783178,0.6,0.4,1.08989794855664,0.889897948556636,Inflation,pinf1,pinf2,1,1,first_order_relative_deviation=level_IRF/steady_state,29,3.94484405379369e-05,4.65242666098931e-05,7.07582607195612e-06
scale_development_y150,"R=1.5, scale=1.225, unit GDP=1.225",1.5,1.22474487139159,1.22474487139159,0.550510257216822,0.449489742783178,0.6,0.4,1.08989794855664,0.889897948556636,Inflation,pinf1,pinf2,1,1,first_order_relative_deviation=level_IRF/steady_state,30,3.99094048344484e-05,4.61407433236527e-05,6.23133848920432e-06
scale_development_y150,"R=1.5, scale=1.225, unit GDP=1.225",1.5,1.22474487139159,1.22474487139159,0.550510257216822,0.449489742783178,0.6,0.4,1.08989794855664,0.889897948556636,Inflation,pinf1,pinf2,1,1,first_order_relative_deviation=level_IRF/steady_state,31,4.03702994931088e-05,4.58289311235927e-05,5.45863163048388e-06
scale_development_y150,"R=1.5, scale=1.225, unit GDP=1.225",1.5,1.22474487139159,1.22474487139159,0.550510257216822,0.449489742783178,0.6,0.4,1.08989794855664,0.889897948556636,Inflation,pinf1,pinf2,1,1,first_order_relative_deviation=level_IRF/steady_state,32,4.08233326159024e-05,4.55765805948971e-05,4.75324797899468e-06
scale_development_y150,"R=1.5, scale=1.225, unit GDP=1.225",1.5,1.22474487139159,1.22474487139159,0.550510257216822,0.449489742783178,0.6,0.4,1.08989794855664,0.889897948556636,Inflation,pinf1,pinf2,1,1,first_order_relative_deviation=level_IRF/steady_state,33,4.12617824301353e-05,4.53723561768538e-05,4.11057374671842e-06
scale_development_y150,"R=1.5, scale=1.225, unit GDP=1.225",1.5,1.22474487139159,1.22474487139159,0.550510257216822,0.449489742783178,0.6,0.4,1.08989794855664,0.889897948556636,Inflation,pinf1,pinf2,1,1,first_order_relative_deviation=level_IRF/steady_state,34,4.1679899509095e-05,4.52058857176585e-05,3.52598620856348e-06
scale_development_y150,"R=1.5, scale=1.225, unit GDP=1.225",1.5,1.22474487139159,1.22474487139159,0.550510257216822,0.449489742783178,0.6,0.4,1.08989794855664,0.889897948556636,Inflation,pinf1,pinf2,1,1,first_order_relative_deviation=level_IRF/steady_state,35,4.20728258903047e-05,4.50677834671342e-05,2.99495757682955e-06
scale_development_y150,"R=1.5, scale=1.225, unit GDP=1.225",1.5,1.22474487139159,1.22474487139159,0.550510257216822,0.449489742783178,0.6,0.4,1.08989794855664,0.889897948556636,Inflation,pinf1,pinf2,1,1,first_order_relative_deviation=level_IRF/steady_state,36,4.24365247779779e-05,4.49496509105085e-05,2.51312613253063e-06
scale_development_y150,"R=1.5, scale=1.225, unit GDP=1.225",1.5,1.22474487139159,1.22474487139159,0.550510257216822,0.449489742783178,0.6,0.4,1.08989794855664,0.889897948556636,Inflation,pinf1,pinf2,1,1,first_order_relative_deviation=level_IRF/steady_state,37,4.27677166006113e-05,4.48440594786881e-05,2.07634287807679e-06
scale_development_y150,"R=1.5, scale=1.225, unit GDP=1.225",1.5,1.22474487139159,1.22474487139159,0.550510257216822,0.449489742783178,0.6,0.4,1.08989794855664,0.889897948556636,Inflation,pinf1,pinf2,1,1,first_order_relative_deviation=level_IRF/steady_state,38,4.30638187476351e-05,4.47445187807816e-05,1.68070003314646e-06
scale_development_y150,"R=1.5, scale=1.225, unit GDP=1.225",1.5,1.22474487139159,1.22474487139159,0.550510257216822,0.449489742783178,0.6,0.4,1.08989794855664,0.889897948556636,Inflation,pinf1,pinf2,1,1,first_order_relative_deviation=level_IRF/steady_state,39,4.33228874301417e-05,4.46454336107127e-05,1.32254618057104e-06
scale_development_y150,"R=1.5, scale=1.225, unit GDP=1.225",1.5,1.22474487139159,1.22474487139159,0.550510257216822,0.449489742783178,0.6,0.4,1.08989794855664,0.889897948556636,Inflation,pinf1,pinf2,1,1,first_order_relative_deviation=level_IRF/steady_state,40,4.35435608932e-05,4.45420525854168e-05,9.98491692216774e-07
scale_development_y200,"R=2.0, scale=1.414, unit GDP=1.414",2,1.4142135623731,1.4142135623731,0.585786437626905,0.414213562373095,0.666666666666667,0.333333333333333,1.1380711874577,0.804737854124365,Net real debt-service burden,ds1,ds2,0.0161616161616163,0.0404040404040407,first_order_relative_deviation=level_IRF/steady_state,1,0.17077995881143,0.177615582735215,0.00683562392378503
scale_development_y200,"R=2.0, scale=1.414, unit GDP=1.414",2,1.4142135623731,1.4142135623731,0.585786437626905,0.414213562373095,0.666666666666667,0.333333333333333,1.1380711874577,0.804737854124365,Net real debt-service burden,ds1,ds2,0.0161616161616163,0.0404040404040407,first_order_relative_deviation=level_IRF/steady_state,2,0.278235703037816,0.284428805618241,0.00619310258042521
scale_development_y200,"R=2.0, scale=1.414, unit GDP=1.414",2,1.4142135623731,1.4142135623731,0.585786437626905,0.414213562373095,0.666666666666667,0.333333333333333,1.1380711874577,0.804737854124365,Net real debt-service burden,ds1,ds2,0.0161616161616163,0.0404040404040407,first_order_relative_deviation=level_IRF/steady_state,3,0.149337739015548,0.154447663813055,0.00510992479750702
scale_development_y200,"R=2.0, scale=1.414, unit GDP=1.414",2,1.4142135623731,1.4142135623731,0.585786437626905,0.414213562373095,0.666666666666667,0.333333333333333,1.1380711874577,0.804737854124365,Net real debt-service burden,ds1,ds2,0.0161616161616163,0.0404040404040407,first_order_relative_deviation=level_IRF/steady_state,4,0.0763926478019869,0.0802629962109902,0.00387034840900333
scale_development_y200,"R=2.0, scale=1.414, unit GDP=1.414",2,1.4142135623731,1.4142135623731,0.585786437626905,0.414213562373095,0.666666666666667,0.333333333333333,1.1380711874577,0.804737854124365,Net real debt-service burden,ds1,ds2,0.0161616161616163,0.0404040404040407,first_order_relative_deviation=level_IRF/steady_state,5,0.0363247586329578,0.0389725705177216,0.00264781188476385
scale_development_y200,"R=2.0, scale=1.414, unit GDP=1.414",2,1.4142135623731,1.4142135623731,0.585786437626905,0.414213562373095,0.666666666666667,0.333333333333333,1.1380711874577,0.804737854124365,Net real debt-service burden,ds1,ds2,0.0161616161616163,0.0404040404040407,first_order_relative_deviation=level_IRF/steady_state,6,0.0151896546350121,0.0167289011730406,0.00153924653802849
scale_development_y200,"R=2.0, scale=1.414, unit GDP=1.414",2,1.4142135623731,1.4142135623731,0.585786437626905,0.414213562373095,0.666666666666667,0.333333333333333,1.1380711874577,0.804737854124365,Net real debt-service burden,ds1,ds2,0.0161616161616163,0.0404040404040407,first_order_relative_deviation=level_IRF/steady_state,7,0.00468479801821668,0.00527557083159511,0.000590772813378422
scale_development_y200,"R=2.0, scale=1.414, unit GDP=1.414",2,1.4142135623731,1.4142135623731,0.585786437626905,0.414213562373095,0.666666666666667,0.333333333333333,1.1380711874577,0.804737854124365,Net real debt-service burden,ds1,ds2,0.0161616161616163,0.0404040404040407,first_order_relative_deviation=level_IRF/steady_state,8,-4.77209707890793e-05,-0.000231453172880113,-0.000183732202091034
scale_development_y200,"R=2.0, scale=1.414, unit GDP=1.414",2,1.4142135623731,1.4142135623731,0.585786437626905,0.414213562373095,0.666666666666667,0.333333333333333,1.1380711874577,0.804737854124365,Net real debt-service burden,ds1,ds2,0.0161616161616163,0.0404040404040407,first_order_relative_deviation=level_IRF/steady_state,9,-0.00179047779458561,-0.00258012776168707,-0.000789649967101458
scale_development_y200,"R=2.0, scale=1.414, unit GDP=1.414",2,1.4142135623731,1.4142135623731,0.585786437626905,0.414213562373095,0.666666666666667,0.333333333333333,1.1380711874577,0.804737854124365,Net real debt-service burden,ds1,ds2,0.0161616161616163,0.0404040404040407,first_order_relative_deviation=level_IRF/steady_state,10,-0.00209461650515648,-0.00333745075137518,-0.0012428342462187
scale_development_y200,"R=2.0, scale=1.414, unit GDP=1.414",2,1.4142135623731,1.4142135623731,0.585786437626905,0.414213562373095,0.666666666666667,0.333333333333333,1.1380711874577,0.804737854124365,Net real debt-service burden,ds1,ds2,0.0161616161616163,0.0404040404040407,first_order_relative_deviation=level_IRF/steady_state,11,-0.00179368041291105,-0.00335756031758465,-0.0015638799046736
scale_development_y200,"R=2.0, scale=1.414, unit GDP=1.414",2,1.4142135623731,1.4142135623731,0.585786437626905,0.414213562373095,0.666666666666667,0.333333333333333,1.1380711874577,0.804737854124365,Net real debt-service burden,ds1,ds2,0.0161616161616163,0.0404040404040407,first_order_relative_deviation=level_IRF/steady_state,12,-0.00131224513293339,-0.00308679505014072,-0.00177454991720733
scale_development_y200,"R=2.0, scale=1.414, unit GDP=1.414",2,1.4142135623731,1.4142135623731,0.585786437626905,0.414213562373095,0.666666666666667,0.333333333333333,1.1380711874577,0.804737854124365,Net real debt-service burden,ds1,ds2,0.0161616161616163,0.0404040404040407,first_order_relative_deviation=level_IRF/steady_state,13,-0.000848414699235316,-0.00274409833370673,-0.00189568363447141
scale_development_y200,"R=2.0, scale=1.414, unit GDP=1.414",2,1.4142135623731,1.4142135623731,0.585786437626905,0.414213562373095,0.666666666666667,0.333333333333333,1.1380711874577,0.804737854124365,Net real debt-service burden,ds1,ds2,0.0161616161616163,0.0404040404040407,first_order_relative_deviation=level_IRF/steady_state,14,-0.000479733207755917,-0.00242582406638472,-0.0019460908586288
scale_development_y200,"R=2.0, scale=1.414, unit GDP=1.414",2,1.4142135623731,1.4142135623731,0.585786437626905,0.414213562373095,0.666666666666667,0.333333333333333,1.1380711874577,0.804737854124365,Net real debt-service burden,ds1,ds2,0.0161616161616163,0.0404040404040407,first_order_relative_deviation=level_IRF/steady_state,15,-0.000223241180052181,-0.00216532002321558,-0.0019420788431634
scale_development_y200,"R=2.0, scale=1.414, unit GDP=1.414",2,1.4142135623731,1.4142135623731,0.585786437626905,0.414213562373095,0.666666666666667,0.333333333333333,1.1380711874577,0.804737854124365,Net real debt-service burden,ds1,ds2,0.0161616161616163,0.0404040404040407,first_order_relative_deviation=level_IRF/steady_state,16,-6.85158052072822e-05,-0.00196588310374456,-0.00189736729853728
scale_development_y200,"R=2.0, scale=1.414, unit GDP=1.414",2,1.4142135623731,1.4142135623731,0.585786437626905,0.414213562373095,0.666666666666667,0.333333333333333,1.1380711874577,0.804737854124365,Net real debt-service burden,ds1,ds2,0.0161616161616163,0.0404040404040407,first_order_relative_deviation=level_IRF/steady_state,17,4.90023727358959e-06,-0.00181832566003681,-0.0018232258973104
scale_development_y200,"R=2.0, scale=1.414, unit GDP=1.414",2,1.4142135623731,1.4142135623731,0.585786437626905,0.414213562373095,0.666666666666667,0.333333333333333,1.1380711874577,0.804737854124365,Net real debt-service burden,ds1,ds2,0.0161616161616163,0.0404040404040407,first_order_relative_deviation=level_IRF/steady_state,18,1.8875347434664e-05,-0.00170985037377079,-0.00172872572120546
scale_development_y200,"R=2.0, scale=1.414, unit GDP=1.414",2,1.4142135623731,1.4142135623731,0.585786437626905,0.414213562373095,0.666666666666667,0.333333333333333,1.1380711874577,0.804737854124365,Net real debt-service burden,ds1,ds2,0.0161616161616163,0.0404040404040407,first_order_relative_deviation=level_IRF/steady_state,19,-7.123491378234e-06,-0.00162815946995081,-0.00162103597857257
scale_development_y200,"R=2.0, scale=1.414, unit GDP=1.414",2,1.4142135623731,1.4142135623731,0.585786437626905,0.414213562373095,0.666666666666667,0.333333333333333,1.1380711874577,0.804737854124365,Net real debt-service burden,ds1,ds2,0.0161616161616163,0.0404040404040407,first_order_relative_deviation=level_IRF/steady_state,20,-5.73298764611204e-05,-0.0015630544782174,-0.00150572460175628
scale_development_y200,"R=2.0, scale=1.414, unit GDP=1.414",2,1.4142135623731,1.4142135623731,0.585786437626905,0.414213562373095,0.666666666666667,0.333333333333333,1.1380711874577,0.804737854124365,Net real debt-service burden,ds1,ds2,0.0161616161616163,0.0404040404040407,first_order_relative_deviation=level_IRF/steady_state,21,-0.000119752292233483,-0.00150679181477415,-0.00138703952254066
scale_development_y200,"R=2.0, scale=1.414, unit GDP=1.414",2,1.4142135623731,1.4142135623731,0.585786437626905,0.414213562373095,0.666666666666667,0.333333333333333,1.1380711874577,0.804737854124365,Net real debt-service burden,ds1,ds2,0.0161616161616163,0.0404040404040407,first_order_relative_deviation=level_IRF/steady_state,22,-0.000185722187646416,-0.00145388138338861,-0.0012681591957422
scale_development_y200,"R=2.0, scale=1.414, unit GDP=1.414",2,1.4142135623731,1.4142135623731,0.585786437626905,0.414213562373095,0.666666666666667,0.333333333333333,1.1380711874577,0.804737854124365,Net real debt-service burden,ds1,ds2,0.0161616161616163,0.0404040404040407,first_order_relative_deviation=level_IRF/steady_state,23,-0.000249276853571672,-0.00140068513390898,-0.00115140828033731
scale_development_y200,"R=2.0, scale=1.414, unit GDP=1.414",2,1.4142135623731,1.4142135623731,0.585786437626905,0.414213562373095,0.666666666666667,0.333333333333333,1.1380711874577,0.804737854124365,Net real debt-service burden,ds1,ds2,0.0161616161616163,0.0404040404040407,first_order_relative_deviation=level_IRF/steady_state,24,-0.000306549997252717,-0.00134498873012423,-0.00103843873287151
scale_development_y200,"R=2.0, scale=1.414, unit GDP=1.414",2,1.4142135623731,1.4142135623731,0.585786437626905,0.414213562373095,0.666666666666667,0.333333333333333,1.1380711874577,0.804737854124365,Net real debt-service burden,ds1,ds2,0.0161616161616163,0.0404040404040407,first_order_relative_deviation=level_IRF/steady_state,25,-0.000355241768076298,-0.00128562070929707,-0.000930378941220767
scale_development_y200,"R=2.0, scale=1.414, unit GDP=1.414",2,1.4142135623731,1.4142135623731,0.585786437626905,0.414213562373095,0.666666666666667,0.333333333333333,1.1380711874577,0.804737854124365,Net real debt-service burden,ds1,ds2,0.0161616161616163,0.0404040404040407,first_order_relative_deviation=level_IRF/steady_state,26,-0.000394188370229258,-0.00122214301012424,-0.00082795463989498
scale_development_y200,"R=2.0, scale=1.414, unit GDP=1.414",2,1.4142135623731,1.4142135623731,0.585786437626905,0.414213562373095,0.666666666666667,0.333333333333333,1.1380711874577,0.804737854124365,Net real debt-service burden,ds1,ds2,0.0161616161616163,0.0404040404040407,first_order_relative_deviation=level_IRF/steady_state,27,-0.000423027187804745,-0.00115461287475798,-0.000731585686953239
scale_development_y200,"R=2.0, scale=1.414, unit GDP=1.414",2,1.4142135623731,1.4142135623731,0.585786437626905,0.414213562373095,0.666666666666667,0.333333333333333,1.1380711874577,0.804737854124365,Net real debt-service burden,ds1,ds2,0.0161616161616163,0.0404040404040407,first_order_relative_deviation=level_IRF/steady_state,28,-0.000441943734028515,-0.00108340640590692,-0.000641462671878406
scale_development_y200,"R=2.0, scale=1.414, unit GDP=1.414",2,1.4142135623731,1.4142135623731,0.585786437626905,0.414213562373095,0.666666666666667,0.333333333333333,1.1380711874577,0.804737854124365,Net real debt-service burden,ds1,ds2,0.0161616161616163,0.0404040404040407,first_order_relative_deviation=level_IRF/steady_state,29,-0.000451484465457919,-0.00100909144030561,-0.000557606974847686
scale_development_y200,"R=2.0, scale=1.414, unit GDP=1.414",2,1.4142135623731,1.4142135623731,0.585786437626905,0.414213562373095,0.666666666666667,0.333333333333333,1.1380711874577,0.804737854124365,Net real debt-service burden,ds1,ds2,0.0161616161616163,0.0404040404040407,first_order_relative_deviation=level_IRF/steady_state,30,-0.000452420590030309,-0.000932338034207065,-0.000479917444176756
scale_development_y200,"R=2.0, scale=1.414, unit GDP=1.414",2,1.4142135623731,1.4142135623731,0.585786437626905,0.414213562373095,0.666666666666667,0.333333333333333,1.1380711874577,0.804737854124365,Net real debt-service burden,ds1,ds2,0.0161616161616163,0.0404040404040407,first_order_relative_deviation=level_IRF/steady_state,31,-0.000445650345148797,-0.00085385672622598,-0.000408206381077183
scale_development_y200,"R=2.0, scale=1.414, unit GDP=1.414",2,1.4142135623731,1.4142135623731,0.585786437626905,0.414213562373095,0.666666666666667,0.333333333333333,1.1380711874577,0.804737854124365,Net real debt-service burden,ds1,ds2,0.0161616161616163,0.0404040404040407,first_order_relative_deviation=level_IRF/steady_state,32,-0.00043212978953403,-0.000774356854653144,-0.000342227065119114
scale_development_y200,"R=2.0, scale=1.414, unit GDP=1.414",2,1.4142135623731,1.4142135623731,0.585786437626905,0.414213562373095,0.666666666666667,0.333333333333333,1.1380711874577,0.804737854124365,Net real debt-service burden,ds1,ds2,0.0161616161616163,0.0404040404040407,first_order_relative_deviation=level_IRF/steady_state,33,-0.000412824479123069,-0.000694519122517187,-0.000281694643394118
scale_development_y200,"R=2.0, scale=1.414, unit GDP=1.414",2,1.4142135623731,1.4142135623731,0.585786437626905,0.414213562373095,0.666666666666667,0.333333333333333,1.1380711874577,0.804737854124365,Net real debt-service burden,ds1,ds2,0.0161616161616163,0.0404040404040407,first_order_relative_deviation=level_IRF/steady_state,34,-0.000388676322607192,-0.000614978173382343,-0.000226301850775151
scale_development_y200,"R=2.0, scale=1.414, unit GDP=1.414",2,1.4142135623731,1.4142135623731,0.585786437626905,0.414213562373095,0.666666666666667,0.333333333333333,1.1380711874577,0.804737854124365,Net real debt-service burden,ds1,ds2,0.0161616161616163,0.0404040404040407,first_order_relative_deviation=level_IRF/steady_state,35,-0.000360581422250332,-0.000536312151211674,-0.000175730728961342
scale_development_y200,"R=2.0, scale=1.414, unit GDP=1.414",2,1.4142135623731,1.4142135623731,0.585786437626905,0.414213562373095,0.666666666666667,0.333333333333333,1.1380711874577,0.804737854124365,Net real debt-service burden,ds1,ds2,0.0161616161616163,0.0404040404040407,first_order_relative_deviation=level_IRF/steady_state,36,-0.0003293758489615,-0.000459037113648736,-0.000129661264687236
scale_development_y200,"R=2.0, scale=1.414, unit GDP=1.414",2,1.4142135623731,1.4142135623731,0.585786437626905,0.414213562373095,0.666666666666667,0.333333333333333,1.1380711874577,0.804737854124365,Net real debt-service burden,ds1,ds2,0.0161616161616163,0.0404040404040407,first_order_relative_deviation=level_IRF/steady_state,37,-0.000295827145394641,-0.000383604812142714,-8.77776667480735e-05
scale_development_y200,"R=2.0, scale=1.414, unit GDP=1.414",2,1.4142135623731,1.4142135623731,0.585786437626905,0.414213562373095,0.666666666666667,0.333333333333333,1.1380711874577,0.804737854124365,Net real debt-service burden,ds1,ds2,0.0161616161616163,0.0404040404040407,first_order_relative_deviation=level_IRF/steady_state,38,-0.000260629964407198,-0.000310402805235494,-4.9772840828296e-05
scale_development_y200,"R=2.0, scale=1.414, unit GDP=1.414",2,1.4142135623731,1.4142135623731,0.585786437626905,0.414213562373095,0.666666666666667,0.333333333333333,1.1380711874577,0.804737854124365,Net real debt-service burden,ds1,ds2,0.0161616161616163,0.0404040404040407,first_order_relative_deviation=level_IRF/steady_state,39,-0.000224404690677195,-0.000239756184580936,-1.53514939037414e-05
scale_development_y200,"R=2.0, scale=1.414, unit GDP=1.414",2,1.4142135623731,1.4142135623731,0.585786437626905,0.414213562373095,0.666666666666667,0.333333333333333,1.1380711874577,0.804737854124365,Net real debt-service burden,ds1,ds2,0.0161616161616163,0.0404040404040407,first_order_relative_deviation=level_IRF/steady_state,40,-0.000187698207239096,-0.000171930407522571,1.5767799716525e-05
scale_development_y200,"R=2.0, scale=1.414, unit GDP=1.414",2,1.4142135623731,1.4142135623731,0.585786437626905,0.414213562373095,0.666666666666667,0.333333333333333,1.1380711874577,0.804737854124365,Pre-financing fiscal resources,fs1,fs2,0.136568542494924,0.0965685424949238,first_order_relative_deviation=level_IRF/steady_state,1,-0.0241709348939813,-0.0605881365936626,-0.0364172016996813
scale_development_y200,"R=2.0, scale=1.414, unit GDP=1.414",2,1.4142135623731,1.4142135623731,0.585786437626905,0.414213562373095,0.666666666666667,0.333333333333333,1.1380711874577,0.804737854124365,Pre-financing fiscal resources,fs1,fs2,0.136568542494924,0.0965685424949238,first_order_relative_deviation=level_IRF/steady_state,2,-0.0384514353508345,-0.0964773502691973,-0.0580259149183629
scale_development_y200,"R=2.0, scale=1.414, unit GDP=1.414",2,1.4142135623731,1.4142135623731,0.585786437626905,0.414213562373095,0.666666666666667,0.333333333333333,1.1380711874577,0.804737854124365,Pre-financing fiscal resources,fs1,fs2,0.136568542494924,0.0965685424949238,first_order_relative_deviation=level_IRF/steady_state,3,-0.0209113287761683,-0.052632446260995,-0.0317211174848268
scale_development_y200,"R=2.0, scale=1.414, unit GDP=1.414",2,1.4142135623731,1.4142135623731,0.585786437626905,0.414213562373095,0.666666666666667,0.333333333333333,1.1380711874577,0.804737854124365,Pre-financing fiscal resources,fs1,fs2,0.136568542494924,0.0965685424949238,first_order_relative_deviation=level_IRF/steady_state,4,-0.0109343690158746,-0.0275810607612232,-0.0166466917453486
scale_development_y200,"R=2.0, scale=1.414, unit GDP=1.414",2,1.4142135623731,1.4142135623731,0.585786437626905,0.414213562373095,0.666666666666667,0.333333333333333,1.1380711874577,0.804737854124365,Pre-financing fiscal resources,fs1,fs2,0.136568542494924,0.0965685424949238,first_order_relative_deviation=level_IRF/steady_state,5,-0.00541565696677978,-0.0136159283595535,-0.00820027139277372
scale_development_y200,"R=2.0, scale=1.414, unit GDP=1.414",2,1.4142135623731,1.4142135623731,0.585786437626905,0.414213562373095,0.666666666666667,0.333333333333333,1.1380711874577,0.804737854124365,Pre-financing fiscal resources,fs1,fs2,0.136568542494924,0.0965685424949238,first_order_relative_deviation=level_IRF/steady_state,6,-0.00247435504565424,-0.00607465292933115,-0.00360029788367691
scale_development_y200,"R=2.0, scale=1.414, unit GDP=1.414",2,1.4142135623731,1.4142135623731,0.585786437626905,0.414213562373095,0.666666666666667,0.333333333333333,1.1380711874577,0.804737854124365,Pre-financing fiscal resources,fs1,fs2,0.136568542494924,0.0965685424949238,first_order_relative_deviation=level_IRF/steady_state,7,-0.000987481019267201,-0.00217581029728066,-0.00118832927801346
scale_development_y200,"R=2.0, scale=1.414, unit GDP=1.414",2,1.4142135623731,1.4142135623731,0.585786437626905,0.414213562373095,0.666666666666667,0.333333333333333,1.1380711874577,0.804737854124365,Pre-financing fiscal resources,fs1,fs2,0.136568542494924,0.0965685424949238,first_order_relative_deviation=level_IRF/steady_state,8,-0.000295797586353417,-0.000286538602701921,9.25898365149625e-06
scale_development_y200,"R=2.0, scale=1.414, unit GDP=1.414",2,1.4142135623731,1.4142135623731,0.585786437626905,0.414213562373095,0.666666666666667,0.333333333333333,1.1380711874577,0.804737854124365,Pre-financing fiscal resources,fs1,fs2,0.136568542494924,0.0965685424949238,first_order_relative_deviation=level_IRF/steady_state,9,-2.01706146290682e-05,0.000533613340057697,0.000553783954686766
scale_development_y200,"R=2.0, scale=1.414, unit GDP=1.414",2,1.4142135623731,1.4142135623731,0.585786437626905,0.414213562373095,0.666666666666667,0.333333333333333,1.1380711874577,0.804737854124365,Pre-financing fiscal resources,fs1,fs2,0.136568542494924,0.0965685424949238,first_order_relative_deviation=level_IRF/steady_state,10,5.18475092481361e-05,0.000813682239612899,0.000761834730364763
scale_development_y200,"R=2.0, scale=1.414, unit GDP=1.414",2,1.4142135623731,1.4142135623731,0.585786437626905,0.414213562373095,0.666666666666667,0.333333333333333,1.1380711874577,0.804737854124365,Pre-financing fiscal resources,fs1,fs2,0.136568542494924,0.0965685424949238,first_order_relative_deviation=level_IRF/steady_state,11,3.52339736812427e-05,0.000842339779497355,0.000807105805816112
scale_development_y200,"R=2.0, scale=1.414, unit GDP=1.414",2,1.4142135623731,1.4142135623731,0.585786437626905,0.414213562373095,0.666666666666667,0.333333333333333,1.1380711874577,0.804737854124365,Pre-financing fiscal resources,fs1,fs2,0.136568542494924,0.0965685424949238,first_order_relative_deviation=level_IRF/steady_state,12,-1.08210624437274e-05,0.000770647227544094,0.000781468289987822
scale_development_y200,"R=2.0, scale=1.414, unit GDP=1.414",2,1.4142135623731,1.4142135623731,0.585786437626905,0.414213562373095,0.666666666666667,0.333333333333333,1.1380711874577,0.804737854124365,Pre-financing fiscal resources,fs1,fs2,0.136568542494924,0.0965685424949238,first_order_relative_deviation=level_IRF/steady_state,13,-5.81919540340158e-05,0.000672860275433789,0.000731052229467805
scale_development_y200,"R=2.0, scale=1.414, unit GDP=1.414",2,1.4142135623731,1.4142135623731,0.585786437626905,0.414213562373095,0.666666666666667,0.333333333333333,1.1380711874577,0.804737854124365,Pre-financing fiscal resources,fs1,fs2,0.136568542494924,0.0965685424949238,first_order_relative_deviation=level_IRF/steady_state,14,-9.54174048738387e-05,0.000581779547606414,0.000677196952480253
scale_development_y200,"R=2.0, scale=1.414, unit GDP=1.414",2,1.4142135623731,1.4142135623731,0.585786437626905,0.414213562373095,0.666666666666667,0.333333333333333,1.1380711874577,0.804737854124365,Pre-financing fiscal resources,fs1,fs2,0.136568542494924,0.0965685424949238,first_order_relative_deviation=level_IRF/steady_state,15,-0.000119497604807949,0.000508865539789871,0.000628363144597819
scale_development_y200,"R=2.0, scale=1.414, unit GDP=1.414",2,1.4142135623731,1.4142135623731,0.585786437626905,0.414213562373095,0.666666666666667,0.333333333333333,1.1380711874577,0.804737854124365,Pre-financing fiscal resources,fs1,fs2,0.136568542494924,0.0965685424949238,first_order_relative_deviation=level_IRF/steady_state,16,-0.000131354187397139,0.000455376315811511,0.00058673050320865
scale_development_y200,"R=2.0, scale=1.414, unit GDP=1.414",2,1.4142135623731,1.4142135623731,0.585786437626905,0.414213562373095,0.666666666666667,0.333333333333333,1.1380711874577,0.804737854124365,Pre-financing fiscal resources,fs1,fs2,0.136568542494924,0.0965685424949238,first_order_relative_deviation=level_IRF/steady_state,17,-0.000133414951333306,0.00041831286705769,0.000551727818390996
scale_development_y200,"R=2.0, scale=1.414, unit GDP=1.414",2,1.4142135623731,1.4142135623731,0.585786437626905,0.414213562373095,0.666666666666667,0.333333333333333,1.1380711874577,0.804737854124365,Pre-financing fiscal resources,fs1,fs2,0.136568542494924,0.0965685424949238,first_order_relative_deviation=level_IRF/steady_state,18,-0.000128402897872857,0.000393428982195033,0.000521831880067889
scale_development_y200,"R=2.0, scale=1.414, unit GDP=1.414",2,1.4142135623731,1.4142135623731,0.585786437626905,0.414213562373095,0.666666666666667,0.333333333333333,1.1380711874577,0.804737854124365,Pre-financing fiscal resources,fs1,fs2,0.136568542494924,0.0965685424949238,first_order_relative_deviation=level_IRF/steady_state,19,-0.000118787578467952,0.000376629468037244,0.000495417046505196
scale_development_y200,"R=2.0, scale=1.414, unit GDP=1.414",2,1.4142135623731,1.4142135623731,0.585786437626905,0.414213562373095,0.666666666666667,0.333333333333333,1.1380711874577,0.804737854124365,Pre-financing fiscal resources,fs1,fs2,0.136568542494924,0.0965685424949238,first_order_relative_deviation=level_IRF/steady_state,20,-0.000106585720691471,0.000364518225459214,0.000471103946150685
scale_development_y200,"R=2.0, scale=1.414, unit GDP=1.414",2,1.4142135623731,1.4142135623731,0.585786437626905,0.414213562373095,0.666666666666667,0.333333333333333,1.1380711874577,0.804737854124365,Pre-financing fiscal resources,fs1,fs2,0.136568542494924,0.0965685424949238,first_order_relative_deviation=level_IRF/steady_state,21,-9.33346674218025e-05,0.000354523703312873,0.000447858370734676
scale_development_y200,"R=2.0, scale=1.414, unit GDP=1.414",2,1.4142135623731,1.4142135623731,0.585786437626905,0.414213562373095,0.666666666666667,0.333333333333333,1.1380711874577,0.804737854124365,Pre-financing fiscal resources,fs1,fs2,0.136568542494924,0.0965685424949238,first_order_relative_deviation=level_IRF/steady_state,22,-8.01422657504994e-05,0.00034483427077601,0.000424976536526509
scale_development_y200,"R=2.0, scale=1.414, unit GDP=1.414",2,1.4142135623731,1.4142135623731,0.585786437626905,0.414213562373095,0.666666666666667,0.333333333333333,1.1380711874577,0.804737854124365,Pre-financing fiscal resources,fs1,fs2,0.136568542494924,0.0965685424949238,first_order_relative_deviation=level_IRF/steady_state,23,-6.7762885189219e-05,0.000334264547124276,0.000402027432313495
scale_development_y200,"R=2.0, scale=1.414, unit GDP=1.414",2,1.4142135623731,1.4142135623731,0.585786437626905,0.414213562373095,0.666666666666667,0.333333333333333,1.1380711874577,0.804737854124365,Pre-financing fiscal resources,fs1,fs2,0.136568542494924,0.0965685424949238,first_order_relative_deviation=level_IRF/steady_state,24,-5.66750461875206e-05,0.000322111602704454,0.000378786648891974
scale_development_y200,"R=2.0, scale=1.414, unit GDP=1.414",2,1.4142135623731,1.4142135623731,0.585786437626905,0.414213562373095,0.666666666666667,0.333333333333333,1.1380711874577,0.804737854124365,Pre-financing fiscal resources,fs1,fs2,0.136568542494924,0.0965685424949238,first_order_relative_deviation=level_IRF/steady_state,25,-4.71501183050898e-05,0.000308026502413797,0.000355176620718887
scale_development_y200,"R=2.0, scale=1.414, unit GDP=1.414",2,1.4142135623731,1.4142135623731,0.585786437626905,0.414213562373095,0.666666666666667,0.333333333333333,1.1380711874577,0.804737854124365,Pre-financing fiscal resources,fs1,fs2,0.136568542494924,0.0965685424949238,first_order_relative_deviation=level_IRF/steady_state,26,-3.93087642484539e-05,0.000291909520182473,0.000331218284430927
scale_development_y200,"R=2.0, scale=1.414, unit GDP=1.414",2,1.4142135623731,1.4142135623731,0.585786437626905,0.414213562373095,0.666666666666667,0.333333333333333,1.1380711874577,0.804737854124365,Pre-financing fiscal resources,fs1,fs2,0.136568542494924,0.0965685424949238,first_order_relative_deviation=level_IRF/steady_state,27,-3.31652585111021e-05,0.000273829217044929,0.000306994475556031
scale_development_y200,"R=2.0, scale=1.414, unit GDP=1.414",2,1.4142135623731,1.4142135623731,0.585786437626905,0.414213562373095,0.666666666666667,0.333333333333333,1.1380711874577,0.804737854124365,Pre-financing fiscal resources,fs1,fs2,0.136568542494924,0.0965685424949238,first_order_relative_deviation=level_IRF/steady_state,28,-2.86612404848149e-05,0.000253962232208265,0.00028262347269308
scale_development_y200,"R=2.0, scale=1.414, unit GDP=1.414",2,1.4142135623731,1.4142135623731,0.585786437626905,0.414213562373095,0.666666666666667,0.333333333333333,1.1380711874577,0.804737854124365,Pre-financing fiscal resources,fs1,fs2,0.136568542494924,0.0965685424949238,first_order_relative_deviation=level_IRF/steady_state,29,-2.5690863003591e-05,0.000232549707259023,0.000258240570262614
scale_development_y200,"R=2.0, scale=1.414, unit GDP=1.414",2,1.4142135623731,1.4142135623731,0.585786437626905,0.414213562373095,0.666666666666667,0.333333333333333,1.1380711874577,0.804737854124365,Pre-financing fiscal resources,fs1,fs2,0.136568542494924,0.0965685424949238,first_order_relative_deviation=level_IRF/steady_state,30,-2.41192163588767e-05,0.000209866445503605,0.000233985661862481
scale_development_y200,"R=2.0, scale=1.414, unit GDP=1.414",2,1.4142135623731,1.4142135623731,0.585786437626905,0.414213562373095,0.666666666666667,0.333333333333333,1.1380711874577,0.804737854124365,Pre-financing fiscal resources,fs1,fs2,0.136568542494924,0.0965685424949238,first_order_relative_deviation=level_IRF/steady_state,31,-2.37956362916086e-05,0.000186199517048276,0.000209995153339885
scale_development_y200,"R=2.0, scale=1.414, unit GDP=1.414",2,1.4142135623731,1.4142135623731,0.585786437626905,0.414213562373095,0.666666666666667,0.333333333333333,1.1380711874577,0.804737854124365,Pre-financing fiscal resources,fs1,fs2,0.136568542494924,0.0965685424949238,first_order_relative_deviation=level_IRF/steady_state,32,-2.45631886152506e-05,0.000161833717792047,0.000186396906407298
scale_development_y200,"R=2.0, scale=1.414, unit GDP=1.414",2,1.4142135623731,1.4142135623731,0.585786437626905,0.414213562373095,0.666666666666667,0.333333333333333,1.1380711874577,0.804737854124365,Pre-financing fiscal resources,fs1,fs2,0.136568542494924,0.0965685424949238,first_order_relative_deviation=level_IRF/steady_state,33,-2.62653296271463e-05,0.000137041927229852,0.000163307256856998
scale_development_y200,"R=2.0, scale=1.414, unit GDP=1.414",2,1.4142135623731,1.4142135623731,0.585786437626905,0.414213562373095,0.666666666666667,0.333333333333333,1.1380711874577,0.804737854124365,Pre-financing fiscal resources,fs1,fs2,0.136568542494924,0.0965685424949238,first_order_relative_deviation=level_IRF/steady_state,34,-2.87504951278349e-05,0.000112078933403248,0.000140829428531083
scale_development_y200,"R=2.0, scale=1.414, unit GDP=1.414",2,1.4142135623731,1.4142135623731,0.585786437626905,0.414213562373095,0.666666666666667,0.333333333333333,1.1380711874577,0.804737854124365,Pre-financing fiscal resources,fs1,fs2,0.136568542494924,0.0965685424949238,first_order_relative_deviation=level_IRF/steady_state,35,-3.1875175807013e-05,8.71776979794115e-05,0.000119052873786425
scale_development_y200,"R=2.0, scale=1.414, unit GDP=1.414",2,1.4142135623731,1.4142135623731,0.585786437626905,0.414213562373095,0.666666666666667,0.333333333333333,1.1380711874577,0.804737854124365,Pre-financing fiscal resources,fs1,fs2,0.136568542494924,0.0965685424949238,first_order_relative_deviation=level_IRF/steady_state,36,-3.55058879846156e-05,6.25473346988732e-05,9.80532226834887e-05
scale_development_y200,"R=2.0, scale=1.414, unit GDP=1.414",2,1.4142135623731,1.4142135623731,0.585786437626905,0.414213562373095,0.666666666666667,0.333333333333333,1.1380711874577,0.804737854124365,Pre-financing fiscal resources,fs1,fs2,0.136568542494924,0.0965685424949238,first_order_relative_deviation=level_IRF/steady_state,37,-3.95203380790816e-05,3.83722907649586e-05,7.78926288440403e-05
scale_development_y200,"R=2.0, scale=1.414, unit GDP=1.414",2,1.4142135623731,1.4142135623731,0.585786437626905,0.414213562373095,0.666666666666667,0.333333333333333,1.1380711874577,0.804737854124365,Pre-financing fiscal resources,fs1,fs2,0.136568542494924,0.0965685424949238,first_order_relative_deviation=level_IRF/steady_state,38,-4.38079983412031e-05,1.48123733012261e-05,5.86203716424292e-05
scale_development_y200,"R=2.0, scale=1.414, unit GDP=1.414",2,1.4142135623731,1.4142135623731,0.585786437626905,0.414213562373095,0.666666666666667,0.333333333333333,1.1380711874577,0.804737854124365,Pre-financing fiscal resources,fs1,fs2,0.136568542494924,0.0965685424949238,first_order_relative_deviation=level_IRF/steady_state,39,-4.82702530078838e-05,-7.99663111933007e-06,4.02736218885538e-05
scale_development_y200,"R=2.0, scale=1.414, unit GDP=1.414",2,1.4142135623731,1.4142135623731,0.585786437626905,0.414213562373095,0.666666666666667,0.333333333333333,1.1380711874577,0.804737854124365,Pre-financing fiscal resources,fs1,fs2,0.136568542494924,0.0965685424949238,first_order_relative_deviation=level_IRF/steady_state,40,-5.28202321189126e-05,-2.9941923113171e-05,2.28783090057416e-05
scale_development_y200,"R=2.0, scale=1.414, unit GDP=1.414",2,1.4142135623731,1.4142135623731,0.585786437626905,0.414213562373095,0.666666666666667,0.333333333333333,1.1380711874577,0.804737854124365,Public investment,ig1,ig2,0.136568542494924,0.0965685424949238,first_order_relative_deviation=level_IRF/steady_state,1,-0.00180730508968026,-0.00405807414929271,-0.00225076905961245
scale_development_y200,"R=2.0, scale=1.414, unit GDP=1.414",2,1.4142135623731,1.4142135623731,0.585786437626905,0.414213562373095,0.666666666666667,0.333333333333333,1.1380711874577,0.804737854124365,Public investment,ig1,ig2,0.136568542494924,0.0965685424949238,first_order_relative_deviation=level_IRF/steady_state,2,-0.00312245514674932,-0.00724058064653793,-0.00411812549978861
scale_development_y200,"R=2.0, scale=1.414, unit GDP=1.414",2,1.4142135623731,1.4142135623731,0.585786437626905,0.414213562373095,0.666666666666667,0.333333333333333,1.1380711874577,0.804737854124365,Public investment,ig1,ig2,0.136568542494924,0.0965685424949238,first_order_relative_deviation=level_IRF/steady_state,3,-0.00408744854774355,-0.00970101349288709,-0.00561356494514354
scale_development_y200,"R=2.0, scale=1.414, unit GDP=1.414",2,1.4142135623731,1.4142135623731,0.585786437626905,0.414213562373095,0.666666666666667,0.333333333333333,1.1380711874577,0.804737854124365,Public investment,ig1,ig2,0.136568542494924,0.0965685424949238,first_order_relative_deviation=level_IRF/steady_state,4,-0.00479019326402186,-0.0115545661708297,-0.00676437290680788
scale_development_y200,"R=2.0, scale=1.414, unit GDP=1.414",2,1.4142135623731,1.4142135623731,0.585786437626905,0.414213562373095,0.666666666666667,0.333333333333333,1.1380711874577,0.804737854124365,Public investment,ig1,ig2,0.136568542494924,0.0965685424949238,first_order_relative_deviation=level_IRF/steady_state,5,-0.00528719714614615,-0.012892438786297,-0.0076052416401509
scale_development_y200,"R=2.0, scale=1.414, unit GDP=1.414",2,1.4142135623731,1.4142135623731,0.585786437626905,0.414213562373095,0.666666666666667,0.333333333333333,1.1380711874577,0.804737854124365,Public investment,ig1,ig2,0.136568542494924,0.0965685424949238,first_order_relative_deviation=level_IRF/steady_state,6,-0.00561693882380961,-0.0137903430083385,-0.00817340418452886
scale_development_y200,"R=2.0, scale=1.414, unit GDP=1.414",2,1.4142135623731,1.4142135623731,0.585786437626905,0.414213562373095,0.666666666666667,0.333333333333333,1.1380711874577,0.804737854124365,Public investment,ig1,ig2,0.136568542494924,0.0965685424949238,first_order_relative_deviation=level_IRF/steady_state,7,-0.00580759149427553,-0.01431346953099,-0.00850587803671445
scale_development_y200,"R=2.0, scale=1.414, unit GDP=1.414",2,1.4142135623731,1.4142135623731,0.585786437626905,0.414213562373095,0.666666666666667,0.333333333333333,1.1380711874577,0.804737854124365,Public investment,ig1,ig2,0.136568542494924,0.0965685424949238,first_order_relative_deviation=level_IRF/steady_state,8,-0.00588137749625805,-0.0145193373293518,-0.00863795983309376
scale_development_y200,"R=2.0, scale=1.414, unit GDP=1.414",2,1.4142135623731,1.4142135623731,0.585786437626905,0.414213562373095,0.666666666666667,0.333333333333333,1.1380711874577,0.804737854124365,Public investment,ig1,ig2,0.136568542494924,0.0965685424949238,first_order_relative_deviation=level_IRF/steady_state,9,-0.00585694980400281,-0.014459402898955,-0.00860245309495218
scale_development_y200,"R=2.0, scale=1.414, unit GDP=1.414",2,1.4142135623731,1.4142135623731,0.585786437626905,0.414213562373095,0.666666666666667,0.333333333333333,1.1380711874577,0.804737854124365,Public investment,ig1,ig2,0.136568542494924,0.0965685424949238,first_order_relative_deviation=level_IRF/steady_state,10,-0.00575064467488921,-0.014179964931974,-0.00842932025708482
scale_development_y200,"R=2.0, scale=1.414, unit GDP=1.414",2,1.4142135623731,1.4142135623731,0.585786437626905,0.414213562373095,0.666666666666667,0.333333333333333,1.1380711874577,0.804737854124365,Public investment,ig1,ig2,0.136568542494924,0.0965685424949238,first_order_relative_deviation=level_IRF/steady_state,11,-0.0055771079998105,-0.0137226851404344,-0.00814557714062387
scale_development_y200,"R=2.0, scale=1.414, unit GDP=1.414",2,1.4142135623731,1.4142135623731,0.585786437626905,0.414213562373095,0.666666666666667,0.333333333333333,1.1380711874577,0.804737854124365,Public investment,ig1,ig2,0.136568542494924,0.0965685424949238,first_order_relative_deviation=level_IRF/steady_state,12,-0.00534958887599469,-0.0131249129804476,-0.00777532410445291
scale_development_y200,"R=2.0, scale=1.414, unit GDP=1.414",2,1.4142135623731,1.4142135623731,0.585786437626905,0.414213562373095,0.666666666666667,0.333333333333333,1.1380711874577,0.804737854124365,Public investment,ig1,ig2,0.136568542494924,0.0965685424949238,first_order_relative_deviation=level_IRF/steady_state,13,-0.00508006774643221,-0.0124199208187096,-0.00733985307227738
scale_development_y200,"R=2.0, scale=1.414, unit GDP=1.414",2,1.4142135623731,1.4142135623731,0.585786437626905,0.414213562373095,0.666666666666667,0.333333333333333,1.1380711874577,0.804737854124365,Public investment,ig1,ig2,0.136568542494924,0.0965685424949238,first_order_relative_deviation=level_IRF/steady_state,14,-0.00477931146155761,-0.011637107266107,-0.00685779580454937
scale_development_y200,"R=2.0, scale=1.414, unit GDP=1.414",2,1.4142135623731,1.4142135623731,0.585786437626905,0.414213562373095,0.666666666666667,0.333333333333333,1.1380711874577,0.804737854124365,Public investment,ig1,ig2,0.136568542494924,0.0965685424949238,first_order_relative_deviation=level_IRF/steady_state,15,-0.0044569038788872,-0.010802197644733,-0.00634529376584576
scale_development_y200,"R=2.0, scale=1.414, unit GDP=1.414",2,1.4142135623731,1.4142135623731,0.585786437626905,0.414213562373095,0.666666666666667,0.333333333333333,1.1380711874577,0.804737854124365,Public investment,ig1,ig2,0.136568542494924,0.0965685424949238,first_order_relative_deviation=level_IRF/steady_state,16,-0.00412127570027091,-0.00993745406183649,-0.00581617836156558
scale_development_y200,"R=2.0, scale=1.414, unit GDP=1.414",2,1.4142135623731,1.4142135623731,0.585786437626905,0.414213562373095,0.666666666666667,0.333333333333333,1.1380711874577,0.804737854124365,Public investment,ig1,ig2,0.136568542494924,0.0965685424949238,first_order_relative_deviation=level_IRF/steady_state,17,-0.00377974349654301,-0.00906189846615017,-0.00528215496960716
scale_development_y200,"R=2.0, scale=1.414, unit GDP=1.414",2,1.4142135623731,1.4142135623731,0.585786437626905,0.414213562373095,0.666666666666667,0.333333333333333,1.1380711874577,0.804737854124365,Public investment,ig1,ig2,0.136568542494924,0.0965685424949238,first_order_relative_deviation=level_IRF/steady_state,18,-0.00343856062224958,-0.00819154734627216,-0.00475298672402258
scale_development_y200,"R=2.0, scale=1.414, unit GDP=1.414",2,1.4142135623731,1.4142135623731,0.585786437626905,0.414213562373095,0.666666666666667,0.333333333333333,1.1380711874577,0.804737854124365,Public investment,ig1,ig2,0.136568542494924,0.0965685424949238,first_order_relative_deviation=level_IRF/steady_state,19,-0.00310297917681375,-0.00733965455602916,-0.00423667537921541
scale_development_y200,"R=2.0, scale=1.414, unit GDP=1.414",2,1.4142135623731,1.4142135623731,0.585786437626905,0.414213562373095,0.666666666666667,0.333333333333333,1.1380711874577,0.804737854124365,Public investment,ig1,ig2,0.136568542494924,0.0965685424949238,first_order_relative_deviation=level_IRF/steady_state,20,-0.00277732066520375,-0.00651695800719575,-0.003739637341992
scale_development_y200,"R=2.0, scale=1.414, unit GDP=1.414",2,1.4142135623731,1.4142135623731,0.585786437626905,0.414213562373095,0.666666666666667,0.333333333333333,1.1380711874577,0.804737854124365,Public investment,ig1,ig2,0.136568542494924,0.0965685424949238,first_order_relative_deviation=level_IRF/steady_state,21,-0.00246505258802503,-0.00573192599547591,-0.00326687340745087
scale_development_y200,"R=2.0, scale=1.414, unit GDP=1.414",2,1.4142135623731,1.4142135623731,0.585786437626905,0.414213562373095,0.666666666666667,0.333333333333333,1.1380711874577,0.804737854124365,Public investment,ig1,ig2,0.136568542494924,0.0965685424949238,first_order_relative_deviation=level_IRF/steady_state,22,-0.00216886830128704,-0.00499099933608799,-0.00282213103480094
scale_development_y200,"R=2.0, scale=1.414, unit GDP=1.414",2,1.4142135623731,1.4142135623731,0.585786437626905,0.414213562373095,0.666666666666667,0.333333333333333,1.1380711874577,0.804737854124365,Public investment,ig1,ig2,0.136568542494924,0.0965685424949238,first_order_relative_deviation=level_IRF/steady_state,23,-0.0018907678286843,-0.00429882606103821,-0.00240805823235391
scale_development_y200,"R=2.0, scale=1.414, unit GDP=1.414",2,1.4142135623731,1.4142135623731,0.585786437626905,0.414213562373095,0.666666666666667,0.333333333333333,1.1380711874577,0.804737854124365,Public investment,ig1,ig2,0.136568542494924,0.0965685424949238,first_order_relative_deviation=level_IRF/steady_state,24,-0.00163213772483179,-0.00365848604993371,-0.00202634832510192
scale_development_y200,"R=2.0, scale=1.414, unit GDP=1.414",2,1.4142135623731,1.4142135623731,0.585786437626905,0.414213562373095,0.666666666666667,0.333333333333333,1.1380711874577,0.804737854124365,Public investment,ig1,ig2,0.136568542494924,0.0965685424949238,first_order_relative_deviation=level_IRF/steady_state,25,-0.00139382849754445,-0.00307170356609813,-0.00167787506855367
scale_development_y200,"R=2.0, scale=1.414, unit GDP=1.414",2,1.4142135623731,1.4142135623731,0.585786437626905,0.414213562373095,0.666666666666667,0.333333333333333,1.1380711874577,0.804737854124365,Public investment,ig1,ig2,0.136568542494924,0.0965685424949238,first_order_relative_deviation=level_IRF/steady_state,26,-0.00117622846603816,-0.0025390462187562,-0.00136281775271803
scale_development_y200,"R=2.0, scale=1.414, unit GDP=1.414",2,1.4142135623731,1.4142135623731,0.585786437626905,0.414213562373095,0.666666666666667,0.333333333333333,1.1380711874577,0.804737854124365,Public investment,ig1,ig2,0.136568542494924,0.0965685424949238,first_order_relative_deviation=level_IRF/steady_state,27,-0.000979333248043042,-0.00206010935748685,-0.0010807761094438
scale_development_y200,"R=2.0, scale=1.414, unit GDP=1.414",2,1.4142135623731,1.4142135623731,0.585786437626905,0.414213562373095,0.666666666666667,0.333333333333333,1.1380711874577,0.804737854124365,Public investment,ig1,ig2,0.136568542494924,0.0965685424949238,first_order_relative_deviation=level_IRF/steady_state,28,-0.00080281033191505,-0.00163368532415658,-0.000830874992241531
scale_development_y200,"R=2.0, scale=1.414, unit GDP=1.414",2,1.4142135623731,1.4142135623731,0.585786437626905,0.414213562373095,0.666666666666667,0.333333333333333,1.1380711874577,0.804737854124365,Public investment,ig1,ig2,0.136568542494924,0.0965685424949238,first_order_relative_deviation=level_IRF/steady_state,29,-0.0006460584045592,-0.00125791734241671,-0.000611858937857507
scale_development_y200,"R=2.0, scale=1.414, unit GDP=1.414",2,1.4142135623731,1.4142135623731,0.585786437626905,0.414213562373095,0.666666666666667,0.333333333333333,1.1380711874577,0.804737854124365,Public investment,ig1,ig2,0.136568542494924,0.0965685424949238,first_order_relative_deviation=level_IRF/steady_state,30,-0.000508261278715143,-0.00093043812021452,-0.000422176841499377
scale_development_y200,"R=2.0, scale=1.414, unit GDP=1.414",2,1.4142135623731,1.4142135623731,0.585786437626905,0.414213562373095,0.666666666666667,0.333333333333333,1.1380711874577,0.804737854124365,Public investment,ig1,ig2,0.136568542494924,0.0965685424949238,first_order_relative_deviation=level_IRF/steady_state,31,-0.000388436400373154,-0.000648493482210161,-0.000260057081837007
scale_development_y200,"R=2.0, scale=1.414, unit GDP=1.414",2,1.4142135623731,1.4142135623731,0.585786437626905,0.414213562373095,0.666666666666667,0.333333333333333,1.1380711874577,0.804737854124365,Public investment,ig1,ig2,0.136568542494924,0.0965685424949238,first_order_relative_deviation=level_IRF/steady_state,32,-0.000285478024639344,-0.0004090515422882,-0.000123573517648856
scale_development_y200,"R=2.0, scale=1.414, unit GDP=1.414",2,1.4142135623731,1.4142135623731,0.585786437626905,0.414213562373095,0.666666666666667,0.333333333333333,1.1380711874577,0.804737854124365,Public investment,ig1,ig2,0.136568542494924,0.0965685424949238,first_order_relative_deviation=level_IRF/steady_state,33,-0.000198195231315838,-0.000208898077099515,-1.07028457836775e-05
scale_development_y200,"R=2.0, scale=1.414, unit GDP=1.414",2,1.4142135623731,1.4142135623731,0.585786437626905,0.414213562373095,0.666666666666667,0.333333333333333,1.1380711874577,0.804737854124365,Public investment,ig1,ig2,0.136568542494924,0.0965685424949238,first_order_relative_deviation=level_IRF/steady_state,34,-0.000125345014013079,-4.47188750244111e-05,8.06261389886681e-05
scale_development_y200,"R=2.0, scale=1.414, unit GDP=1.414",2,1.4142135623731,1.4142135623731,0.585786437626905,0.414213562373095,0.666666666666667,0.333333333333333,1.1380711874577,0.804737854124365,Public investment,ig1,ig2,0.136568542494924,0.0965685424949238,first_order_relative_deviation=level_IRF/steady_state,35,-6.56607222810744e-05,8.68300840190373e-05,0.000152490806300112
scale_development_y200,"R=2.0, scale=1.414, unit GDP=1.414",2,1.4142135623731,1.4142135623731,0.585786437626905,0.414213562373095,0.666666666666667,0.333333333333333,1.1380711874577,0.804737854124365,Public investment,ig1,ig2,0.136568542494924,0.0965685424949238,first_order_relative_deviation=level_IRF/steady_state,36,-1.78761679372993e-05,0.000189063709428668,0.000206939877365967
scale_development_y200,"R=2.0, scale=1.414, unit GDP=1.414",2,1.4142135623731,1.4142135623731,0.585786437626905,0.414213562373095,0.666666666666667,0.333333333333333,1.1380711874577,0.804737854124365,Public investment,ig1,ig2,0.136568542494924,0.0965685424949238,first_order_relative_deviation=level_IRF/steady_state,37,1.92542731171793e-05,0.00026521920376806,0.000245964930650881
scale_development_y200,"R=2.0, scale=1.414, unit GDP=1.414",2,1.4142135623731,1.4142135623731,0.585786437626905,0.414213562373095,0.666666666666667,0.333333333333333,1.1380711874577,0.804737854124365,Public investment,ig1,ig2,0.136568542494924,0.0965685424949238,first_order_relative_deviation=level_IRF/steady_state,38,4.69392217197672e-05,0.00031841684296367,0.000271477621243903
scale_development_y200,"R=2.0, scale=1.414, unit GDP=1.414",2,1.4142135623731,1.4142135623731,0.585786437626905,0.414213562373095,0.666666666666667,0.333333333333333,1.1380711874577,0.804737854124365,Public investment,ig1,ig2,0.136568542494924,0.0965685424949238,first_order_relative_deviation=level_IRF/steady_state,39,6.63371742923498e-05,0.000351629194069071,0.000285292019776721
scale_development_y200,"R=2.0, scale=1.414, unit GDP=1.414",2,1.4142135623731,1.4142135623731,0.585786437626905,0.414213562373095,0.666666666666667,0.333333333333333,1.1380711874577,0.804737854124365,Public investment,ig1,ig2,0.136568542494924,0.0965685424949238,first_order_relative_deviation=level_IRF/steady_state,40,7.8546358711955e-05,0.000367657853501256,0.000289111494789301
scale_development_y200,"R=2.0, scale=1.414, unit GDP=1.414",2,1.4142135623731,1.4142135623731,0.585786437626905,0.414213562373095,0.666666666666667,0.333333333333333,1.1380711874577,0.804737854124365,Public capital,kg1,kg2,5.46274169979695,3.86274169979695,first_order_relative_deviation=level_IRF/steady_state,1,-4.51826272420877e-05,-0.000101451853732357,-5.62692264902695e-05
scale_development_y200,"R=2.0, scale=1.414, unit GDP=1.414",2,1.4142135623731,1.4142135623731,0.585786437626905,0.414213562373095,0.666666666666667,0.333333333333333,1.1380711874577,0.804737854124365,Public capital,kg1,kg2,5.46274169979695,3.86274169979695,first_order_relative_deviation=level_IRF/steady_state,2,-0.000122114440229564,-0.000279930073552441,-0.000157815633322876
scale_development_y200,"R=2.0, scale=1.414, unit GDP=1.414",2,1.4142135623731,1.4142135623731,0.585786437626905,0.414213562373095,0.666666666666667,0.333333333333333,1.1380711874577,0.804737854124365,Public capital,kg1,kg2,5.46274169979695,3.86274169979695,first_order_relative_deviation=level_IRF/steady_state,3,-0.000221247792917439,-0.000515457159035899,-0.000294209366118459
scale_development_y200,"R=2.0, scale=1.414, unit GDP=1.414",2,1.4142135623731,1.4142135623731,0.585786437626905,0.414213562373095,0.666666666666667,0.333333333333333,1.1380711874577,0.804737854124365,Public capital,kg1,kg2,5.46274169979695,3.86274169979695,first_order_relative_deviation=level_IRF/steady_state,4,-0.000335471429695049,-0.000791434884330683,-0.000455963454635634
scale_development_y200,"R=2.0, scale=1.414, unit GDP=1.414",2,1.4142135623731,1.4142135623731,0.585786437626905,0.414213562373095,0.666666666666667,0.333333333333333,1.1380711874577,0.804737854124365,Public capital,kg1,kg2,5.46274169979695,3.86274169979695,first_order_relative_deviation=level_IRF/steady_state,5,-0.000459264572606242,-0.00109395998187992,-0.000634695409273682
scale_development_y200,"R=2.0, scale=1.414, unit GDP=1.414",2,1.4142135623731,1.4142135623731,0.585786437626905,0.414213562373095,0.666666666666667,0.333333333333333,1.1380711874577,0.804737854124365,Public capital,kg1,kg2,5.46274169979695,3.86274169979695,first_order_relative_deviation=level_IRF/steady_state,6,-0.000588206428886317,-0.00141136955754138,-0.000823163128655058
scale_development_y200,"R=2.0, scale=1.414, unit GDP=1.414",2,1.4142135623731,1.4142135623731,0.585786437626905,0.414213562373095,0.666666666666667,0.333333333333333,1.1380711874577,0.804737854124365,Public capital,kg1,kg2,5.46274169979695,3.86274169979695,first_order_relative_deviation=level_IRF/steady_state,7,-0.000718691055520961,-0.00173392205687757,-0.00101523100135661
scale_development_y200,"R=2.0, scale=1.414, unit GDP=1.414",2,1.4142135623731,1.4142135623731,0.585786437626905,0.414213562373095,0.666666666666667,0.333333333333333,1.1380711874577,0.804737854124365,Public capital,kg1,kg2,5.46274169979695,3.86274169979695,first_order_relative_deviation=level_IRF/steady_state,8,-0.000847758216539272,-0.00205355743868947,-0.0012057992221502
scale_development_y200,"R=2.0, scale=1.414, unit GDP=1.414",2,1.4142135623731,1.4142135623731,0.585786437626905,0.414213562373095,0.666666666666667,0.333333333333333,1.1380711874577,0.804737854124365,Public capital,kg1,kg2,5.46274169979695,3.86274169979695,first_order_relative_deviation=level_IRF/steady_state,9,-0.000972988006225872,-0.00236370357519607,-0.0013907155689702
scale_development_y200,"R=2.0, scale=1.414, unit GDP=1.414",2,1.4142135623731,1.4142135623731,0.585786437626905,0.414213562373095,0.666666666666667,0.333333333333333,1.1380711874577,0.804737854124365,Public capital,kg1,kg2,5.46274169979695,3.86274169979695,first_order_relative_deviation=level_IRF/steady_state,10,-0.00109242942294246,-0.00265911010911555,-0.00156668068617309
scale_development_y200,"R=2.0, scale=1.414, unit GDP=1.414",2,1.4142135623731,1.4142135623731,0.585786437626905,0.414213562373095,0.666666666666667,0.333333333333333,1.1380711874577,0.804737854124365,Public capital,kg1,kg2,5.46274169979695,3.86274169979695,first_order_relative_deviation=level_IRF/steady_state,11,-0.00120454638736406,-0.00293569948489859,-0.00173115309753453
scale_development_y200,"R=2.0, scale=1.414, unit GDP=1.414",2,1.4142135623731,1.4142135623731,0.585786437626905,0.414213562373095,0.666666666666667,0.333333333333333,1.1380711874577,0.804737854124365,Public capital,kg1,kg2,5.46274169979695,3.86274169979695,first_order_relative_deviation=level_IRF/steady_state,12,-0.00130817244957988,-0.00319042982228732,-0.00188225737270743
scale_development_y200,"R=2.0, scale=1.414, unit GDP=1.414",2,1.4142135623731,1.4142135623731,0.585786437626905,0.414213562373095,0.666666666666667,0.333333333333333,1.1380711874577,0.804737854124365,Public capital,kg1,kg2,5.46274169979695,3.86274169979695,first_order_relative_deviation=level_IRF/steady_state,13,-0.00140246983200106,-0.0034211670971978,-0.00201869726519674
scale_development_y200,"R=2.0, scale=1.414, unit GDP=1.414",2,1.4142135623731,1.4142135623731,0.585786437626905,0.414213562373095,0.666666666666667,0.333333333333333,1.1380711874577,0.804737854124365,Public capital,kg1,kg2,5.46274169979695,3.86274169979695,first_order_relative_deviation=level_IRF/steady_state,14,-0.00148689087273997,-0.00362656560142051,-0.00213967472868053
scale_development_y200,"R=2.0, scale=1.414, unit GDP=1.414",2,1.4142135623731,1.4142135623731,0.585786437626905,0.414213562373095,0.666666666666667,0.333333333333333,1.1380711874577,0.804737854124365,Public capital,kg1,kg2,5.46274169979695,3.86274169979695,first_order_relative_deviation=level_IRF/steady_state,15,-0.00156114119789371,-0.00380595640250332,-0.00224481520460961
scale_development_y200,"R=2.0, scale=1.414, unit GDP=1.414",2,1.4142135623731,1.4142135623731,0.585786437626905,0.414213562373095,0.666666666666667,0.333333333333333,1.1380711874577,0.804737854124365,Public capital,kg1,kg2,5.46274169979695,3.86274169979695,first_order_relative_deviation=level_IRF/steady_state,16,-0.00162514456045297,-0.00395924384398674,-0.00233409928353377
scale_development_y200,"R=2.0, scale=1.414, unit GDP=1.414",2,1.4142135623731,1.4142135623731,0.585786437626905,0.414213562373095,0.666666666666667,0.333333333333333,1.1380711874577,0.804737854124365,Public capital,kg1,kg2,5.46274169979695,3.86274169979695,first_order_relative_deviation=level_IRF/steady_state,17,-0.00167900953385531,-0.00408681020954074,-0.00240780067568543
scale_development_y200,"R=2.0, scale=1.414, unit GDP=1.414",2,1.4142135623731,1.4142135623731,0.585786437626905,0.414213562373095,0.666666666666667,0.333333333333333,1.1380711874577,0.804737854124365,Public capital,kg1,kg2,5.46274169979695,3.86274169979695,first_order_relative_deviation=level_IRF/steady_state,18,-0.00172299831106502,-0.00418942863795911,-0.00246643032689409
scale_development_y200,"R=2.0, scale=1.414, unit GDP=1.414",2,1.4142135623731,1.4142135623731,0.585786437626905,0.414213562373095,0.666666666666667,0.333333333333333,1.1380711874577,0.804737854124365,Public capital,kg1,kg2,5.46274169979695,3.86274169979695,first_order_relative_deviation=level_IRF/steady_state,19,-0.00175749783270877,-0.00426818428591081,-0.00251068645320204
scale_development_y200,"R=2.0, scale=1.414, unit GDP=1.414",2,1.4142135623731,1.4142135623731,0.585786437626905,0.414213562373095,0.666666666666667,0.333333333333333,1.1380711874577,0.804737854124365,Public capital,kg1,kg2,5.46274169979695,3.86274169979695,first_order_relative_deviation=level_IRF/steady_state,20,-0.00178299340352114,-0.00432440362894293,-0.00254141022542179
scale_development_y200,"R=2.0, scale=1.414, unit GDP=1.414",2,1.4142135623731,1.4142135623731,0.585786437626905,0.414213562373095,0.666666666666667,0.333333333333333,1.1380711874577,0.804737854124365,Public capital,kg1,kg2,5.46274169979695,3.86274169979695,first_order_relative_deviation=level_IRF/steady_state,21,-0.00180004488313361,-0.00435959168810622,-0.0025595468049726
scale_development_y200,"R=2.0, scale=1.414, unit GDP=1.414",2,1.4142135623731,1.4142135623731,0.585786437626905,0.414213562373095,0.666666666666667,0.333333333333333,1.1380711874577,0.804737854124365,Public capital,kg1,kg2,5.46274169979695,3.86274169979695,first_order_relative_deviation=level_IRF/steady_state,22,-0.00180926546858748,-0.00437537687930578,-0.00256611141071829
scale_development_y200,"R=2.0, scale=1.414, unit GDP=1.414",2,1.4142135623731,1.4142135623731,0.585786437626905,0.414213562373095,0.666666666666667,0.333333333333333,1.1380711874577,0.804737854124365,Public capital,kg1,kg2,5.46274169979695,3.86274169979695,first_order_relative_deviation=level_IRF/steady_state,23,-0.00181130302758988,-0.00437346310884907,-0.00256216008125919
scale_development_y200,"R=2.0, scale=1.414, unit GDP=1.414",2,1.4142135623731,1.4142135623731,0.585786437626905,0.414213562373095,0.666666666666667,0.333333333333333,1.1380711874577,0.804737854124365,Public capital,kg1,kg2,5.46274169979695,3.86274169979695,first_order_relative_deviation=level_IRF/steady_state,24,-0.00180682389502088,-0.00435558868237622,-0.00254876478735534
scale_development_y200,"R=2.0, scale=1.414, unit GDP=1.414",2,1.4142135623731,1.4142135623731,0.585786437626905,0.414213562373095,0.666666666666667,0.333333333333333,1.1380711874577,0.804737854124365,Public capital,kg1,kg2,5.46274169979695,3.86274169979695,first_order_relative_deviation=level_IRF/steady_state,25,-0.00179649901008397,-0.00432349155446919,-0.00252699254438522
scale_development_y200,"R=2.0, scale=1.414, unit GDP=1.414",2,1.4142135623731,1.4142135623731,0.585786437626905,0.414213562373095,0.666666666666667,0.333333333333333,1.1380711874577,0.804737854124365,Public capital,kg1,kg2,5.46274169979695,3.86274169979695,first_order_relative_deviation=level_IRF/steady_state,26,-0.00178099224648273,-0.00427888042107633,-0.0024978881745936
scale_development_y200,"R=2.0, scale=1.414, unit GDP=1.414",2,1.4142135623731,1.4142135623731,0.585786437626905,0.414213562373095,0.666666666666667,0.333333333333333,1.1380711874577,0.804737854124365,Public capital,kg1,kg2,5.46274169979695,3.86274169979695,first_order_relative_deviation=level_IRF/steady_state,27,-0.00176095077152176,-0.00422341114448661,-0.00246246037296486
scale_development_y200,"R=2.0, scale=1.414, unit GDP=1.414",2,1.4142135623731,1.4142135623731,0.585786437626905,0.414213562373095,0.666666666666667,0.333333333333333,1.1380711874577,0.804737854124365,Public capital,kg1,kg2,5.46274169979695,3.86274169979695,first_order_relative_deviation=level_IRF/steady_state,28,-0.00173699726053151,-0.00415866799897833,-0.00242167073844682
scale_development_y200,"R=2.0, scale=1.414, unit GDP=1.414",2,1.4142135623731,1.4142135623731,0.585786437626905,0.414213562373095,0.666666666666667,0.333333333333333,1.1380711874577,0.804737854124365,Public capital,kg1,kg2,5.46274169979695,3.86274169979695,first_order_relative_deviation=level_IRF/steady_state,29,-0.00170972378913226,-0.00408614923256427,-0.002376425443432
scale_development_y200,"R=2.0, scale=1.414, unit GDP=1.414",2,1.4142135623731,1.4142135623731,0.585786437626905,0.414213562373095,0.666666666666667,0.333333333333333,1.1380711874577,0.804737854124365,Public capital,kg1,kg2,5.46274169979695,3.86274169979695,first_order_relative_deviation=level_IRF/steady_state,30,-0.0016796872263718,-0.00400725645475561,-0.00232756922838381
scale_development_y200,"R=2.0, scale=1.414, unit GDP=1.414",2,1.4142135623731,1.4142135623731,0.585786437626905,0.414213562373095,0.666666666666667,0.333333333333333,1.1380711874577,0.804737854124365,Public capital,kg1,kg2,5.46274169979695,3.86274169979695,first_order_relative_deviation=level_IRF/steady_state,31,-0.00164740595572183,-0.00392328738044195,-0.00227588142472012
scale_development_y200,"R=2.0, scale=1.414, unit GDP=1.414",2,1.4142135623731,1.4142135623731,0.585786437626905,0.414213562373095,0.666666666666667,0.333333333333333,1.1380711874577,0.804737854124365,Public capital,kg1,kg2,5.46274169979695,3.86274169979695,first_order_relative_deviation=level_IRF/steady_state,32,-0.00161335775744473,-0.00383543148448809,-0.00222207372704336
scale_development_y200,"R=2.0, scale=1.414, unit GDP=1.414",2,1.4142135623731,1.4142135623731,0.585786437626905,0.414213562373095,0.666666666666667,0.333333333333333,1.1380711874577,0.804737854124365,Public capital,kg1,kg2,5.46274169979695,3.86274169979695,first_order_relative_deviation=level_IRF/steady_state,33,-0.00157797869429138,-0.0037447681493034,-0.00216678945501202
scale_development_y200,"R=2.0, scale=1.414, unit GDP=1.414",2,1.4142135623731,1.4142135623731,0.585786437626905,0.414213562373095,0.666666666666667,0.333333333333333,1.1380711874577,0.804737854124365,Public capital,kg1,kg2,5.46274169979695,3.86274169979695,first_order_relative_deviation=level_IRF/steady_state,34,-0.00154166285228435,-0.00365226691744636,-0.002110604065162
scale_development_y200,"R=2.0, scale=1.414, unit GDP=1.414",2,1.4142135623731,1.4142135623731,0.585786437626905,0.414213562373095,0.666666666666667,0.333333333333333,1.1380711874577,0.804737854124365,Public capital,kg1,kg2,5.46274169979695,3.86274169979695,first_order_relative_deviation=level_IRF/steady_state,35,-0.00150476279903429,-0.00355878949240977,-0.00205402669337548
scale_development_y200,"R=2.0, scale=1.414, unit GDP=1.414",2,1.4142135623731,1.4142135623731,0.585786437626905,0.414213562373095,0.666666666666667,0.333333333333333,1.1380711874577,0.804737854124365,Public capital,kg1,kg2,5.46274169979695,3.86274169979695,first_order_relative_deviation=level_IRF/steady_state,36,-0.00146759063325694,-0.00346509316236378,-0.00199750252910685
scale_development_y200,"R=2.0, scale=1.414, unit GDP=1.414",2,1.4142135623731,1.4142135623731,0.585786437626905,0.414213562373095,0.666666666666667,0.333333333333333,1.1380711874577,0.804737854124365,Public capital,kg1,kg2,5.46274169979695,3.86274169979695,first_order_relative_deviation=level_IRF/steady_state,37,-0.00143041951059748,-0.00337183535321047,-0.00194141584261299
scale_development_y200,"R=2.0, scale=1.414, unit GDP=1.414",2,1.4142135623731,1.4142135623731,0.585786437626905,0.414213562373095,0.666666666666667,0.333333333333333,1.1380711874577,0.804737854124365,Public capital,kg1,kg2,5.46274169979695,3.86274169979695,first_order_relative_deviation=level_IRF/steady_state,38,-0.00139348554228955,-0.00327957904830607,-0.00188609350601652
scale_development_y200,"R=2.0, scale=1.414, unit GDP=1.414",2,1.4142135623731,1.4142135623731,0.585786437626905,0.414213562373095,0.666666666666667,0.333333333333333,1.1380711874577,0.804737854124365,Public capital,kg1,kg2,5.46274169979695,3.86274169979695,first_order_relative_deviation=level_IRF/steady_state,39,-0.00135698997437498,-0.0031887988422467,-0.00183180886787172
scale_development_y200,"R=2.0, scale=1.414, unit GDP=1.414",2,1.4142135623731,1.4142135623731,0.585786437626905,0.414213562373095,0.666666666666667,0.333333333333333,1.1380711874577,0.804737854124365,Public capital,kg1,kg2,5.46274169979695,3.86274169979695,first_order_relative_deviation=level_IRF/steady_state,40,-0.00132110156604773,-0.00309988742485299,-0.00177878585880526
scale_development_y200,"R=2.0, scale=1.414, unit GDP=1.414",2,1.4142135623731,1.4142135623731,0.585786437626905,0.414213562373095,0.666666666666667,0.333333333333333,1.1380711874577,0.804737854124365,Private investment,inv1,inv2,0.303963257801201,0.214934480822784,first_order_relative_deviation=level_IRF/steady_state,1,-0.00272737150225795,-0.00288648659088232,-0.000159115088624377
scale_development_y200,"R=2.0, scale=1.414, unit GDP=1.414",2,1.4142135623731,1.4142135623731,0.585786437626905,0.414213562373095,0.666666666666667,0.333333333333333,1.1380711874577,0.804737854124365,Private investment,inv1,inv2,0.303963257801201,0.214934480822784,first_order_relative_deviation=level_IRF/steady_state,2,-0.00331271223981976,-0.00352715985917368,-0.000214447619353911
scale_development_y200,"R=2.0, scale=1.414, unit GDP=1.414",2,1.4142135623731,1.4142135623731,0.585786437626905,0.414213562373095,0.666666666666667,0.333333333333333,1.1380711874577,0.804737854124365,Private investment,inv1,inv2,0.303963257801201,0.214934480822784,first_order_relative_deviation=level_IRF/steady_state,3,-0.00290663342882805,-0.00310001711453752,-0.000193383685709475
scale_development_y200,"R=2.0, scale=1.414, unit GDP=1.414",2,1.4142135623731,1.4142135623731,0.585786437626905,0.414213562373095,0.666666666666667,0.333333333333333,1.1380711874577,0.804737854124365,Private investment,inv1,inv2,0.303963257801201,0.214934480822784,first_order_relative_deviation=level_IRF/steady_state,4,-0.00212742238992222,-0.00224857975386733,-0.000121157363945106
scale_development_y200,"R=2.0, scale=1.414, unit GDP=1.414",2,1.4142135623731,1.4142135623731,0.585786437626905,0.414213562373095,0.666666666666667,0.333333333333333,1.1380711874577,0.804737854124365,Private investment,inv1,inv2,0.303963257801201,0.214934480822784,first_order_relative_deviation=level_IRF/steady_state,5,-0.00128890069698241,-0.00130824447965511,-1.93437826727094e-05
scale_development_y200,"R=2.0, scale=1.414, unit GDP=1.414",2,1.4142135623731,1.4142135623731,0.585786437626905,0.414213562373095,0.666666666666667,0.333333333333333,1.1380711874577,0.804737854124365,Private investment,inv1,inv2,0.303963257801201,0.214934480822784,first_order_relative_deviation=level_IRF/steady_state,6,-0.000535561413629797,-0.000440879546264243,9.46818673655548e-05
scale_development_y200,"R=2.0, scale=1.414, unit GDP=1.414",2,1.4142135623731,1.4142135623731,0.585786437626905,0.414213562373095,0.666666666666667,0.333333333333333,1.1380711874577,0.804737854124365,Private investment,inv1,inv2,0.303963257801201,0.214934480822784,first_order_relative_deviation=level_IRF/steady_state,7,7.87231309790738e-05,0.000286419345258756,0.000207696214279683
scale_development_y200,"R=2.0, scale=1.414, unit GDP=1.414",2,1.4142135623731,1.4142135623731,0.585786437626905,0.414213562373095,0.666666666666667,0.333333333333333,1.1380711874577,0.804737854124365,Private investment,inv1,inv2,0.303963257801201,0.214934480822784,first_order_relative_deviation=level_IRF/steady_state,8,0.000545871044246314,0.000856120914216272,0.000310249869969958
scale_development_y200,"R=2.0, scale=1.414, unit GDP=1.414",2,1.4142135623731,1.4142135623731,0.585786437626905,0.414213562373095,0.666666666666667,0.333333333333333,1.1380711874577,0.804737854124365,Private investment,inv1,inv2,0.303963257801201,0.214934480822784,first_order_relative_deviation=level_IRF/steady_state,9,0.000878781657156548,0.00127491367215853,0.00039613201500198
scale_development_y200,"R=2.0, scale=1.414, unit GDP=1.414",2,1.4142135623731,1.4142135623731,0.585786437626905,0.414213562373095,0.666666666666667,0.333333333333333,1.1380711874577,0.804737854124365,Private investment,inv1,inv2,0.303963257801201,0.214934480822784,first_order_relative_deviation=level_IRF/steady_state,10,0.00109813894642805,0.00155992571803719,0.000461786771609135
scale_development_y200,"R=2.0, scale=1.414, unit GDP=1.414",2,1.4142135623731,1.4142135623731,0.585786437626905,0.414213562373095,0.666666666666667,0.333333333333333,1.1380711874577,0.804737854124365,Private investment,inv1,inv2,0.303963257801201,0.214934480822784,first_order_relative_deviation=level_IRF/steady_state,11,0.00122579611113546,0.00173154303166113,0.000505746920525667
scale_development_y200,"R=2.0, scale=1.414, unit GDP=1.414",2,1.4142135623731,1.4142135623731,0.585786437626905,0.414213562373095,0.666666666666667,0.333333333333333,1.1380711874577,0.804737854124365,Private investment,inv1,inv2,0.303963257801201,0.214934480822784,first_order_relative_deviation=level_IRF/steady_state,12,0.00128177909368024,0.00180989995416156,0.000528120860481319
scale_development_y200,"R=2.0, scale=1.414, unit GDP=1.414",2,1.4142135623731,1.4142135623731,0.585786437626905,0.414213562373095,0.666666666666667,0.333333333333333,1.1380711874577,0.804737854124365,Private investment,inv1,inv2,0.303963257801201,0.214934480822784,first_order_relative_deviation=level_IRF/steady_state,13,0.00128319876370769,0.00181334807664201,0.000530149312934322
scale_development_y200,"R=2.0, scale=1.414, unit GDP=1.414",2,1.4142135623731,1.4142135623731,0.585786437626905,0.414213562373095,0.666666666666667,0.333333333333333,1.1380711874577,0.804737854124365,Private investment,inv1,inv2,0.303963257801201,0.214934480822784,first_order_relative_deviation=level_IRF/steady_state,14,0.00124410805917632,0.00175794417639195,0.000513836117215629
scale_development_y200,"R=2.0, scale=1.414, unit GDP=1.414",2,1.4142135623731,1.4142135623731,0.585786437626905,0.414213562373095,0.666666666666667,0.333333333333333,1.1380711874577,0.804737854124365,Private investment,inv1,inv2,0.303963257801201,0.214934480822784,first_order_relative_deviation=level_IRF/steady_state,15,0.00117577814885422,0.00165742842553912,0.000481650276684895
scale_development_y200,"R=2.0, scale=1.414, unit GDP=1.414",2,1.4142135623731,1.4142135623731,0.585786437626905,0.414213562373095,0.666666666666667,0.333333333333333,1.1380711874577,0.804737854124365,Private investment,inv1,inv2,0.303963257801201,0.214934480822784,first_order_relative_deviation=level_IRF/steady_state,16,0.00108711919501807,0.00152341174726752,0.000436292552249454
scale_development_y200,"R=2.0, scale=1.414, unit GDP=1.414",2,1.4142135623731,1.4142135623731,0.585786437626905,0.414213562373095,0.666666666666667,0.333333333333333,1.1380711874577,0.804737854124365,Private investment,inv1,inv2,0.303963257801201,0.214934480822784,first_order_relative_deviation=level_IRF/steady_state,17,0.000985112129867764,0.00136563030998684,0.000380518180119072
scale_development_y200,"R=2.0, scale=1.414, unit GDP=1.414",2,1.4142135623731,1.4142135623731,0.585786437626905,0.414213562373095,0.666666666666667,0.333333333333333,1.1380711874577,0.804737854124365,Private investment,inv1,inv2,0.303963257801201,0.214934480822784,first_order_relative_deviation=level_IRF/steady_state,18,0.000875194065990567,0.00119220096533379,0.000317006899343227
scale_development_y200,"R=2.0, scale=1.414, unit GDP=1.414",2,1.4142135623731,1.4142135623731,0.585786437626905,0.414213562373095,0.666666666666667,0.333333333333333,1.1380711874577,0.804737854124365,Private investment,inv1,inv2,0.303963257801201,0.214934480822784,first_order_relative_deviation=level_IRF/steady_state,19,0.000761579228549511,0.00100985108646852,0.000248271857919013
scale_development_y200,"R=2.0, scale=1.414, unit GDP=1.414",2,1.4142135623731,1.4142135623731,0.585786437626905,0.414213562373095,0.666666666666667,0.333333333333333,1.1380711874577,0.804737854124365,Private investment,inv1,inv2,0.303963257801201,0.214934480822784,first_order_relative_deviation=level_IRF/steady_state,20,0.000647516018307971,0.000824115777195975,0.000176599758888004
scale_development_y200,"R=2.0, scale=1.414, unit GDP=1.414",2,1.4142135623731,1.4142135623731,0.585786437626905,0.414213562373095,0.666666666666667,0.333333333333333,1.1380711874577,0.804737854124365,Private investment,inv1,inv2,0.303963257801201,0.214934480822784,first_order_relative_deviation=level_IRF/steady_state,21,0.000535488521086417,0.000639504097762328,0.000104015576675911
scale_development_y200,"R=2.0, scale=1.414, unit GDP=1.414",2,1.4142135623731,1.4142135623731,0.585786437626905,0.414213562373095,0.666666666666667,0.333333333333333,1.1380711874577,0.804737854124365,Private investment,inv1,inv2,0.303963257801201,0.214934480822784,first_order_relative_deviation=level_IRF/steady_state,22,0.000427372889032916,0.000459639065320598,3.2266176287682e-05
scale_development_y200,"R=2.0, scale=1.414, unit GDP=1.414",2,1.4142135623731,1.4142135623731,0.585786437626905,0.414213562373095,0.666666666666667,0.333333333333333,1.1380711874577,0.804737854124365,Private investment,inv1,inv2,0.303963257801201,0.214934480822784,first_order_relative_deviation=level_IRF/steady_state,23,0.000324558524547729,0.000287376646399464,-3.71818781482642e-05
scale_development_y200,"R=2.0, scale=1.414, unit GDP=1.414",2,1.4142135623731,1.4142135623731,0.585786437626905,0.414213562373095,0.666666666666667,0.333333333333333,1.1380711874577,0.804737854124365,Private investment,inv1,inv2,0.303963257801201,0.214934480822784,first_order_relative_deviation=level_IRF/steady_state,24,0.000228042487232294,0.000124908311155737,-0.000103134176076557
scale_development_y200,"R=2.0, scale=1.414, unit GDP=1.414",2,1.4142135623731,1.4142135623731,0.585786437626905,0.414213562373095,0.666666666666667,0.333333333333333,1.1380711874577,0.804737854124365,Private investment,inv1,inv2,0.303963257801201,0.214934480822784,first_order_relative_deviation=level_IRF/steady_state,25,0.000138503812579809,-2.61492579993151e-05,-0.000164653070579124
scale_development_y200,"R=2.0, scale=1.414, unit GDP=1.414",2,1.4142135623731,1.4142135623731,0.585786437626905,0.414213562373095,0.666666666666667,0.333333333333333,1.1380711874577,0.804737854124365,Private investment,inv1,inv2,0.303963257801201,0.214934480822784,first_order_relative_deviation=level_IRF/steady_state,26,5.63628379992566e-05,-0.000164674660352076,-0.000221037498351332
scale_development_y200,"R=2.0, scale=1.414, unit GDP=1.414",2,1.4142135623731,1.4142135623731,0.585786437626905,0.414213562373095,0.666666666666667,0.333333333333333,1.1380711874577,0.804737854124365,Private investment,inv1,inv2,0.303963257801201,0.214934480822784,first_order_relative_deviation=level_IRF/steady_state,27,-1.81706915867668e-05,-0.000289970614934372,-0.000271799923347605
scale_development_y200,"R=2.0, scale=1.414, unit GDP=1.414",2,1.4142135623731,1.4142135623731,0.585786437626905,0.414213562373095,0.666666666666667,0.333333333333333,1.1380711874577,0.804737854124365,Private investment,inv1,inv2,0.303963257801201,0.214934480822784,first_order_relative_deviation=level_IRF/steady_state,28,-8.505800108734e-05,-0.000401699874546652,-0.000316641873459312
scale_development_y200,"R=2.0, scale=1.414, unit GDP=1.414",2,1.4142135623731,1.4142135623731,0.585786437626905,0.414213562373095,0.666666666666667,0.333333333333333,1.1380711874577,0.804737854124365,Private investment,inv1,inv2,0.303963257801201,0.214934480822784,first_order_relative_deviation=level_IRF/steady_state,29,-0.000144398184659921,-0.000499827362226927,-0.000355429177567006
scale_development_y200,"R=2.0, scale=1.414, unit GDP=1.414",2,1.4142135623731,1.4142135623731,0.585786437626905,0.414213562373095,0.666666666666667,0.333333333333333,1.1380711874577,0.804737854124365,Private investment,inv1,inv2,0.303963257801201,0.214934480822784,first_order_relative_deviation=level_IRF/steady_state,30,-0.000196400231762513,-0.000584567950275464,-0.000388167718512952
scale_development_y200,"R=2.0, scale=1.414, unit GDP=1.414",2,1.4142135623731,1.4142135623731,0.585786437626905,0.414213562373095,0.666666666666667,0.333333333333333,1.1380711874577,0.804737854124365,Private investment,inv1,inv2,0.303963257801201,0.214934480822784,first_order_relative_deviation=level_IRF/steady_state,31,-0.000241359186358286,-0.00065633947099337,-0.000414980284635084
scale_development_y200,"R=2.0, scale=1.414, unit GDP=1.414",2,1.4142135623731,1.4142135623731,0.585786437626905,0.414213562373095,0.666666666666667,0.333333333333333,1.1380711874577,0.804737854124365,Private investment,inv1,inv2,0.303963257801201,0.214934480822784,first_order_relative_deviation=level_IRF/steady_state,32,-0.0002796357259076,-0.000715720644249944,-0.000436084918342345
scale_development_y200,"R=2.0, scale=1.414, unit GDP=1.414",2,1.4142135623731,1.4142135623731,0.585786437626905,0.414213562373095,0.666666666666667,0.333333333333333,1.1380711874577,0.804737854124365,Private investment,inv1,inv2,0.303963257801201,0.214934480822784,first_order_relative_deviation=level_IRF/steady_state,33,-0.000311638638809489,-0.000763413654788903,-0.000451775015979414
scale_development_y200,"R=2.0, scale=1.414, unit GDP=1.414",2,1.4142135623731,1.4142135623731,0.585786437626905,0.414213562373095,0.666666666666667,0.333333333333333,1.1380711874577,0.804737854124365,Private investment,inv1,inv2,0.303963257801201,0.214934480822784,first_order_relative_deviation=level_IRF/steady_state,34,-0.000337809808750718,-0.000800211130228649,-0.00046240132147793
scale_development_y200,"R=2.0, scale=1.414, unit GDP=1.414",2,1.4142135623731,1.4142135623731,0.585786437626905,0.414213562373095,0.666666666666667,0.333333333333333,1.1380711874577,0.804737854124365,Private investment,inv1,inv2,0.303963257801201,0.214934480822784,first_order_relative_deviation=level_IRF/steady_state,35,-0.000358611401278369,-0.000826967272029578,-0.000468355870751208
scale_development_y200,"R=2.0, scale=1.414, unit GDP=1.414",2,1.4142135623731,1.4142135623731,0.585786437626905,0.414213562373095,0.666666666666667,0.333333333333333,1.1380711874577,0.804737854124365,Private investment,inv1,inv2,0.303963257801201,0.214934480822784,first_order_relative_deviation=level_IRF/steady_state,36,-0.000374515005699264,-0.000844572885026177,-0.000470057879326914
scale_development_y200,"R=2.0, scale=1.414, unit GDP=1.414",2,1.4142135623731,1.4142135623731,0.585786437626905,0.414213562373095,0.666666666666667,0.333333333333333,1.1380711874577,0.804737854124365,Private investment,inv1,inv2,0.303963257801201,0.214934480822784,first_order_relative_deviation=level_IRF/steady_state,37,-0.000385992523959196,-0.000853934042057018,-0.000467941518097822
scale_development_y200,"R=2.0, scale=1.414, unit GDP=1.414",2,1.4142135623731,1.4142135623731,0.585786437626905,0.414213562373095,0.666666666666667,0.333333333333333,1.1380711874577,0.804737854124365,Private investment,inv1,inv2,0.303963257801201,0.214934480822784,first_order_relative_deviation=level_IRF/steady_state,38,-0.000393508624281219,-0.000855954112136865,-0.000462445487855646
scale_development_y200,"R=2.0, scale=1.414, unit GDP=1.414",2,1.4142135623731,1.4142135623731,0.585786437626905,0.414213562373095,0.666666666666667,0.333333333333333,1.1380711874577,0.804737854124365,Private investment,inv1,inv2,0.303963257801201,0.214934480822784,first_order_relative_deviation=level_IRF/steady_state,39,-0.000397514595624938,-0.000851518875326668,-0.00045400427970173
scale_development_y200,"R=2.0, scale=1.414, unit GDP=1.414",2,1.4142135623731,1.4142135623731,0.585786437626905,0.414213562373095,0.666666666666667,0.333333333333333,1.1380711874577,0.804737854124365,Private investment,inv1,inv2,0.303963257801201,0.214934480822784,first_order_relative_deviation=level_IRF/steady_state,40,-0.00039844345256711,-0.000841484445786935,-0.000443040993219825
scale_development_y200,"R=2.0, scale=1.414, unit GDP=1.414",2,1.4142135623731,1.4142135623731,0.585786437626905,0.414213562373095,0.666666666666667,0.333333333333333,1.1380711874577,0.804737854124365,Local production GDP,xloc1,xloc2,1.1380711874577,0.804737854124365,first_order_relative_deviation=level_IRF/steady_state,1,-0.002199805766172,-0.00237875811016474,-0.000178952343992744
scale_development_y200,"R=2.0, scale=1.414, unit GDP=1.414",2,1.4142135623731,1.4142135623731,0.585786437626905,0.414213562373095,0.666666666666667,0.333333333333333,1.1380711874577,0.804737854124365,Local production GDP,xloc1,xloc2,1.1380711874577,0.804737854124365,first_order_relative_deviation=level_IRF/steady_state,2,-0.00183954542838674,-0.00215196396048292,-0.000312418532096173
scale_development_y200,"R=2.0, scale=1.414, unit GDP=1.414",2,1.4142135623731,1.4142135623731,0.585786437626905,0.414213562373095,0.666666666666667,0.333333333333333,1.1380711874577,0.804737854124365,Local production GDP,xloc1,xloc2,1.1380711874577,0.804737854124365,first_order_relative_deviation=level_IRF/steady_state,3,-0.00150098155632925,-0.00190887916540706,-0.000407897609077809
scale_development_y200,"R=2.0, scale=1.414, unit GDP=1.414",2,1.4142135623731,1.4142135623731,0.585786437626905,0.414213562373095,0.666666666666667,0.333333333333333,1.1380711874577,0.804737854124365,Local production GDP,xloc1,xloc2,1.1380711874577,0.804737854124365,first_order_relative_deviation=level_IRF/steady_state,4,-0.00121393471921058,-0.00168648392841045,-0.000472549209199866
scale_development_y200,"R=2.0, scale=1.414, unit GDP=1.414",2,1.4142135623731,1.4142135623731,0.585786437626905,0.414213562373095,0.666666666666667,0.333333333333333,1.1380711874577,0.804737854124365,Local production GDP,xloc1,xloc2,1.1380711874577,0.804737854124365,first_order_relative_deviation=level_IRF/steady_state,5,-0.000983922619083994,-0.00149667011240007,-0.000512747493316075
scale_development_y200,"R=2.0, scale=1.414, unit GDP=1.414",2,1.4142135623731,1.4142135623731,0.585786437626905,0.414213562373095,0.666666666666667,0.333333333333333,1.1380711874577,0.804737854124365,Local production GDP,xloc1,xloc2,1.1380711874577,0.804737854124365,first_order_relative_deviation=level_IRF/steady_state,6,-0.000805678880752183,-0.0013396102317071,-0.000533931350954913
scale_development_y200,"R=2.0, scale=1.414, unit GDP=1.414",2,1.4142135623731,1.4142135623731,0.585786437626905,0.414213562373095,0.666666666666667,0.333333333333333,1.1380711874577,0.804737854124365,Local production GDP,xloc1,xloc2,1.1380711874577,0.804737854124365,first_order_relative_deviation=level_IRF/steady_state,7,-0.00067018950628902,-0.00121080178706965,-0.000540612280780625
scale_development_y200,"R=2.0, scale=1.414, unit GDP=1.414",2,1.4142135623731,1.4142135623731,0.585786437626905,0.414213562373095,0.666666666666667,0.333333333333333,1.1380711874577,0.804737854124365,Local production GDP,xloc1,xloc2,1.1380711874577,0.804737854124365,first_order_relative_deviation=level_IRF/steady_state,8,-0.000568105835307331,-0.00110456410500469,-0.00053645826969736
scale_development_y200,"R=2.0, scale=1.414, unit GDP=1.414",2,1.4142135623731,1.4142135623731,0.585786437626905,0.414213562373095,0.666666666666667,0.333333333333333,1.1380711874577,0.804737854124365,Local production GDP,xloc1,xloc2,1.1380711874577,0.804737854124365,first_order_relative_deviation=level_IRF/steady_state,9,-0.000491201166634614,-0.0010156083078732,-0.000524407141238586
scale_development_y200,"R=2.0, scale=1.414, unit GDP=1.414",2,1.4142135623731,1.4142135623731,0.585786437626905,0.414213562373095,0.666666666666667,0.333333333333333,1.1380711874577,0.804737854124365,Local production GDP,xloc1,xloc2,1.1380711874577,0.804737854124365,first_order_relative_deviation=level_IRF/steady_state,10,-0.000432822468098601,-0.000939606632372269,-0.000506784164273668
scale_development_y200,"R=2.0, scale=1.414, unit GDP=1.414",2,1.4142135623731,1.4142135623731,0.585786437626905,0.414213562373095,0.666666666666667,0.333333333333333,1.1380711874577,0.804737854124365,Local production GDP,xloc1,xloc2,1.1380711874577,0.804737854124365,first_order_relative_deviation=level_IRF/steady_state,11,-0.000387865356538906,-0.0008732767066096,-0.000485411350070695
scale_development_y200,"R=2.0, scale=1.414, unit GDP=1.414",2,1.4142135623731,1.4142135623731,0.585786437626905,0.414213562373095,0.666666666666667,0.333333333333333,1.1380711874577,0.804737854124365,Local production GDP,xloc1,xloc2,1.1380711874577,0.804737854124365,first_order_relative_deviation=level_IRF/steady_state,12,-0.000352554815589343,-0.000814257943198589,-0.000461703127609246
scale_development_y200,"R=2.0, scale=1.414, unit GDP=1.414",2,1.4142135623731,1.4142135623731,0.585786437626905,0.414213562373095,0.666666666666667,0.333333333333333,1.1380711874577,0.804737854124365,Local production GDP,xloc1,xloc2,1.1380711874577,0.804737854124365,first_order_relative_deviation=level_IRF/steady_state,13,-0.000324174672895576,-0.000760921750681771,-0.000436747077786195
scale_development_y200,"R=2.0, scale=1.414, unit GDP=1.414",2,1.4142135623731,1.4142135623731,0.585786437626905,0.414213562373095,0.666666666666667,0.333333333333333,1.1380711874577,0.804737854124365,Local production GDP,xloc1,xloc2,1.1380711874577,0.804737854124365,first_order_relative_deviation=level_IRF/steady_state,14,-0.000300812009859297,-0.00071218245917708,-0.000411370449317783
scale_development_y200,"R=2.0, scale=1.414, unit GDP=1.414",2,1.4142135623731,1.4142135623731,0.585786437626905,0.414213562373095,0.666666666666667,0.333333333333333,1.1380711874577,0.804737854124365,Local production GDP,xloc1,xloc2,1.1380711874577,0.804737854124365,first_order_relative_deviation=level_IRF/steady_state,15,-0.000281141998924404,-0.000667336091877215,-0.000386194092952811
scale_development_y200,"R=2.0, scale=1.414, unit GDP=1.414",2,1.4142135623731,1.4142135623731,0.585786437626905,0.414213562373095,0.666666666666667,0.333333333333333,1.1380711874577,0.804737854124365,Local production GDP,xloc1,xloc2,1.1380711874577,0.804737854124365,first_order_relative_deviation=level_IRF/steady_state,16,-0.0002642583915521,-0.000625934128351236,-0.000361675736799136
scale_development_y200,"R=2.0, scale=1.414, unit GDP=1.414",2,1.4142135623731,1.4142135623731,0.585786437626905,0.414213562373095,0.666666666666667,0.333333333333333,1.1380711874577,0.804737854124365,Local production GDP,xloc1,xloc2,1.1380711874577,0.804737854124365,first_order_relative_deviation=level_IRF/steady_state,17,-0.000249545766171043,-0.000587690249872951,-0.000338144483701907
scale_development_y200,"R=2.0, scale=1.414, unit GDP=1.414",2,1.4142135623731,1.4142135623731,0.585786437626905,0.414213562373095,0.666666666666667,0.333333333333333,1.1380711874577,0.804737854124365,Local production GDP,xloc1,xloc2,1.1380711874577,0.804737854124365,first_order_relative_deviation=level_IRF/steady_state,18,-0.000236586371967373,-0.000552414588419966,-0.000315828216452592
scale_development_y200,"R=2.0, scale=1.414, unit GDP=1.414",2,1.4142135623731,1.4142135623731,0.585786437626905,0.414213562373095,0.666666666666667,0.333333333333333,1.1380711874577,0.804737854124365,Local production GDP,xloc1,xloc2,1.1380711874577,0.804737854124365,first_order_relative_deviation=level_IRF/steady_state,19,-0.000225093990253919,-0.000519969336612445,-0.000294875346358526
scale_development_y200,"R=2.0, scale=1.414, unit GDP=1.414",2,1.4142135623731,1.4142135623731,0.585786437626905,0.414213562373095,0.666666666666667,0.333333333333333,1.1380711874577,0.804737854124365,Local production GDP,xloc1,xloc2,1.1380711874577,0.804737854124365,first_order_relative_deviation=level_IRF/steady_state,20,-0.000214868063948231,-0.000490240151636322,-0.000275372087688091
scale_development_y200,"R=2.0, scale=1.414, unit GDP=1.414",2,1.4142135623731,1.4142135623731,0.585786437626905,0.414213562373095,0.666666666666667,0.333333333333333,1.1380711874577,0.804737854124365,Local production GDP,xloc1,xloc2,1.1380711874577,0.804737854124365,first_order_relative_deviation=level_IRF/steady_state,21,-0.000205762581731905,-0.000463118791770094,-0.000257356210038189
scale_development_y200,"R=2.0, scale=1.414, unit GDP=1.414",2,1.4142135623731,1.4142135623731,0.585786437626905,0.414213562373095,0.666666666666667,0.333333333333333,1.1380711874577,0.804737854124365,Local production GDP,xloc1,xloc2,1.1380711874577,0.804737854124365,first_order_relative_deviation=level_IRF/steady_state,22,-0.000197665445783101,-0.000438493468555226,-0.000240828022772125
scale_development_y200,"R=2.0, scale=1.414, unit GDP=1.414",2,1.4142135623731,1.4142135623731,0.585786437626905,0.414213562373095,0.666666666666667,0.333333333333333,1.1380711874577,0.804737854124365,Local production GDP,xloc1,xloc2,1.1380711874577,0.804737854124365,first_order_relative_deviation=level_IRF/steady_state,23,-0.000190485133190178,-0.000416244315255119,-0.000225759182064941
scale_development_y200,"R=2.0, scale=1.414, unit GDP=1.414",2,1.4142135623731,1.4142135623731,0.585786437626905,0.414213562373095,0.666666666666667,0.333333333333333,1.1380711874577,0.804737854124365,Local production GDP,xloc1,xloc2,1.1380711874577,0.804737854124365,first_order_relative_deviation=level_IRF/steady_state,24,-0.000184142332960893,-0.000396242112338883,-0.00021209977937799
scale_development_y200,"R=2.0, scale=1.414, unit GDP=1.414",2,1.4142135623731,1.4142135623731,0.585786437626905,0.414213562373095,0.666666666666667,0.333333333333333,1.1380711874577,0.804737854124365,Local production GDP,xloc1,xloc2,1.1380711874577,0.804737854124365,first_order_relative_deviation=level_IRF/steady_state,25,-0.000178564910504297,-0.000378348976661493,-0.000199784066157196
scale_development_y200,"R=2.0, scale=1.414, unit GDP=1.414",2,1.4142135623731,1.4142135623731,0.585786437626905,0.414213562373095,0.666666666666667,0.333333333333333,1.1380711874577,0.804737854124365,Local production GDP,xloc1,xloc2,1.1380711874577,0.804737854124365,first_order_relative_deviation=level_IRF/steady_state,26,-0.000173685049309918,-0.000362420137940973,-0.000188735088631055
scale_development_y200,"R=2.0, scale=1.414, unit GDP=1.414",2,1.4142135623731,1.4142135623731,0.585786437626905,0.414213562373095,0.666666666666667,0.333333333333333,1.1380711874577,0.804737854124365,Local production GDP,xloc1,xloc2,1.1380711874577,0.804737854124365,first_order_relative_deviation=level_IRF/steady_state,27,-0.000169437780316396,-0.00034830622462698,-0.000178868444310585
scale_development_y200,"R=2.0, scale=1.414, unit GDP=1.414",2,1.4142135623731,1.4142135623731,0.585786437626905,0.414213562373095,0.666666666666667,0.333333333333333,1.1380711874577,0.804737854124365,Local production GDP,xloc1,xloc2,1.1380711874577,0.804737854124365,first_order_relative_deviation=level_IRF/steady_state,28,-0.000165760365728635,-0.000335855690049201,-0.000170095324320566
scale_development_y200,"R=2.0, scale=1.414, unit GDP=1.414",2,1.4142135623731,1.4142135623731,0.585786437626905,0.414213562373095,0.666666666666667,0.333333333333333,1.1380711874577,0.804737854124365,Local production GDP,xloc1,xloc2,1.1380711874577,0.804737854124365,first_order_relative_deviation=level_IRF/steady_state,29,-0.000162592183103531,-0.000324917152802114,-0.000162324969698583
scale_development_y200,"R=2.0, scale=1.414, unit GDP=1.414",2,1.4142135623731,1.4142135623731,0.585786437626905,0.414213562373095,0.666666666666667,0.333333333333333,1.1380711874577,0.804737854124365,Local production GDP,xloc1,xloc2,1.1380711874577,0.804737854124365,first_order_relative_deviation=level_IRF/steady_state,30,-0.000159874878859432,-0.000315341521491056,-0.000155466642631625
scale_development_y200,"R=2.0, scale=1.414, unit GDP=1.414",2,1.4142135623731,1.4142135623731,0.585786437626905,0.414213562373095,0.666666666666667,0.333333333333333,1.1380711874577,0.804737854124365,Local production GDP,xloc1,xloc2,1.1380711874577,0.804737854124365,first_order_relative_deviation=level_IRF/steady_state,31,-0.000157552644206076,-0.000306983837339274,-0.000149431193133198
scale_development_y200,"R=2.0, scale=1.414, unit GDP=1.414",2,1.4142135623731,1.4142135623731,0.585786437626905,0.414213562373095,0.666666666666667,0.333333333333333,1.1380711874577,0.804737854124365,Local production GDP,xloc1,xloc2,1.1380711874577,0.804737854124365,first_order_relative_deviation=level_IRF/steady_state,32,-0.000155572522785124,-0.00029970480899071,-0.000144132286205585
scale_development_y200,"R=2.0, scale=1.414, unit GDP=1.414",2,1.4142135623731,1.4142135623731,0.585786437626905,0.414213562373095,0.666666666666667,0.333333333333333,1.1380711874577,0.804737854124365,Local production GDP,xloc1,xloc2,1.1380711874577,0.804737854124365,first_order_relative_deviation=level_IRF/steady_state,33,-0.000153884696608655,-0.000293372039433191,-0.000139487342824535
scale_development_y200,"R=2.0, scale=1.414, unit GDP=1.414",2,1.4142135623731,1.4142135623731,0.585786437626905,0.414213562373095,0.666666666666667,0.333333333333333,1.1380711874577,0.804737854124365,Local production GDP,xloc1,xloc2,1.1380711874577,0.804737854124365,first_order_relative_deviation=level_IRF/steady_state,34,-0.000152442721248414,-0.000287860960382576,-0.000135418239134161
scale_development_y200,"R=2.0, scale=1.414, unit GDP=1.414",2,1.4142135623731,1.4142135623731,0.585786437626905,0.414213562373095,0.666666666666667,0.333333333333333,1.1380711874577,0.804737854124365,Local production GDP,xloc1,xloc2,1.1380711874577,0.804737854124365,first_order_relative_deviation=level_IRF/steady_state,35,-0.000151203696865025,-0.000283055498176361,-0.000131851801311337
scale_development_y200,"R=2.0, scale=1.414, unit GDP=1.414",2,1.4142135623731,1.4142135623731,0.585786437626905,0.414213562373095,0.666666666666667,0.333333333333333,1.1380711874577,0.804737854124365,Local production GDP,xloc1,xloc2,1.1380711874577,0.804737854124365,first_order_relative_deviation=level_IRF/steady_state,36,-0.000150128371455,-0.000278848499584681,-0.00012872012812968
scale_development_y200,"R=2.0, scale=1.414, unit GDP=1.414",2,1.4142135623731,1.4142135623731,0.585786437626905,0.414213562373095,0.666666666666667,0.333333333333333,1.1380711874577,0.804737854124365,Local production GDP,xloc1,xloc2,1.1380711874577,0.804737854124365,first_order_relative_deviation=level_IRF/steady_state,37,-0.000149181178641037,-0.000275141947521166,-0.000125960768880129
scale_development_y200,"R=2.0, scale=1.414, unit GDP=1.414",2,1.4142135623731,1.4142135623731,0.585786437626905,0.414213562373095,0.666666666666667,0.333333333333333,1.1380711874577,0.804737854124365,Local production GDP,xloc1,xloc2,1.1380711874577,0.804737854124365,first_order_relative_deviation=level_IRF/steady_state,38,-0.000148330215719263,-0.000271846996460118,-0.000123516780740855
scale_development_y200,"R=2.0, scale=1.414, unit GDP=1.414",2,1.4142135623731,1.4142135623731,0.585786437626905,0.414213562373095,0.666666666666667,0.333333333333333,1.1380711874577,0.804737854124365,Local production GDP,xloc1,xloc2,1.1380711874577,0.804737854124365,first_order_relative_deviation=level_IRF/steady_state,39,-0.000147547169433081,-0.000268883856127934,-0.000121336686694853
scale_development_y200,"R=2.0, scale=1.414, unit GDP=1.414",2,1.4142135623731,1.4142135623731,0.585786437626905,0.414213562373095,0.666666666666667,0.333333333333333,1.1380711874577,0.804737854124365,Local production GDP,xloc1,xloc2,1.1380711874577,0.804737854124365,first_order_relative_deviation=level_IRF/steady_state,40,-0.00014680719765109,-0.000266181550172368,-0.000119374352521278
scale_development_y200,"R=2.0, scale=1.414, unit GDP=1.414",2,1.4142135623731,1.4142135623731,0.585786437626905,0.414213562373095,0.666666666666667,0.333333333333333,1.1380711874577,0.804737854124365,Consumption,c1,c2,0.583732268415803,0.41276104539422,first_order_relative_deviation=level_IRF/steady_state,1,-0.00237004836233967,-0.00233676500444069,3.32833578989759e-05
scale_development_y200,"R=2.0, scale=1.414, unit GDP=1.414",2,1.4142135623731,1.4142135623731,0.585786437626905,0.414213562373095,0.666666666666667,0.333333333333333,1.1380711874577,0.804737854124365,Consumption,c1,c2,0.583732268415803,0.41276104539422,first_order_relative_deviation=level_IRF/steady_state,2,-0.000996453935469082,-0.000933860305518544,6.25936299505379e-05
scale_development_y200,"R=2.0, scale=1.414, unit GDP=1.414",2,1.4142135623731,1.4142135623731,0.585786437626905,0.414213562373095,0.666666666666667,0.333333333333333,1.1380711874577,0.804737854124365,Consumption,c1,c2,0.583732268415803,0.41276104539422,first_order_relative_deviation=level_IRF/steady_state,3,-0.000278904876926117,-0.000193031407090377,8.58734698357396e-05
scale_development_y200,"R=2.0, scale=1.414, unit GDP=1.414",2,1.4142135623731,1.4142135623731,0.585786437626905,0.414213562373095,0.666666666666667,0.333333333333333,1.1380711874577,0.804737854124365,Consumption,c1,c2,0.583732268415803,0.41276104539422,first_order_relative_deviation=level_IRF/steady_state,4,6.90450046490306e-05,0.000171546414597248,0.000102501409948218
scale_development_y200,"R=2.0, scale=1.414, unit GDP=1.414",2,1.4142135623731,1.4142135623731,0.585786437626905,0.414213562373095,0.666666666666667,0.333333333333333,1.1380711874577,0.804737854124365,Consumption,c1,c2,0.583732268415803,0.41276104539422,first_order_relative_deviation=level_IRF/steady_state,5,0.000215501434972511,0.000328217202710017,0.000112715767737506
scale_development_y200,"R=2.0, scale=1.414, unit GDP=1.414",2,1.4142135623731,1.4142135623731,0.585786437626905,0.414213562373095,0.666666666666667,0.333333333333333,1.1380711874577,0.804737854124365,Consumption,c1,c2,0.583732268415803,0.41276104539422,first_order_relative_deviation=level_IRF/steady_state,6,0.000257125391565501,0.000374346420066991,0.000117221028501489
scale_development_y200,"R=2.0, scale=1.414, unit GDP=1.414",2,1.4142135623731,1.4142135623731,0.585786437626905,0.414213562373095,0.666666666666667,0.333333333333333,1.1380711874577,0.804737854124365,Consumption,c1,c2,0.583732268415803,0.41276104539422,first_order_relative_deviation=level_IRF/steady_state,7,0.000248080980863494,0.000365010381451652,0.000116929400588158
scale_development_y200,"R=2.0, scale=1.414, unit GDP=1.414",2,1.4142135623731,1.4142135623731,0.585786437626905,0.414213562373095,0.666666666666667,0.333333333333333,1.1380711874577,0.804737854124365,Consumption,c1,c2,0.583732268415803,0.41276104539422,first_order_relative_deviation=level_IRF/steady_state,8,0.000217691934999406,0.000330491060109265,0.000112799125109858
scale_development_y200,"R=2.0, scale=1.414, unit GDP=1.414",2,1.4142135623731,1.4142135623731,0.585786437626905,0.414213562373095,0.666666666666667,0.333333333333333,1.1380711874577,0.804737854124365,Consumption,c1,c2,0.583732268415803,0.41276104539422,first_order_relative_deviation=level_IRF/steady_state,9,0.000181068220825967,0.000286808064617544,0.000105739843791576
scale_development_y200,"R=2.0, scale=1.414, unit GDP=1.414",2,1.4142135623731,1.4142135623731,0.585786437626905,0.414213562373095,0.666666666666667,0.333333333333333,1.1380711874577,0.804737854124365,Consumption,c1,c2,0.583732268415803,0.41276104539422,first_order_relative_deviation=level_IRF/steady_state,10,0.000145404498788407,0.000241967414990748,9.65629162023407e-05
scale_development_y200,"R=2.0, scale=1.414, unit GDP=1.414",2,1.4142135623731,1.4142135623731,0.585786437626905,0.414213562373095,0.666666666666667,0.333333333333333,1.1380711874577,0.804737854124365,Consumption,c1,c2,0.583732268415803,0.41276104539422,first_order_relative_deviation=level_IRF/steady_state,11,0.000113646177338874,0.000199606914237569,8.59607368986948e-05
scale_development_y200,"R=2.0, scale=1.414, unit GDP=1.414",2,1.4142135623731,1.4142135623731,0.585786437626905,0.414213562373095,0.666666666666667,0.333333333333333,1.1380711874577,0.804737854124365,Consumption,c1,c2,0.583732268415803,0.41276104539422,first_order_relative_deviation=level_IRF/steady_state,12,8.65762132341407e-05,0.000161080087376545,7.45038741424044e-05
scale_development_y200,"R=2.0, scale=1.414, unit GDP=1.414",2,1.4142135623731,1.4142135623731,0.585786437626905,0.414213562373095,0.666666666666667,0.333333333333333,1.1380711874577,0.804737854124365,Consumption,c1,c2,0.583732268415803,0.41276104539422,first_order_relative_deviation=level_IRF/steady_state,13,6.39693399414424e-05,0.000126617759091412,6.26484191499696e-05
scale_development_y200,"R=2.0, scale=1.414, unit GDP=1.414",2,1.4142135623731,1.4142135623731,0.585786437626905,0.414213562373095,0.666666666666667,0.333333333333333,1.1380711874577,0.804737854124365,Consumption,c1,c2,0.583732268415803,0.41276104539422,first_order_relative_deviation=level_IRF/steady_state,14,4.52058908434238e-05,9.59544157645996e-05,5.07485249211758e-05
scale_development_y200,"R=2.0, scale=1.414, unit GDP=1.414",2,1.4142135623731,1.4142135623731,0.585786437626905,0.414213562373095,0.666666666666667,0.333333333333333,1.1380711874577,0.804737854124365,Consumption,c1,c2,0.583732268415803,0.41276104539422,first_order_relative_deviation=level_IRF/steady_state,15,2.9579712209846e-05,6.86506575122551e-05,3.9070945302409e-05
scale_development_y200,"R=2.0, scale=1.414, unit GDP=1.414",2,1.4142135623731,1.4142135623731,0.585786437626905,0.414213562373095,0.666666666666667,0.333333333333333,1.1380711874577,0.804737854124365,Consumption,c1,c2,0.583732268415803,0.41276104539422,first_order_relative_deviation=level_IRF/steady_state,16,1.64381058399776e-05,4.42477531524675e-05,2.78096473124899e-05
scale_development_y200,"R=2.0, scale=1.414, unit GDP=1.414",2,1.4142135623731,1.4142135623731,0.585786437626905,0.414213562373095,0.666666666666667,0.333333333333333,1.1380711874577,0.804737854124365,Consumption,c1,c2,0.583732268415803,0.41276104539422,first_order_relative_deviation=level_IRF/steady_state,17,5.23336337700607e-06,2.23327799603213e-05,1.70994165833152e-05
scale_development_y200,"R=2.0, scale=1.414, unit GDP=1.414",2,1.4142135623731,1.4142135623731,0.585786437626905,0.414213562373095,0.666666666666667,0.333333333333333,1.1380711874577,0.804737854124365,Consumption,c1,c2,0.583732268415803,0.41276104539422,first_order_relative_deviation=level_IRF/steady_state,18,-4.46933335979553e-06,2.55859320674463e-06,7.02792656654016e-06
scale_development_y200,"R=2.0, scale=1.414, unit GDP=1.414",2,1.4142135623731,1.4142135623731,0.585786437626905,0.414213562373095,0.666666666666667,0.333333333333333,1.1380711874577,0.804737854124365,Consumption,c1,c2,0.583732268415803,0.41276104539422,first_order_relative_deviation=level_IRF/steady_state,19,-1.3003253235515e-05,-1.53571663194825e-05,-2.35391308396753e-06
scale_development_y200,"R=2.0, scale=1.414, unit GDP=1.414",2,1.4142135623731,1.4142135623731,0.585786437626905,0.414213562373095,0.666666666666667,0.333333333333333,1.1380711874577,0.804737854124365,Consumption,c1,c2,0.583732268415803,0.41276104539422,first_order_relative_deviation=level_IRF/steady_state,20,-2.06180035556664e-05,-3.16413123585675e-05,-1.1023308802901e-05
scale_development_y200,"R=2.0, scale=1.414, unit GDP=1.414",2,1.4142135623731,1.4142135623731,0.585786437626905,0.414213562373095,0.666666666666667,0.333333333333333,1.1380711874577,0.804737854124365,Consumption,c1,c2,0.583732268415803,0.41276104539422,first_order_relative_deviation=level_IRF/steady_state,21,-2.74978129393823e-05,-4.64763168461052e-05,-1.8978503906723e-05
scale_development_y200,"R=2.0, scale=1.414, unit GDP=1.414",2,1.4142135623731,1.4142135623731,0.585786437626905,0.414213562373095,0.666666666666667,0.333333333333333,1.1380711874577,0.804737854124365,Consumption,c1,c2,0.583732268415803,0.41276104539422,first_order_relative_deviation=level_IRF/steady_state,22,-3.37775919002232e-05,-6.00106751059431e-05,-2.62330832057199e-05
scale_development_y200,"R=2.0, scale=1.414, unit GDP=1.414",2,1.4142135623731,1.4142135623731,0.585786437626905,0.414213562373095,0.666666666666667,0.333333333333333,1.1380711874577,0.804737854124365,Consumption,c1,c2,0.583732268415803,0.41276104539422,first_order_relative_deviation=level_IRF/steady_state,23,-3.95559703645661e-05,-7.23674313107038e-05,-3.28114609461377e-05
scale_development_y200,"R=2.0, scale=1.414, unit GDP=1.414",2,1.4142135623731,1.4142135623731,0.585786437626905,0.414213562373095,0.666666666666667,0.333333333333333,1.1380711874577,0.804737854124365,Consumption,c1,c2,0.583732268415803,0.41276104539422,first_order_relative_deviation=level_IRF/steady_state,24,-4.49053736921851e-05,-8.36507308908786e-05,-3.87453571986935e-05
scale_development_y200,"R=2.0, scale=1.414, unit GDP=1.414",2,1.4142135623731,1.4142135623731,0.585786437626905,0.414213562373095,0.666666666666667,0.333333333333333,1.1380711874577,0.804737854124365,Consumption,c1,c2,0.583732268415803,0.41276104539422,first_order_relative_deviation=level_IRF/steady_state,25,-4.98795502571411e-05,-9.39506350405809e-05,-4.40710847834398e-05
scale_development_y200,"R=2.0, scale=1.414, unit GDP=1.414",2,1.4142135623731,1.4142135623731,0.585786437626905,0.414213562373095,0.666666666666667,0.333333333333333,1.1380711874577,0.804737854124365,Consumption,c1,c2,0.583732268415803,0.41276104539422,first_order_relative_deviation=level_IRF/steady_state,26,-5.45190561347607e-05,-0.000103346546990507,-4.88274908557466e-05
scale_development_y200,"R=2.0, scale=1.414, unit GDP=1.414",2,1.4142135623731,1.4142135623731,0.585786437626905,0.414213562373095,0.666666666666667,0.333333333333333,1.1380711874577,0.804737854124365,Consumption,c1,c2,0.583732268415803,0.41276104539422,first_order_relative_deviation=level_IRF/steady_state,27,-5.88551748669403e-05,-0.000111909595336249,-5.30544204693088e-05
scale_development_y200,"R=2.0, scale=1.414, unit GDP=1.414",2,1.4142135623731,1.4142135623731,0.585786437626905,0.414213562373095,0.666666666666667,0.333333333333333,1.1380711874577,0.804737854124365,Consumption,c1,c2,0.583732268415803,0.41276104539422,first_order_relative_deviation=level_IRF/steady_state,28,-6.29126762613995e-05,-0.000119704267878661,-5.6791591617261e-05
scale_development_y200,"R=2.0, scale=1.414, unit GDP=1.414",2,1.4142135623731,1.4142135623731,0.585786437626905,0.414213562373095,0.666666666666667,0.333333333333333,1.1380711874577,0.804737854124365,Consumption,c1,c2,0.583732268415803,0.41276104539422,first_order_relative_deviation=level_IRF/steady_state,29,-6.67117344904507e-05,-0.000126789525773255,-6.00777912828043e-05
scale_development_y200,"R=2.0, scale=1.414, unit GDP=1.414",2,1.4142135623731,1.4142135623731,0.585786437626905,0.414213562373095,0.666666666666667,0.333333333333333,1.1380711874577,0.804737854124365,Consumption,c1,c2,0.583732268415803,0.41276104539422,first_order_relative_deviation=level_IRF/steady_state,30,-7.0269248993171e-05,-0.000133219568423543,-6.29503194303722e-05
scale_development_y200,"R=2.0, scale=1.414, unit GDP=1.414",2,1.4142135623731,1.4142135623731,0.585786437626905,0.414213562373095,0.666666666666667,0.333333333333333,1.1380711874577,0.804737854124365,Consumption,c1,c2,0.583732268415803,0.41276104539422,first_order_relative_deviation=level_IRF/steady_state,31,-7.35997478249888e-05,-0.000139044370428215,-6.54446226032263e-05
scale_development_y200,"R=2.0, scale=1.414, unit GDP=1.414",2,1.4142135623731,1.4142135623731,0.585786437626905,0.414213562373095,0.666666666666667,0.333333333333333,1.1380711874577,0.804737854124365,Consumption,c1,c2,0.583732268415803,0.41276104539422,first_order_relative_deviation=level_IRF/steady_state,32,-7.67160029848924e-05,-0.000144310073983305,-6.75940709984123e-05
scale_development_y200,"R=2.0, scale=1.414, unit GDP=1.414",2,1.4142135623731,1.4142135623731,0.585786437626905,0.414213562373095,0.666666666666667,0.333333333333333,1.1380711874577,0.804737854124365,Consumption,c1,c2,0.583732268415803,0.41276104539422,first_order_relative_deviation=level_IRF/steady_state,33,-7.96294493982737e-05,-0.000149059292241068,-6.94298428427942e-05
scale_development_y200,"R=2.0, scale=1.414, unit GDP=1.414",2,1.4142135623731,1.4142135623731,0.585786437626905,0.414213562373095,0.666666666666667,0.333333333333333,1.1380711874577,0.804737854124365,Consumption,c1,c2,0.583732268415803,0.41276104539422,first_order_relative_deviation=level_IRF/steady_state,34,-8.23504714392466e-05,-0.000153331359357121,-7.09808879178745e-05
scale_development_y200,"R=2.0, scale=1.414, unit GDP=1.414",2,1.4142135623731,1.4142135623731,0.585786437626905,0.414213562373095,0.666666666666667,0.333333333333333,1.1380711874577,0.804737854124365,Consumption,c1,c2,0.583732268415803,0.41276104539422,first_order_relative_deviation=level_IRF/steady_state,35,-8.48886009120112e-05,-0.000157162549380083,-7.22739484680717e-05
scale_development_y200,"R=2.0, scale=1.414, unit GDP=1.414",2,1.4142135623731,1.4142135623731,0.585786437626905,0.414213562373095,0.666666666666667,0.333333333333333,1.1380711874577,0.804737854124365,Consumption,c1,c2,0.583732268415803,0.41276104539422,first_order_relative_deviation=level_IRF/steady_state,36,-8.72526563113802e-05,-0.000160586277080232,-7.3333620768852e-05
scale_development_y200,"R=2.0, scale=1.414, unit GDP=1.414",2,1.4142135623731,1.4142135623731,0.585786437626905,0.414213562373095,0.666666666666667,0.333333333333333,1.1380711874577,0.804737854124365,Consumption,c1,c2,0.583732268415803,0.41276104539422,first_order_relative_deviation=level_IRF/steady_state,37,-8.94508433737158e-05,-0.000163633287968743,-7.41824445950276e-05
scale_development_y200,"R=2.0, scale=1.414, unit GDP=1.414",2,1.4142135623731,1.4142135623731,0.585786437626905,0.414213562373095,0.666666666666667,0.333333333333333,1.1380711874577,0.804737854124365,Consumption,c1,c2,0.583732268415803,0.41276104539422,first_order_relative_deviation=level_IRF/steady_state,38,-9.14908301957132e-05,-0.000166331841104364,-7.48410109086511e-05
scale_development_y200,"R=2.0, scale=1.414, unit GDP=1.414",2,1.4142135623731,1.4142135623731,0.585786437626905,0.414213562373095,0.666666666666667,0.333333333333333,1.1380711874577,0.804737854124365,Consumption,c1,c2,0.583732268415803,0.41276104539422,first_order_relative_deviation=level_IRF/steady_state,39,-9.33798056252514e-05,-0.000168707886105435,-7.53280804801836e-05
scale_development_y200,"R=2.0, scale=1.414, unit GDP=1.414",2,1.4142135623731,1.4142135623731,0.585786437626905,0.414213562373095,0.666666666666667,0.333333333333333,1.1380711874577,0.804737854124365,Consumption,c1,c2,0.583732268415803,0.41276104539422,first_order_relative_deviation=level_IRF/steady_state,40,-9.51245265639416e-05,-0.000170785234565215,-7.56607080012738e-05
scale_development_y200,"R=2.0, scale=1.414, unit GDP=1.414",2,1.4142135623731,1.4142135623731,0.585786437626905,0.414213562373095,0.666666666666667,0.333333333333333,1.1380711874577,0.804737854124365,Inflation,pinf1,pinf2,1,1,first_order_relative_deviation=level_IRF/steady_state,1,-0.00168580153045261,-0.00175236824625047,-6.65667157978556e-05
scale_development_y200,"R=2.0, scale=1.414, unit GDP=1.414",2,1.4142135623731,1.4142135623731,0.585786437626905,0.414213562373095,0.666666666666667,0.333333333333333,1.1380711874577,0.804737854124365,Inflation,pinf1,pinf2,1,1,first_order_relative_deviation=level_IRF/steady_state,2,-0.000958293284245015,-0.00101691382834823,-5.86205441032162e-05
scale_development_y200,"R=2.0, scale=1.414, unit GDP=1.414",2,1.4142135623731,1.4142135623731,0.585786437626905,0.414213562373095,0.666666666666667,0.333333333333333,1.1380711874577,0.804737854124365,Inflation,pinf1,pinf2,1,1,first_order_relative_deviation=level_IRF/steady_state,3,-0.000520854143915117,-0.000567413823685525,-4.65596797704082e-05
scale_development_y200,"R=2.0, scale=1.414, unit GDP=1.414",2,1.4142135623731,1.4142135623731,0.585786437626905,0.414213562373095,0.666666666666667,0.333333333333333,1.1380711874577,0.804737854124365,Inflation,pinf1,pinf2,1,1,first_order_relative_deviation=level_IRF/steady_state,4,-0.000262511654274711,-0.00029576753449978,-3.32558802250693e-05
scale_development_y200,"R=2.0, scale=1.414, unit GDP=1.414",2,1.4142135623731,1.4142135623731,0.585786437626905,0.414213562373095,0.666666666666667,0.333333333333333,1.1380711874577,0.804737854124365,Inflation,pinf1,pinf2,1,1,first_order_relative_deviation=level_IRF/steady_state,5,-0.000113328481942898,-0.000133757197521289,-2.04287155783911e-05
scale_development_y200,"R=2.0, scale=1.414, unit GDP=1.414",2,1.4142135623731,1.4142135623731,0.585786437626905,0.414213562373095,0.666666666666667,0.333333333333333,1.1380711874577,0.804737854124365,Inflation,pinf1,pinf2,1,1,first_order_relative_deviation=level_IRF/steady_state,6,-2.97001009016418e-05,-3.87106224297717e-05,-9.01052152812998e-06
scale_development_y200,"R=2.0, scale=1.414, unit GDP=1.414",2,1.4142135623731,1.4142135623731,0.585786437626905,0.414213562373095,0.666666666666667,0.333333333333333,1.1380711874577,0.804737854124365,Inflation,pinf1,pinf2,1,1,first_order_relative_deviation=level_IRF/steady_state,7,1.52465776586119e-05,1.5829833485137e-05,5.83255826525075e-07
scale_development_y200,"R=2.0, scale=1.414, unit GDP=1.414",2,1.4142135623731,1.4142135623731,0.585786437626905,0.414213562373095,0.666666666666667,0.333333333333333,1.1380711874577,0.804737854124365,Inflation,pinf1,pinf2,1,1,first_order_relative_deviation=level_IRF/steady_state,8,3.78619825229798e-05,4.61225334795756e-05,8.26055095659584e-06
scale_development_y200,"R=2.0, scale=1.414, unit GDP=1.414",2,1.4142135623731,1.4142135623731,0.585786437626905,0.414213562373095,0.666666666666667,0.333333333333333,1.1380711874577,0.804737854124365,Inflation,pinf1,pinf2,1,1,first_order_relative_deviation=level_IRF/steady_state,9,4.79497444294541e-05,6.20683070657879e-05,1.41185626363338e-05
scale_development_y200,"R=2.0, scale=1.414, unit GDP=1.414",2,1.4142135623731,1.4142135623731,0.585786437626905,0.414213562373095,0.666666666666667,0.333333333333333,1.1380711874577,0.804737854124365,Inflation,pinf1,pinf2,1,1,first_order_relative_deviation=level_IRF/steady_state,10,5.12875447824523e-05,6.96413999607959e-05,1.83538551783435e-05
scale_development_y200,"R=2.0, scale=1.414, unit GDP=1.414",2,1.4142135623731,1.4142135623731,0.585786437626905,0.414213562373095,0.666666666666667,0.333333333333333,1.1380711874577,0.804737854124365,Inflation,pinf1,pinf2,1,1,first_order_relative_deviation=level_IRF/steady_state,11,5.12090757809336e-05,7.2413434388352e-05,2.12043586074184e-05
scale_development_y200,"R=2.0, scale=1.414, unit GDP=1.414",2,1.4142135623731,1.4142135623731,0.585786437626905,0.414213562373095,0.666666666666667,0.333333333333333,1.1380711874577,0.804737854124365,Inflation,pinf1,pinf2,1,1,first_order_relative_deviation=level_IRF/steady_state,12,4.95860404929882e-05,7.24997660055404e-05,2.29137255125522e-05
scale_development_y200,"R=2.0, scale=1.414, unit GDP=1.414",2,1.4142135623731,1.4142135623731,0.585786437626905,0.414213562373095,0.666666666666667,0.333333333333333,1.1380711874577,0.804737854124365,Inflation,pinf1,pinf2,1,1,first_order_relative_deviation=level_IRF/steady_state,13,4.74305661055663e-05,7.11414760903306e-05,2.37109099847643e-05
scale_development_y200,"R=2.0, scale=1.414, unit GDP=1.414",2,1.4142135623731,1.4142135623731,0.585786437626905,0.414213562373095,0.666666666666667,0.333333333333333,1.1380711874577,0.804737854124365,Inflation,pinf1,pinf2,1,1,first_order_relative_deviation=level_IRF/steady_state,14,4.52599316189684e-05,6.90597200765364e-05,2.3799788457568e-05
scale_development_y200,"R=2.0, scale=1.414, unit GDP=1.414",2,1.4142135623731,1.4142135623731,0.585786437626905,0.414213562373095,0.666666666666667,0.333333333333333,1.1380711874577,0.804737854124365,Inflation,pinf1,pinf2,1,1,first_order_relative_deviation=level_IRF/steady_state,15,4.3314096093372e-05,6.66692553310533e-05,2.33551592376813e-05
scale_development_y200,"R=2.0, scale=1.414, unit GDP=1.414",2,1.4142135623731,1.4142135623731,0.585786437626905,0.414213562373095,0.666666666666667,0.333333333333333,1.1380711874577,0.804737854124365,Inflation,pinf1,pinf2,1,1,first_order_relative_deviation=level_IRF/steady_state,16,4.16831551977026e-05,6.4205751177715e-05,2.25225959800124e-05
scale_development_y200,"R=2.0, scale=1.414, unit GDP=1.414",2,1.4142135623731,1.4142135623731,0.585786437626905,0.414213562373095,0.666666666666667,0.333333333333333,1.1380711874577,0.804737854124365,Inflation,pinf1,pinf2,1,1,first_order_relative_deviation=level_IRF/steady_state,17,4.03804191386747e-05,6.18008805968184e-05,2.14204614581437e-05
scale_development_y200,"R=2.0, scale=1.414, unit GDP=1.414",2,1.4142135623731,1.4142135623731,0.585786437626905,0.414213562373095,0.666666666666667,0.333333333333333,1.1380711874577,0.804737854124365,Inflation,pinf1,pinf2,1,1,first_order_relative_deviation=level_IRF/steady_state,18,3.9383165427509e-05,5.95261454612306e-05,2.01429800337216e-05
scale_development_y200,"R=2.0, scale=1.414, unit GDP=1.414",2,1.4142135623731,1.4142135623731,0.585786437626905,0.414213562373095,0.666666666666667,0.333333333333333,1.1380711874577,0.804737854124365,Inflation,pinf1,pinf2,1,1,first_order_relative_deviation=level_IRF/steady_state,19,3.86545268775684e-05,5.7418206178772e-05,1.87636793012036e-05
scale_development_y200,"R=2.0, scale=1.414, unit GDP=1.414",2,1.4142135623731,1.4142135623731,0.585786437626905,0.414213562373095,0.666666666666667,0.333333333333333,1.1380711874577,0.804737854124365,Inflation,pinf1,pinf2,1,1,first_order_relative_deviation=level_IRF/steady_state,20,3.81546180900916e-05,5.54934095278181e-05,1.73387914377265e-05
scale_development_y200,"R=2.0, scale=1.414, unit GDP=1.414",2,1.4142135623731,1.4142135623731,0.585786437626905,0.414213562373095,0.666666666666667,0.333333333333333,1.1380711874577,0.804737854124365,Inflation,pinf1,pinf2,1,1,first_order_relative_deviation=level_IRF/steady_state,21,3.7845701323258e-05,5.37560915310209e-05,1.59103902077629e-05
scale_development_y200,"R=2.0, scale=1.414, unit GDP=1.414",2,1.4142135623731,1.4142135623731,0.585786437626905,0.414213562373095,0.666666666666667,0.333333333333333,1.1380711874577,0.804737854124365,Inflation,pinf1,pinf2,1,1,first_order_relative_deviation=level_IRF/steady_state,22,3.76941820769972e-05,5.22033406749056e-05,1.45091585979085e-05
scale_development_y200,"R=2.0, scale=1.414, unit GDP=1.414",2,1.4142135623731,1.4142135623731,0.585786437626905,0.414213562373095,0.666666666666667,0.333333333333333,1.1380711874577,0.804737854124365,Inflation,pinf1,pinf2,1,1,first_order_relative_deviation=level_IRF/steady_state,23,3.76710177305561e-05,5.08277732118589e-05,1.31567554813028e-05
scale_development_y200,"R=2.0, scale=1.414, unit GDP=1.414",2,1.4142135623731,1.4142135623731,0.585786437626905,0.414213562373095,0.666666666666667,0.333333333333333,1.1380711874577,0.804737854124365,Inflation,pinf1,pinf2,1,1,first_order_relative_deviation=level_IRF/steady_state,24,3.77514097822385e-05,4.96192022871877e-05,1.18677925049493e-05
scale_development_y200,"R=2.0, scale=1.414, unit GDP=1.414",2,1.4142135623731,1.4142135623731,0.585786437626905,0.414213562373095,0.666666666666667,0.333333333333333,1.1380711874577,0.804737854124365,Inflation,pinf1,pinf2,1,1,first_order_relative_deviation=level_IRF/steady_state,25,3.7914237599912e-05,4.85656927691203e-05,1.06514551692083e-05
scale_development_y200,"R=2.0, scale=1.414, unit GDP=1.414",2,1.4142135623731,1.4142135623731,0.585786437626905,0.414213562373095,0.666666666666667,0.333333333333333,1.1380711874577,0.804737854124365,Inflation,pinf1,pinf2,1,1,first_order_relative_deviation=level_IRF/steady_state,26,3.8141458627905e-05,4.76542707725791e-05,9.51281214467414e-06
scale_development_y200,"R=2.0, scale=1.414, unit GDP=1.414",2,1.4142135623731,1.4142135623731,0.585786437626905,0.414213562373095,0.666666666666667,0.333333333333333,1.1380711874577,0.804737854124365,Inflation,pinf1,pinf2,1,1,first_order_relative_deviation=level_IRF/steady_state,27,3.8417572825189e-05,4.68714320520647e-05,8.45385922687569e-06
scale_development_y200,"R=2.0, scale=1.414, unit GDP=1.414",2,1.4142135623731,1.4142135623731,0.585786437626905,0.414213562373095,0.666666666666667,0.333333333333333,1.1380711874577,0.804737854124365,Inflation,pinf1,pinf2,1,1,first_order_relative_deviation=level_IRF/steady_state,28,3.87291829255787e-05,4.62035252215554e-05,7.47434229597665e-06
scale_development_y200,"R=2.0, scale=1.414, unit GDP=1.414",2,1.4142135623731,1.4142135623731,0.585786437626905,0.414213562373095,0.666666666666667,0.333333333333333,1.1380711874577,0.804737854124365,Inflation,pinf1,pinf2,1,1,first_order_relative_deviation=level_IRF/steady_state,29,3.90646502208547e-05,4.56370495518499e-05,6.57239933099518e-06
scale_development_y200,"R=2.0, scale=1.414, unit GDP=1.414",2,1.4142135623731,1.4142135623731,0.585786437626905,0.414213562373095,0.666666666666667,0.333333333333333,1.1380711874577,0.804737854124365,Inflation,pinf1,pinf2,1,1,first_order_relative_deviation=level_IRF/steady_state,30,3.94138322534765e-05,4.51588885483911e-05,5.74505629491462e-06
scale_development_y200,"R=2.0, scale=1.414, unit GDP=1.414",2,1.4142135623731,1.4142135623731,0.585786437626905,0.414213562373095,0.666666666666667,0.333333333333333,1.1380711874577,0.804737854124365,Inflation,pinf1,pinf2,1,1,first_order_relative_deviation=level_IRF/steady_state,31,3.97678850729832e-05,4.47564914189957e-05,4.9886063460125e-06
scale_development_y200,"R=2.0, scale=1.414, unit GDP=1.414",2,1.4142135623731,1.4142135623731,0.585786437626905,0.414213562373095,0.666666666666667,0.333333333333333,1.1380711874577,0.804737854124365,Inflation,pinf1,pinf2,1,1,first_order_relative_deviation=level_IRF/steady_state,32,4.01191135126489e-05,4.44180103031933e-05,4.2988967905444e-06
scale_development_y200,"R=2.0, scale=1.414, unit GDP=1.414",2,1.4142135623731,1.4142135623731,0.585786437626905,0.414213562373095,0.666666666666667,0.333333333333333,1.1380711874577,0.804737854124365,Inflation,pinf1,pinf2,1,1,first_order_relative_deviation=level_IRF/steady_state,33,4.0460855569302e-05,4.41323992577125e-05,3.67154368841049e-06
scale_development_y200,"R=2.0, scale=1.414, unit GDP=1.414",2,1.4142135623731,1.4142135623731,0.585786437626905,0.414213562373095,0.666666666666667,0.333333333333333,1.1380711874577,0.804737854124365,Inflation,pinf1,pinf2,1,1,first_order_relative_deviation=level_IRF/steady_state,34,4.07873900147848e-05,4.38894801650935e-05,3.10209015030871e-06
scale_development_y200,"R=2.0, scale=1.414, unit GDP=1.414",2,1.4142135623731,1.4142135623731,0.585786437626905,0.414213562373095,0.666666666666667,0.333333333333333,1.1380711874577,0.804737854124365,Inflation,pinf1,pinf2,1,1,first_order_relative_deviation=level_IRF/steady_state,35,4.1093859222574e-05,4.36799803231747e-05,2.58612110060064e-06
scale_development_y200,"R=2.0, scale=1.414, unit GDP=1.414",2,1.4142135623731,1.4142135623731,0.585786437626905,0.414213562373095,0.666666666666667,0.333333333333333,1.1380711874577,0.804737854124365,Inflation,pinf1,pinf2,1,1,first_order_relative_deviation=level_IRF/steady_state,36,4.13762015618602e-05,4.34955461634523e-05,2.11934460159213e-06
scale_development_y200,"R=2.0, scale=1.414, unit GDP=1.414",2,1.4142135623731,1.4142135623731,0.585786437626905,0.414213562373095,0.666666666666667,0.333333333333333,1.1380711874577,0.804737854124365,Inflation,pinf1,pinf2,1,1,first_order_relative_deviation=level_IRF/steady_state,37,4.16310895821059e-05,4.33287372343383e-05,1.69764765223235e-06
scale_development_y200,"R=2.0, scale=1.414, unit GDP=1.414",2,1.4142135623731,1.4142135623731,0.585786437626905,0.414213562373095,0.666666666666667,0.333333333333333,1.1380711874577,0.804737854124365,Inflation,pinf1,pinf2,1,1,first_order_relative_deviation=level_IRF/steady_state,38,4.18558716119843e-05,4.317300423895e-05,1.31713262696564e-06
scale_development_y200,"R=2.0, scale=1.414, unit GDP=1.414",2,1.4142135623731,1.4142135623731,0.585786437626905,0.414213562373095,0.666666666666667,0.333333333333333,1.1380711874577,0.804737854124365,Inflation,pinf1,pinf2,1,1,first_order_relative_deviation=level_IRF/steady_state,39,4.20485153937999e-05,4.30226545369283e-05,9.74139143128383e-07
scale_development_y200,"R=2.0, scale=1.414, unit GDP=1.414",2,1.4142135623731,1.4142135623731,0.585786437626905,0.414213562373095,0.666666666666667,0.333333333333333,1.1380711874577,0.804737854124365,Inflation,pinf1,pinf2,1,1,first_order_relative_deviation=level_IRF/steady_state,40,4.22075530792654e-05,4.28728081216523e-05,6.65255042386903e-07
