period,shock,variable,region,steady_state,raw_response,normalized_response,transformation,scale_factor
1,emp,mp,national,0,0.0025,NaN,raw_level_only_zero_steady_state,1
2,emp,mp,national,0,-5.97799383903389e-20,NaN,raw_level_only_zero_steady_state,1
3,emp,mp,national,0,2.69139810583089e-20,NaN,raw_level_only_zero_steady_state,1
4,emp,mp,national,0,8.94094374533467e-20,NaN,raw_level_only_zero_steady_state,1
5,emp,mp,national,0,1.34609285392227e-19,NaN,raw_level_only_zero_steady_state,1
6,emp,mp,national,0,1.67311496405951e-19,NaN,raw_level_only_zero_steady_state,1
7,emp,mp,national,0,1.90870906999513e-19,NaN,raw_level_only_zero_steady_state,1
8,emp,mp,national,0,2.07655413862072e-19,NaN,raw_level_only_zero_steady_state,1
9,emp,mp,national,0,2.19357445040588e-19,NaN,raw_level_only_zero_steady_state,1
10,emp,mp,national,0,2.2720515725186e-19,NaN,raw_level_only_zero_steady_state,1
11,emp,mp,national,0,2.32105043612374e-19,NaN,raw_level_only_zero_steady_state,1
12,emp,mp,national,0,2.34738100464158e-19,NaN,raw_level_only_zero_steady_state,1
13,emp,mp,national,0,2.35624794733935e-19,NaN,raw_level_only_zero_steady_state,1
14,emp,mp,national,0,2.35169186234314e-19,NaN,raw_level_only_zero_steady_state,1
15,emp,mp,national,0,2.33689165906572e-19,NaN,raw_level_only_zero_steady_state,1
16,emp,mp,national,0,2.31437450667845e-19,NaN,raw_level_only_zero_steady_state,1
17,emp,mp,national,0,2.28616409074261e-19,NaN,raw_level_only_zero_steady_state,1
18,emp,mp,national,0,2.25388745685513e-19,NaN,raw_level_only_zero_steady_state,1
19,emp,mp,national,0,2.21885379165997e-19,NaN,raw_level_only_zero_steady_state,1
20,emp,mp,national,0,2.18211393489385e-19,NaN,raw_level_only_zero_steady_state,1
21,emp,mp,national,0,2.14450643390807e-19,NaN,raw_level_only_zero_steady_state,1
22,emp,mp,national,0,2.10669400570098e-19,NaN,raw_level_only_zero_steady_state,1
23,emp,mp,national,0,2.06919300167094e-19,NaN,raw_level_only_zero_steady_state,1
24,emp,mp,national,0,2.03239764008124e-19,NaN,raw_level_only_zero_steady_state,1
25,emp,mp,national,0,1.99660022574582e-19,NaN,raw_level_only_zero_steady_state,1
26,emp,mp,national,0,1.96200821525419e-19,NaN,raw_level_only_zero_steady_state,1
27,emp,mp,national,0,1.9287587443835e-19,NaN,raw_level_only_zero_steady_state,1
28,emp,mp,national,0,1.89693107057673e-19,NaN,raw_level_only_zero_steady_state,1
29,emp,mp,national,0,1.86655727077928e-19,NaN,raw_level_only_zero_steady_state,1
30,emp,mp,national,0,1.83763145633271e-19,NaN,raw_level_only_zero_steady_state,1
31,emp,mp,national,0,1.81011771090168e-19,NaN,raw_level_only_zero_steady_state,1
32,emp,mp,national,0,1.78395691729302e-19,NaN,raw_level_only_zero_steady_state,1
33,emp,mp,national,0,1.75907260970675e-19,NaN,raw_level_only_zero_steady_state,1
34,emp,mp,national,0,1.73537596620593e-19,NaN,raw_level_only_zero_steady_state,1
35,emp,mp,national,0,1.71277003979331e-19,NaN,raw_level_only_zero_steady_state,1
36,emp,mp,national,0,1.69115331389949e-19,NaN,raw_level_only_zero_steady_state,1
37,emp,mp,national,0,1.67042265823294e-19,NaN,raw_level_only_zero_steady_state,1
38,emp,mp,national,0,1.65047575303933e-19,NaN,raw_level_only_zero_steady_state,1
39,emp,mp,national,0,1.63121304330901e-19,NaN,raw_level_only_zero_steady_state,1
40,emp,mp,national,0,1.6125392789555e-19,NaN,raw_level_only_zero_steady_state,1
1,emp,r,national,1.01010101010101,0.00181313239084901,0.00179500106694052,raw_and_fraction_of_own_steady_state,1
2,emp,r,national,1.01010101010101,0.00093045709558659,0.000921152524630724,raw_and_fraction_of_own_steady_state,1
3,emp,r,national,1.01010101010101,0.00044325219618524,0.000438819674223387,raw_and_fraction_of_own_steady_state,1
4,emp,r,national,1.01010101010101,0.000184674166380683,0.000182827424716876,raw_and_fraction_of_own_steady_state,1
5,emp,r,national,1.01010101010101,5.51926202756459e-05,5.46406940728894e-05,raw_and_fraction_of_own_steady_state,1
6,emp,r,national,1.01010101010101,-3.58982680737086e-06,-3.55392853929715e-06,raw_and_fraction_of_own_steady_state,1
7,emp,r,national,1.01010101010101,-2.52579866808489e-05,-2.50054068140404e-05,raw_and_fraction_of_own_steady_state,1
8,emp,r,national,1.01010101010101,-2.86477078321745e-05,-2.83612307538528e-05,raw_and_fraction_of_own_steady_state,1
9,emp,r,national,1.01010101010101,-2.39780705735271e-05,-2.37382898677918e-05,raw_and_fraction_of_own_steady_state,1
10,emp,r,national,1.01010101010101,-1.65387850215026e-05,-1.63733971712876e-05,raw_and_fraction_of_own_steady_state,1
11,emp,r,national,1.01010101010101,-8.87403597871206e-06,-8.78529561892494e-06,raw_and_fraction_of_own_steady_state,1
12,emp,r,national,1.01010101010101,-2.05280299225841e-06,-2.03227496233582e-06,raw_and_fraction_of_own_steady_state,1
13,emp,r,national,1.01010101010101,3.60834455448433e-06,3.57226110893949e-06,raw_and_fraction_of_own_steady_state,1
14,emp,r,national,1.01010101010101,8.14549526495512e-06,8.06404031230556e-06,raw_and_fraction_of_own_steady_state,1
15,emp,r,national,1.01010101010101,1.17347042247751e-05,1.16173571825273e-05,raw_and_fraction_of_own_steady_state,1
16,emp,r,national,1.01010101010101,1.45851372905792e-05,1.44392859176734e-05,raw_and_fraction_of_own_steady_state,1
17,emp,r,national,1.01010101010101,1.68903179527113e-05,1.67214147731842e-05,raw_and_fraction_of_own_steady_state,1
18,emp,r,national,1.01010101010101,1.88099686939669e-05,1.86218690070272e-05,raw_and_fraction_of_own_steady_state,1
19,emp,r,national,1.01010101010101,2.04669768895105e-05,2.02623071206154e-05,raw_and_fraction_of_own_steady_state,1
20,emp,r,national,1.01010101010101,2.19510601724426e-05,2.17315495707182e-05,raw_and_fraction_of_own_steady_state,1
21,emp,r,national,1.01010101010101,2.33247453889085e-05,2.30914979350194e-05,raw_and_fraction_of_own_steady_state,1
22,emp,r,national,1.01010101010101,2.46295320538437e-05,2.43832367333052e-05,raw_and_fraction_of_own_steady_state,1
23,emp,r,national,1.01010101010101,2.58913295119179e-05,2.56324162167987e-05,raw_and_fraction_of_own_steady_state,1
24,emp,r,national,1.01010101010101,2.71248830963078e-05,2.68536342653447e-05,raw_and_fraction_of_own_steady_state,1
25,emp,r,national,1.01010101010101,2.83372021474548e-05,2.80538301259803e-05,raw_and_fraction_of_own_steady_state,1
26,emp,r,national,1.01010101010101,2.95301246504565e-05,2.92348234039519e-05,raw_and_fraction_of_own_steady_state,1
27,emp,r,national,1.01010101010101,3.07021862278045e-05,3.03951643655265e-05,raw_and_fraction_of_own_steady_state,1
28,emp,r,national,1.01010101010101,3.18499529421423e-05,3.15314534127209e-05,raw_and_fraction_of_own_steady_state,1
29,emp,r,national,1.01010101010101,3.29689531188837e-05,3.26392635876949e-05,raw_and_fraction_of_own_steady_state,1
30,emp,r,national,1.01010101010101,3.40543157282269e-05,3.37137725709447e-05,raw_and_fraction_of_own_steady_state,1
31,emp,r,national,1.01010101010101,3.51011974477622e-05,3.47501854732846e-05,raw_and_fraction_of_own_steady_state,1
32,emp,r,national,1.01010101010101,3.61050593848944e-05,3.57440087910454e-05,raw_and_fraction_of_own_steady_state,1
33,emp,r,national,1.01010101010101,3.70618378580101e-05,3.669121947943e-05,raw_and_fraction_of_own_steady_state,1
34,emp,r,national,1.01010101010101,3.79680411186634e-05,3.75883607074767e-05,raw_and_fraction_of_own_steady_state,1
35,emp,r,national,1.01010101010101,3.88207946859787e-05,3.84325867391189e-05,raw_and_fraction_of_own_steady_state,1
36,emp,r,national,1.01010101010101,3.96178513422107e-05,3.92216728287886e-05,raw_and_fraction_of_own_steady_state,1
37,emp,r,national,1.01010101010101,4.03575771101838e-05,3.9954001339082e-05,raw_and_fraction_of_own_steady_state,1
38,emp,r,national,1.01010101010101,4.10389212197604e-05,4.06285320075628e-05,raw_and_fraction_of_own_steady_state,1
39,emp,r,national,1.01010101010101,4.16613757414641e-05,4.12447619840495e-05,raw_and_fraction_of_own_steady_state,1
40,emp,r,national,1.01010101010101,4.22249289324661e-05,4.18026796431414e-05,raw_and_fraction_of_own_steady_state,1
1,emp,pinfagg,national,1,-0.00169128209899672,-0.00169128209899672,raw_and_fraction_of_own_steady_state,1
2,emp,pinfagg,national,1,-0.000969084689839583,-0.000969084689839583,raw_and_fraction_of_own_steady_state,1
3,emp,pinfagg,national,1,-0.000531749479269594,-0.000531749479269594,raw_and_fraction_of_own_steady_state,1
4,emp,pinfagg,national,1,-0.000270958919646902,-0.000270958919646902,raw_and_fraction_of_own_steady_state,1
5,emp,pinfagg,national,1,-0.000118348251111788,-0.000118348251111788,raw_and_fraction_of_own_steady_state,1
6,emp,pinfagg,national,1,-3.11949757918484e-05,-3.11949757918484e-05,raw_and_fraction_of_own_steady_state,1
7,emp,pinfagg,national,1,1.69213169987081e-05,1.69213169987081e-05,raw_and_fraction_of_own_steady_state,1
8,emp,pinfagg,national,1,4.21567571939896e-05,4.21567571939896e-05,raw_and_fraction_of_own_steady_state,1
9,emp,pinfagg,national,1,5.42693244003356e-05,5.42693244003356e-05,raw_and_fraction_of_own_steady_state,1
10,emp,pinfagg,national,1,5.90708413514829e-05,5.90708413514829e-05,raw_and_fraction_of_own_steady_state,1
11,emp,pinfagg,national,1,5.99669118042101e-05,5.99669118042101e-05,raw_and_fraction_of_own_steady_state,1
12,emp,pinfagg,national,1,5.89142048321722e-05,5.89142048321722e-05,raw_and_fraction_of_own_steady_state,1
13,emp,pinfagg,national,1,5.70090952507485e-05,5.70090952507485e-05,raw_and_fraction_of_own_steady_state,1
14,emp,pinfagg,national,1,5.48453751556544e-05,5.48453751556544e-05,raw_and_fraction_of_own_steady_state,1
15,emp,pinfagg,national,1,5.27288121219271e-05,5.27288121219271e-05,raw_and_fraction_of_own_steady_state,1
16,emp,pinfagg,national,1,5.08039573068331e-05,5.08039573068331e-05,raw_and_fraction_of_own_steady_state,1
17,emp,pinfagg,national,1,4.91278217171764e-05,4.91278217171764e-05,raw_and_fraction_of_own_steady_state,1
18,emp,pinfagg,national,1,4.77118212125482e-05,4.77118212125482e-05,raw_and_fraction_of_own_steady_state,1
19,emp,pinfagg,national,1,4.65450675442014e-05,4.65450675442014e-05,raw_and_fraction_of_own_steady_state,1
20,emp,pinfagg,national,1,4.56068949796773e-05,4.56068949796773e-05,raw_and_fraction_of_own_steady_state,1
21,emp,pinfagg,national,1,4.48733137932145e-05,4.48733137932145e-05,raw_and_fraction_of_own_steady_state,1
22,emp,pinfagg,national,1,4.43201334605625e-05,4.43201334605625e-05,raw_and_fraction_of_own_steady_state,1
23,emp,pinfagg,national,1,4.39243270438094e-05,4.39243270438094e-05,raw_and_fraction_of_own_steady_state,1
24,emp,pinfagg,national,1,4.36645146713044e-05,4.36645146713044e-05,raw_and_fraction_of_own_steady_state,1
25,emp,pinfagg,national,1,4.3521040644201e-05,4.3521040644201e-05,raw_and_fraction_of_own_steady_state,1
26,emp,pinfagg,national,1,4.34758891891818e-05,4.34758891891818e-05,raw_and_fraction_of_own_steady_state,1
27,emp,pinfagg,national,1,4.35125568856165e-05,4.35125568856165e-05,raw_and_fraction_of_own_steady_state,1
28,emp,pinfagg,national,1,4.36159321433038e-05,4.36159321433038e-05,raw_and_fraction_of_own_steady_state,1
29,emp,pinfagg,national,1,4.37721979791306e-05,4.37721979791306e-05,raw_and_fraction_of_own_steady_state,1
30,emp,pinfagg,national,1,4.39687586037962e-05,4.39687586037962e-05,raw_and_fraction_of_own_steady_state,1
31,emp,pinfagg,national,1,4.41941842614924e-05,4.41941842614924e-05,raw_and_fraction_of_own_steady_state,1
32,emp,pinfagg,national,1,4.44381674507e-05,4.44381674507e-05,raw_and_fraction_of_own_steady_state,1
33,emp,pinfagg,national,1,4.46914844556279e-05,4.46914844556279e-05,raw_and_fraction_of_own_steady_state,1
34,emp,pinfagg,national,1,4.4945957628606e-05,4.4945957628606e-05,raw_and_fraction_of_own_steady_state,1
35,emp,pinfagg,national,1,4.51944154340467e-05,4.51944154340467e-05,raw_and_fraction_of_own_steady_state,1
36,emp,pinfagg,national,1,4.54306486110667e-05,4.54306486110667e-05,raw_and_fraction_of_own_steady_state,1
37,emp,pinfagg,national,1,4.56493618348208e-05,4.56493618348208e-05,raw_and_fraction_of_own_steady_state,1
38,emp,pinfagg,national,1,4.58461209975614e-05,4.58461209975614e-05,raw_and_fraction_of_own_steady_state,1
39,emp,pinfagg,national,1,4.60172966920691e-05,4.60172966920691e-05,raw_and_fraction_of_own_steady_state,1
40,emp,pinfagg,national,1,4.61600047620969e-05,4.61600047620969e-05,raw_and_fraction_of_own_steady_state,1
1,emp,pinf1,low_debt,1,-0.00165379838360391,-0.00165379838360391,raw_and_fraction_of_own_steady_state,1
2,emp,pinf1,low_debt,1,-0.000936091740171174,-0.000936091740171174,raw_and_fraction_of_own_steady_state,1
3,emp,pinf1,low_debt,1,-0.000505556129198226,-0.000505556129198226,raw_and_fraction_of_own_steady_state,1
4,emp,pinf1,low_debt,1,-0.000252242660666369,-0.000252242660666369,raw_and_fraction_of_own_steady_state,1
5,emp,pinf1,low_debt,1,-0.000106813425907459,-0.000106813425907459,raw_and_fraction_of_own_steady_state,1
6,emp,pinf1,low_debt,1,-2.60230591316857e-05,-2.60230591316857e-05,raw_and_fraction_of_own_steady_state,1
7,emp,pinf1,low_debt,1,1.6776381921435e-05,1.6776381921435e-05,raw_and_fraction_of_own_steady_state,1
8,emp,pinf1,low_debt,1,3.77845500729723e-05,3.77845500729723e-05,raw_and_fraction_of_own_steady_state,1
9,emp,pinf1,low_debt,1,4.66962240739388e-05,4.66962240739388e-05,raw_and_fraction_of_own_steady_state,1
10,emp,pinf1,low_debt,1,4.92050685612089e-05,4.92050685612089e-05,raw_and_fraction_of_own_steady_state,1
11,emp,pinf1,low_debt,1,4.85768456224278e-05,4.85768456224278e-05,raw_and_fraction_of_own_steady_state,1
12,emp,pinf1,low_debt,1,4.66269815013742e-05,4.66269815013742e-05,raw_and_fraction_of_own_steady_state,1
13,emp,pinf1,low_debt,1,4.43206441833599e-05,4.43206441833599e-05,raw_and_fraction_of_own_steady_state,1
14,emp,pinf1,low_debt,1,4.2136073739929e-05,4.2136073739929e-05,raw_and_fraction_of_own_steady_state,1
15,emp,pinf1,low_debt,1,4.02810885258287e-05,4.02810885258287e-05,raw_and_fraction_of_own_steady_state,1
16,emp,pinf1,low_debt,1,3.88196520244577e-05,3.88196520244577e-05,raw_and_fraction_of_own_steady_state,1
17,emp,pinf1,low_debt,1,3.77441107080045e-05,3.77441107080045e-05,raw_and_fraction_of_own_steady_state,1
18,emp,pinf1,low_debt,1,3.70151453850109e-05,3.70151453850109e-05,raw_and_fraction_of_own_steady_state,1
19,emp,pinf1,low_debt,1,3.65829109543192e-05,3.65829109543192e-05,raw_and_fraction_of_own_steady_state,1
20,emp,pinf1,low_debt,1,3.63974858159644e-05,3.63974858159644e-05,raw_and_fraction_of_own_steady_state,1
21,emp,pinf1,low_debt,1,3.64134444377218e-05,3.64134444377218e-05,raw_and_fraction_of_own_steady_state,1
22,emp,pinf1,low_debt,1,3.65913484505764e-05,3.65913484505764e-05,raw_and_fraction_of_own_steady_state,1
23,emp,pinf1,low_debt,1,3.68977379050506e-05,3.68977379050506e-05,raw_and_fraction_of_own_steady_state,1
24,emp,pinf1,low_debt,1,3.73044867010286e-05,3.73044867010286e-05,raw_and_fraction_of_own_steady_state,1
25,emp,pinf1,low_debt,1,3.77879706829898e-05,3.77879706829898e-05,raw_and_fraction_of_own_steady_state,1
26,emp,pinf1,low_debt,1,3.83282627016701e-05,3.83282627016701e-05,raw_and_fraction_of_own_steady_state,1
27,emp,pinf1,low_debt,1,3.89084417335983e-05,3.89084417335983e-05,raw_and_fraction_of_own_steady_state,1
28,emp,pinf1,low_debt,1,3.95140377058567e-05,3.95140377058567e-05,raw_and_fraction_of_own_steady_state,1
29,emp,pinf1,low_debt,1,4.01326029420002e-05,4.01326029420002e-05,raw_and_fraction_of_own_steady_state,1
30,emp,pinf1,low_debt,1,4.07533891717549e-05,4.07533891717549e-05,raw_and_fraction_of_own_steady_state,1
31,emp,pinf1,low_debt,1,4.13671066608057e-05,4.13671066608057e-05,raw_and_fraction_of_own_steady_state,1
32,emp,pinf1,low_debt,1,4.19657440633436e-05,4.19657440633436e-05,raw_and_fraction_of_own_steady_state,1
33,emp,pinf1,low_debt,1,4.25424313215128e-05,4.25424313215128e-05,raw_and_fraction_of_own_steady_state,1
34,emp,pinf1,low_debt,1,4.30913319169335e-05,4.30913319169335e-05,raw_and_fraction_of_own_steady_state,1
35,emp,pinf1,low_debt,1,4.36075543677195e-05,4.36075543677195e-05,raw_and_fraction_of_own_steady_state,1
36,emp,pinf1,low_debt,1,4.40870758535716e-05,4.40870758535716e-05,raw_and_fraction_of_own_steady_state,1
37,emp,pinf1,low_debt,1,4.45266731678995e-05,4.45266731678995e-05,raw_and_fraction_of_own_steady_state,1
38,emp,pinf1,low_debt,1,4.49238579476319e-05,4.49238579476319e-05,raw_and_fraction_of_own_steady_state,1
39,emp,pinf1,low_debt,1,4.52768143865967e-05,4.52768143865967e-05,raw_and_fraction_of_own_steady_state,1
40,emp,pinf1,low_debt,1,4.55843385165355e-05,4.55843385165355e-05,raw_and_fraction_of_own_steady_state,1
1,emp,pinf2,high_debt,1,-0.00172876581438941,-0.00172876581438941,raw_and_fraction_of_own_steady_state,1
2,emp,pinf2,high_debt,1,-0.00100207763950788,-0.00100207763950788,raw_and_fraction_of_own_steady_state,1
3,emp,pinf2,high_debt,1,-0.000557942829341074,-0.000557942829341074,raw_and_fraction_of_own_steady_state,1
4,emp,pinf2,high_debt,1,-0.000289675178627435,-0.000289675178627435,raw_and_fraction_of_own_steady_state,1
5,emp,pinf2,high_debt,1,-0.000129883076316117,-0.000129883076316117,raw_and_fraction_of_own_steady_state,1
6,emp,pinf2,high_debt,1,-3.63668924520111e-05,-3.63668924520111e-05,raw_and_fraction_of_own_steady_state,1
7,emp,pinf2,high_debt,1,1.70662520757592e-05,1.70662520757592e-05,raw_and_fraction_of_own_steady_state,1
8,emp,pinf2,high_debt,1,4.65289643150069e-05,4.65289643150069e-05,raw_and_fraction_of_own_steady_state,1
9,emp,pinf2,high_debt,1,6.18424247267324e-05,6.18424247267324e-05,raw_and_fraction_of_own_steady_state,1
10,emp,pinf2,high_debt,1,6.89366141417569e-05,6.89366141417569e-05,raw_and_fraction_of_own_steady_state,1
11,emp,pinf2,high_debt,1,7.13569779859924e-05,7.13569779859924e-05,raw_and_fraction_of_own_steady_state,1
12,emp,pinf2,high_debt,1,7.12014281629703e-05,7.12014281629703e-05,raw_and_fraction_of_own_steady_state,1
13,emp,pinf2,high_debt,1,6.96975463183591e-05,6.96975463183591e-05,raw_and_fraction_of_own_steady_state,1
14,emp,pinf2,high_debt,1,6.75546765716017e-05,6.75546765716017e-05,raw_and_fraction_of_own_steady_state,1
15,emp,pinf2,high_debt,1,6.51765357180256e-05,6.51765357180256e-05,raw_and_fraction_of_own_steady_state,1
16,emp,pinf2,high_debt,1,6.27882625894305e-05,6.27882625894305e-05,raw_and_fraction_of_own_steady_state,1
17,emp,pinf2,high_debt,1,6.05115327261263e-05,6.05115327261263e-05,raw_and_fraction_of_own_steady_state,1
18,emp,pinf2,high_debt,1,5.84084970403076e-05,5.84084970403076e-05,raw_and_fraction_of_own_steady_state,1
19,emp,pinf2,high_debt,1,5.65072241340836e-05,5.65072241340836e-05,raw_and_fraction_of_own_steady_state,1
20,emp,pinf2,high_debt,1,5.48163041436123e-05,5.48163041436123e-05,raw_and_fraction_of_own_steady_state,1
21,emp,pinf2,high_debt,1,5.33331831487072e-05,5.33331831487072e-05,raw_and_fraction_of_own_steady_state,1
22,emp,pinf2,high_debt,1,5.20489184705486e-05,5.20489184705486e-05,raw_and_fraction_of_own_steady_state,1
23,emp,pinf2,high_debt,1,5.09509161827904e-05,5.09509161827904e-05,raw_and_fraction_of_own_steady_state,1
24,emp,pinf2,high_debt,1,5.00245426415802e-05,5.00245426415802e-05,raw_and_fraction_of_own_steady_state,1
25,emp,pinf2,high_debt,1,4.92541106056343e-05,4.92541106056343e-05,raw_and_fraction_of_own_steady_state,1
26,emp,pinf2,high_debt,1,4.86235156766934e-05,4.86235156766934e-05,raw_and_fraction_of_own_steady_state,1
27,emp,pinf2,high_debt,1,4.81166720376347e-05,4.81166720376347e-05,raw_and_fraction_of_own_steady_state,1
28,emp,pinf2,high_debt,1,4.7717826580751e-05,4.7717826580751e-05,raw_and_fraction_of_own_steady_state,1
29,emp,pinf2,high_debt,1,4.7411793016261e-05,4.7411793016261e-05,raw_and_fraction_of_own_steady_state,1
30,emp,pinf2,high_debt,1,4.71841280358376e-05,4.71841280358376e-05,raw_and_fraction_of_own_steady_state,1
31,emp,pinf2,high_debt,1,4.7021261862179e-05,4.7021261862179e-05,raw_and_fraction_of_own_steady_state,1
32,emp,pinf2,high_debt,1,4.69105908380563e-05,4.69105908380563e-05,raw_and_fraction_of_own_steady_state,1
33,emp,pinf2,high_debt,1,4.68405375897429e-05,4.68405375897429e-05,raw_and_fraction_of_own_steady_state,1
34,emp,pinf2,high_debt,1,4.68005833402785e-05,4.68005833402785e-05,raw_and_fraction_of_own_steady_state,1
35,emp,pinf2,high_debt,1,4.67812765005959e-05,4.67812765005959e-05,raw_and_fraction_of_own_steady_state,1
36,emp,pinf2,high_debt,1,4.67742213683398e-05,4.67742213683398e-05,raw_and_fraction_of_own_steady_state,1
37,emp,pinf2,high_debt,1,4.67720505015201e-05,4.67720505015201e-05,raw_and_fraction_of_own_steady_state,1
38,emp,pinf2,high_debt,1,4.67683840474908e-05,4.67683840474908e-05,raw_and_fraction_of_own_steady_state,1
39,emp,pinf2,high_debt,1,4.67577789977636e-05,4.67577789977636e-05,raw_and_fraction_of_own_steady_state,1
40,emp,pinf2,high_debt,1,4.67356710078803e-05,4.67356710078803e-05,raw_and_fraction_of_own_steady_state,1
1,emp,rb1,low_debt,1.01010101010101,0.00181313239084901,0.00179500106694052,raw_and_fraction_of_own_steady_state,1
2,emp,rb1,low_debt,1.01010101010101,0.00093045709558659,0.000921152524630724,raw_and_fraction_of_own_steady_state,1
3,emp,rb1,low_debt,1.01010101010101,0.00044325219618524,0.000438819674223387,raw_and_fraction_of_own_steady_state,1
4,emp,rb1,low_debt,1.01010101010101,0.000184674166380683,0.000182827424716876,raw_and_fraction_of_own_steady_state,1
5,emp,rb1,low_debt,1.01010101010101,5.51926202756459e-05,5.46406940728894e-05,raw_and_fraction_of_own_steady_state,1
6,emp,rb1,low_debt,1.01010101010101,-3.58982680737086e-06,-3.55392853929715e-06,raw_and_fraction_of_own_steady_state,1
7,emp,rb1,low_debt,1.01010101010101,-2.52579866808489e-05,-2.50054068140404e-05,raw_and_fraction_of_own_steady_state,1
8,emp,rb1,low_debt,1.01010101010101,-2.86477078321745e-05,-2.83612307538528e-05,raw_and_fraction_of_own_steady_state,1
9,emp,rb1,low_debt,1.01010101010101,-2.39780705735271e-05,-2.37382898677918e-05,raw_and_fraction_of_own_steady_state,1
10,emp,rb1,low_debt,1.01010101010101,-1.65387850215026e-05,-1.63733971712876e-05,raw_and_fraction_of_own_steady_state,1
11,emp,rb1,low_debt,1.01010101010101,-8.87403597871206e-06,-8.78529561892494e-06,raw_and_fraction_of_own_steady_state,1
12,emp,rb1,low_debt,1.01010101010101,-2.05280299225841e-06,-2.03227496233582e-06,raw_and_fraction_of_own_steady_state,1
13,emp,rb1,low_debt,1.01010101010101,3.60834455448433e-06,3.57226110893949e-06,raw_and_fraction_of_own_steady_state,1
14,emp,rb1,low_debt,1.01010101010101,8.14549526495512e-06,8.06404031230556e-06,raw_and_fraction_of_own_steady_state,1
15,emp,rb1,low_debt,1.01010101010101,1.17347042247751e-05,1.16173571825273e-05,raw_and_fraction_of_own_steady_state,1
16,emp,rb1,low_debt,1.01010101010101,1.45851372905792e-05,1.44392859176734e-05,raw_and_fraction_of_own_steady_state,1
17,emp,rb1,low_debt,1.01010101010101,1.68903179527113e-05,1.67214147731842e-05,raw_and_fraction_of_own_steady_state,1
18,emp,rb1,low_debt,1.01010101010101,1.88099686939669e-05,1.86218690070272e-05,raw_and_fraction_of_own_steady_state,1
19,emp,rb1,low_debt,1.01010101010101,2.04669768895105e-05,2.02623071206154e-05,raw_and_fraction_of_own_steady_state,1
20,emp,rb1,low_debt,1.01010101010101,2.19510601724426e-05,2.17315495707182e-05,raw_and_fraction_of_own_steady_state,1
21,emp,rb1,low_debt,1.01010101010101,2.33247453889085e-05,2.30914979350194e-05,raw_and_fraction_of_own_steady_state,1
22,emp,rb1,low_debt,1.01010101010101,2.46295320538437e-05,2.43832367333052e-05,raw_and_fraction_of_own_steady_state,1
23,emp,rb1,low_debt,1.01010101010101,2.58913295119179e-05,2.56324162167987e-05,raw_and_fraction_of_own_steady_state,1
24,emp,rb1,low_debt,1.01010101010101,2.71248830963078e-05,2.68536342653447e-05,raw_and_fraction_of_own_steady_state,1
25,emp,rb1,low_debt,1.01010101010101,2.83372021474548e-05,2.80538301259803e-05,raw_and_fraction_of_own_steady_state,1
26,emp,rb1,low_debt,1.01010101010101,2.95301246504565e-05,2.92348234039519e-05,raw_and_fraction_of_own_steady_state,1
27,emp,rb1,low_debt,1.01010101010101,3.07021862278045e-05,3.03951643655265e-05,raw_and_fraction_of_own_steady_state,1
28,emp,rb1,low_debt,1.01010101010101,3.18499529421423e-05,3.15314534127209e-05,raw_and_fraction_of_own_steady_state,1
29,emp,rb1,low_debt,1.01010101010101,3.29689531188837e-05,3.26392635876949e-05,raw_and_fraction_of_own_steady_state,1
30,emp,rb1,low_debt,1.01010101010101,3.40543157282269e-05,3.37137725709447e-05,raw_and_fraction_of_own_steady_state,1
31,emp,rb1,low_debt,1.01010101010101,3.51011974479842e-05,3.47501854735044e-05,raw_and_fraction_of_own_steady_state,1
32,emp,rb1,low_debt,1.01010101010101,3.61050593848944e-05,3.57440087910454e-05,raw_and_fraction_of_own_steady_state,1
33,emp,rb1,low_debt,1.01010101010101,3.70618378580101e-05,3.669121947943e-05,raw_and_fraction_of_own_steady_state,1
34,emp,rb1,low_debt,1.01010101010101,3.79680411186634e-05,3.75883607074767e-05,raw_and_fraction_of_own_steady_state,1
35,emp,rb1,low_debt,1.01010101010101,3.88207946859787e-05,3.84325867391189e-05,raw_and_fraction_of_own_steady_state,1
36,emp,rb1,low_debt,1.01010101010101,3.96178513422107e-05,3.92216728287886e-05,raw_and_fraction_of_own_steady_state,1
37,emp,rb1,low_debt,1.01010101010101,4.03575771101838e-05,3.9954001339082e-05,raw_and_fraction_of_own_steady_state,1
38,emp,rb1,low_debt,1.01010101010101,4.10389212197604e-05,4.06285320075628e-05,raw_and_fraction_of_own_steady_state,1
39,emp,rb1,low_debt,1.01010101010101,4.16613757414641e-05,4.12447619840495e-05,raw_and_fraction_of_own_steady_state,1
40,emp,rb1,low_debt,1.01010101010101,4.22249289324661e-05,4.18026796431414e-05,raw_and_fraction_of_own_steady_state,1
1,emp,rb2,high_debt,1.01010101010101,0.00181313239084901,0.00179500106694052,raw_and_fraction_of_own_steady_state,1
2,emp,rb2,high_debt,1.01010101010101,0.00093045709558659,0.000921152524630724,raw_and_fraction_of_own_steady_state,1
3,emp,rb2,high_debt,1.01010101010101,0.00044325219618524,0.000438819674223387,raw_and_fraction_of_own_steady_state,1
4,emp,rb2,high_debt,1.01010101010101,0.000184674166380683,0.000182827424716876,raw_and_fraction_of_own_steady_state,1
5,emp,rb2,high_debt,1.01010101010101,5.51926202756459e-05,5.46406940728894e-05,raw_and_fraction_of_own_steady_state,1
6,emp,rb2,high_debt,1.01010101010101,-3.58982680737086e-06,-3.55392853929715e-06,raw_and_fraction_of_own_steady_state,1
7,emp,rb2,high_debt,1.01010101010101,-2.52579866808489e-05,-2.50054068140404e-05,raw_and_fraction_of_own_steady_state,1
8,emp,rb2,high_debt,1.01010101010101,-2.86477078321745e-05,-2.83612307538528e-05,raw_and_fraction_of_own_steady_state,1
9,emp,rb2,high_debt,1.01010101010101,-2.39780705735271e-05,-2.37382898677918e-05,raw_and_fraction_of_own_steady_state,1
10,emp,rb2,high_debt,1.01010101010101,-1.65387850215026e-05,-1.63733971712876e-05,raw_and_fraction_of_own_steady_state,1
11,emp,rb2,high_debt,1.01010101010101,-8.87403597871206e-06,-8.78529561892494e-06,raw_and_fraction_of_own_steady_state,1
12,emp,rb2,high_debt,1.01010101010101,-2.05280299225841e-06,-2.03227496233582e-06,raw_and_fraction_of_own_steady_state,1
13,emp,rb2,high_debt,1.01010101010101,3.60834455448433e-06,3.57226110893949e-06,raw_and_fraction_of_own_steady_state,1
14,emp,rb2,high_debt,1.01010101010101,8.14549526495512e-06,8.06404031230556e-06,raw_and_fraction_of_own_steady_state,1
15,emp,rb2,high_debt,1.01010101010101,1.17347042247751e-05,1.16173571825273e-05,raw_and_fraction_of_own_steady_state,1
16,emp,rb2,high_debt,1.01010101010101,1.45851372905792e-05,1.44392859176734e-05,raw_and_fraction_of_own_steady_state,1
17,emp,rb2,high_debt,1.01010101010101,1.68903179527113e-05,1.67214147731842e-05,raw_and_fraction_of_own_steady_state,1
18,emp,rb2,high_debt,1.01010101010101,1.88099686939669e-05,1.86218690070272e-05,raw_and_fraction_of_own_steady_state,1
19,emp,rb2,high_debt,1.01010101010101,2.04669768895105e-05,2.02623071206154e-05,raw_and_fraction_of_own_steady_state,1
20,emp,rb2,high_debt,1.01010101010101,2.19510601724426e-05,2.17315495707182e-05,raw_and_fraction_of_own_steady_state,1
21,emp,rb2,high_debt,1.01010101010101,2.33247453889085e-05,2.30914979350194e-05,raw_and_fraction_of_own_steady_state,1
22,emp,rb2,high_debt,1.01010101010101,2.46295320538437e-05,2.43832367333052e-05,raw_and_fraction_of_own_steady_state,1
23,emp,rb2,high_debt,1.01010101010101,2.58913295119179e-05,2.56324162167987e-05,raw_and_fraction_of_own_steady_state,1
24,emp,rb2,high_debt,1.01010101010101,2.71248830963078e-05,2.68536342653447e-05,raw_and_fraction_of_own_steady_state,1
25,emp,rb2,high_debt,1.01010101010101,2.83372021474548e-05,2.80538301259803e-05,raw_and_fraction_of_own_steady_state,1
26,emp,rb2,high_debt,1.01010101010101,2.95301246504565e-05,2.92348234039519e-05,raw_and_fraction_of_own_steady_state,1
27,emp,rb2,high_debt,1.01010101010101,3.07021862278045e-05,3.03951643655265e-05,raw_and_fraction_of_own_steady_state,1
28,emp,rb2,high_debt,1.01010101010101,3.18499529421423e-05,3.15314534127209e-05,raw_and_fraction_of_own_steady_state,1
29,emp,rb2,high_debt,1.01010101010101,3.29689531188837e-05,3.26392635876949e-05,raw_and_fraction_of_own_steady_state,1
30,emp,rb2,high_debt,1.01010101010101,3.40543157282269e-05,3.37137725709447e-05,raw_and_fraction_of_own_steady_state,1
31,emp,rb2,high_debt,1.01010101010101,3.51011974477622e-05,3.47501854732846e-05,raw_and_fraction_of_own_steady_state,1
32,emp,rb2,high_debt,1.01010101010101,3.61050593848944e-05,3.57440087910454e-05,raw_and_fraction_of_own_steady_state,1
33,emp,rb2,high_debt,1.01010101010101,3.70618378580101e-05,3.669121947943e-05,raw_and_fraction_of_own_steady_state,1
34,emp,rb2,high_debt,1.01010101010101,3.79680411186634e-05,3.75883607074767e-05,raw_and_fraction_of_own_steady_state,1
35,emp,rb2,high_debt,1.01010101010101,3.88207946859787e-05,3.84325867391189e-05,raw_and_fraction_of_own_steady_state,1
36,emp,rb2,high_debt,1.01010101010101,3.96178513422107e-05,3.92216728287886e-05,raw_and_fraction_of_own_steady_state,1
37,emp,rb2,high_debt,1.01010101010101,4.03575771101838e-05,3.9954001339082e-05,raw_and_fraction_of_own_steady_state,1
38,emp,rb2,high_debt,1.01010101010101,4.10389212197604e-05,4.06285320075628e-05,raw_and_fraction_of_own_steady_state,1
39,emp,rb2,high_debt,1.01010101010101,4.16613757414641e-05,4.12447619840495e-05,raw_and_fraction_of_own_steady_state,1
40,emp,rb2,high_debt,1.01010101010101,4.22249289324661e-05,4.18026796431414e-05,raw_and_fraction_of_own_steady_state,1
1,emp,dann1,low_debt,0.4,0.00152656716614608,0.00381641791536519,raw_and_fraction_of_own_steady_state,1
2,emp,dann1,low_debt,0.4,0.00243686035272345,0.00609215088180862,raw_and_fraction_of_own_steady_state,1
3,emp,dann1,low_debt,0.4,0.00280399490591682,0.00700998726479204,raw_and_fraction_of_own_steady_state,1
4,emp,dann1,low_debt,0.4,0.00287304096659402,0.00718260241648505,raw_and_fraction_of_own_steady_state,1
5,emp,dann1,low_debt,0.4,0.0027853432195955,0.00696335804898876,raw_and_fraction_of_own_steady_state,1
6,emp,dann1,low_debt,0.4,0.00262076633817249,0.00655191584543122,raw_and_fraction_of_own_steady_state,1
7,emp,dann1,low_debt,0.4,0.00242333207582424,0.00605833018956059,raw_and_fraction_of_own_steady_state,1
8,emp,dann1,low_debt,0.4,0.0022165651864271,0.00554141296606775,raw_and_fraction_of_own_steady_state,1
9,emp,dann1,low_debt,0.4,0.00201253585767219,0.00503133964418048,raw_and_fraction_of_own_steady_state,1
10,emp,dann1,low_debt,0.4,0.00181709027814464,0.0045427256953616,raw_and_fraction_of_own_steady_state,1
11,emp,dann1,low_debt,0.4,0.00163280933267301,0.00408202333168253,raw_and_fraction_of_own_steady_state,1
12,emp,dann1,low_debt,0.4,0.0014606360391215,0.00365159009780375,raw_and_fraction_of_own_steady_state,1
13,emp,dann1,low_debt,0.4,0.00130073869283914,0.00325184673209786,raw_and_fraction_of_own_steady_state,1
14,emp,dann1,low_debt,0.4,0.0011529463140722,0.0028823657851805,raw_and_fraction_of_own_steady_state,1
15,emp,dann1,low_debt,0.4,0.00101695266529234,0.00254238166323084,raw_and_fraction_of_own_steady_state,1
16,emp,dann1,low_debt,0.4,0.000892400778732483,0.00223100194683121,raw_and_fraction_of_own_steady_state,1
17,emp,dann1,low_debt,0.4,0.000778910050488191,0.00194727512622048,raw_and_fraction_of_own_steady_state,1
18,emp,dann1,low_debt,0.4,0.000676078997902008,0.00169019749475502,raw_and_fraction_of_own_steady_state,1
19,emp,dann1,low_debt,0.4,0.000583480353600119,0.0014587008840003,raw_and_fraction_of_own_steady_state,1
20,emp,dann1,low_debt,0.4,0.000500656136568911,0.00125164034142228,raw_and_fraction_of_own_steady_state,1
21,emp,dann1,low_debt,0.4,0.000427115580387771,0.00106778895096943,raw_and_fraction_of_own_steady_state,1
22,emp,dann1,low_debt,0.4,0.00036233644900846,0.00090584112252115,raw_and_fraction_of_own_steady_state,1
23,emp,dann1,low_debt,0.4,0.000305769237354203,0.000764423093385508,raw_and_fraction_of_own_steady_state,1
24,emp,dann1,low_debt,0.4,0.000256843407677454,0.000642108519193635,raw_and_fraction_of_own_steady_state,1
25,emp,dann1,low_debt,0.4,0.000214974799572276,0.00053743699893069,raw_and_fraction_of_own_steady_state,1
26,emp,dann1,low_debt,0.4,0.000179573480010797,0.000448933700026993,raw_and_fraction_of_own_steady_state,1
27,emp,dann1,low_debt,0.4,0.000150051470710899,0.000375128676777248,raw_and_fraction_of_own_steady_state,1
28,emp,dann1,low_debt,0.4,0.000125829956219237,0.000314574890548092,raw_and_fraction_of_own_steady_state,1
29,emp,dann1,low_debt,0.4,0.00010634571787238,0.000265864294680951,raw_and_fraction_of_own_steady_state,1
30,emp,dann1,low_debt,0.4,9.10566510638477e-05,0.000227641627659619,raw_and_fraction_of_own_steady_state,1
31,emp,dann1,low_debt,0.4,7.9446307494957e-05,0.000198615768737392,raw_and_fraction_of_own_steady_state,1
32,emp,dann1,low_debt,0.4,7.10274644516451e-05,0.000177568661129113,raw_and_fraction_of_own_steady_state,1
33,emp,dann1,low_debt,0.4,6.53447643791938e-05,0.000163361910947984,raw_and_fraction_of_own_steady_state,1
34,emp,dann1,low_debt,0.4,6.19764945504198e-05,0.000154941236376049,raw_and_fraction_of_own_steady_state,1
35,emp,dann1,low_debt,0.4,6.05355921790562e-05,0.000151338980447641,raw_and_fraction_of_own_steady_state,1
36,emp,dann1,low_debt,0.4,6.06699679222e-05,0.0001516749198055,raw_and_fraction_of_own_steady_state,1
37,emp,dann1,low_debt,0.4,6.20622426589779e-05,0.000155155606647445,raw_and_fraction_of_own_steady_state,1
38,emp,dann1,low_debt,0.4,6.44289904809248e-05,0.000161072476202312,raw_and_fraction_of_own_steady_state,1
39,emp,dann1,low_debt,0.4,6.75195762726566e-05,0.000168798940681641,raw_and_fraction_of_own_steady_state,1
40,emp,dann1,low_debt,0.4,7.11146700640986e-05,0.000177786675160246,raw_and_fraction_of_own_steady_state,1
1,emp,dann2,high_debt,1,0.00403085824368299,0.00403085824368299,raw_and_fraction_of_own_steady_state,1
2,emp,dann2,high_debt,1,0.00647904182750669,0.00647904182750669,raw_and_fraction_of_own_steady_state,1
3,emp,dann2,high_debt,1,0.00752541922722849,0.00752541922722849,raw_and_fraction_of_own_steady_state,1
4,emp,dann2,high_debt,1,0.00778580107499205,0.00778580107499205,raw_and_fraction_of_own_steady_state,1
5,emp,dann2,high_debt,1,0.00761908070043926,0.00761908070043926,raw_and_fraction_of_own_steady_state,1
6,emp,dann2,high_debt,1,0.0072312497954945,0.0072312497954945,raw_and_fraction_of_own_steady_state,1
7,emp,dann2,high_debt,1,0.00673858207678601,0.00673858207678601,raw_and_fraction_of_own_steady_state,1
8,emp,dann2,high_debt,1,0.00620552572577604,0.00620552572577604,raw_and_fraction_of_own_steady_state,1
9,emp,dann2,high_debt,1,0.00566710557147965,0.00566710557147965,raw_and_fraction_of_own_steady_state,1
10,emp,dann2,high_debt,1,0.00514195378009541,0.00514195378009541,raw_and_fraction_of_own_steady_state,1
11,emp,dann2,high_debt,1,0.00463974823003288,0.00463974823003288,raw_and_fraction_of_own_steady_state,1
12,emp,dann2,high_debt,1,0.00416536580005755,0.00416536580005755,raw_and_fraction_of_own_steady_state,1
13,emp,dann2,high_debt,1,0.00372114119283373,0.00372114119283373,raw_and_fraction_of_own_steady_state,1
14,emp,dann2,high_debt,1,0.0033080573507196,0.0033080573507196,raw_and_fraction_of_own_steady_state,1
15,emp,dann2,high_debt,1,0.00292634991027363,0.00292634991027363,raw_and_fraction_of_own_steady_state,1
16,emp,dann2,high_debt,1,0.0025758017735702,0.0025758017735702,raw_and_fraction_of_own_steady_state,1
17,emp,dann2,high_debt,1,0.00225588180467318,0.00225588180467318,raw_and_fraction_of_own_steady_state,1
18,emp,dann2,high_debt,1,0.0019658107394771,0.0019658107394771,raw_and_fraction_of_own_steady_state,1
19,emp,dann2,high_debt,1,0.00170459708993875,0.00170459708993875,raw_and_fraction_of_own_steady_state,1
20,emp,dann2,high_debt,1,0.00147106355049731,0.00147106355049731,raw_and_fraction_of_own_steady_state,1
21,emp,dann2,high_debt,1,0.00126387256658034,0.00126387256658034,raw_and_fraction_of_own_steady_state,1
22,emp,dann2,high_debt,1,0.00108155376487828,0.00108155376487828,raw_and_fraction_of_own_steady_state,1
23,emp,dann2,high_debt,1,0.000922533210561793,0.000922533210561793,raw_and_fraction_of_own_steady_state,1
24,emp,dann2,high_debt,1,0.000785163416716195,0.000785163416716195,raw_and_fraction_of_own_steady_state,1
25,emp,dann2,high_debt,1,0.000667752826720713,0.000667752826720713,raw_and_fraction_of_own_steady_state,1
26,emp,dann2,high_debt,1,0.000568593654361127,0.000568593654361127,raw_and_fraction_of_own_steady_state,1
27,emp,dann2,high_debt,1,0.000485987256887865,0.000485987256887865,raw_and_fraction_of_own_steady_state,1
28,emp,dann2,high_debt,1,0.000418266515896271,0.000418266515896271,raw_and_fraction_of_own_steady_state,1
29,emp,dann2,high_debt,1,0.000363814960086861,0.000363814960086861,raw_and_fraction_of_own_steady_state,1
30,emp,dann2,high_debt,1,0.000321082567430242,0.000321082567430242,raw_and_fraction_of_own_steady_state,1
31,emp,dann2,high_debt,1,0.000288598333078927,0.000288598333078927,raw_and_fraction_of_own_steady_state,1
32,emp,dann2,high_debt,1,0.000264979791281927,0.000264979791281927,raw_and_fraction_of_own_steady_state,1
33,emp,dann2,high_debt,1,0.000248939744021515,0.000248939744021515,raw_and_fraction_of_own_steady_state,1
34,emp,dann2,high_debt,1,0.000239290485102073,0.000239290485102073,raw_and_fraction_of_own_steady_state,1
35,emp,dann2,high_debt,1,0.000234945823549326,0.000234945823549326,raw_and_fraction_of_own_steady_state,1
36,emp,dann2,high_debt,1,0.000234921210528372,0.000234921210528372,raw_and_fraction_of_own_steady_state,1
37,emp,dann2,high_debt,1,0.000238332264180574,0.000238332264180574,raw_and_fraction_of_own_steady_state,1
38,emp,dann2,high_debt,1,0.000244391970287694,0.000244391970287694,raw_and_fraction_of_own_steady_state,1
39,emp,dann2,high_debt,1,0.000252406816054984,0.000252406816054984,raw_and_fraction_of_own_steady_state,1
40,emp,dann2,high_debt,1,0.000261772091376899,0.000261772091376899,raw_and_fraction_of_own_steady_state,1
1,emp,ds1,low_debt,0.0161616161616163,0.00270789336641262,0.16755090204678,raw_and_fraction_of_own_steady_state,1
2,emp,ds1,low_debt,0.0161616161616163,0.00446976012677124,0.276566407843968,raw_and_fraction_of_own_steady_state,1
3,emp,ds1,low_debt,0.0161616161616163,0.00239878595897591,0.148424881211633,raw_and_fraction_of_own_steady_state,1
4,emp,ds1,low_debt,0.0161616161616163,0.00122552545179527,0.0758293873298316,raw_and_fraction_of_own_steady_state,1
5,emp,ds1,low_debt,0.0161616161616163,0.000580475195005301,0.0359169026909527,raw_and_fraction_of_own_steady_state,1
6,emp,ds1,low_debt,0.0161616161616163,0.000240030058804925,0.0148518598885546,raw_and_fraction_of_own_steady_state,1
7,emp,ds1,low_debt,0.0161616161616163,7.08518679653179e-05,0.00438395933035402,raw_and_fraction_of_own_steady_state,1
8,emp,ds1,low_debt,0.0161616161616163,-5.20391895469929e-06,-0.000321992485322017,raw_and_fraction_of_own_steady_state,1
9,emp,ds1,low_debt,0.0161616161616163,-3.29748238563111e-05,-0.00204031722610924,raw_and_fraction_of_own_steady_state,1
10,emp,ds1,low_debt,0.0161616161616163,-3.750033415479e-05,-0.00232033317582762,raw_and_fraction_of_own_steady_state,1
11,emp,ds1,low_debt,0.0161616161616163,-3.22607694766795e-05,-0.00199613511136953,raw_and_fraction_of_own_steady_state,1
12,emp,ds1,low_debt,0.0161616161616163,-2.41350119159038e-05,-0.00149335386229654,raw_and_fraction_of_own_steady_state,1
13,emp,ds1,low_debt,0.0161616161616163,-1.63379668303154e-05,-0.00101091169762576,raw_and_fraction_of_own_steady_state,1
14,emp,ds1,low_debt,0.0161616161616163,-1.01291531865617e-05,-0.000626741353418504,raw_and_fraction_of_own_steady_state,1
15,emp,ds1,low_debt,0.0161616161616163,-5.78398753473333e-06,-0.000357884228711623,raw_and_fraction_of_own_steady_state,1
16,emp,ds1,low_debt,0.0161616161616163,-3.12967057220642e-06,-0.000193648366655271,raw_and_fraction_of_own_steady_state,1
17,emp,ds1,low_debt,0.0161616161616163,-1.82881645939895e-06,-0.000113158018425309,raw_and_fraction_of_own_steady_state,1
18,emp,ds1,low_debt,0.0161616161616163,-1.5203705669882e-06,-9.40729288323942e-05,raw_and_fraction_of_own_steady_state,1
19,emp,ds1,low_debt,0.0161616161616163,-1.8822775425531e-06,-0.000116465922945472,raw_and_fraction_of_own_steady_state,1
20,emp,ds1,low_debt,0.0161616161616163,-2.65309097267907e-06,-0.000164160003934517,raw_and_fraction_of_own_steady_state,1
21,emp,ds1,low_debt,0.0161616161616163,-3.63345613495214e-06,-0.000224820098350162,raw_and_fraction_of_own_steady_state,1
22,emp,ds1,low_debt,0.0161616161616163,-4.67886488800945e-06,-0.000289504764945583,raw_and_fraction_of_own_steady_state,1
23,emp,ds1,low_debt,0.0161616161616163,-5.68960663368048e-06,-0.000352044410458978,raw_and_fraction_of_own_steady_state,1
24,emp,ds1,low_debt,0.0161616161616163,-6.6007752241061e-06,-0.000408422966991562,raw_and_fraction_of_own_steady_state,1
25,emp,ds1,low_debt,0.0161616161616163,-7.37353558254855e-06,-0.000456237514170189,raw_and_fraction_of_own_steady_state,1
26,emp,ds1,low_debt,0.0161616161616163,-7.98800251743462e-06,-0.000494257655766264,raw_and_fraction_of_own_steady_state,1
27,emp,ds1,low_debt,0.0161616161616163,-8.43768056782088e-06,-0.000522081485133913,raw_and_fraction_of_own_steady_state,1
28,emp,ds1,low_debt,0.0161616161616163,-8.72525001503408e-06,-0.00053987484468023,raw_and_fraction_of_own_steady_state,1
29,emp,ds1,low_debt,0.0161616161616163,-8.85944230143154e-06,-0.000548177992401073,raw_and_fraction_of_own_steady_state,1
30,emp,ds1,low_debt,0.0161616161616163,-8.85276274307373e-06,-0.000547764694727683,raw_and_fraction_of_own_steady_state,1
31,emp,ds1,low_debt,0.0161616161616163,-8.71985494311708e-06,-0.000539541024605366,raw_and_fraction_of_own_steady_state,1
32,emp,ds1,low_debt,0.0161616161616163,-8.4763423542876e-06,-0.000524473683171542,raw_and_fraction_of_own_steady_state,1
33,emp,ds1,low_debt,0.0161616161616163,-8.13802014678483e-06,-0.000503539996582308,raw_and_fraction_of_own_steady_state,1
34,emp,ds1,low_debt,0.0161616161616163,-7.72030205139704e-06,-0.000477693689430189,raw_and_fraction_of_own_steady_state,1
35,emp,ds1,low_debt,0.0161616161616163,-7.23785176577965e-06,-0.000447842078007613,raw_and_fraction_of_own_steady_state,1
36,emp,ds1,low_debt,0.0161616161616163,-6.70434751624469e-06,-0.000414831502567637,raw_and_fraction_of_own_steady_state,1
37,emp,ds1,low_debt,0.0161616161616163,-6.13234250293124e-06,-0.000379438692368868,raw_and_fraction_of_own_steady_state,1
38,emp,ds1,low_debt,0.0161616161616163,-5.53319428595045e-06,-0.000342366396443182,raw_and_fraction_of_own_steady_state,1
39,emp,ds1,low_debt,0.0161616161616163,-4.91704362559631e-06,-0.00030424207433377,raw_and_fraction_of_own_steady_state,1
40,emp,ds1,low_debt,0.0161616161616163,-4.29282862868946e-06,-0.000265618771400159,raw_and_fraction_of_own_steady_state,1
1,emp,ds2,high_debt,0.0404040404040407,0.00708018905423994,0.175234679092437,raw_and_fraction_of_own_steady_state,1
2,emp,ds2,high_debt,0.0404040404040407,0.0114552369863372,0.283517115411843,raw_and_fraction_of_own_steady_state,1
3,emp,ds2,high_debt,0.0404040404040407,0.00622817493845033,0.154147329726645,raw_and_fraction_of_own_steady_state,1
4,emp,ds2,high_debt,0.0404040404040407,0.00323847428347733,0.0801522385160634,raw_and_fraction_of_own_steady_state,1
5,emp,ds2,high_debt,0.0404040404040407,0.00157032787054616,0.0388656147960172,raw_and_fraction_of_own_steady_state,1
6,emp,ds2,high_debt,0.0404040404040407,0.000669126635061301,0.0165608842177671,raw_and_fraction_of_own_steady_state,1
7,emp,ds2,high_debt,0.0404040404040407,0.000203575796128397,0.00503850095417779,raw_and_fraction_of_own_steady_state,1
8,emp,ds2,high_debt,0.0404040404040407,-2.11222509203732e-05,-0.000522775710279233,raw_and_fraction_of_own_steady_state,1
9,emp,ds2,high_debt,0.0404040404040407,-0.000117377828919255,-0.00290510126575153,raw_and_fraction_of_own_steady_state,1
10,emp,ds2,high_debt,0.0404040404040407,-0.000148576299619077,-0.00367726341557213,raw_and_fraction_of_own_steady_state,1
11,emp,ds2,high_debt,0.0404040404040407,-0.00014940869362965,-0.00369786516733382,raw_and_fraction_of_own_steady_state,1
12,emp,ds2,high_debt,0.0404040404040407,-0.000138101174993147,-0.00341800408108036,raw_and_fraction_of_own_steady_state,1
13,emp,ds2,high_debt,0.0404040404040407,-0.000123663611885136,-0.00306067439415709,raw_and_fraction_of_own_steady_state,1
14,emp,ds2,high_debt,0.0404040404040407,-0.000110112280844378,-0.00272527895089834,raw_and_fraction_of_own_steady_state,1
15,emp,ds2,high_debt,0.0404040404040407,-9.88788439625146e-05,-0.00244725138807222,raw_and_fraction_of_own_steady_state,1
16,emp,ds2,high_debt,0.0404040404040407,-9.01487203868595e-05,-0.00223118082957476,raw_and_fraction_of_own_steady_state,1
17,emp,ds2,high_debt,0.0404040404040407,-8.35788421279168e-05,-0.00206857634266593,raw_and_fraction_of_own_steady_state,1
18,emp,ds2,high_debt,0.0404040404040407,-7.86635283311493e-05,-0.00194692232619593,raw_and_fraction_of_own_steady_state,1
19,emp,ds2,high_debt,0.0404040404040407,-7.49064191662013e-05,-0.00185393387436347,raw_and_fraction_of_own_steady_state,1
20,emp,ds2,high_debt,0.0404040404040407,-7.18895443572801e-05,-0.00177926622284267,raw_and_fraction_of_own_steady_state,1
21,emp,ds2,high_debt,0.0404040404040407,-6.92908226416072e-05,-0.00171494786037977,raw_and_fraction_of_own_steady_state,1
22,emp,ds2,high_debt,0.0404040404040407,-6.68780166554681e-05,-0.00165523091222282,raw_and_fraction_of_own_steady_state,1
23,emp,ds2,high_debt,0.0404040404040407,-6.44938239535223e-05,-0.00159622214284967,raw_and_fraction_of_own_steady_state,1
24,emp,ds2,high_debt,0.0404040404040407,-6.20393235088099e-05,-0.00153547325684303,raw_and_fraction_of_own_steady_state,1
25,emp,ds2,high_debt,0.0404040404040407,-5.94589604474768e-05,-0.00147160927107504,raw_and_fraction_of_own_steady_state,1
26,emp,ds2,high_debt,0.0404040404040407,-5.67281670561387e-05,-0.00140402213463942,raw_and_fraction_of_own_steady_state,1
27,emp,ds2,high_debt,0.0404040404040407,-5.38437162143079e-05,-0.00133263197630411,raw_and_fraction_of_own_steady_state,1
28,emp,ds2,high_debt,0.0404040404040407,-5.08164809665396e-05,-0.00125770790392185,raw_and_fraction_of_own_steady_state,1
29,emp,ds2,high_debt,0.0404040404040407,-4.76661459116873e-05,-0.00117973711131425,raw_and_fraction_of_own_steady_state,1
30,emp,ds2,high_debt,0.0404040404040407,-4.4417425668096e-05,-0.00109933128528537,raw_and_fraction_of_own_steady_state,1
31,emp,ds2,high_debt,0.0404040404040407,-4.10974099869857e-05,-0.00101716089717789,raw_and_fraction_of_own_steady_state,1
32,emp,ds2,high_debt,0.0404040404040407,-3.77337328055158e-05,-0.00093390988693651,raw_and_fraction_of_own_steady_state,1
33,emp,ds2,high_debt,0.0404040404040407,-3.43533349749583e-05,-0.000850245040630214,raw_and_fraction_of_own_steady_state,1
34,emp,ds2,high_debt,0.0404040404040407,-3.09816506993688e-05,-0.000766795854809372,raw_and_fraction_of_own_steady_state,1
35,emp,ds2,high_debt,0.0404040404040407,-2.76420947725106e-05,-0.000684141845619633,raw_and_fraction_of_own_steady_state,1
36,emp,ds2,high_debt,0.0404040404040407,-2.43557629008087e-05,-0.000602805131795012,raw_and_fraction_of_own_steady_state,1
37,emp,ds2,high_debt,0.0404040404040407,-2.11412829687688e-05,-0.000523246753477024,raw_and_fraction_of_own_steady_state,1
38,emp,ds2,high_debt,0.0404040404040407,-1.80147732862096e-05,-0.000445865638833685,raw_and_fraction_of_own_steady_state,1
39,emp,ds2,high_debt,0.0404040404040407,-1.49898765976555e-05,-0.000370999445791972,raw_and_fraction_of_own_steady_state,1
40,emp,ds2,high_debt,0.0404040404040407,-1.20778474807307e-05,-0.000298926725148082,raw_and_fraction_of_own_steady_state,1
1,emp,fs1,low_debt,0.12,-0.00284649056336203,-0.0237207546946836,raw_and_fraction_of_own_steady_state,1
2,emp,fs1,low_debt,0.12,-0.00458542078083335,-0.0382118398402779,raw_and_fraction_of_own_steady_state,1
3,emp,fs1,low_debt,0.12,-0.00249286061773046,-0.0207738384810872,raw_and_fraction_of_own_steady_state,1
4,emp,fs1,low_debt,0.12,-0.00130128912833467,-0.0108440760694556,raw_and_fraction_of_own_steady_state,1
5,emp,fs1,low_debt,0.12,-0.000641569782049684,-0.00534641485041403,raw_and_fraction_of_own_steady_state,1
6,emp,fs1,low_debt,0.12,-0.000289769490301142,-0.00241474575250952,raw_and_fraction_of_own_steady_state,1
7,emp,fs1,low_debt,0.12,-0.000111977875581426,-0.00093314896317855,raw_and_fraction_of_own_steady_state,1
8,emp,fs1,low_debt,0.12,-2.94535376237914e-05,-0.000245446146864929,raw_and_fraction_of_own_steady_state,1
9,emp,fs1,low_debt,0.12,3.16810832215464e-06,2.6400902684622e-05,raw_and_fraction_of_own_steady_state,1
10,emp,fs1,low_debt,0.12,1.13539185730566e-05,9.46159881088047e-05,raw_and_fraction_of_own_steady_state,1
11,emp,fs1,low_debt,0.12,8.91280695428098e-06,7.42733912856749e-05,raw_and_fraction_of_own_steady_state,1
12,emp,fs1,low_debt,0.12,2.96709712907517e-06,2.47258094089597e-05,raw_and_fraction_of_own_steady_state,1
13,emp,fs1,low_debt,0.12,-3.09291313878302e-06,-2.57742761565251e-05,raw_and_fraction_of_own_steady_state,1
14,emp,fs1,low_debt,0.12,-7.88407912920286e-06,-6.57006594100238e-05,raw_and_fraction_of_own_steady_state,1
15,emp,fs1,low_debt,0.12,-1.10453496621893e-05,-9.2044580518244e-05,raw_and_fraction_of_own_steady_state,1
16,emp,fs1,low_debt,0.12,-1.26909853243179e-05,-0.000105758211035982,raw_and_fraction_of_own_steady_state,1
17,emp,fs1,low_debt,0.12,-1.31186908214481e-05,-0.000109322423512068,raw_and_fraction_of_own_steady_state,1
18,emp,fs1,low_debt,0.12,-1.26626724589879e-05,-0.000105522270491566,raw_and_fraction_of_own_steady_state,1
19,emp,fs1,low_debt,0.12,-1.16266817552363e-05,-9.68890146269691e-05,raw_and_fraction_of_own_steady_state,1
20,emp,fs1,low_debt,0.12,-1.02594251294719e-05,-8.54952094122656e-05,raw_and_fraction_of_own_steady_state,1
21,emp,fs1,low_debt,0.12,-8.7510556895376e-06,-7.292546407948e-05,raw_and_fraction_of_own_steady_state,1
22,emp,fs1,low_debt,0.12,-7.23907361625808e-06,-6.03256134688174e-05,raw_and_fraction_of_own_steady_state,1
23,emp,fs1,low_debt,0.12,-5.81750532575864e-06,-4.84792110479887e-05,raw_and_fraction_of_own_steady_state,1
24,emp,fs1,low_debt,0.12,-4.54635132687842e-06,-3.78862610573201e-05,raw_and_fraction_of_own_steady_state,1
25,emp,fs1,low_debt,0.12,-3.45999182761736e-06,-2.88332652301447e-05,raw_and_fraction_of_own_steady_state,1
26,emp,fs1,low_debt,0.12,-2.57412257145817e-06,-2.14510214288181e-05,raw_and_fraction_of_own_steady_state,1
27,emp,fs1,low_debt,0.12,-1.89122042190681e-06,-1.57601701825568e-05,raw_and_fraction_of_own_steady_state,1
28,emp,fs1,low_debt,0.12,-1.40471860650415e-06,-1.17059883875346e-05,raw_and_fraction_of_own_steady_state,1
29,emp,fs1,low_debt,0.12,-1.1021251306309e-06,-9.18437608859087e-06,raw_and_fraction_of_own_steady_state,1
30,emp,fs1,low_debt,0.12,-9.67311316033004e-07,-8.06092763360837e-06,raw_and_fraction_of_own_steady_state,1
31,emp,fs1,low_debt,0.12,-9.82166413684982e-07,-8.18472011404152e-06,raw_and_fraction_of_own_steady_state,1
32,emp,fs1,low_debt,0.12,-1.12777690891575e-06,-9.39814090763121e-06,raw_and_fraction_of_own_steady_state,1
33,emp,fs1,low_debt,0.12,-1.38525389019317e-06,-1.15437824182764e-05,raw_and_fraction_of_own_steady_state,1
34,emp,fs1,low_debt,0.12,-1.73630194608143e-06,-1.44691828840119e-05,raw_and_fraction_of_own_steady_state,1
35,emp,fs1,low_debt,0.12,-2.16359916531406e-06,-1.80299930442838e-05,raw_and_fraction_of_own_steady_state,1
36,emp,fs1,low_debt,0.12,-2.65103945261413e-06,-2.20919954384511e-05,raw_and_fraction_of_own_steady_state,1
37,emp,fs1,low_debt,0.12,-3.18387462225345e-06,-2.65322885187787e-05,raw_and_fraction_of_own_steady_state,1
38,emp,fs1,low_debt,0.12,-3.74878361865394e-06,-3.12398634887828e-05,raw_and_fraction_of_own_steady_state,1
39,emp,fs1,low_debt,0.12,-4.33388886618424e-06,-3.61157405515354e-05,raw_and_fraction_of_own_steady_state,1
40,emp,fs1,low_debt,0.12,-4.92873445050168e-06,-4.1072787087514e-05,raw_and_fraction_of_own_steady_state,1
1,emp,fs2,high_debt,0.12,-0.00717356019365095,-0.0597796682804246,raw_and_fraction_of_own_steady_state,1
2,emp,fs2,high_debt,0.12,-0.0115398331274795,-0.0961652760623289,raw_and_fraction_of_own_steady_state,1
3,emp,fs2,high_debt,0.12,-0.0063032186534074,-0.0525268221117283,raw_and_fraction_of_own_steady_state,1
4,emp,fs2,high_debt,0.12,-0.00330470132464354,-0.0275391777053628,raw_and_fraction_of_own_steady_state,1
5,emp,fs2,high_debt,0.12,-0.00162898272364648,-0.0135748560303873,raw_and_fraction_of_own_steady_state,1
6,emp,fs2,high_debt,0.12,-0.00072148750705206,-0.0060123958921005,raw_and_fraction_of_own_steady_state,1
7,emp,fs2,high_debt,0.12,-0.000250760257443805,-0.00208966881203171,raw_and_fraction_of_own_steady_state,1
8,emp,fs2,high_debt,0.12,-2.17889877410782e-05,-0.000181574897842318,raw_and_fraction_of_own_steady_state,1
9,emp,fs2,high_debt,0.12,7.80405787264293e-05,0.000650338156053578,raw_and_fraction_of_own_steady_state,1
10,emp,fs2,high_debt,0.12,0.000112283130815724,0.0009356927567977,raw_and_fraction_of_own_steady_state,1
11,emp,fs2,high_debt,0.12,0.000115759799697482,0.000964664997479015,raw_and_fraction_of_own_steady_state,1
12,emp,fs2,high_debt,0.12,0.000106791607697346,0.000889930064144548,raw_and_fraction_of_own_steady_state,1
13,emp,fs2,high_debt,0.12,9.44549296327674e-05,0.000787124413606395,raw_and_fraction_of_own_steady_state,1
14,emp,fs2,high_debt,0.12,8.28112763906347e-05,0.000690093969921956,raw_and_fraction_of_own_steady_state,1
15,emp,fs2,high_debt,0.12,7.33224057410942e-05,0.000611020047842451,raw_and_fraction_of_own_steady_state,1
16,emp,fs2,high_debt,0.12,6.61935506574285e-05,0.000551612922145237,raw_and_fraction_of_own_steady_state,1
17,emp,fs2,high_debt,0.12,6.10947983247234e-05,0.000509123319372695,raw_and_fraction_of_own_steady_state,1
18,emp,fs2,high_debt,0.12,5.75295445711527e-05,0.000479412871426272,raw_and_fraction_of_own_steady_state,1
19,emp,fs2,high_debt,0.12,5.5008189713629e-05,0.000458401580946908,raw_and_fraction_of_own_steady_state,1
20,emp,fs2,high_debt,0.12,5.31183588756423e-05,0.000442652990630353,raw_and_fraction_of_own_steady_state,1
21,emp,fs2,high_debt,0.12,5.15431156258572e-05,0.00042952596354881,raw_and_fraction_of_own_steady_state,1
22,emp,fs2,high_debt,0.12,5.00553276899796e-05,0.00041712773074983,raw_and_fraction_of_own_steady_state,1
23,emp,fs2,high_debt,0.12,4.85029654340996e-05,0.000404191378617497,raw_and_fraction_of_own_steady_state,1
24,emp,fs2,high_debt,0.12,4.67926245217576e-05,0.000389938537681313,raw_and_fraction_of_own_steady_state,1
25,emp,fs2,high_debt,0.12,4.4874506014092e-05,0.0003739542167841,raw_and_fraction_of_own_steady_state,1
26,emp,fs2,high_debt,0.12,4.27299864876746e-05,0.000356083220730621,raw_and_fraction_of_own_steady_state,1
27,emp,fs2,high_debt,0.12,4.03618973408848e-05,0.000336349144507373,raw_and_fraction_of_own_steady_state,1
28,emp,fs2,high_debt,0.12,3.77872019106801e-05,0.000314893349255667,raw_and_fraction_of_own_steady_state,1
29,emp,fs2,high_debt,0.12,3.50316253814875e-05,0.000291930211512396,raw_and_fraction_of_own_steady_state,1
30,emp,fs2,high_debt,0.12,3.21257982502654e-05,0.000267714985418878,raw_and_fraction_of_own_steady_state,1
31,emp,fs2,high_debt,0.12,2.91025358936797e-05,0.000242521132447331,raw_and_fraction_of_own_steady_state,1
32,emp,fs2,high_debt,0.12,2.59949528486902e-05,0.000216624607072419,raw_and_fraction_of_own_steady_state,1
33,emp,fs2,high_debt,0.12,2.28351818061662e-05,0.000190293181718051,raw_and_fraction_of_own_steady_state,1
34,emp,fs2,high_debt,0.12,1.96535269650494e-05,0.000163779391375412,raw_and_fraction_of_own_steady_state,1
35,emp,fs2,high_debt,0.12,1.64779280634603e-05,0.000137316067195502,raw_and_fraction_of_own_steady_state,1
36,emp,fs2,high_debt,0.12,1.33336463964684e-05,0.00011111371997057,raw_and_fraction_of_own_steady_state,1
37,emp,fs2,high_debt,0.12,1.02431096078714e-05,8.53592467322621e-05,raw_and_fraction_of_own_steady_state,1
38,emp,fs2,high_debt,0.12,7.22587020934862e-06,6.02155850779051e-05,raw_and_fraction_of_own_steady_state,1
39,emp,fs2,high_debt,0.12,4.2986455506544e-06,3.58220462554533e-05,raw_and_fraction_of_own_steady_state,1
40,emp,fs2,high_debt,0.12,1.47541586945077e-06,1.22951322454231e-05,raw_and_fraction_of_own_steady_state,1
1,emp,lamg1,low_debt,0.62311178247734,0.00693777814652152,0.01113408274666,raw_and_fraction_of_own_steady_state,1
2,emp,lamg1,low_debt,0.62311178247734,0.00515398287085722,0.00827136160123027,raw_and_fraction_of_own_steady_state,1
3,emp,lamg1,low_debt,0.62311178247734,0.00405161158237011,0.00650222270916125,raw_and_fraction_of_own_steady_state,1
4,emp,lamg1,low_debt,0.62311178247734,0.00334502133492909,0.00536825242114681,raw_and_fraction_of_own_steady_state,1
5,emp,lamg1,low_debt,0.62311178247734,0.00286565851839993,0.00459894773134728,raw_and_fraction_of_own_steady_state,1
6,emp,lamg1,low_debt,0.62311178247734,0.00251598636472561,0.00403777690532935,raw_and_fraction_of_own_steady_state,1
7,emp,lamg1,low_debt,0.62311178247734,0.00224088795593014,0.00359628564078971,raw_and_fraction_of_own_steady_state,1
8,emp,lamg1,low_debt,0.62311178247734,0.00201012548416979,0.00322594683762522,raw_and_fraction_of_own_steady_state,1
9,emp,lamg1,low_debt,0.62311178247734,0.00180772376880156,0.00290112275138578,raw_and_fraction_of_own_steady_state,1
10,emp,lamg1,low_debt,0.62311178247734,0.00162564359338457,0.00260891165774688,raw_and_fraction_of_own_steady_state,1
11,emp,lamg1,low_debt,0.62311178247734,0.00146008151444355,0.00234320960621001,raw_and_fraction_of_own_steady_state,1
12,emp,lamg1,low_debt,0.62311178247734,0.0013093565378568,0.00210131885590594,raw_and_fraction_of_own_steady_state,1
13,emp,lamg1,low_debt,0.62311178247734,0.00117274089457764,0.00188207144778278,raw_and_fraction_of_own_steady_state,1
14,emp,lamg1,low_debt,0.62311178247734,0.00104984216755666,0.00168483761193336,raw_and_fraction_of_own_steady_state,1
15,emp,lamg1,low_debt,0.62311178247734,0.00094029994474476,0.00150903894162674,raw_and_fraction_of_own_steady_state,1
16,emp,lamg1,low_debt,0.62311178247734,0.000843656360762335,0.00135394063230222,raw_and_fraction_of_own_steady_state,1
17,emp,lamg1,low_debt,0.62311178247734,0.000759318526383002,0.00121859118658315,raw_and_fraction_of_own_steady_state,1
18,emp,lamg1,low_debt,0.62311178247734,0.000686566117511278,0.00110183459343628,raw_and_fraction_of_own_steady_state,1
19,emp,lamg1,low_debt,0.62311178247734,0.000624578290160271,0.00100235352263297,raw_and_fraction_of_own_steady_state,1
20,emp,lamg1,low_debt,0.62311178247734,0.000572466241065772,0.000918721579601314,raw_and_fraction_of_own_steady_state,1
21,emp,lamg1,low_debt,0.62311178247734,0.000529304643207329,0.000849453754674551,raw_and_fraction_of_own_steady_state,1
22,emp,lamg1,low_debt,0.62311178247734,0.000494158998729954,0.000793050320386013,raw_and_fraction_of_own_steady_state,1
23,emp,lamg1,low_debt,0.62311178247734,0.000466107970281016,0.000748032669881292,raw_and_fraction_of_own_steady_state,1
24,emp,lamg1,low_debt,0.62311178247734,0.000444260753888148,0.000712971197755041,raw_and_fraction_of_own_steady_state,1
25,emp,lamg1,low_debt,0.62311178247734,0.000427770000111405,0.000686506036542425,raw_and_fraction_of_own_steady_state,1
26,emp,lamg1,low_debt,0.62311178247734,0.000415840939553713,0.000667361701780748,raw_and_fraction_of_own_steady_state,1
27,emp,lamg1,low_debt,0.62311178247734,0.000407737372775996,0.00065435670491566,raw_and_fraction_of_own_steady_state,1
28,emp,lamg1,low_debt,0.62311178247734,0.000402785124483107,0.000646409096746224,raw_and_fraction_of_own_steady_state,1
29,emp,lamg1,low_debt,0.62311178247734,0.000400373479949812,0.000642538772670971,raw_and_fraction_of_own_steady_state,1
30,emp,lamg1,low_debt,0.62311178247734,0.000399955038732913,0.000641867237918034,raw_and_fraction_of_own_steady_state,1
31,emp,lamg1,low_debt,0.62311178247734,0.000401044345699209,0.000643615410552428,raw_and_fraction_of_own_steady_state,1
32,emp,lamg1,low_debt,0.62311178247734,0.000403215595146555,0.000647099936938231,raw_and_fraction_of_own_steady_state,1
33,emp,lamg1,low_debt,0.62311178247734,0.00040609965027405,0.00065172840843981,raw_and_fraction_of_own_steady_state,1
34,emp,lamg1,low_debt,0.62311178247734,0.000409380576230856,0.000656993797490489,raw_and_fraction_of_own_steady_state,1
35,emp,lamg1,low_debt,0.62311178247734,0.000412791848859118,0.000662468373199361,raw_and_fraction_of_own_steady_state,1
36,emp,lamg1,low_debt,0.62311178247734,0.000416112371525057,0.000667797308968699,raw_and_fraction_of_own_steady_state,1
37,emp,lamg1,low_debt,0.62311178247734,0.000419162407816254,0.000672692155089359,raw_and_fraction_of_own_steady_state,1
38,emp,lamg1,low_debt,0.62311178247734,0.000421799517314692,0.000676924316272306,raw_and_fraction_of_own_steady_state,1
39,emp,lamg1,low_debt,0.62311178247734,0.000423914564338213,0.000680318646283387,raw_and_fraction_of_own_steady_state,1
40,emp,lamg1,low_debt,0.62311178247734,0.000425427854856331,0.000682747248278524,raw_and_fraction_of_own_steady_state,1
1,emp,lamg2,high_debt,0.62311178247734,0.0129335909533362,0.0207564538451118,raw_and_fraction_of_own_steady_state,1
2,emp,lamg2,high_debt,0.62311178247734,0.0109822348882294,0.0176248230206251,raw_and_fraction_of_own_steady_state,1
3,emp,lamg2,high_debt,0.62311178247734,0.00951941337811457,0.0152772161365136,raw_and_fraction_of_own_steady_state,1
4,emp,lamg2,high_debt,0.62311178247734,0.00836383303513966,0.0134226847739696,raw_and_fraction_of_own_steady_state,1
5,emp,lamg2,high_debt,0.62311178247734,0.00740713426013129,0.011887328194441,raw_and_fraction_of_own_steady_state,1
6,emp,lamg2,high_debt,0.62311178247734,0.00658552594070805,0.0105687713278757,raw_and_fraction_of_own_steady_state,1
7,emp,lamg2,high_debt,0.62311178247734,0.00586199723601621,0.00940761738240664,raw_and_fraction_of_own_steady_state,1
8,emp,lamg2,high_debt,0.62311178247734,0.00521529919755692,0.00836976501523076,raw_and_fraction_of_own_steady_state,1
9,emp,lamg2,high_debt,0.62311178247734,0.00463321562002572,0.00743560906777462,raw_and_fraction_of_own_steady_state,1
10,emp,lamg2,high_debt,0.62311178247734,0.00410852250119775,0.00659355611101313,raw_and_fraction_of_own_steady_state,1
11,emp,lamg2,high_debt,0.62311178247734,0.0036366132513781,0.00583621326645407,raw_and_fraction_of_own_steady_state,1
12,emp,lamg2,high_debt,0.62311178247734,0.00321414242085294,0.00515821159419309,raw_and_fraction_of_own_steady_state,1
13,emp,lamg2,high_debt,0.62311178247734,0.00283828259293539,0.0045550135188442,raw_and_fraction_of_own_steady_state,1
14,emp,lamg2,high_debt,0.62311178247734,0.00250634336129996,0.0040223013458923,raw_and_fraction_of_own_steady_state,1
15,emp,lamg2,high_debt,0.62311178247734,0.00221559875301813,0.00355570030181335,raw_and_fraction_of_own_steady_state,1
16,emp,lamg2,high_debt,0.62311178247734,0.00196323038961488,0.00315068731618194,raw_and_fraction_of_own_steady_state,1
17,emp,lamg2,high_debt,0.62311178247734,0.00174633137390867,0.00280259725946071,raw_and_fraction_of_own_steady_state,1
18,emp,lamg2,high_debt,0.62311178247734,0.00156193894225343,0.00250667534490126,raw_and_fraction_of_own_steady_state,1
19,emp,lamg2,high_debt,0.62311178247734,0.00140707783739702,0.00225814673541049,raw_and_fraction_of_own_steady_state,1
20,emp,lamg2,high_debt,0.62311178247734,0.00127880463288144,0.002052287677497,raw_and_fraction_of_own_steady_state,1
21,emp,lamg2,high_debt,0.62311178247734,0.00117424807370925,0.00188449024192854,raw_and_fraction_of_own_steady_state,1
22,emp,lamg2,high_debt,0.62311178247734,0.0010906432576081,0.00175031717948258,raw_and_fraction_of_own_steady_state,1
23,emp,lamg2,high_debt,0.62311178247734,0.00102535900851508,0.00164554585124118,raw_and_fraction_of_own_steady_state,1
24,emp,lamg2,high_debt,0.62311178247734,0.000975918601080372,0.00156620148827929,raw_and_fraction_of_own_steady_state,1
25,emp,lamg2,high_debt,0.62311178247734,0.000940014389681942,0.00150858066901684,raw_and_fraction_of_own_steady_state,1
26,emp,lamg2,high_debt,0.62311178247734,0.000915517059759785,0.00146926616620843,raw_and_fraction_of_own_steady_state,1
27,emp,lamg2,high_debt,0.62311178247734,0.000900480259253156,0.0014451343796984,raw_and_fraction_of_own_steady_state,1
28,emp,lamg2,high_debt,0.62311178247734,0.000893141344081694,0.00143335653280505,raw_and_fraction_of_own_steady_state,1
29,emp,lamg2,high_debt,0.62311178247734,0.000891918917678591,0.00143139472364419,raw_and_fraction_of_own_steady_state,1
30,emp,lamg2,high_debt,0.62311178247734,0.000895407778794821,0.00143699381712042,raw_and_fraction_of_own_steady_state,1
31,emp,lamg2,high_debt,0.62311178247734,0.000902371823592651,0.00144817005386263,raw_and_fraction_of_own_steady_state,1
32,emp,lamg2,high_debt,0.62311178247734,0.000911735382040257,0.00146319714645006,raw_and_fraction_of_own_steady_state,1
33,emp,lamg2,high_debt,0.62311178247734,0.000922573406835325,0.00148059053412118,raw_and_fraction_of_own_steady_state,1
34,emp,lamg2,high_debt,0.62311178247734,0.000934100876220145,0.00149909037589754,raw_and_fraction_of_own_steady_state,1
35,emp,lamg2,high_debt,0.62311178247734,0.000945661720197721,0.00151764377883853,raw_and_fraction_of_own_steady_state,1
36,emp,lamg2,high_debt,0.62311178247734,0.00095671753261517,0.00153538668264544,raw_and_fraction_of_own_steady_state,1
37,emp,lamg2,high_debt,0.62311178247734,0.000966836289074124,0.00155162575361714,raw_and_fraction_of_own_steady_state,1
38,emp,lamg2,high_debt,0.62311178247734,0.000975681252361249,0.00156582057954703,raw_and_fraction_of_own_steady_state,1
39,emp,lamg2,high_debt,0.62311178247734,0.000983000212790297,0.00157756640210225,raw_and_fraction_of_own_steady_state,1
40,emp,lamg2,high_debt,0.62311178247734,0.00098861518024973,0.00158657757412199,raw_and_fraction_of_own_steady_state,1
1,emp,qg1,low_debt,0.62311178247734,0.000704645443285856,0.0011308491720127,raw_and_fraction_of_own_steady_state,1
2,emp,qg1,low_debt,0.62311178247734,0.000722133221981225,0.00115891440715533,raw_and_fraction_of_own_steady_state,1
3,emp,qg1,low_debt,0.62311178247734,0.000740073503968319,0.00118770584152007,raw_and_fraction_of_own_steady_state,1
4,emp,qg1,low_debt,0.62311178247734,0.000757370788986744,0.00121546536317388,raw_and_fraction_of_own_steady_state,1
5,emp,qg1,low_debt,0.62311178247734,0.000773341782848158,0.00124109638847389,raw_and_fraction_of_own_steady_state,1
6,emp,qg1,low_debt,0.62311178247734,0.00078756187383322,0.00126391747994568,raw_and_fraction_of_own_steady_state,1
7,emp,qg1,low_debt,0.62311178247734,0.00079977343992188,0.00128351519328069,raw_and_fraction_of_own_steady_state,1
8,emp,qg1,low_debt,0.62311178247734,0.000809830872388284,0.00129965584853587,raw_and_fraction_of_own_steady_state,1
9,emp,qg1,low_debt,0.62311178247734,0.000817667118633403,0.00131223183644925,raw_and_fraction_of_own_steady_state,1
10,emp,qg1,low_debt,0.62311178247734,0.000823272680184561,0.00132122791341135,raw_and_fraction_of_own_steady_state,1
11,emp,qg1,low_debt,0.62311178247734,0.000826681748702485,0.00132669895185708,raw_and_fraction_of_own_steady_state,1
12,emp,qg1,low_debt,0.62311178247734,0.000827962420814843,0.00132875423655619,raw_and_fraction_of_own_steady_state,1
13,emp,qg1,low_debt,0.62311178247734,0.000827209271860752,0.00132754554659835,raw_and_fraction_of_own_steady_state,1
14,emp,qg1,low_debt,0.62311178247734,0.000824537348002363,0.00132325751364258,raw_and_fraction_of_own_steady_state,1
15,emp,qg1,low_debt,0.62311178247734,0.000820077079077386,0.00131609945781632,raw_and_fraction_of_own_steady_state,1
16,emp,qg1,low_debt,0.62311178247734,0.000813969858615371,0.00130629829431122,raw_and_fraction_of_own_steady_state,1
17,emp,qg1,low_debt,0.62311178247734,0.000806364166283879,0.0012940923104968,raw_and_fraction_of_own_steady_state,1
18,emp,qg1,low_debt,0.62311178247734,0.000797412171836709,0.00127972571577188,raw_and_fraction_of_own_steady_state,1
19,emp,qg1,low_debt,0.62311178247734,0.000787266787972252,0.0012634439118488,raw_and_fraction_of_own_steady_state,1
20,emp,qg1,low_debt,0.62311178247734,0.000776079149480746,0.00124548944716668,raw_and_fraction_of_own_steady_state,1
21,emp,qg1,low_debt,0.62311178247734,0.000763996497263886,0.0012260986210635,raw_and_fraction_of_own_steady_state,1
22,emp,qg1,low_debt,0.62311178247734,0.000751160443485333,0.00120549869960555,raw_and_fraction_of_own_steady_state,1
23,emp,qg1,low_debt,0.62311178247734,0.000737705590930893,0.0011839056998697,raw_and_fraction_of_own_steady_state,1
24,emp,qg1,low_debt,0.62311178247734,0.000723758476899872,0.00116152269504901,raw_and_fraction_of_own_steady_state,1
25,emp,qg1,low_debt,0.62311178247734,0.000709436810098163,0.00113853858978178,raw_and_fraction_of_own_steady_state,1
26,emp,qg1,low_debt,0.62311178247734,0.000694848968167627,0.00111512731376235,raw_and_fraction_of_own_steady_state,1
27,emp,qg1,low_debt,0.62311178247734,0.000680093723567921,0.00109144738182294,raw_and_fraction_of_own_steady_state,1
28,emp,qg1,low_debt,0.62311178247734,0.000665260166371251,0.00106764177003095,raw_and_fraction_of_own_steady_state,1
29,emp,qg1,low_debt,0.62311178247734,0.000650427793960406,0.0010438380596407,raw_and_fraction_of_own_steady_state,1
30,emp,qg1,low_debt,0.62311178247734,0.000635666739466134,0.0010201488037008,raw_and_fraction_of_own_steady_state,1
31,emp,qg1,low_debt,0.62311178247734,0.000621038112910588,0.000996672074537721,raw_and_fraction_of_own_steady_state,1
32,emp,qg1,low_debt,0.62311178247734,0.000606594431313723,0.000973492154011358,raw_and_fraction_of_own_steady_state,1
33,emp,qg1,low_debt,0.62311178247734,0.000592380116380742,0.000950680332228004,raw_and_fraction_of_own_steady_state,1
34,emp,qg1,low_debt,0.62311178247734,0.000578432040757138,0.000928295784196911,raw_and_fraction_of_own_steady_state,1
35,emp,qg1,low_debt,0.62311178247734,0.000564780106143581,0.000906386497617094,raw_and_fraction_of_own_steady_state,1
36,emp,qg1,low_debt,0.62311178247734,0.000551447838785135,0.000884990228547297,raw_and_fraction_of_own_steady_state,1
37,emp,qg1,low_debt,0.62311178247734,0.000538452989948368,0.000864135465080776,raw_and_fraction_of_own_steady_state,1
38,emp,qg1,low_debt,0.62311178247734,0.000525808130954486,0.000843842382283322,raw_and_fraction_of_own_steady_state,1
39,emp,qg1,low_debt,0.62311178247734,0.000513521234148384,0.00082412377456056,raw_and_fraction_of_own_steady_state,1
40,emp,qg1,low_debt,0.62311178247734,0.000501596232831747,0.000804985954265738,raw_and_fraction_of_own_steady_state,1
1,emp,qg2,high_debt,0.62311178247734,0.00169971104945943,0.0027277787024052,raw_and_fraction_of_own_steady_state,1
2,emp,qg2,high_debt,0.62311178247734,0.0017421499956437,0.0027958867808876,raw_and_fraction_of_own_steady_state,1
3,emp,qg2,high_debt,0.62311178247734,0.00178439454841217,0.00286368288739117,raw_and_fraction_of_own_steady_state,1
4,emp,qg2,high_debt,0.62311178247734,0.00182466644775847,0.00292831318403906,raw_and_fraction_of_own_steady_state,1
5,emp,qg2,high_debt,0.62311178247734,0.00186169179007822,0.00298773324856191,raw_and_fraction_of_own_steady_state,1
6,emp,qg2,high_debt,0.62311178247734,0.00189457003931359,0.00304049785703176,raw_and_fraction_of_own_steady_state,1
7,emp,qg2,high_debt,0.62311178247734,0.00192268645715743,0.00308562044760781,raw_and_fraction_of_own_steady_state,1
8,emp,qg2,high_debt,0.62311178247734,0.00194565115029477,0.00312247530059428,raw_and_fraction_of_own_steady_state,1
9,emp,qg2,high_debt,0.62311178247734,0.00196325453109991,0.00315072605960762,raw_and_fraction_of_own_steady_state,1
10,emp,qg2,high_debt,0.62311178247734,0.00197543307227399,0.00317027077295851,raw_and_fraction_of_own_steady_state,1
11,emp,qg2,high_debt,0.62311178247734,0.00198224173148742,0.00318119763938103,raw_and_fraction_of_own_steady_state,1
12,emp,qg2,high_debt,0.62311178247734,0.00198383092491017,0.00318374805403766,raw_and_fraction_of_own_steady_state,1
13,emp,qg2,high_debt,0.62311178247734,0.00198042681812327,0.00317828497841844,raw_and_fraction_of_own_steady_state,1
14,emp,qg2,high_debt,0.62311178247734,0.00197231421871114,0.00316526548554369,raw_and_fraction_of_own_steady_state,1
15,emp,qg2,high_debt,0.62311178247734,0.00195982164623432,0.00314521679953241,raw_and_fraction_of_own_steady_state,1
16,emp,qg2,high_debt,0.62311178247734,0.00194330831446243,0.0031187154040585,raw_and_fraction_of_own_steady_state,1
17,emp,qg2,high_debt,0.62311178247734,0.00192315284382383,0.00308636892754273,raw_and_fraction_of_own_steady_state,1
18,emp,qg2,high_debt,0.62311178247734,0.00189974356270373,0.00304880057820574,raw_and_fraction_of_own_steady_state,1
19,emp,qg2,high_debt,0.62311178247734,0.0018734702743235,0.00300663593115674,raw_and_fraction_of_own_steady_state,1
20,emp,qg2,high_debt,0.62311178247734,0.00184471737289671,0.00296049188086697,raw_and_fraction_of_own_steady_state,1
21,emp,qg2,high_debt,0.62311178247734,0.00181385819496083,0.0029109675759129,raw_and_fraction_of_own_steady_state,1
22,emp,qg2,high_debt,0.62311178247734,0.00178125049261746,0.00285863715421275,raw_and_fraction_of_own_steady_state,1
23,emp,qg2,high_debt,0.62311178247734,0.00174723291656254,0.00280404409882279,raw_and_fraction_of_own_steady_state,1
24,emp,qg2,high_debt,0.62311178247734,0.00171212239896612,0.00274769703785594,raw_and_fraction_of_own_steady_state,1
25,emp,qg2,high_debt,0.62311178247734,0.00167621232965443,0.00269006681753026,raw_and_fraction_of_own_steady_state,1
26,emp,qg2,high_debt,0.62311178247734,0.00163977142358973,0.00263158468464583,raw_and_fraction_of_own_steady_state,1
27,emp,qg2,high_debt,0.62311178247734,0.00160304318314453,0.00257264142361619,raw_and_fraction_of_own_steady_state,1
28,emp,qg2,high_debt,0.62311178247734,0.00156624586489351,0.00251358730317456,raw_and_fraction_of_own_steady_state,1
29,emp,qg2,high_debt,0.62311178247734,0.00152957286737665,0.00245473269867477,raw_and_fraction_of_own_steady_state,1
30,emp,qg2,high_debt,0.62311178247734,0.00149319346330612,0.00239634926717249,raw_and_fraction_of_own_steady_state,1
31,emp,qg2,high_debt,0.62311178247734,0.00145725380682649,0.00233867156392518,raw_and_fraction_of_own_steady_state,1
32,emp,qg2,high_debt,0.62311178247734,0.00142187815353523,0.00228189900034018,raw_and_fraction_of_own_steady_state,1
33,emp,qg2,high_debt,0.62311178247734,0.00138717023791379,0.00222619805454287,raw_and_fraction_of_own_steady_state,1
34,emp,qg2,high_debt,0.62311178247734,0.00135321475951344,0.00217170465647976,raw_and_fraction_of_own_steady_state,1
35,emp,qg2,high_debt,0.62311178247734,0.00132007893560626,0.00211852667968811,raw_and_fraction_of_own_steady_state,1
36,emp,qg2,high_debt,0.62311178247734,0.00128781408400647,0.00206674648148432,raw_and_fraction_of_own_steady_state,1
37,emp,qg2,high_debt,0.62311178247734,0.00125645720534362,0.00201642344227267,raw_and_fraction_of_own_steady_state,1
38,emp,qg2,high_debt,0.62311178247734,0.00122603253921461,0.0019675964629335,raw_and_fraction_of_own_steady_state,1
39,emp,qg2,high_debt,0.62311178247734,0.00119655307333622,0.00192028638678443,raw_and_fraction_of_own_steady_state,1
40,emp,qg2,high_debt,0.62311178247734,0.00116802198906685,0.00187449831942365,raw_and_fraction_of_own_steady_state,1
1,emp,ig1,low_debt,0.12,-0.000213923797003399,-0.00178269830836165,raw_and_fraction_of_own_steady_state,1
2,emp,ig1,low_debt,0.12,-0.00036938278241308,-0.00307818985344234,raw_and_fraction_of_own_steady_state,1
3,emp,ig1,low_debt,0.12,-0.000483306320034474,-0.00402755266695395,raw_and_fraction_of_own_steady_state,1
4,emp,ig1,low_debt,0.12,-0.000566171407322874,-0.00471809506102395,raw_and_fraction_of_own_steady_state,1
5,emp,ig1,low_debt,0.12,-0.000624705109283016,-0.0052058759106918,raw_and_fraction_of_own_steady_state,1
6,emp,ig1,low_debt,0.12,-0.000663479446558632,-0.0055289953879886,raw_and_fraction_of_own_steady_state,1
7,emp,ig1,low_debt,0.12,-0.000685834174561972,-0.00571528478801644,raw_and_fraction_of_own_steady_state,1
8,emp,ig1,low_debt,0.12,-0.000694397917307715,-0.00578664931089763,raw_and_fraction_of_own_steady_state,1
9,emp,ig1,low_debt,0.12,-0.000691373671662457,-0.00576144726385381,raw_and_fraction_of_own_steady_state,1
10,emp,ig1,low_debt,0.12,-0.000678689236172689,-0.00565574363477241,raw_and_fraction_of_own_steady_state,1
11,emp,ig1,low_debt,0.12,-0.000658072531166842,-0.00548393775972369,raw_and_fraction_of_own_steady_state,1
12,emp,ig1,low_debt,0.12,-0.000631086905983042,-0.00525905754985868,raw_and_fraction_of_own_steady_state,1
13,emp,ig1,low_debt,0.12,-0.000599146488912461,-0.00499288740760384,raw_and_fraction_of_own_steady_state,1
14,emp,ig1,low_debt,0.12,-0.000563522678328932,-0.00469602231940776,raw_and_fraction_of_own_steady_state,1
15,emp,ig1,low_debt,0.12,-0.000525347636739795,-0.00437789697283163,raw_and_fraction_of_own_steady_state,1
16,emp,ig1,low_debt,0.12,-0.00048561765846504,-0.004046813820542,raw_and_fraction_of_own_steady_state,1
17,emp,ig1,low_debt,0.12,-0.000445197625836072,-0.0037099802153006,raw_and_fraction_of_own_steady_state,1
18,emp,ig1,low_debt,0.12,-0.000404826892618435,-0.00337355743848695,raw_and_fraction_of_own_steady_state,1
19,emp,ig1,low_debt,0.12,-0.000365126502230931,-0.00304272085192442,raw_and_fraction_of_own_steady_state,1
20,emp,ig1,low_debt,0.12,-0.000326607463794371,-0.00272172886495309,raw_and_fraction_of_own_steady_state,1
21,emp,ig1,low_debt,0.12,-0.000289679755480082,-0.00241399796233402,raw_and_fraction_of_own_steady_state,1
22,emp,ig1,low_debt,0.12,-0.000254661736171044,-0.0021221811347587,raw_and_fraction_of_own_steady_state,1
23,emp,ig1,low_debt,0.12,-0.000221789686642049,-0.00184824738868374,raw_and_fraction_of_own_steady_state,1
24,emp,ig1,low_debt,0.12,-0.000191227250935927,-0.00159356042446606,raw_and_fraction_of_own_steady_state,1
25,emp,ig1,low_debt,0.12,-0.000163074597681043,-0.00135895498067536,raw_and_fraction_of_own_steady_state,1
26,emp,ig1,low_debt,0.12,-0.000137377165423017,-0.00114480971185847,raw_and_fraction_of_own_steady_state,1
27,emp,ig1,low_debt,0.12,-0.000114133894123888,-0.000951115784365737,raw_and_fraction_of_own_steady_state,1
28,emp,ig1,low_debt,0.12,-9.33048767121081e-05,-0.000777540639267567,raw_and_fraction_of_own_steady_state,1
29,emp,ig1,low_debt,0.12,-7.48183904776961e-05,-0.000623486587314134,raw_and_fraction_of_own_steady_state,1
30,emp,ig1,low_debt,0.12,-5.85772889498265e-05,-0.000488144074581888,raw_and_fraction_of_own_steady_state,1
31,emp,ig1,low_debt,0.12,-4.44647514415697e-05,-0.000370539595346414,raw_and_fraction_of_own_steady_state,1
32,emp,ig1,low_debt,0.12,-3.2349400406903e-05,-0.000269578336724192,raw_and_fraction_of_own_steady_state,1
33,emp,ig1,low_debt,0.12,-2.2089806737971e-05,-0.000184081722816425,raw_and_fraction_of_own_steady_state,1
34,emp,ig1,low_debt,0.12,-1.35384106509095e-05,-0.00011282008875758,raw_and_fraction_of_own_steady_state,1
35,emp,ig1,low_debt,0.12,-6.54489129049696e-06,-5.45407607541413e-05,raw_and_fraction_of_own_steady_state,1
36,emp,ig1,low_debt,0.12,-9.59021983507058e-07,-7.99184986255882e-06,raw_and_fraction_of_own_steady_state,1
37,emp,ig1,low_debt,0.12,3.36694952103589e-06,2.80579126752991e-05,raw_and_fraction_of_own_steady_state,1
38,emp,ig1,low_debt,0.12,6.5763552226511e-06,5.48029601887592e-05,raw_and_fraction_of_own_steady_state,1
39,emp,ig1,low_debt,0.12,8.80655452119294e-06,7.33879543432745e-05,raw_and_fraction_of_own_steady_state,1
40,emp,ig1,low_debt,0.12,1.01877348533813e-05,8.48977904448443e-05,raw_and_fraction_of_own_steady_state,1
1,emp,ig2,high_debt,0.12,-0.000482517832889398,-0.00402098194074498,raw_and_fraction_of_own_steady_state,1
2,emp,ig2,high_debt,0.12,-0.000860644885448181,-0.00717204071206817,raw_and_fraction_of_own_steady_state,1
3,emp,ig2,high_debt,0.12,-0.00115271906233742,-0.0096059921861452,raw_and_fraction_of_own_steady_state,1
4,emp,ig2,high_debt,0.12,-0.00137250994859449,-0.0114375829049541,raw_and_fraction_of_own_steady_state,1
5,emp,ig2,high_debt,0.12,-0.00153091869275357,-0.0127576557729464,raw_and_fraction_of_own_steady_state,1
6,emp,ig2,high_debt,0.12,-0.00163699058617156,-0.0136415882180963,raw_and_fraction_of_own_steady_state,1
7,emp,ig2,high_debt,0.12,-0.00169850801303309,-0.0141542334419424,raw_and_fraction_of_own_steady_state,1
8,emp,ig2,high_debt,0.12,-0.00172233169510656,-0.014352764125888,raw_and_fraction_of_own_steady_state,1
9,emp,ig2,high_debt,0.12,-0.001714594264587,-0.014288285538225,raw_and_fraction_of_own_steady_state,1
10,emp,ig2,high_debt,0.12,-0.00168080969027534,-0.0140067474189612,raw_and_fraction_of_own_steady_state,1
11,emp,ig2,high_debt,0.12,-0.0016259366737703,-0.0135494722814192,raw_and_fraction_of_own_steady_state,1
12,emp,ig2,high_debt,0.12,-0.00155441838057081,-0.0129534865047568,raw_and_fraction_of_own_steady_state,1
13,emp,ig2,high_debt,0.12,-0.00147021123467141,-0.0122517602889284,raw_and_fraction_of_own_steady_state,1
14,emp,ig2,high_debt,0.12,-0.00137680970220477,-0.0114734141850398,raw_and_fraction_of_own_steady_state,1
15,emp,ig2,high_debt,0.12,-0.00127727056318586,-0.0106439213598821,raw_and_fraction_of_own_steady_state,1
16,emp,ig2,high_debt,0.12,-0.00117423819951656,-0.0097853183293047,raw_and_fraction_of_own_steady_state,1
17,emp,ig2,high_debt,0.12,-0.00106997133573673,-0.00891642779780611,raw_and_fraction_of_own_steady_state,1
18,emp,ig2,high_debt,0.12,-0.000966371099604069,-0.00805309249670057,raw_and_fraction_of_own_steady_state,1
19,emp,ig2,high_debt,0.12,-0.00086501000391434,-0.00720841669928617,raw_and_fraction_of_own_steady_state,1
20,emp,ig2,high_debt,0.12,-0.000767161356929238,-0.00639301130774365,raw_and_fraction_of_own_steady_state,1
21,emp,ig2,high_debt,0.12,-0.000673828607671789,-0.00561523839726491,raw_and_fraction_of_own_steady_state,1
22,emp,ig2,high_debt,0.12,-0.00058577417812275,-0.00488145148435625,raw_and_fraction_of_own_steady_state,1
23,emp,ig2,high_debt,0.12,-0.000503547400647342,-0.00419622833872785,raw_and_fraction_of_own_steady_state,1
24,emp,ig2,high_debt,0.12,-0.000427511251162582,-0.00356259375968819,raw_and_fraction_of_own_steady_state,1
25,emp,ig2,high_debt,0.12,-0.000357867638852177,-0.00298223032376814,raw_and_fraction_of_own_steady_state,1
26,emp,ig2,high_debt,0.12,-0.000294681077822559,-0.00245567564852132,raw_and_fraction_of_own_steady_state,1
27,emp,ig2,high_debt,0.12,-0.000237900623358933,-0.00198250519465778,raw_and_fraction_of_own_steady_state,1
28,emp,ig2,high_debt,0.12,-0.00018738000497498,-0.00156150004145816,raw_and_fraction_of_own_steady_state,1
29,emp,ig2,high_debt,0.12,-0.000142895930468179,-0.00119079942056816,raw_and_fraction_of_own_steady_state,1
30,emp,ig2,high_debt,0.12,-0.000104164570208981,-0.000868038085074842,raw_and_fraction_of_own_steady_state,1
31,emp,ig2,high_debt,0.12,-7.08562595434364e-05,-0.000590468829528637,raw_and_fraction_of_own_steady_state,1
32,emp,ig2,high_debt,0.12,-4.2608480144285e-05,-0.000355070667869042,raw_and_fraction_of_own_steady_state,1
33,emp,ig2,high_debt,0.12,-1.90371990576033e-05,-0.000158643325480027,raw_and_fraction_of_own_steady_state,1
34,emp,ig2,high_debt,0.12,2.53342320316596e-07,2.1111860026383e-06,raw_and_fraction_of_own_steady_state,1
35,emp,ig2,high_debt,0.12,1.56622874662032e-05,0.00013051906221836,raw_and_fraction_of_own_steady_state,1
36,emp,ig2,high_debt,0.12,2.75851639720548e-05,0.00022987636643379,raw_and_fraction_of_own_steady_state,1
37,emp,ig2,high_debt,0.12,3.64081111566966e-05,0.000303400926305805,raw_and_fraction_of_own_steady_state,1
38,emp,ig2,high_debt,0.12,4.25032233311584e-05,0.000354193527759653,raw_and_fraction_of_own_steady_state,1
39,emp,ig2,high_debt,0.12,4.62248969414075e-05,0.000385207474511729,raw_and_fraction_of_own_steady_state,1
40,emp,ig2,high_debt,0.12,4.79070723981151e-05,0.000399225603317626,raw_and_fraction_of_own_steady_state,1
1,emp,kg1,low_debt,4.8,-0.000213923797003801,-4.45674577091252e-05,raw_and_fraction_of_own_steady_state,1
2,emp,kg1,low_debt,4.8,-0.000577958484491603,-0.000120408017602417,raw_and_fraction_of_own_steady_state,1
3,emp,kg1,low_debt,4.8,-0.00104681584241373,-0.000218086633836193,raw_and_fraction_of_own_steady_state,1
4,emp,kg1,low_debt,4.8,-0.00158681685367679,-0.000330586844515997,raw_and_fraction_of_own_steady_state,1
5,emp,kg1,low_debt,4.8,-0.00217185154161825,-0.000452469071170469,raw_and_fraction_of_own_steady_state,1
6,emp,kg1,low_debt,4.8,-0.00278103469963664,-0.000579382229090967,raw_and_fraction_of_own_steady_state,1
7,emp,kg1,low_debt,4.8,-0.00339734300670802,-0.000707779793064171,raw_and_fraction_of_own_steady_state,1
8,emp,kg1,low_debt,4.8,-0.00400680734884773,-0.000834751531009944,raw_and_fraction_of_own_steady_state,1
9,emp,kg1,low_debt,4.8,-0.0045980108367889,-0.000957918924331021,raw_and_fraction_of_own_steady_state,1
10,emp,kg1,low_debt,4.8,-0.00516174980204198,-0.00107536454209208,raw_and_fraction_of_own_steady_state,1
11,emp,kg1,low_debt,4.8,-0.00569077858815792,-0.0011855788725329,raw_and_fraction_of_own_steady_state,1
12,emp,kg1,low_debt,4.8,-0.00617959602943774,-0.0012874158394662,raw_and_fraction_of_own_steady_state,1
13,emp,kg1,low_debt,4.8,-0.00662425261761435,-0.00138005262866966,raw_and_fraction_of_own_steady_state,1
14,emp,kg1,low_debt,4.8,-0.00702216898050256,-0.00146295187093803,raw_and_fraction_of_own_steady_state,1
15,emp,kg1,low_debt,4.8,-0.00737196239272997,-0.00153582549848541,raw_and_fraction_of_own_steady_state,1
16,emp,kg1,low_debt,4.8,-0.00767328099137643,-0.00159860020653676,raw_and_fraction_of_own_steady_state,1
17,emp,kg1,low_debt,4.8,-0.00792664659242881,-0.001651384706756,raw_and_fraction_of_own_steady_state,1
18,emp,kg1,low_debt,4.8,-0.00813330732023587,-0.00169443902504914,raw_and_fraction_of_own_steady_state,1
19,emp,kg1,low_debt,4.8,-0.00829510113946164,-0.00172814607072117,raw_and_fraction_of_own_steady_state,1
20,emp,kg1,low_debt,4.8,-0.00841433107476952,-0.00175298564057698,raw_and_fraction_of_own_steady_state,1
21,emp,kg1,low_debt,4.8,-0.00849365255337986,-0.0017695109486208,raw_and_fraction_of_own_steady_state,1
22,emp,kg1,low_debt,4.8,-0.00853597297571618,-0.0017783277032742,raw_and_fraction_of_own_steady_state,1
23,emp,kg1,low_debt,4.8,-0.0085443633379656,-0.0017800756954095,raw_and_fraction_of_own_steady_state,1
24,emp,kg1,low_debt,4.8,-0.00852198150545203,-0.00177541281363584,raw_and_fraction_of_own_steady_state,1
25,emp,kg1,low_debt,4.8,-0.00847200656549685,-0.00176500136781184,raw_and_fraction_of_own_steady_state,1
26,emp,kg1,low_debt,4.8,-0.00839758356678288,-0.0017494965764131,raw_and_fraction_of_own_steady_state,1
27,emp,kg1,low_debt,4.8,-0.00830177787173714,-0.0017295370566119,raw_and_fraction_of_own_steady_state,1
28,emp,kg1,low_debt,4.8,-0.0081875383016552,-0.00170573714617817,raw_and_fraction_of_own_steady_state,1
29,emp,kg1,low_debt,4.8,-0.00805766823459209,-0.00167868088220668,raw_and_fraction_of_own_steady_state,1
30,emp,kg1,low_debt,4.8,-0.00791480381767684,-0.00164891746201601,raw_and_fraction_of_own_steady_state,1
31,emp,kg1,low_debt,4.8,-0.00776139847367663,-0.0016169580153493,raw_and_fraction_of_own_steady_state,1
32,emp,kg1,low_debt,4.8,-0.00759971291224115,-0.00158327352338357,raw_and_fraction_of_own_steady_state,1
33,emp,kg1,low_debt,4.8,-0.00743180989617365,-0.00154829372836951,raw_and_fraction_of_own_steady_state,1
34,emp,kg1,low_debt,4.8,-0.00725955305941994,-0.00151240688737915,raw_and_fraction_of_own_steady_state,1
35,emp,kg1,low_debt,4.8,-0.00708460912422471,-0.00147596023421348,raw_and_fraction_of_own_steady_state,1
36,emp,kg1,low_debt,4.8,-0.00690845291810316,-0.00143926102460482,raw_and_fraction_of_own_steady_state,1
37,emp,kg1,low_debt,4.8,-0.00673237464562959,-0.00140257805117283,raw_and_fraction_of_own_steady_state,1
38,emp,kg1,low_debt,4.8,-0.00655748892426633,-0.00136614352588882,raw_and_fraction_of_own_steady_state,1
39,emp,kg1,low_debt,4.8,-0.00638474514663834,-0.00133015523888299,raw_and_fraction_of_own_steady_state,1
40,emp,kg1,low_debt,4.8,-0.00621493878311874,-0.00129477891314974,raw_and_fraction_of_own_steady_state,1
1,emp,kg2,high_debt,4.8,-0.000482517832889329,-0.00010052454851861,raw_and_fraction_of_own_steady_state,1
2,emp,kg2,high_debt,4.8,-0.00133109977251511,-0.000277312452607315,raw_and_fraction_of_own_steady_state,1
3,emp,kg2,high_debt,4.8,-0.00245054134054001,-0.000510529445945836,raw_and_fraction_of_own_steady_state,1
4,emp,kg2,high_debt,4.8,-0.00376178775562064,-0.000783705782420966,raw_and_fraction_of_own_steady_state,1
5,emp,kg2,high_debt,4.8,-0.00519866175448414,-0.00108305453218419,raw_and_fraction_of_own_steady_state,1
6,emp,kg2,high_debt,4.8,-0.00670568579679287,-0.00139701787433185,raw_and_fraction_of_own_steady_state,1
7,emp,kg2,high_debt,4.8,-0.00823655166490678,-0.00171594826352225,raw_and_fraction_of_own_steady_state,1
8,emp,kg2,high_debt,4.8,-0.00975296956839067,-0.00203186866008139,raw_and_fraction_of_own_steady_state,1
9,emp,kg2,high_debt,4.8,-0.0112237395937678,-0.00233827908203495,raw_and_fraction_of_own_steady_state,1
10,emp,kg2,high_debt,4.8,-0.0126239557941989,-0.00262999079045811,raw_and_fraction_of_own_steady_state,1
11,emp,kg2,high_debt,4.8,-0.0139342935731142,-0.00290297782773212,raw_and_fraction_of_own_steady_state,1
12,emp,kg2,high_debt,4.8,-0.0151403546143571,-0.00315424054465774,raw_and_fraction_of_own_steady_state,1
13,emp,kg2,high_debt,4.8,-0.0162320569836689,-0.00338167853826436,raw_and_fraction_of_own_steady_state,1
14,emp,kg2,high_debt,4.8,-0.017203065261282,-0.00358397192943375,raw_and_fraction_of_own_steady_state,1
15,emp,kg2,high_debt,4.8,-0.0180502591929361,-0.00376047066519503,raw_and_fraction_of_own_steady_state,1
16,emp,kg2,high_debt,4.8,-0.0187732409126298,-0.00391109185679787,raw_and_fraction_of_own_steady_state,1
17,emp,kg2,high_debt,4.8,-0.0193738812255502,-0.00403622525532295,raw_and_fraction_of_own_steady_state,1
18,emp,kg2,high_debt,4.8,-0.0198559052945155,-0.0041366469363574,raw_and_fraction_of_own_steady_state,1
19,emp,kg2,high_debt,4.8,-0.0202245176660671,-0.00421344118043065,raw_and_fraction_of_own_steady_state,1
20,emp,kg2,high_debt,4.8,-0.0204860660813448,-0.00426793043361351,raw_and_fraction_of_own_steady_state,1
21,emp,kg2,high_debt,4.8,-0.0206477430369825,-0.00430161313270468,raw_and_fraction_of_own_steady_state,1
22,emp,kg2,high_debt,4.8,-0.0207173236391807,-0.00431610909149597,raw_and_fraction_of_own_steady_state,1
23,emp,kg2,high_debt,4.8,-0.0207029379488493,-0.00431311207267693,raw_and_fraction_of_own_steady_state,1
24,emp,kg2,high_debt,4.8,-0.02061287575129,-0.00429434911485208,raw_and_fraction_of_own_steady_state,1
25,emp,kg2,high_debt,4.8,-0.0204554214963606,-0.00426154614507512,raw_and_fraction_of_own_steady_state,1
26,emp,kg2,high_debt,4.8,-0.0202387170367739,-0.00421639938266124,raw_and_fraction_of_own_steady_state,1
27,emp,kg2,high_debt,4.8,-0.0199706497342129,-0.00416055202796103,raw_and_fraction_of_own_steady_state,1
28,emp,kg2,high_debt,4.8,-0.0196587634958334,-0.00409557572829863,raw_and_fraction_of_own_steady_state,1
29,emp,kg2,high_debt,4.8,-0.0193101903389055,-0.00402295632060531,raw_and_fraction_of_own_steady_state,1
30,emp,kg2,high_debt,4.8,-0.0189316001506414,-0.00394408336471697,raw_and_fraction_of_own_steady_state,1
31,emp,kg2,high_debt,4.8,-0.0185291664064193,-0.00386024300133736,raw_and_fraction_of_own_steady_state,1
32,emp,kg2,high_debt,4.8,-0.0181085457264034,-0.00377261369300071,raw_and_fraction_of_own_steady_state,1
33,emp,kg2,high_debt,4.8,-0.0176748692823008,-0.00368226443381266,raw_and_fraction_of_own_steady_state,1
34,emp,kg2,high_debt,4.8,-0.0172327442079228,-0.00359015504331724,raw_and_fraction_of_own_steady_state,1
35,emp,kg2,high_debt,4.8,-0.0167862633152582,-0.0034971381906788,raw_and_fraction_of_own_steady_state,1
36,emp,kg2,high_debt,4.8,-0.0163390215684052,-0.00340396282675108,raw_and_fraction_of_own_steady_state,1
37,emp,kg2,high_debt,4.8,-0.0158941379180382,-0.00331127873292462,raw_and_fraction_of_own_steady_state,1
38,emp,kg2,high_debt,4.8,-0.0154542812467557,-0.00321964192640745,raw_and_fraction_of_own_steady_state,1
39,emp,kg2,high_debt,4.8,-0.0150216993186456,-0.0031295206913845,raw_and_fraction_of_own_steady_state,1
40,emp,kg2,high_debt,4.8,-0.0145982497632815,-0.00304130203401698,raw_and_fraction_of_own_steady_state,1
1,emp,xloc1,low_debt,1,-0.00217106368639097,-0.00217106368639097,raw_and_fraction_of_own_steady_state,1
2,emp,xloc1,low_debt,1,-0.00181177290382095,-0.00181177290382095,raw_and_fraction_of_own_steady_state,1
3,emp,xloc1,low_debt,1,-0.00147363785074373,-0.00147363785074373,raw_and_fraction_of_own_steady_state,1
4,emp,xloc1,low_debt,1,-0.00118680442680397,-0.00118680442680397,raw_and_fraction_of_own_steady_state,1
5,emp,xloc1,low_debt,1,-0.000957019638828105,-0.000957019638828105,raw_and_fraction_of_own_steady_state,1
6,emp,xloc1,low_debt,1,-0.000779146157931176,-0.000779146157931176,raw_and_fraction_of_own_steady_state,1
7,emp,xloc1,low_debt,1,-0.000644220688923336,-0.000644220688923336,raw_and_fraction_of_own_steady_state,1
8,emp,xloc1,low_debt,1,-0.00054289370273275,-0.00054289370273275,raw_and_fraction_of_own_steady_state,1
9,emp,xloc1,low_debt,1,-0.00046690899333568,-0.00046690899333568,raw_and_fraction_of_own_steady_state,1
10,emp,xloc1,low_debt,1,-0.000409572016232818,-0.000409572016232818,raw_and_fraction_of_own_steady_state,1
11,emp,xloc1,low_debt,1,-0.000365735488879304,-0.000365735488879304,raw_and_fraction_of_own_steady_state,1
12,emp,xloc1,low_debt,1,-0.000331586006945495,-0.000331586006945495,raw_and_fraction_of_own_steady_state,1
13,emp,xloc1,low_debt,1,-0.000304376126098127,-0.000304376126098127,raw_and_fraction_of_own_steady_state,1
14,emp,xloc1,low_debt,1,-0.000282169303680524,-0.000282169303680524,raw_and_fraction_of_own_steady_state,1
15,emp,xloc1,low_debt,1,-0.000263624111154437,-0.000263624111154437,raw_and_fraction_of_own_steady_state,1
16,emp,xloc1,low_debt,1,-0.000247823565467709,-0.000247823565467709,raw_and_fraction_of_own_steady_state,1
17,emp,xloc1,low_debt,1,-0.000234146079241104,-0.000234146079241104,raw_and_fraction_of_own_steady_state,1
18,emp,xloc1,low_debt,1,-0.000222171085375256,-0.000222171085375256,raw_and_fraction_of_own_steady_state,1
19,emp,xloc1,low_debt,1,-0.000211611862417804,-0.000211611862417804,raw_and_fraction_of_own_steady_state,1
20,emp,xloc1,low_debt,1,-0.000202268844005316,-0.000202268844005316,raw_and_fraction_of_own_steady_state,1
21,emp,xloc1,low_debt,1,-0.00019399789092156,-0.00019399789092156,raw_and_fraction_of_own_steady_state,1
22,emp,xloc1,low_debt,1,-0.000186689226570058,-0.000186689226570058,raw_and_fraction_of_own_steady_state,1
23,emp,xloc1,low_debt,1,-0.000180253810757036,-0.000180253810757036,raw_and_fraction_of_own_steady_state,1
24,emp,xloc1,low_debt,1,-0.00017461479882086,-0.00017461479882086,raw_and_fraction_of_own_steady_state,1
25,emp,xloc1,low_debt,1,-0.000169702407216255,-0.000169702407216255,raw_and_fraction_of_own_steady_state,1
26,emp,xloc1,low_debt,1,-0.000165451010094908,-0.000165451010094908,raw_and_fraction_of_own_steady_state,1
27,emp,xloc1,low_debt,1,-0.000161797657908802,-0.000161797657908802,raw_and_fraction_of_own_steady_state,1
28,emp,xloc1,low_debt,1,-0.000158681470495692,-0.000158681470495692,raw_and_fraction_of_own_steady_state,1
29,emp,xloc1,low_debt,1,-0.000156043540470496,-0.000156043540470496,raw_and_fraction_of_own_steady_state,1
30,emp,xloc1,low_debt,1,-0.000153827109470317,-0.000153827109470317,raw_and_fraction_of_own_steady_state,1
31,emp,xloc1,low_debt,1,-0.000151977866190478,-0.000151977866190478,raw_and_fraction_of_own_steady_state,1
32,emp,xloc1,low_debt,1,-0.000150444273268491,-0.000150444273268491,raw_and_fraction_of_own_steady_state,1
33,emp,xloc1,low_debt,1,-0.000149177868617234,-0.000149177868617234,raw_and_fraction_of_own_steady_state,1
34,emp,xloc1,low_debt,1,-0.000148133511985837,-0.000148133511985837,raw_and_fraction_of_own_steady_state,1
35,emp,xloc1,low_debt,1,-0.000147269563635866,-0.000147269563635866,raw_and_fraction_of_own_steady_state,1
36,emp,xloc1,low_debt,1,-0.000146547992075363,-0.000146547992075363,raw_and_fraction_of_own_steady_state,1
37,emp,xloc1,low_debt,1,-0.000145934413827931,-0.000145934413827931,raw_and_fraction_of_own_steady_state,1
38,emp,xloc1,low_debt,1,-0.000145398071606961,-0.000145398071606961,raw_and_fraction_of_own_steady_state,1
39,emp,xloc1,low_debt,1,-0.000144911758969246,-0.000144911758969246,raw_and_fraction_of_own_steady_state,1
40,emp,xloc1,low_debt,1,-0.000144451700132997,-0.000144451700132997,raw_and_fraction_of_own_steady_state,1
1,emp,xloc2,high_debt,1,-0.00235809765349249,-0.00235809765349249,raw_and_fraction_of_own_steady_state,1
2,emp,xloc2,high_debt,1,-0.00213648417680845,-0.00213648417680845,raw_and_fraction_of_own_steady_state,1
3,emp,xloc2,high_debt,1,-0.00189523667876268,-0.00189523667876268,raw_and_fraction_of_own_steady_state,1
4,emp,xloc2,high_debt,1,-0.00167257068251381,-0.00167257068251381,raw_and_fraction_of_own_steady_state,1
5,emp,xloc2,high_debt,1,-0.00148133430023767,-0.00148133430023767,raw_and_fraction_of_own_steady_state,1
6,emp,xloc2,high_debt,1,-0.00132237916507283,-0.00132237916507283,raw_and_fraction_of_own_steady_state,1
7,emp,xloc2,high_debt,1,-0.00119164838526165,-0.00119164838526165,raw_and_fraction_of_own_steady_state,1
8,emp,xloc2,high_debt,1,-0.00108372771109277,-0.00108372771109277,raw_and_fraction_of_own_steady_state,1
9,emp,xloc2,high_debt,1,-0.000993466267624865,-0.000993466267624865,raw_and_fraction_of_own_steady_state,1
10,emp,xloc2,high_debt,1,-0.000916587681513259,-0.000916587681513259,raw_and_fraction_of_own_steady_state,1
11,emp,xloc2,high_debt,1,-0.000849806249817564,-0.000849806249817564,raw_and_fraction_of_own_steady_state,1
12,emp,xloc2,high_debt,1,-0.000790726316909129,-0.000790726316909129,raw_and_fraction_of_own_steady_state,1
13,emp,xloc2,high_debt,1,-0.00073766825076127,-0.00073766825076127,raw_and_fraction_of_own_steady_state,1
14,emp,xloc2,high_debt,1,-0.000689489653296071,-0.000689489653296071,raw_and_fraction_of_own_steady_state,1
15,emp,xloc2,high_debt,1,-0.000645430455081697,-0.000645430455081697,raw_and_fraction_of_own_steady_state,1
16,emp,xloc2,high_debt,1,-0.000604990255921756,-0.000604990255921756,raw_and_fraction_of_own_steady_state,1
17,emp,xloc2,high_debt,1,-0.000567836820539847,-0.000567836820539847,raw_and_fraction_of_own_steady_state,1
18,emp,xloc2,high_debt,1,-0.000533740916387582,-0.000533740916387582,raw_and_fraction_of_own_steady_state,1
19,emp,xloc2,high_debt,1,-0.00050253181525628,-0.00050253181525628,raw_and_fraction_of_own_steady_state,1
20,emp,xloc2,high_debt,1,-0.00047406820476581,-0.00047406820476581,raw_and_fraction_of_own_steady_state,1
21,emp,xloc2,high_debt,1,-0.00044822015167334,-0.00044822015167334,raw_and_fraction_of_own_steady_state,1
22,emp,xloc2,high_debt,1,-0.000424858726424393,-0.000424858726424393,raw_and_fraction_of_own_steady_state,1
23,emp,xloc2,high_debt,1,-0.000403850763628144,-0.000403850763628144,raw_and_fraction_of_own_steady_state,1
24,emp,xloc2,high_debt,1,-0.000385056938703721,-0.000385056938703721,raw_and_fraction_of_own_steady_state,1
25,emp,xloc2,high_debt,1,-0.000368331884924689,-0.000368331884924689,raw_and_fraction_of_own_steady_state,1
26,emp,xloc2,high_debt,1,-0.000353525478642425,-0.000353525478642425,raw_and_fraction_of_own_steady_state,1
27,emp,xloc2,high_debt,1,-0.00034048471134418,-0.00034048471134418,raw_and_fraction_of_own_steady_state,1
28,emp,xloc2,high_debt,1,-0.000329055772073983,-0.000329055772073983,raw_and_fraction_of_own_steady_state,1
29,emp,xloc2,high_debt,1,-0.000319086105226907,-0.000319086105226907,raw_and_fraction_of_own_steady_state,1
30,emp,xloc2,high_debt,1,-0.00031042630468503,-0.00031042630468503,raw_and_fraction_of_own_steady_state,1
31,emp,xloc2,high_debt,1,-0.000302931769193049,-0.000302931769193049,raw_and_fraction_of_own_steady_state,1
32,emp,xloc2,high_debt,1,-0.00029646408564421,-0.00029646408564421,raw_and_fraction_of_own_steady_state,1
33,emp,xloc2,high_debt,1,-0.000290892133599674,-0.000290892133599674,raw_and_fraction_of_own_steady_state,1
34,emp,xloc2,high_debt,1,-0.000286092920841363,-0.000286092920841363,raw_and_fraction_of_own_steady_state,1
35,emp,xloc2,high_debt,1,-0.000281952169437716,-0.000281952169437716,raw_and_fraction_of_own_steady_state,1
36,emp,xloc2,high_debt,1,-0.000278364677022913,-0.000278364677022913,raw_and_fraction_of_own_steady_state,1
37,emp,xloc2,high_debt,1,-0.000275234480287878,-0.000275234480287878,raw_and_fraction_of_own_steady_state,1
38,emp,xloc2,high_debt,1,-0.000272474848114546,-0.000272474848114546,raw_and_fraction_of_own_steady_state,1
39,emp,xloc2,high_debt,1,-0.000270008131034172,-0.000270008131034172,raw_and_fraction_of_own_steady_state,1
40,emp,xloc2,high_debt,1,-0.000267765492223848,-0.000267765492223848,raw_and_fraction_of_own_steady_state,1
1,emp,k1,low_debt,10.6834532374101,-0.000711658623368194,-6.66131640728479e-05,raw_and_fraction_of_own_steady_state,1
2,emp,k1,low_debt,10.6834532374101,-0.00155097527396286,-0.0001451754633541,raw_and_fraction_of_own_steady_state,1
3,emp,k1,low_debt,10.6834532374101,-0.00225387850900027,-0.000210969099495649,raw_and_fraction_of_own_steady_state,1
4,emp,k1,low_debt,10.6834532374101,-0.00272691491266919,-0.00025524658105119,raw_and_fraction_of_own_steady_state,1
5,emp,k1,low_debt,10.6834532374101,-0.0029620839862865,-0.000277259039793821,raw_and_fraction_of_own_steady_state,1
6,emp,k1,low_debt,10.6834532374101,-0.00298968062029026,-0.00027984215907094,raw_and_fraction_of_own_steady_state,1
7,emp,k1,low_debt,10.6834532374101,-0.00285324146235055,-0.000267071086374901,raw_and_fraction_of_own_steady_state,1
8,emp,k1,low_debt,10.6834532374101,-0.00259705131057331,-0.000243090998094067,raw_and_fraction_of_own_steady_state,1
9,emp,k1,low_debt,10.6834532374101,-0.00226057314550232,-0.000211595735504931,raw_and_fraction_of_own_steady_state,1
10,emp,k1,low_debt,10.6834532374101,-0.00187653640038654,-0.000175648861719683,raw_and_fraction_of_own_steady_state,1
11,emp,k1,low_debt,10.6834532374101,-0.00147083654334779,-0.000137674262306628,raw_and_fraction_of_own_steady_state,1
12,emp,k1,low_debt,10.6834532374101,-0.001063233786887,-9.95215463820154e-05,raw_and_fraction_of_own_steady_state,1
13,emp,k1,low_debt,10.6834532374101,-0.000668320282393609,-6.25565786213547e-05,raw_and_fraction_of_own_steady_state,1
14,emp,k1,low_debt,10.6834532374101,-0.000296496069353225,-2.77528307340729e-05,raw_and_fraction_of_own_steady_state,1
15,emp,k1,low_debt,10.6834532374101,4.51585252783104e-05,4.22695960517519e-06,raw_and_fraction_of_own_steady_state,1
16,emp,k1,low_debt,10.6834532374101,0.000352149826364112,3.29621722994018e-05,raw_and_fraction_of_own_steady_state,1
17,emp,k1,low_debt,10.6834532374101,0.000621976021518478,5.82186309704165e-05,raw_and_fraction_of_own_steady_state,1
18,emp,k1,low_debt,10.6834532374101,0.000853654131139692,7.99043260797423e-05,raw_and_fraction_of_own_steady_state,1
19,emp,k1,low_debt,10.6834532374101,0.00104734776049931,9.80345715214841e-05,raw_and_fraction_of_own_steady_state,1
20,emp,k1,low_debt,10.6834532374101,0.00120407537692202,0.00011270469858058,raw_and_fraction_of_own_steady_state,1
21,emp,k1,low_debt,10.6834532374101,0.00132548165727719,0.000124068653442108,raw_and_fraction_of_own_steady_state,1
22,emp,k1,low_debt,10.6834532374101,0.00141365776538827,0.000132322174672707,raw_and_fraction_of_own_steady_state,1
23,emp,k1,low_debt,10.6834532374101,0.00147099952132201,0.000137689517484014,raw_and_fraction_of_own_steady_state,1
24,emp,k1,low_debt,10.6834532374101,0.0015000950391606,0.00014041293632547,raw_and_fraction_of_own_steady_state,1
25,emp,k1,low_debt,10.6834532374101,0.00150363548525512,0.000140744331616473,raw_and_fraction_of_own_steady_state,1
26,emp,k1,low_debt,10.6834532374101,0.00148434419356924,0.000138938614751599,raw_and_fraction_of_own_steady_state,1
27,emp,k1,low_debt,10.6834532374101,0.00144492055325962,0.000135248455826995,raw_and_fraction_of_own_steady_state,1
28,emp,k1,low_debt,10.6834532374101,0.00138799594449246,0.000129920159114109,raw_and_fraction_of_own_steady_state,1
29,emp,k1,low_debt,10.6834532374101,0.00131609962040358,0.000123190469519258,raw_and_fraction_of_own_steady_state,1
30,emp,k1,low_debt,10.6834532374101,0.00123163288023775,0.000115284155119898,raw_and_fraction_of_own_steady_state,1
31,emp,k1,low_debt,10.6834532374101,0.00113685020087217,0.000106412241024399,raw_and_fraction_of_own_steady_state,1
32,emp,k1,low_debt,10.6834532374101,0.00103384622839897,9.67707917491295e-05,raw_and_fraction_of_own_steady_state,1
33,emp,k1,low_debt,10.6834532374101,0.000924547705031031,8.65401555550933e-05,raw_and_fraction_of_own_steady_state,1
34,emp,k1,low_debt,10.6834532374101,0.000810709538722421,7.58845965538159e-05,raw_and_fraction_of_own_steady_state,1
35,emp,k1,low_debt,10.6834532374101,0.00069391432660737,6.49522500999492e-05,raw_and_fraction_of_own_steady_state,1
36,emp,k1,low_debt,10.6834532374101,0.000575574727879058,5.38753448991173e-05,raw_and_fraction_of_own_steady_state,1
37,emp,k1,low_debt,10.6834532374101,0.000456938153050146,4.27706419353336e-05,raw_and_fraction_of_own_steady_state,1
38,emp,k1,low_debt,10.6834532374101,0.000339093298581616,3.17400461298618e-05,raw_and_fraction_of_own_steady_state,1
39,emp,k1,low_debt,10.6834532374101,0.000222978111265704,2.0871351828911e-05,raw_and_fraction_of_own_steady_state,1
40,emp,k1,low_debt,10.6834532374101,0.000109388816952105,1.02390879167291e-05,raw_and_fraction_of_own_steady_state,1
1,emp,k2,high_debt,10.6834532374101,-0.00075380804536529,-7.05584635055727e-05,raw_and_fraction_of_own_steady_state,1
2,emp,k2,high_debt,10.6834532374101,-0.00164656846668443,-0.00015412324368292,raw_and_fraction_of_own_steady_state,1
3,emp,k2,high_debt,10.6834532374101,-0.0023922734087396,-0.000223923234892124,raw_and_fraction_of_own_steady_state,1
4,emp,k2,high_debt,10.6834532374101,-0.00288352972680705,-0.00026990614951258,raw_and_fraction_of_own_steady_state,1
5,emp,k2,high_debt,10.6834532374101,-0.00310505956143459,-0.000290641938747076,raw_and_fraction_of_own_steady_state,1
6,emp,k2,high_debt,10.6834532374101,-0.00308509580458249,-0.000288773277331291,raw_and_fraction_of_own_steady_state,1
7,emp,k2,high_debt,10.6834532374101,-0.00286894658074743,-0.000268541127760198,raw_and_fraction_of_own_steady_state,1
8,emp,k2,high_debt,10.6834532374101,-0.00250527958315061,-0.000234500917210731,raw_and_fraction_of_own_steady_state,1
9,emp,k2,high_debt,10.6834532374101,-0.00203953020966097,-0.000190905521308333,raw_and_fraction_of_own_steady_state,1
10,emp,k2,high_debt,10.6834532374101,-0.00151117461594197,-0.000141450014556184,raw_and_fraction_of_own_steady_state,1
11,emp,k2,high_debt,10.6834532374101,-0.000953007717102494,-8.92040893449474e-05,raw_and_fraction_of_own_steady_state,1
12,emp,k2,high_debt,10.6834532374101,-0.000391390890953858,-3.66352416448393e-05,raw_and_fraction_of_own_steady_state,1
13,emp,k2,high_debt,10.6834532374101,0.000153088207444085,1.43294685755743e-05,raw_and_fraction_of_own_steady_state,1
14,emp,k2,high_debt,10.6834532374101,0.000664830540106465,6.22299293432988e-05,raw_and_fraction_of_own_steady_state,1
15,emp,k2,high_debt,10.6834532374101,0.00113245270965301,0.000106000624001191,raw_and_fraction_of_own_steady_state,1
16,emp,k2,high_debt,10.6834532374101,0.00154808399939199,0.000144904832266321,raw_and_fraction_of_own_steady_state,1
17,emp,k2,high_debt,10.6834532374101,0.00190675107966243,0.000178477037086248,raw_and_fraction_of_own_steady_state,1
18,emp,k2,high_debt,10.6834532374101,0.00220584924532297,0.000206473431043699,raw_and_fraction_of_own_steady_state,1
19,emp,k2,high_debt,10.6834532374101,0.00244469151258642,0.000228829710605732,raw_and_fraction_of_own_steady_state,1
20,emp,k2,high_debt,10.6834532374101,0.00262412492440234,0.000245625161274024,raw_and_fraction_of_own_steady_state,1
21,emp,k2,high_debt,10.6834532374101,0.00274620392238134,0.000257052084317176,raw_and_fraction_of_own_steady_state,1
22,emp,k2,high_debt,10.6834532374101,0.00281391205872339,0.000263389748257611,raw_and_fraction_of_own_steady_state,1
23,emp,k2,high_debt,10.6834532374101,0.00283092488506576,0.000264982194629051,raw_and_fraction_of_own_steady_state,1
24,emp,k2,high_debt,10.6834532374101,0.00280140824639474,0.000262219357743347,raw_and_fraction_of_own_steady_state,1
25,emp,k2,high_debt,10.6834532374101,0.00272984732786696,0.000255521063012464,raw_and_fraction_of_own_steady_state,1
26,emp,k2,high_debt,10.6834532374101,0.00262090265394477,0.000245323548079679,raw_and_fraction_of_own_steady_state,1
27,emp,k2,high_debt,10.6834532374101,0.00247928986617474,0.000232068209695818,raw_and_fraction_of_own_steady_state,1
28,emp,k2,high_debt,10.6834532374101,0.00230968056096081,0.000216192321867713,raw_and_fraction_of_own_steady_state,1
29,emp,k2,high_debt,10.6834532374101,0.00211662180025485,0.000198121501842037,raw_and_fraction_of_own_steady_state,1
30,emp,k2,high_debt,10.6834532374101,0.0019044721553616,0.000178263723633174,raw_and_fraction_of_own_steady_state,1
31,emp,k2,high_debt,10.6834532374101,0.00167735233630317,0.000157004696798748,raw_and_fraction_of_own_steady_state,1
32,emp,k2,high_debt,10.6834532374101,0.00143910861723207,0.000134704442959769,raw_and_fraction_of_own_steady_state,1
33,emp,k2,high_debt,10.6834532374101,0.001193287405858,0.00011169491543048,raw_and_fraction_of_own_steady_state,1
34,emp,k2,high_debt,10.6834532374101,0.00094311943074743,8.82785191069987e-05,raw_and_fraction_of_own_steady_state,1
35,emp,k2,high_debt,10.6834532374101,0.000691512139663786,6.47273989314925e-05,raw_and_fraction_of_own_steady_state,1
36,emp,k2,high_debt,10.6834532374101,0.000441049017526396,4.12833760512924e-05,raw_and_fraction_of_own_steady_state,1
37,emp,k2,high_debt,10.6834532374101,0.000193994645355744,1.81584213497969e-05,raw_and_fraction_of_own_steady_state,1
38,emp,k2,high_debt,10.6834532374101,-4.76955682682245e-05,-4.46443366281698e-06,raw_and_fraction_of_own_steady_state,1
39,emp,k2,high_debt,10.6834532374101,-0.000282361944467624,-2.64298385730638e-05,raw_and_fraction_of_own_steady_state,1
40,emp,k2,high_debt,10.6834532374101,-0.000508624237514965,-4.7608598663017e-05,raw_and_fraction_of_own_steady_state,1
1,emp,inv1,low_debt,0.267086330935251,-0.000711658623368805,-0.0026645265629162,raw_and_fraction_of_own_steady_state,1
2,emp,inv1,low_debt,0.267086330935251,-0.000857108116177785,-0.00320910513531885,raw_and_fraction_of_own_steady_state,1
3,emp,inv1,low_debt,0.267086330935251,-0.000741677616885761,-0.00277692090901336,raw_and_fraction_of_own_steady_state,1
4,emp,inv1,low_debt,0.267086330935251,-0.000529383366394465,-0.00198206836171935,raw_and_fraction_of_own_steady_state,1
5,emp,inv1,low_debt,0.267086330935251,-0.000303341946434499,-0.00113574493075813,raw_and_fraction_of_own_steady_state,1
6,emp,inv1,low_debt,0.267086330935251,-0.000101648733660531,-0.00038058381087714,raw_and_fraction_of_own_steady_state,1
7,emp,inv1,low_debt,0.267086330935251,6.16971424335921e-05,0.000231000748774931,raw_and_fraction_of_own_steady_state,1
8,emp,inv1,low_debt,0.267086330935251,0.000184859115218872,0.000692132444859884,raw_and_fraction_of_own_steady_state,1
9,emp,inv1,low_debt,0.267086330935251,0.000271551882306431,0.00101671950547055,raw_and_fraction_of_own_steady_state,1
10,emp,inv1,low_debt,0.267086330935251,0.000327522416478432,0.00122627921590578,raw_and_fraction_of_own_steady_state,1
11,emp,inv1,low_debt,0.267086330935251,0.000358786447028026,0.00134333511479854,raw_and_fraction_of_own_steady_state,1
12,emp,inv1,low_debt,0.267086330935251,0.000370831842877006,0.00138843437467755,raw_and_fraction_of_own_steady_state,1
13,emp,inv1,low_debt,0.267086330935251,0.000368332659821724,0.00137907716404632,raw_and_fraction_of_own_steady_state,1
14,emp,inv1,low_debt,0.267086330935251,0.000355116205980555,0.00132959333686996,raw_and_fraction_of_own_steady_state,1
15,emp,inv1,low_debt,0.267086330935251,0.000334242192897849,0.00125143878283639,raw_and_fraction_of_own_steady_state,1
16,emp,inv1,low_debt,0.267086330935251,0.000308120264217393,0.00115363546737287,raw_and_fraction_of_own_steady_state,1
17,emp,inv1,low_debt,0.267086330935251,0.000278629940814679,0.00104322051914452,raw_and_fraction_of_own_steady_state,1
18,emp,inv1,low_debt,0.267086330935251,0.000247227510158821,0.000925646435342118,raw_and_fraction_of_own_steady_state,1
19,emp,inv1,low_debt,0.267086330935251,0.000215034982638307,0.000805114143750161,raw_and_fraction_of_own_steady_state,1
20,emp,inv1,low_debt,0.267086330935251,0.000182911310435852,0.000684839653887769,raw_and_fraction_of_own_steady_state,1
21,emp,inv1,low_debt,0.267086330935251,0.00015150816477677,0.000567262893036259,raw_and_fraction_of_own_steady_state,1
22,emp,inv1,low_debt,0.267086330935251,0.000121313149543278,0.00045420950266709,raw_and_fraction_of_own_steady_state,1
23,emp,inv1,low_debt,0.267086330935251,9.26832000686106e-05,0.000347015887125573,raw_and_fraction_of_own_steady_state,1
24,emp,inv1,low_debt,0.267086330935251,6.58705058719788e-05,0.000246626271143571,raw_and_fraction_of_own_steady_state,1
25,emp,inv1,low_debt,0.267086330935251,4.1042822073678e-05,0.000153668747966095,raw_and_fraction_of_own_steady_state,1
26,emp,inv1,low_debt,0.267086330935251,1.82995954462473e-05,6.85156570243333e-05,raw_and_fraction_of_own_steady_state,1
27,emp,inv1,low_debt,0.267086330935251,-2.31503547010181e-06,-8.66774223149232e-06,raw_and_fraction_of_own_steady_state,1
28,emp,inv1,low_debt,0.267086330935251,-2.0801594935671e-05,-7.78834126884384e-05,raw_and_fraction_of_own_steady_state,1
29,emp,inv1,low_debt,0.267086330935251,-3.71964254760604e-05,-0.000139267424678045,raw_and_fraction_of_own_steady_state,1
30,emp,inv1,low_debt,0.267086330935251,-5.15642496569102e-05,-0.000193062106459543,raw_and_fraction_of_own_steady_state,1
31,emp,inv1,low_debt,0.267086330935251,-6.39918573588361e-05,-0.000239592408697057,raw_and_fraction_of_own_steady_state,1
32,emp,inv1,low_debt,0.267086330935251,-7.45827174508662e-05,-0.000279245729984388,raw_and_fraction_of_own_steady_state,1
33,emp,inv1,low_debt,0.267086330935251,-8.34523676579435e-05,-0.000312454656012234,raw_and_fraction_of_own_steady_state,1
34,emp,inv1,low_debt,0.267086330935251,-9.07244736831903e-05,-0.000339682204497332,raw_and_fraction_of_own_steady_state,1
35,emp,inv1,low_debt,0.267086330935251,-9.6527473647523e-05,-0.000361409261602848,raw_and_fraction_of_own_steady_state,1
36,emp,inv1,low_debt,0.267086330935251,-0.000100991740562106,-0.000378123957929503,raw_and_fraction_of_own_steady_state,1
37,emp,inv1,low_debt,0.267086330935251,-0.000104247206631547,-0.000390312773650776,raw_and_fraction_of_own_steady_state,1
38,emp,inv1,low_debt,0.267086330935251,-0.000106421400642542,-0.000398453190284536,raw_and_fraction_of_own_steady_state,1
39,emp,inv1,low_debt,0.267086330935251,-0.000107637854851295,-0.000403007725907878,raw_and_fraction_of_own_steady_state,1
40,emp,inv1,low_debt,0.267086330935251,-0.000108014841532111,-0.00040441920465895,raw_and_fraction_of_own_steady_state,1
1,emp,inv2,high_debt,0.267086330935251,-0.00075380804536479,-0.00282233854022104,raw_and_fraction_of_own_steady_state,1
2,emp,inv2,high_debt,0.267086330935251,-0.000911605622453238,-0.00341314967059933,raw_and_fraction_of_own_steady_state,1
3,emp,inv2,high_debt,0.267086330935251,-0.000786869153723779,-0.00294612289205671,raw_and_fraction_of_own_steady_state,1
4,emp,inv2,high_debt,0.267086330935251,-0.000551063153286679,-0.00206323981971309,raw_and_fraction_of_own_steady_state,1
5,emp,inv2,high_debt,0.267086330935251,-0.000293618077797819,-0.00109933771889285,raw_and_fraction_of_own_steady_state,1
6,emp,inv2,high_debt,0.267086330935251,-5.76627321833834e-05,-0.000215895482114217,raw_and_fraction_of_own_steady_state,1
7,emp,inv2,high_debt,0.267086330935251,0.000139021828720276,0.000520512705511607,raw_and_fraction_of_own_steady_state,1
8,emp,inv2,high_debt,0.267086330935251,0.000291943333077194,0.00109306729421495,raw_and_fraction_of_own_steady_state,1
9,emp,inv2,high_debt,0.267086330935251,0.000403117383910856,0.00150931491888509,raw_and_fraction_of_own_steady_state,1
10,emp,inv2,high_debt,0.267086330935251,0.000477367338477586,0.00178731474877803,raw_and_fraction_of_own_steady_state,1
11,emp,inv2,high_debt,0.267086330935251,0.000520387533440414,0.00194838699389139,raw_and_fraction_of_own_steady_state,1
12,emp,inv2,high_debt,0.267086330935251,0.000537791633220763,0.00201354981865821,raw_and_fraction_of_own_steady_state,1
13,emp,inv2,high_debt,0.267086330935251,0.000534694326123963,0.00200195316717121,raw_and_fraction_of_own_steady_state,1
14,emp,inv2,high_debt,0.267086330935251,0.000515569537847815,0.00193034789928206,raw_and_fraction_of_own_steady_state,1
15,emp,inv2,high_debt,0.267086330935251,0.000484242933049883,0.00181305771566152,raw_and_fraction_of_own_steady_state,1
16,emp,inv2,high_debt,0.267086330935251,0.000443942607480874,0.00166216895460853,raw_and_fraction_of_own_steady_state,1
17,emp,inv2,high_debt,0.267086330935251,0.000397369180254681,0.0014877930250613,raw_and_fraction_of_own_steady_state,1
18,emp,inv2,high_debt,0.267086330935251,0.000346766942651067,0.00129833279538043,raw_and_fraction_of_own_steady_state,1
19,emp,inv2,high_debt,0.267086330935251,0.000293988498396847,0.00110072461352624,raw_and_fraction_of_own_steady_state,1
20,emp,inv2,high_debt,0.267086330935251,0.000240550699630193,0.000900647737335944,raw_and_fraction_of_own_steady_state,1
21,emp,inv2,high_debt,0.267086330935251,0.000187682121089772,0.000702702083002783,raw_and_fraction_of_own_steady_state,1
22,emp,inv2,high_debt,0.267086330935251,0.000136363234402193,0.00051055864193683,raw_and_fraction_of_own_steady_state,1
23,emp,inv2,high_debt,0.267086330935251,8.73606278104511e-05,0.000327087603115225,raw_and_fraction_of_own_steady_state,1
24,emp,inv2,high_debt,0.267086330935251,4.1256483456098e-05,0.00015446871920263,raw_and_fraction_of_own_steady_state,1
25,emp,inv2,high_debt,0.267086330935251,-1.52571236772259e-06,-5.71243149127111e-06,raw_and_fraction_of_own_steady_state,1
26,emp,inv2,high_debt,0.267086330935251,-4.0698490725688e-05,-0.000152379534299546,raw_and_fraction_of_own_steady_state,1
27,emp,inv2,high_debt,0.267086330935251,-7.60902214217984e-05,-0.000284889987276229,raw_and_fraction_of_own_steady_state,1
28,emp,inv2,high_debt,0.267086330935251,-0.000107627058559878,-0.000402967303429578,raw_and_fraction_of_own_steady_state,1
29,emp,inv2,high_debt,0.267086330935251,-0.000135316746680825,-0.000506640479155143,raw_and_fraction_of_own_steady_state,1
30,emp,inv2,high_debt,0.267086330935251,-0.000159234099887495,-0.000596189626514798,raw_and_fraction_of_own_steady_state,1
31,emp,inv2,high_debt,0.267086330935251,-0.000179508015174246,-0.000672097349743305,raw_and_fraction_of_own_steady_state,1
32,emp,inv2,high_debt,0.267086330935251,-0.000196309910663328,-0.000735005456759668,raw_and_fraction_of_own_steady_state,1
33,emp,inv2,high_debt,0.267086330935251,-0.000209843495944106,-0.000785676658214972,raw_and_fraction_of_own_steady_state,1
34,emp,inv2,high_debt,0.267086330935251,-0.000220335789963055,-0.000824960937504774,raw_and_fraction_of_own_steady_state,1
35,emp,inv2,high_debt,0.267086330935251,-0.000228029305314348,-0.000853766287910961,raw_and_fraction_of_own_steady_state,1
36,emp,inv2,high_debt,0.267086330935251,-0.000233175318646306,-0.000873033516278426,raw_and_fraction_of_own_steady_state,1
37,emp,inv2,high_debt,0.267086330935251,-0.000236028146731959,-0.000883714812006529,raw_and_fraction_of_own_steady_state,1
38,emp,inv2,high_debt,0.267086330935251,-0.000236840347489997,-0.000886755779154469,raw_and_fraction_of_own_steady_state,1
39,emp,inv2,high_debt,0.267086330935251,-0.000235858765405994,-0.000883080630072276,raw_and_fraction_of_own_steady_state,1
40,emp,inv2,high_debt,0.267086330935251,-0.00023332134165982,-0.000873580242174143,raw_and_fraction_of_own_steady_state,1
1,emp,qk1,low_debt,1,-0.00531348444059465,-0.00531348444059465,raw_and_fraction_of_own_steady_state,1
2,emp,qk1,low_debt,1,-0.00243110239111211,-0.00243110239111211,raw_and_fraction_of_own_steady_state,1
3,emp,qk1,low_debt,1,-0.000886799488788892,-0.000886799488788892,raw_and_fraction_of_own_steady_state,1
4,emp,qk1,low_debt,1,-0.00010751912339324,-0.00010751912339324,raw_and_fraction_of_own_steady_state,1
5,emp,qk1,low_debt,1,0.000246784805698397,0.000246784805698397,raw_and_fraction_of_own_steady_state,1
6,emp,qk1,low_debt,1,0.000374231014563797,0.000374231014563797,raw_and_fraction_of_own_steady_state,1
7,emp,qk1,low_debt,1,0.000387660451320437,0.000387660451320437,raw_and_fraction_of_own_steady_state,1
8,emp,qk1,low_debt,1,0.000349476265202098,0.000349476265202098,raw_and_fraction_of_own_steady_state,1
9,emp,qk1,low_debt,1,0.000292807368199588,0.000292807368199588,raw_and_fraction_of_own_steady_state,1
10,emp,qk1,low_debt,1,0.000234185926329067,0.000234185926329067,raw_and_fraction_of_own_steady_state,1
11,emp,qk1,low_debt,1,0.000181019079032341,0.000181019079032341,raw_and_fraction_of_own_steady_state,1
12,emp,qk1,low_debt,1,0.000135907246010314,0.000135907246010314,raw_and_fraction_of_own_steady_state,1
13,emp,qk1,low_debt,1,9.90794456836586e-05,9.90794456836586e-05,raw_and_fraction_of_own_steady_state,1
14,emp,qk1,low_debt,1,6.97229532931054e-05,6.97229532931054e-05,raw_and_fraction_of_own_steady_state,1
15,emp,qk1,low_debt,1,4.66768206885959e-05,4.66768206885959e-05,raw_and_fraction_of_own_steady_state,1
16,emp,qk1,low_debt,1,2.87687082067833e-05,2.87687082067833e-05,raw_and_fraction_of_own_steady_state,1
17,emp,qk1,low_debt,1,1.49584868409658e-05,1.49584868409658e-05,raw_and_fraction_of_own_steady_state,1
18,emp,qk1,low_debt,1,4.38221218423962e-06,4.38221218423962e-06,raw_and_fraction_of_own_steady_state,1
19,emp,qk1,low_debt,1,-3.65136657043408e-06,-3.65136657043408e-06,raw_and_fraction_of_own_steady_state,1
20,emp,qk1,low_debt,1,-9.68374154763918e-06,-9.68374154763918e-06,raw_and_fraction_of_own_steady_state,1
21,emp,qk1,low_debt,1,-1.41347609651232e-05,-1.41347609651232e-05,raw_and_fraction_of_own_steady_state,1
22,emp,qk1,low_debt,1,-1.73292774567901e-05,-1.73292774567901e-05,raw_and_fraction_of_own_steady_state,1
23,emp,qk1,low_debt,1,-1.95197392985902e-05,-1.95197392985902e-05,raw_and_fraction_of_own_steady_state,1
24,emp,qk1,low_debt,1,-2.09041700898194e-05,-2.09041700898194e-05,raw_and_fraction_of_own_steady_state,1
25,emp,qk1,low_debt,1,-2.16399078626361e-05,-2.16399078626361e-05,raw_and_fraction_of_own_steady_state,1
26,emp,qk1,low_debt,1,-2.185381419606e-05,-2.185381419606e-05,raw_and_fraction_of_own_steady_state,1
27,emp,qk1,low_debt,1,-2.16497137585092e-05,-2.16497137585092e-05,raw_and_fraction_of_own_steady_state,1
28,emp,qk1,low_debt,1,-2.1113746467849e-05,-2.1113746467849e-05,raw_and_fraction_of_own_steady_state,1
29,emp,qk1,low_debt,1,-2.0318192564428e-05,-2.0318192564428e-05,raw_and_fraction_of_own_steady_state,1
30,emp,qk1,low_debt,1,-1.93242064155941e-05,-1.93242064155941e-05,raw_and_fraction_of_own_steady_state,1
31,emp,qk1,low_debt,1,-1.81837854075217e-05,-1.81837854075217e-05,raw_and_fraction_of_own_steady_state,1
32,emp,qk1,low_debt,1,-1.69412112989153e-05,-1.69412112989153e-05,raw_and_fraction_of_own_steady_state,1
33,emp,qk1,low_debt,1,-1.5634132569331e-05,-1.5634132569331e-05,raw_and_fraction_of_own_steady_state,1
34,emp,qk1,low_debt,1,-1.4294404876658e-05,-1.4294404876658e-05,raw_and_fraction_of_own_steady_state,1
35,emp,qk1,low_debt,1,-1.29487693548702e-05,-1.29487693548702e-05,raw_and_fraction_of_own_steady_state,1
36,emp,qk1,low_debt,1,-1.16194219061949e-05,-1.16194219061949e-05,raw_and_fraction_of_own_steady_state,1
37,emp,qk1,low_debt,1,-1.03245081346515e-05,-1.03245081346515e-05,raw_and_fraction_of_own_steady_state,1
38,emp,qk1,low_debt,1,-9.07856591658707e-06,-9.07856591658707e-06,raw_and_fraction_of_own_steady_state,1
39,emp,qk1,low_debt,1,-7.89292914971096e-06,-7.89292914971096e-06,raw_and_fraction_of_own_steady_state,1
40,emp,qk1,low_debt,1,-6.7761006884437e-06,-6.7761006884437e-06,raw_and_fraction_of_own_steady_state,1
1,emp,qk2,high_debt,1,-0.00559358880286609,-0.00559358880286609,raw_and_fraction_of_own_steady_state,1
2,emp,qk2,high_debt,1,-0.00263291910283847,-0.00263291910283847,raw_and_fraction_of_own_steady_state,1
3,emp,qk2,high_debt,1,-0.00101756865769265,-0.00101756865769265,raw_and_fraction_of_own_steady_state,1
4,emp,qk2,high_debt,1,-0.000178450018670895,-0.000178450018670895,raw_and_fraction_of_own_steady_state,1
5,emp,qk2,high_debt,1,0.000223235716025227,0.000223235716025227,raw_and_fraction_of_own_steady_state,1
6,emp,qk2,high_debt,1,0.000385995327572441,0.000385995327572441,raw_and_fraction_of_own_steady_state,1
7,emp,qk2,high_debt,1,0.000423947862025154,0.000423947862025154,raw_and_fraction_of_own_steady_state,1
8,emp,qk2,high_debt,1,0.000401173600700355,0.000401173600700355,raw_and_fraction_of_own_steady_state,1
9,emp,qk2,high_debt,1,0.000352569482690912,0.000352569482690912,raw_and_fraction_of_own_steady_state,1
10,emp,qk2,high_debt,1,0.000296345768076911,0.000296345768076911,raw_and_fraction_of_own_steady_state,1
11,emp,qk2,high_debt,1,0.000241402621486753,0.000241402621486753,raw_and_fraction_of_own_steady_state,1
12,emp,qk2,high_debt,1,0.000191608774347651,0.000191608774347651,raw_and_fraction_of_own_steady_state,1
13,emp,qk2,high_debt,1,0.000148231409308419,0.000148231409308419,raw_and_fraction_of_own_steady_state,1
14,emp,qk2,high_debt,1,0.000111280034738481,0.000111280034738481,raw_and_fraction_of_own_steady_state,1
15,emp,qk2,high_debt,1,8.02242245550033e-05,8.02242245550033e-05,raw_and_fraction_of_own_steady_state,1
16,emp,qk2,high_debt,1,5.43585229979549e-05,5.43585229979549e-05,raw_and_fraction_of_own_steady_state,1
17,emp,qk2,high_debt,1,3.29742445916992e-05,3.29742445916992e-05,raw_and_fraction_of_own_steady_state,1
18,emp,qk2,high_debt,1,1.54296758871908e-05,1.54296758871908e-05,raw_and_fraction_of_own_steady_state,1
19,emp,qk2,high_debt,1,1.16981393571969e-06,1.16981393571969e-06,raw_and_fraction_of_own_steady_state,1
20,emp,qk2,high_debt,1,-1.02766960005107e-05,-1.02766960005107e-05,raw_and_fraction_of_own_steady_state,1
21,emp,qk2,high_debt,1,-1.93091191952321e-05,-1.93091191952321e-05,raw_and_fraction_of_own_steady_state,1
22,emp,qk2,high_debt,1,-2.62677815805468e-05,-2.62677815805468e-05,raw_and_fraction_of_own_steady_state,1
23,emp,qk2,high_debt,1,-3.1445859370649e-05,-3.1445859370649e-05,raw_and_fraction_of_own_steady_state,1
24,emp,qk2,high_debt,1,-3.50988618144088e-05,-3.50988618144088e-05,raw_and_fraction_of_own_steady_state,1
25,emp,qk2,high_debt,1,-3.74517972835386e-05,-3.74517972835386e-05,raw_and_fraction_of_own_steady_state,1
26,emp,qk2,high_debt,1,-3.87043859039204e-05,-3.87043859039204e-05,raw_and_fraction_of_own_steady_state,1
27,emp,qk2,high_debt,1,-3.90347749620323e-05,-3.90347749620323e-05,raw_and_fraction_of_own_steady_state,1
28,emp,qk2,high_debt,1,-3.86021804622549e-05,-3.86021804622549e-05,raw_and_fraction_of_own_steady_state,1
29,emp,qk2,high_debt,1,-3.754879959883e-05,-3.754879959883e-05,raw_and_fraction_of_own_steady_state,1
30,emp,qk2,high_debt,1,-3.60012534089682e-05,-3.60012534089682e-05,raw_and_fraction_of_own_steady_state,1
31,emp,qk2,high_debt,1,-3.40717432056881e-05,-3.40717432056881e-05,raw_and_fraction_of_own_steady_state,1
32,emp,qk2,high_debt,1,-3.18590439388755e-05,-3.18590439388755e-05,raw_and_fraction_of_own_steady_state,1
33,emp,qk2,high_debt,1,-2.94494123965761e-05,-2.94494123965761e-05,raw_and_fraction_of_own_steady_state,1
34,emp,qk2,high_debt,1,-2.69174559687224e-05,-2.69174559687224e-05,raw_and_fraction_of_own_steady_state,1
35,emp,qk2,high_debt,1,-2.43269858062334e-05,-2.43269858062334e-05,raw_and_fraction_of_own_steady_state,1
36,emp,qk2,high_debt,1,-2.17318639916808e-05,-2.17318639916808e-05,raw_and_fraction_of_own_steady_state,1
37,emp,qk2,high_debt,1,-1.91768456291319e-05,-1.91768456291319e-05,raw_and_fraction_of_own_steady_state,1
38,emp,qk2,high_debt,1,-1.66984118485924e-05,-1.66984118485924e-05,raw_and_fraction_of_own_steady_state,1
39,emp,qk2,high_debt,1,-1.43255873422676e-05,-1.43255873422676e-05,raw_and_fraction_of_own_steady_state,1
40,emp,qk2,high_debt,1,-1.20807352962382e-05,-1.20807352962382e-05,raw_and_fraction_of_own_steady_state,1
1,emp,n1,low_debt,0.108259193121186,-0.000430503140434954,-0.00397659661062729,raw_and_fraction_of_own_steady_state,1
2,emp,n1,low_debt,0.108259193121186,-0.000355787838516267,-0.00328644458044311,raw_and_fraction_of_own_steady_state,1
3,emp,n1,low_debt,0.108259193121186,-0.000282989156234051,-0.00261399653992683,raw_and_fraction_of_own_steady_state,1
4,emp,n1,low_debt,0.108259193121186,-0.000220358817930741,-0.00203547441633035,raw_and_fraction_of_own_steady_state,1
5,emp,n1,low_debt,0.108259193121186,-0.000169965899768615,-0.00156999045409801,raw_and_fraction_of_own_steady_state,1
6,emp,n1,low_debt,0.108259193121186,-0.000131041646562816,-0.00121044359176155,raw_and_fraction_of_own_steady_state,1
7,emp,n1,low_debt,0.108259193121186,-0.000101744483979441,-0.000939823039929248,raw_and_fraction_of_own_steady_state,1
8,emp,n1,low_debt,0.108259193121186,-8.00348619269253e-05,-0.000739289289153797,raw_and_fraction_of_own_steady_state,1
9,emp,n1,low_debt,0.108259193121186,-6.40643756287806e-05,-0.000591768456624894,raw_and_fraction_of_own_steady_state,1
10,emp,n1,low_debt,0.108259193121186,-5.231155358279e-05,-0.000483206571881911,raw_and_fraction_of_own_steady_state,1
11,emp,n1,low_debt,0.108259193121186,-4.35944342137701e-05,-0.000402685748497776,raw_and_fraction_of_own_steady_state,1
12,emp,n1,low_debt,0.108259193121186,-3.7030325406362e-05,-0.000342052479228346,raw_and_fraction_of_own_steady_state,1
13,emp,n1,low_debt,0.108259193121186,-3.19789981101382e-05,-0.00029539291018307,raw_and_fraction_of_own_steady_state,1
14,emp,n1,low_debt,0.108259193121186,-2.79865743867819e-05,-0.000258514529620164,raw_and_fraction_of_own_steady_state,1
15,emp,n1,low_debt,0.108259193121186,-2.4737190670962e-05,-0.000228499677096901,raw_and_fraction_of_own_steady_state,1
16,emp,n1,low_debt,0.108259193121186,-2.20143472446227e-05,-0.000203348525053015,raw_and_fraction_of_own_steady_state,1
17,emp,n1,low_debt,0.108259193121186,-1.96714520569602e-05,-0.000181706989400335,raw_and_fraction_of_own_steady_state,1
18,emp,n1,low_debt,0.108259193121186,-1.76101326300748e-05,-0.000162666394625368,raw_and_fraction_of_own_steady_state,1
19,emp,n1,low_debt,0.108259193121186,-1.57646898008429e-05,-0.000145619871590912,raw_and_fraction_of_own_steady_state,1
20,emp,n1,low_debt,0.108259193121186,-1.40911990824527e-05,-0.000130161685822643,raw_and_fraction_of_own_steady_state,1
21,emp,n1,low_debt,0.108259193121186,-1.25600182197538e-05,-0.000116018029117343,raw_and_fraction_of_own_steady_state,1
22,emp,n1,low_debt,0.108259193121186,-1.11507291947338e-05,-0.000103000298388069,raw_and_fraction_of_own_steady_state,1
23,emp,n1,low_debt,0.108259193121186,-9.84878404736156e-06,-9.09741128066303e-05,raw_and_fraction_of_own_steady_state,1
24,emp,n1,low_debt,0.108259193121186,-8.64332124712874e-06,-7.98391434291714e-05,raw_and_fraction_of_own_steady_state,1
25,emp,n1,low_debt,0.108259193121186,-7.52577243584573e-06,-6.95162435528346e-05,raw_and_fraction_of_own_steady_state,1
26,emp,n1,low_debt,0.108259193121186,-6.48899376864964e-06,-5.99394248337489e-05,raw_and_fraction_of_own_steady_state,1
27,emp,n1,low_debt,0.108259193121186,-5.52673924431035e-06,-5.10509923912298e-05,raw_and_fraction_of_own_steady_state,1
28,emp,n1,low_debt,0.108259193121186,-4.63335255289354e-06,-4.27986983766537e-05,raw_and_fraction_of_own_steady_state,1
29,emp,n1,low_debt,0.108259193121186,-3.80359525359308e-06,-3.51341548364887e-05,raw_and_fraction_of_own_steady_state,1
30,emp,n1,low_debt,0.108259193121186,-3.03255745630338e-06,-2.80120086698661e-05,raw_and_fraction_of_own_steady_state,1
31,emp,n1,low_debt,0.108259193121186,-2.31561637729916e-06,-2.13895588036301e-05,raw_and_fraction_of_own_steady_state,1
32,emp,n1,low_debt,0.108259193121186,-1.64842094964313e-06,-1.52266140372751e-05,raw_and_fraction_of_own_steady_state,1
33,emp,n1,low_debt,0.108259193121186,-1.02688909635329e-06,-9.48546785494496e-06,raw_and_fraction_of_own_steady_state,1
34,emp,n1,low_debt,0.108259193121186,-4.47209733842047e-07,-4.13091693138186e-06,raw_and_fraction_of_own_steady_state,1
35,emp,n1,low_debt,0.108259193121186,9.41549499339223e-08,8.69717824596425e-07,raw_and_fraction_of_own_steady_state,1
36,emp,n1,low_debt,0.108259193121186,6.0046922957524e-07,5.54658881396863e-06,raw_and_fraction_of_own_steady_state,1
37,emp,n1,low_debt,0.108259193121186,1.07472655840046e-06,9.92734683693242e-06,raw_and_fraction_of_own_steady_state,1
38,emp,n1,low_debt,0.108259193121186,1.51965546631161e-06,1.4037195572024e-05,raw_and_fraction_of_own_steady_state,1
39,emp,n1,low_debt,0.108259193121186,1.93772841322604e-06,1.78989733560727e-05,raw_and_fraction_of_own_steady_state,1
40,emp,n1,low_debt,0.108259193121186,2.33117316042475e-06,2.15332582223776e-05,raw_and_fraction_of_own_steady_state,1
1,emp,n2,high_debt,0.108259193121186,-0.000460993863513143,-0.00425824218916081,raw_and_fraction_of_own_steady_state,1
2,emp,n2,high_debt,0.108259193121186,-0.000406360945224546,-0.00375359296064273,raw_and_fraction_of_own_steady_state,1
3,emp,n2,high_debt,0.108259193121186,-0.000345783793102281,-0.00319403630429065,raw_and_fraction_of_own_steady_state,1
4,emp,n2,high_debt,0.108259193121186,-0.00028960338448647,-0.00267509276706215,raw_and_fraction_of_own_steady_state,1
5,emp,n2,high_debt,0.108259193121186,-0.000241538305728817,-0.00223111126884566,raw_and_fraction_of_own_steady_state,1
6,emp,n2,high_debt,0.108259193121186,-0.000202085181421091,-0.00186667917610355,raw_and_fraction_of_own_steady_state,1
7,emp,n2,high_debt,0.108259193121186,-0.000170350652103871,-0.00157354444636567,raw_and_fraction_of_own_steady_state,1
8,emp,n2,high_debt,0.108259193121186,-0.000144991341057971,-0.00133929818685852,raw_and_fraction_of_own_steady_state,1
9,emp,n2,high_debt,0.108259193121186,-0.000124660309084132,-0.00115149859785659,raw_and_fraction_of_own_steady_state,1
10,emp,n2,high_debt,0.108259193121186,-0.00010819044203976,-0.000999364940016234,raw_and_fraction_of_own_steady_state,1
11,emp,n2,high_debt,0.108259193121186,-9.46450188138992e-05,-0.000874244635353534,raw_and_fraction_of_own_steady_state,1
12,emp,n2,high_debt,0.108259193121186,-8.33069316691082e-05,-0.000769513694563138,raw_and_fraction_of_own_steady_state,1
13,emp,n2,high_debt,0.108259193121186,-7.36442182611985e-05,-0.000680258333153847,raw_and_fraction_of_own_steady_state,1
14,emp,n2,high_debt,0.108259193121186,-6.52705795459729e-05,-0.000602910271767023,raw_and_fraction_of_own_steady_state,1
15,emp,n2,high_debt,0.108259193121186,-5.79092316946861e-05,-0.000534912833036379,raw_and_fraction_of_own_steady_state,1
16,emp,n2,high_debt,0.108259193121186,-5.13630680873262e-05,-0.000474445325209749,raw_and_fraction_of_own_steady_state,1
17,emp,n2,high_debt,0.108259193121186,-4.54914973862242e-05,-0.00042020909333123,raw_and_fraction_of_own_steady_state,1
18,emp,n2,high_debt,0.108259193121186,-4.01932014986867e-05,-0.000371268252975931,raw_and_fraction_of_own_steady_state,1
19,emp,n2,high_debt,0.108259193121186,-3.53936982149944e-05,-0.000326934805207484,raw_and_fraction_of_own_steady_state,1
20,emp,n2,high_debt,0.108259193121186,-3.10365964821258e-05,-0.000286687860747153,raw_and_fraction_of_own_steady_state,1
21,emp,n2,high_debt,0.108259193121186,-2.70775839067566e-05,-0.000250118101992925,raw_and_fraction_of_own_steady_state,1
22,emp,n2,high_debt,0.108259193121186,-2.34803782707682e-05,-0.000216890386800538,raw_and_fraction_of_own_steady_state,1
23,emp,n2,high_debt,0.108259193121186,-2.02140577645477e-05,-0.000186719087605982,raw_and_fraction_of_own_steady_state,1
24,emp,n2,high_debt,0.108259193121186,-1.72513390746948e-05,-0.000159352185965246,raw_and_fraction_of_own_steady_state,1
25,emp,n2,high_debt,0.108259193121186,-1.45674943520246e-05,-0.00013456126848939,raw_and_fraction_of_own_steady_state,1
26,emp,n2,high_debt,0.108259193121186,-1.21396901629767e-05,-0.000112135420678662,raw_and_fraction_of_own_steady_state,1
27,emp,n2,high_debt,0.108259193121186,-9.94659893699401e-06,-9.18776378266529e-05,raw_and_fraction_of_own_steady_state,1
28,emp,n2,high_debt,0.108259193121186,-7.96818160754553e-06,-7.36028172556754e-05,raw_and_fraction_of_own_steady_state,1
29,emp,n2,high_debt,0.108259193121186,-6.18557393158858e-06,-5.71367082393124e-05,raw_and_fraction_of_own_steady_state,1
30,emp,n2,high_debt,0.108259193121186,-4.58103228459517e-06,-4.23154113061523e-05,raw_and_fraction_of_own_steady_state,1
31,emp,n2,high_debt,0.108259193121186,-3.13791058666191e-06,-2.8985165104171e-05,raw_and_fraction_of_own_steady_state,1
32,emp,n2,high_debt,0.108259193121186,-1.84065066224925e-06,-1.70022573527665e-05,raw_and_fraction_of_own_steady_state,1
33,emp,n2,high_debt,0.108259193121186,-6.74775393061378e-07,-6.23296159528946e-06,raw_and_fraction_of_own_steady_state,1
34,emp,n2,high_debt,0.108259193121186,3.73121363653195e-07,3.44655592653014e-06,raw_and_fraction_of_own_steady_state,1
35,emp,n2,high_debt,0.108259193121186,1.31539115080792e-06,1.21503875364697e-05,raw_and_fraction_of_own_steady_state,1
36,emp,n2,high_debt,0.108259193121186,2.16335477000451e-06,1.9983104507188e-05,raw_and_fraction_of_own_steady_state,1
37,emp,n2,high_debt,0.108259193121186,2.92733366655251e-06,2.70400469665023e-05,raw_and_fraction_of_own_steady_state,1
38,emp,n2,high_debt,0.108259193121186,3.61668821417804e-06,3.34076775367196e-05,raw_and_fraction_of_own_steady_state,1
39,emp,n2,high_debt,0.108259193121186,4.23986191154524e-06,3.91639895819204e-05,raw_and_fraction_of_own_steady_state,1
40,emp,n2,high_debt,0.108259193121186,4.80443033863687e-06,4.43789594224922e-05,raw_and_fraction_of_own_steady_state,1
1,emp,w1,low_debt,4.23366663023501,-0.0281161486719324,-0.00664108705941535,raw_and_fraction_of_own_steady_state,1
2,emp,w1,low_debt,4.23366663023501,-0.0150926753803979,-0.00356491823721135,raw_and_fraction_of_own_steady_state,1
3,emp,w1,low_debt,4.23366663023501,-0.00762900614676365,-0.00180198556312408,raw_and_fraction_of_own_steady_state,1
4,emp,w1,low_debt,4.23366663023501,-0.00347864369536666,-0.00082166216643599,raw_and_fraction_of_own_steady_state,1
5,emp,w1,low_debt,4.23366663023501,-0.00126704893241847,-0.00029927933469531,raw_and_fraction_of_own_steady_state,1
6,emp,w1,low_debt,4.23366663023501,-0.000164444715665901,-3.88421503222546e-05,raw_and_fraction_of_own_steady_state,1
7,emp,w1,low_debt,4.23366663023501,0.000322342127228481,7.61378151332118e-05,raw_and_fraction_of_own_steady_state,1
8,emp,w1,low_debt,4.23366663023501,0.000481006906489334,0.000113614733634007,raw_and_fraction_of_own_steady_state,1
9,emp,w1,low_debt,4.23366663023501,0.000475515677606175,0.000112317695070804,raw_and_fraction_of_own_steady_state,1
10,emp,w1,low_debt,4.23366663023501,0.000396505229503852,9.3655279013275e-05,raw_and_fraction_of_own_steady_state,1
11,emp,w1,low_debt,4.23366663023501,0.000291976715462106,6.89654479114946e-05,raw_and_fraction_of_own_steady_state,1
12,emp,w1,low_debt,4.23366663023501,0.000185730131306627,4.38698054259216e-05,raw_and_fraction_of_own_steady_state,1
13,emp,w1,low_debt,4.23366663023501,8.82578545295942e-05,2.08466708028674e-05,raw_and_fraction_of_own_steady_state,1
14,emp,w1,low_debt,4.23366663023501,3.05691244228967e-06,7.22048453333224e-07,raw_and_fraction_of_own_steady_state,1
15,emp,w1,low_debt,4.23366663023501,-6.98028897350156e-05,-1.64875734987053e-05,raw_and_fraction_of_own_steady_state,1
16,emp,w1,low_debt,4.23366663023501,-0.000131727541112348,-3.11142923185322e-05,raw_and_fraction_of_own_steady_state,1
17,emp,w1,low_debt,4.23366663023501,-0.00018458087649087,-4.35983492825517e-05,raw_and_fraction_of_own_steady_state,1
18,emp,w1,low_debt,4.23366663023501,-0.00023019200122576,-5.43717825068767e-05,raw_and_fraction_of_own_steady_state,1
19,emp,w1,low_debt,4.23366663023501,-0.000270148417295779,-6.3809562936887e-05,raw_and_fraction_of_own_steady_state,1
20,emp,w1,low_debt,4.23366663023501,-0.000305736982284976,-7.22156487479518e-05,raw_and_fraction_of_own_steady_state,1
21,emp,w1,low_debt,4.23366663023501,-0.000337955466939377,-7.98257152620014e-05,raw_and_fraction_of_own_steady_state,1
22,emp,w1,low_debt,4.23366663023501,-0.000367552967485807,-8.68167004130422e-05,raw_and_fraction_of_own_steady_state,1
23,emp,w1,low_debt,4.23366663023501,-0.000395077763196916,-9.33181087937916e-05,raw_and_fraction_of_own_steady_state,1
24,emp,w1,low_debt,4.23366663023501,-0.000420922544371649,-9.94226945895085e-05,raw_and_fraction_of_own_steady_state,1
25,emp,w1,low_debt,4.23366663023501,-0.000445363021219336,-0.000105195581068841,raw_and_fraction_of_own_steady_state,1
26,emp,w1,low_debt,4.23366663023501,-0.000468589014642085,-0.000110681604284954,raw_and_fraction_of_own_steady_state,1
27,emp,w1,low_debt,4.23366663023501,-0.000490728559844555,-0.000115911006393367,raw_and_fraction_of_own_steady_state,1
28,emp,w1,low_debt,4.23366663023501,-0.000511866098714897,-0.000120903732726467,raw_and_fraction_of_own_steady_state,1
29,emp,w1,low_debt,4.23366663023501,-0.000532055937346954,-0.000125672610485493,raw_and_fraction_of_own_steady_state,1
30,emp,w1,low_debt,4.23366663023501,-0.000551332043785102,-0.000130225662986246,raw_and_fraction_of_own_steady_state,1
31,emp,w1,low_debt,4.23366663023501,-0.000569715086426115,-0.000134567772142817,raw_and_fraction_of_own_steady_state,1
32,emp,w1,low_debt,4.23366663023501,-0.000587217429245612,-0.000138701858349441,raw_and_fraction_of_own_steady_state,1
33,emp,w1,low_debt,4.23366663023501,-0.000603846634345651,-0.000142629707788809,raw_and_fraction_of_own_steady_state,1
34,emp,w1,low_debt,4.23366663023501,-0.000619607885019136,-0.000146352544764428,raw_and_fraction_of_own_steady_state,1
35,emp,w1,low_debt,4.23366663023501,-0.000634505634111271,-0.00014987142104669,raw_and_fraction_of_own_steady_state,1
36,emp,w1,low_debt,4.23366663023501,-0.000648544699665798,-0.000153187474666563,raw_and_fraction_of_own_steady_state,1
37,emp,w1,low_debt,4.23366663023501,-0.000661730968046115,-0.000156302095994125,raw_and_fraction_of_own_steady_state,1
38,emp,w1,low_debt,4.23366663023501,-0.000674071819404709,-0.000159217028235237,raw_and_fraction_of_own_steady_state,1
39,emp,w1,low_debt,4.23366663023501,-0.000685576357531303,-0.000161934421722111,raw_and_fraction_of_own_steady_state,1
40,emp,w1,low_debt,4.23366663023501,-0.000696255502604437,-0.000164456855821401,raw_and_fraction_of_own_steady_state,1
1,emp,w2,high_debt,4.23366663023501,-0.0283949583055563,-0.00670694241789653,raw_and_fraction_of_own_steady_state,1
2,emp,w2,high_debt,4.23366663023501,-0.0154848012245488,-0.00365753909718895,raw_and_fraction_of_own_steady_state,1
3,emp,w2,high_debt,4.23366663023501,-0.0080383164096407,-0.00189866541504107,raw_and_fraction_of_own_steady_state,1
4,emp,w2,high_debt,4.23366663023501,-0.00385559509255806,-0.000910698793576016,raw_and_fraction_of_own_steady_state,1
5,emp,w2,high_debt,4.23366663023501,-0.00159184825268976,-0.000375997543434685,raw_and_fraction_of_own_steady_state,1
6,emp,w2,high_debt,4.23366663023501,-0.000435110475506484,-0.000102773910538707,raw_and_fraction_of_own_steady_state,1
7,emp,w2,high_debt,4.23366663023501,9.81079156412434e-05,2.31732737151762e-05,raw_and_fraction_of_own_steady_state,1
8,emp,w2,high_debt,4.23366663023501,0.00029111552174399,6.87620323397617e-05,raw_and_fraction_of_own_steady_state,1
9,emp,w2,high_debt,4.23366663023501,0.00030676374217542,7.24581713601742e-05,raw_and_fraction_of_own_steady_state,1
10,emp,w2,high_debt,4.23366663023501,0.000236450688877454,5.58500962708839e-05,raw_and_fraction_of_own_steady_state,1
11,emp,w2,high_debt,4.23366663023501,0.000129888356423358,3.06798734448649e-05,raw_and_fraction_of_own_steady_state,1
12,emp,w2,high_debt,4.23366663023501,1.29491776741375e-05,3.05862005800364e-06,raw_and_fraction_of_own_steady_state,1
13,emp,w2,high_debt,4.23366663023501,-0.000101792250490895,-2.40435205181105e-05,raw_and_fraction_of_own_steady_state,1
14,emp,w2,high_debt,4.23366663023501,-0.00020893951455303,-4.93519052872219e-05,raw_and_fraction_of_own_steady_state,1
15,emp,w2,high_debt,4.23366663023501,-0.00030679553687385,-7.2465681327587e-05,raw_and_fraction_of_own_steady_state,1
16,emp,w2,high_debt,4.23366663023501,-0.000395436456484433,-9.3402832821176e-05,raw_and_fraction_of_own_steady_state,1
17,emp,w2,high_debt,4.23366663023501,-0.000475681927850857,-0.000112356963690467,raw_and_fraction_of_own_steady_state,1
18,emp,w2,high_debt,4.23366663023501,-0.000548571535623488,-0.000129573625780034,raw_and_fraction_of_own_steady_state,1
19,emp,w2,high_debt,4.23366663023501,-0.000615118980189067,-0.000145292257022826,raw_and_fraction_of_own_steady_state,1
20,emp,w2,high_debt,4.23366663023501,-0.000676213011460369,-0.000159722781815448,raw_and_fraction_of_own_steady_state,1
21,emp,w2,high_debt,4.23366663023501,-0.000732591709343033,-0.000173039536016176,raw_and_fraction_of_own_steady_state,1
22,emp,w2,high_debt,4.23366663023501,-0.000784850239857526,-0.000185383098955517,raw_and_fraction_of_own_steady_state,1
23,emp,w2,high_debt,4.23366663023501,-0.000833461326489093,-0.000196865128807468,raw_and_fraction_of_own_steady_state,1
24,emp,w2,high_debt,4.23366663023501,-0.000878798289049243,-0.000207573804411818,raw_and_fraction_of_own_steady_state,1
25,emp,w2,high_debt,4.23366663023501,-0.000921156198206319,-0.000217578822013954,raw_and_fraction_of_own_steady_state,1
26,emp,w2,high_debt,4.23366663023501,-0.000960769607750933,-0.000226935583659217,raw_and_fraction_of_own_steady_state,1
27,emp,w2,high_debt,4.23366663023501,-0.000997826710596783,-0.000235688540866855,raw_and_fraction_of_own_steady_state,1
28,emp,w2,high_debt,4.23366663023501,-0.00103248033855241,-0.000243873792796741,raw_and_fraction_of_own_steady_state,1
29,emp,w2,high_debt,4.23366663023501,-0.00106485639427234,-0.000251521077892056,raw_and_fraction_of_own_steady_state,1
30,emp,w2,high_debt,4.23366663023501,-0.00109506028640727,-0.000258655293873831,raw_and_fraction_of_own_steady_state,1
31,emp,w2,high_debt,4.23366663023501,-0.00112318185049176,-0.000265297660063852,raw_and_fraction_of_own_steady_state,1
32,emp,w2,high_debt,4.23366663023501,-0.00114929913455342,-0.000271466611552648,raw_and_fraction_of_own_steady_state,1
33,emp,w2,high_debt,4.23366663023501,-0.0011734813341997,-0.000277178492472507,raw_and_fraction_of_own_steady_state,1
34,emp,w2,high_debt,4.23366663023501,-0.00119579108546564,-0.000282448097572401,raw_and_fraction_of_own_steady_state,1
35,emp,w2,high_debt,4.23366663023501,-0.00121628626557246,-0.000287289097560558,raw_and_fraction_of_own_steady_state,1
36,emp,w2,high_debt,4.23366663023501,-0.00123502140951182,-0.000291714373704304,raw_and_fraction_of_own_steady_state,1
37,emp,w2,high_debt,4.23366663023501,-0.00125204882060981,-0.000295736280147383,raw_and_fraction_of_own_steady_state,1
38,emp,w2,high_debt,4.23366663023501,-0.00126741943275821,-0.000299366847570579,raw_and_fraction_of_own_steady_state,1
39,emp,w2,high_debt,4.23366663023501,-0.00128118346809813,-0.000302617938537833,raw_and_fraction_of_own_steady_state,1
40,emp,w2,high_debt,4.23366663023501,-0.00129339092450653,-0.000305501362641474,raw_and_fraction_of_own_steady_state,1
1,emp,rk1,low_debt,0.0351010101010102,-0.000372691421751496,-0.0106176836700426,raw_and_fraction_of_own_steady_state,1
2,emp,rk1,low_debt,0.0351010101010102,-0.000238151566123154,-0.0067847496535805,raw_and_fraction_of_own_steady_state,1
3,emp,rk1,low_debt,0.0351010101010102,-0.000149909626999428,-0.00427080663969593,raw_and_fraction_of_own_steady_state,1
4,emp,rk1,low_debt,0.0351010101010102,-9.28831515592185e-05,-0.00264616748326982,raw_and_fraction_of_own_steady_state,1
5,emp,rk1,low_debt,0.0351010101010102,-5.66538449181947e-05,-0.00161402320774137,raw_and_fraction_of_own_steady_state,1
6,emp,rk1,low_debt,0.0351010101010102,-3.41191190955173e-05,-0.000972026702289556,raw_and_fraction_of_own_steady_state,1
7,emp,rk1,low_debt,0.0351010101010102,-2.04934813474097e-05,-0.000583843065724766,raw_and_fraction_of_own_steady_state,1
8,emp,rk1,low_debt,0.0351010101010102,-1.25873439927038e-05,-0.000358603469144654,raw_and_fraction_of_own_steady_state,1
9,emp,rk1,low_debt,0.0351010101010102,-8.29646644468635e-06,-0.000236359763460129,raw_and_fraction_of_own_steady_state,1
10,emp,rk1,low_debt,0.0351010101010102,-6.24641981656487e-06,-0.000177955557364006,raw_and_fraction_of_own_steady_state,1
11,emp,rk1,low_debt,0.0351010101010102,-5.54846717234353e-06,-0.000158071438866765,raw_and_fraction_of_own_steady_state,1
12,emp,rk1,low_debt,0.0351010101010102,-5.63400737322445e-06,-0.000160508411496178,raw_and_fraction_of_own_steady_state,1
13,emp,rk1,low_debt,0.0351010101010102,-6.14354351687052e-06,-0.000175024692998613,raw_and_fraction_of_own_steady_state,1
14,emp,rk1,low_debt,0.0351010101010102,-6.8529773873463e-06,-0.000195235902545981,raw_and_fraction_of_own_steady_state,1
15,emp,rk1,low_debt,0.0351010101010102,-7.62514756586646e-06,-0.000217234419862095,raw_and_fraction_of_own_steady_state,1
16,emp,rk1,low_debt,0.0351010101010102,-8.37825227269912e-06,-0.000238689776977615,raw_and_fraction_of_own_steady_state,1
17,emp,rk1,low_debt,0.0351010101010102,-9.06545051177626e-06,-0.000258267510982978,raw_and_fraction_of_own_steady_state,1
18,emp,rk1,low_debt,0.0351010101010102,-9.66179200161121e-06,-0.000275256808103456,raw_and_fraction_of_own_steady_state,1
19,emp,rk1,low_debt,0.0351010101010102,-1.01559072536797e-05,-0.000289333760608429,raw_and_fraction_of_own_steady_state,1
20,emp,rk1,low_debt,0.0351010101010102,-1.05447613502341e-05,-0.000300411906092999,raw_and_fraction_of_own_steady_state,1
21,emp,rk1,low_debt,0.0351010101010102,-1.08303620130201e-05,-0.00030854844296086,raw_and_fraction_of_own_steady_state,1
22,emp,rk1,low_debt,0.0351010101010102,-1.10177034499809e-05,-0.000313885652244059,raw_and_fraction_of_own_steady_state,1
23,emp,rk1,low_debt,0.0351010101010102,-1.11134851217415e-05,-0.000316614396274073,raw_and_fraction_of_own_steady_state,1
24,emp,rk1,low_debt,0.0351010101010102,-1.1125312731057e-05,-0.000316951355503495,raw_and_fraction_of_own_steady_state,1
25,emp,rk1,low_debt,0.0351010101010102,-1.10611974171171e-05,-0.000315124760948083,raw_and_fraction_of_own_steady_state,1
26,emp,rk1,low_debt,0.0351010101010102,-1.09292386723039e-05,-0.000311365360736141,raw_and_fraction_of_own_steady_state,1
27,emp,rk1,low_debt,0.0351010101010102,-1.07374205256736e-05,-0.000305900613537174,raw_and_fraction_of_own_steady_state,1
28,emp,rk1,low_debt,0.0351010101010102,-1.04934781018709e-05,-0.000298950886930998,raw_and_fraction_of_own_steady_state,1
29,emp,rk1,low_debt,0.0351010101010102,-1.02048087112991e-05,-0.000290726924437009,raw_and_fraction_of_own_steady_state,1
30,emp,rk1,low_debt,0.0351010101010102,-9.87841202614026e-06,-0.000281428141176369,raw_and_fraction_of_own_steady_state,1
31,emp,rk1,low_debt,0.0351010101010102,-9.52085014225418e-06,-0.000271241486067097,raw_and_fraction_of_own_steady_state,1
32,emp,rk1,low_debt,0.0351010101010102,-9.13822201117909e-06,-0.000260340713412008,raw_and_fraction_of_own_steady_state,1
33,emp,rk1,low_debt,0.0351010101010102,-8.73614885548574e-06,-0.000248885967393694,raw_and_fraction_of_own_steady_state,1
34,emp,rk1,low_debt,0.0351010101010102,-8.31976838333581e-06,-0.000237023617251869,raw_and_fraction_of_own_steady_state,1
35,emp,rk1,low_debt,0.0351010101010102,-7.89373628003881e-06,-0.000224886299776645,raw_and_fraction_of_own_steady_state,1
36,emp,rk1,low_debt,0.0351010101010102,-7.46223381249689e-06,-0.000212593135953148,raw_and_fraction_of_own_steady_state,1
37,emp,rk1,low_debt,0.0351010101010102,-7.02898057422519e-06,-0.000200250094057062,raw_and_fraction_of_own_steady_state,1
38,emp,rk1,low_debt,0.0351010101010102,-6.59725150740226e-06,-0.000187950474599373,raw_and_fraction_of_own_steady_state,1
39,emp,rk1,low_debt,0.0351010101010102,-6.16989740783586e-06,-0.000175775494496618,raw_and_fraction_of_own_steady_state,1
40,emp,rk1,low_debt,0.0351010101010102,-5.74936817438615e-06,-0.000163794949428555,raw_and_fraction_of_own_steady_state,1
1,emp,rk2,high_debt,0.0351010101010102,-0.00038488905565176,-0.0109651846070573,raw_and_fraction_of_own_steady_state,1
2,emp,rk2,high_debt,0.0351010101010102,-0.000257661547881656,-0.0073405735943263,raw_and_fraction_of_own_steady_state,1
3,emp,rk2,high_debt,0.0351010101010102,-0.000173349092958387,-0.00493857847564901,raw_and_fraction_of_own_steady_state,1
4,emp,rk2,high_debt,0.0351010101010102,-0.000118004974060282,-0.00336186832574615,raw_and_fraction_of_own_steady_state,1
5,emp,rk2,high_debt,0.0351010101010102,-8.20381742739282e-05,-0.00233720266276802,raw_and_fraction_of_own_steady_state,1
6,emp,rk2,high_debt,0.0351010101010102,-5.89279670599671e-05,-0.00167881114789546,raw_and_fraction_of_own_steady_state,1
7,emp,rk2,high_debt,0.0351010101010102,-4.42833604670304e-05,-0.00126159789531971,raw_and_fraction_of_own_steady_state,1
8,emp,rk2,high_debt,0.0351010101010102,-3.51710375554315e-05,-0.00100199502675905,raw_and_fraction_of_own_steady_state,1
9,emp,rk2,high_debt,0.0351010101010102,-2.96441898461619e-05,-0.000844539509286338,raw_and_fraction_of_own_steady_state,1
10,emp,rk2,high_debt,0.0351010101010102,-2.6417347429003e-05,-0.000752609322437783,raw_and_fraction_of_own_steady_state,1
11,emp,rk2,high_debt,0.0351010101010102,-2.46449368389162e-05,-0.000702114747353295,raw_and_fraction_of_own_steady_state,1
12,emp,rk2,high_debt,0.0351010101010102,-2.37721936710497e-05,-0.000677250985160839,raw_and_fraction_of_own_steady_state,1
13,emp,rk2,high_debt,0.0351010101010102,-2.34357724928913e-05,-0.000667666612027693,raw_and_fraction_of_own_steady_state,1
14,emp,rk2,high_debt,0.0351010101010102,-2.33980400865322e-05,-0.0006665916456307,raw_and_fraction_of_own_steady_state,1
15,emp,rk2,high_debt,0.0351010101010102,-2.35039327463188e-05,-0.000669608443708074,raw_and_fraction_of_own_steady_state,1
16,emp,rk2,high_debt,0.0351010101010102,-2.36527729046906e-05,-0.000673848782032912,raw_and_fraction_of_own_steady_state,1
17,emp,rk2,high_debt,0.0351010101010102,-2.37799125280685e-05,-0.000677470889288858,raw_and_fraction_of_own_steady_state,1
18,emp,rk2,high_debt,0.0351010101010102,-2.38447801268055e-05,-0.000679318915842802,raw_and_fraction_of_own_steady_state,1
19,emp,rk2,high_debt,0.0351010101010102,-2.3823072869994e-05,-0.000678700493274647,raw_and_fraction_of_own_steady_state,1
20,emp,rk2,high_debt,0.0351010101010102,-2.37016184571961e-05,-0.00067524035316904,raw_and_fraction_of_own_steady_state,1
21,emp,rk2,high_debt,0.0351010101010102,-2.34749517930358e-05,-0.000668782799283608,raw_and_fraction_of_own_steady_state,1
22,emp,rk2,high_debt,0.0351010101010102,-2.31429934950123e-05,-0.000659325570073729,raw_and_fraction_of_own_steady_state,1
23,emp,rk2,high_debt,0.0351010101010102,-2.2709439669033e-05,-0.000646973964671732,raw_and_fraction_of_own_steady_state,1
24,emp,rk2,high_debt,0.0351010101010102,-2.21806155848298e-05,-0.000631908185006659,raw_and_fraction_of_own_steady_state,1
25,emp,rk2,high_debt,0.0351010101010102,-2.15646371985803e-05,-0.000614359448247323,raw_and_fraction_of_own_steady_state,1
26,emp,rk2,high_debt,0.0351010101010102,-2.08707821620704e-05,-0.000594592067351071,raw_and_fraction_of_own_steady_state,1
27,emp,rk2,high_debt,0.0351010101010102,-2.01090080862512e-05,-0.000572889726773774,raw_and_fraction_of_own_steady_state,1
28,emp,rk2,high_debt,0.0351010101010102,-1.92895782689592e-05,-0.000549544819748765,raw_and_fraction_of_own_steady_state,1
29,emp,rk2,high_debt,0.0351010101010102,-1.84227689424069e-05,-0.000524850107999504,raw_and_fraction_of_own_steady_state,1
30,emp,rk2,high_debt,0.0351010101010102,-1.75186406000324e-05,-0.000499092207022506,raw_and_fraction_of_own_steady_state,1
31,emp,rk2,high_debt,0.0351010101010102,-1.65868611826797e-05,-0.000472546548801522,raw_and_fraction_of_own_steady_state,1
32,emp,rk2,high_debt,0.0351010101010102,-1.56365721295307e-05,-0.000445473565704614,raw_and_fraction_of_own_steady_state,1
33,emp,rk2,high_debt,0.0351010101010102,-1.46762903249775e-05,-0.000418115897028136,raw_and_fraction_of_own_steady_state,1
34,emp,rk2,high_debt,0.0351010101010102,-1.37138402862766e-05,-0.000390696457076656,raw_and_fraction_of_own_steady_state,1
35,emp,rk2,high_debt,0.0351010101010102,-1.27563118306265e-05,-0.000363417229131516,raw_and_fraction_of_own_steady_state,1
36,emp,rk2,high_debt,0.0351010101010102,-1.18100391085715e-05,-0.000336458668129088,raw_and_fraction_of_own_steady_state,1
37,emp,rk2,high_debt,0.0351010101010102,-1.08805973947773e-05,-0.000309979609232504,raw_and_fraction_of_own_steady_state,1
38,emp,rk2,high_debt,0.0351010101010102,-9.97281444505005e-06,-0.000284117591384159,raw_and_fraction_of_own_steady_state,1
39,emp,rk2,high_debt,0.0351010101010102,-9.09079359237563e-06,-0.000258989515293579,raw_and_fraction_of_own_steady_state,1
40,emp,rk2,high_debt,0.0351010101010102,-8.23794608228318e-06,-0.00023469256464634,raw_and_fraction_of_own_steady_state,1
1,emp,pinf_gap_2_minus_1,high_minus_low,0,-7.49674307854997e-05,-7.49674307854997e-05,high_minus_low_fraction_of_own_steady_state,1
2,emp,pinf_gap_2_minus_1,high_minus_low,0,-6.59858993367068e-05,-6.59858993367068e-05,high_minus_low_fraction_of_own_steady_state,1
3,emp,pinf_gap_2_minus_1,high_minus_low,0,-5.2386700142848e-05,-5.2386700142848e-05,high_minus_low_fraction_of_own_steady_state,1
4,emp,pinf_gap_2_minus_1,high_minus_low,0,-3.74325179610668e-05,-3.74325179610668e-05,high_minus_low_fraction_of_own_steady_state,1
5,emp,pinf_gap_2_minus_1,high_minus_low,0,-2.3069650408658e-05,-2.3069650408658e-05,high_minus_low_fraction_of_own_steady_state,1
6,emp,pinf_gap_2_minus_1,high_minus_low,0,-1.03438333203254e-05,-1.03438333203254e-05,high_minus_low_fraction_of_own_steady_state,1
7,emp,pinf_gap_2_minus_1,high_minus_low,0,2.89870154324134e-07,2.89870154324134e-07,high_minus_low_fraction_of_own_steady_state,1
8,emp,pinf_gap_2_minus_1,high_minus_low,0,8.74441424203454e-06,8.74441424203454e-06,high_minus_low_fraction_of_own_steady_state,1
9,emp,pinf_gap_2_minus_1,high_minus_low,0,1.51462006527936e-05,1.51462006527936e-05,high_minus_low_fraction_of_own_steady_state,1
10,emp,pinf_gap_2_minus_1,high_minus_low,0,1.9731545580548e-05,1.9731545580548e-05,high_minus_low_fraction_of_own_steady_state,1
11,emp,pinf_gap_2_minus_1,high_minus_low,0,2.27801323635646e-05,2.27801323635646e-05,high_minus_low_fraction_of_own_steady_state,1
12,emp,pinf_gap_2_minus_1,high_minus_low,0,2.4574446661596e-05,2.4574446661596e-05,high_minus_low_fraction_of_own_steady_state,1
13,emp,pinf_gap_2_minus_1,high_minus_low,0,2.53769021349992e-05,2.53769021349992e-05,high_minus_low_fraction_of_own_steady_state,1
14,emp,pinf_gap_2_minus_1,high_minus_low,0,2.54186028316727e-05,2.54186028316727e-05,high_minus_low_fraction_of_own_steady_state,1
15,emp,pinf_gap_2_minus_1,high_minus_low,0,2.48954471921969e-05,2.48954471921969e-05,high_minus_low_fraction_of_own_steady_state,1
16,emp,pinf_gap_2_minus_1,high_minus_low,0,2.39686105649728e-05,2.39686105649728e-05,high_minus_low_fraction_of_own_steady_state,1
17,emp,pinf_gap_2_minus_1,high_minus_low,0,2.27674220181218e-05,2.27674220181218e-05,high_minus_low_fraction_of_own_steady_state,1
18,emp,pinf_gap_2_minus_1,high_minus_low,0,2.13933516552967e-05,2.13933516552967e-05,high_minus_low_fraction_of_own_steady_state,1
19,emp,pinf_gap_2_minus_1,high_minus_low,0,1.99243131797644e-05,1.99243131797644e-05,high_minus_low_fraction_of_own_steady_state,1
20,emp,pinf_gap_2_minus_1,high_minus_low,0,1.84188183276479e-05,1.84188183276479e-05,high_minus_low_fraction_of_own_steady_state,1
21,emp,pinf_gap_2_minus_1,high_minus_low,0,1.69197387109854e-05,1.69197387109854e-05,high_minus_low_fraction_of_own_steady_state,1
22,emp,pinf_gap_2_minus_1,high_minus_low,0,1.54575700199722e-05,1.54575700199722e-05,high_minus_low_fraction_of_own_steady_state,1
23,emp,pinf_gap_2_minus_1,high_minus_low,0,1.40531782777398e-05,1.40531782777398e-05,high_minus_low_fraction_of_own_steady_state,1
24,emp,pinf_gap_2_minus_1,high_minus_low,0,1.27200559405516e-05,1.27200559405516e-05,high_minus_low_fraction_of_own_steady_state,1
25,emp,pinf_gap_2_minus_1,high_minus_low,0,1.14661399226446e-05,1.14661399226446e-05,high_minus_low_fraction_of_own_steady_state,1
26,emp,pinf_gap_2_minus_1,high_minus_low,0,1.02952529750233e-05,1.02952529750233e-05,high_minus_low_fraction_of_own_steady_state,1
27,emp,pinf_gap_2_minus_1,high_minus_low,0,9.20823030403639e-06,9.20823030403639e-06,high_minus_low_fraction_of_own_steady_state,1
28,emp,pinf_gap_2_minus_1,high_minus_low,0,8.20378887489426e-06,8.20378887489426e-06,high_minus_low_fraction_of_own_steady_state,1
29,emp,pinf_gap_2_minus_1,high_minus_low,0,7.27919007426081e-06,7.27919007426081e-06,high_minus_low_fraction_of_own_steady_state,1
30,emp,pinf_gap_2_minus_1,high_minus_low,0,6.43073886408274e-06,6.43073886408274e-06,high_minus_low_fraction_of_own_steady_state,1
31,emp,pinf_gap_2_minus_1,high_minus_low,0,5.65415520137336e-06,5.65415520137336e-06,high_minus_low_fraction_of_own_steady_state,1
32,emp,pinf_gap_2_minus_1,high_minus_low,0,4.94484677471263e-06,4.94484677471263e-06,high_minus_low_fraction_of_own_steady_state,1
33,emp,pinf_gap_2_minus_1,high_minus_low,0,4.29810626823013e-06,4.29810626823013e-06,high_minus_low_fraction_of_own_steady_state,1
34,emp,pinf_gap_2_minus_1,high_minus_low,0,3.70925142334499e-06,3.70925142334499e-06,high_minus_low_fraction_of_own_steady_state,1
35,emp,pinf_gap_2_minus_1,high_minus_low,0,3.17372213287648e-06,3.17372213287648e-06,high_minus_low_fraction_of_own_steady_state,1
36,emp,pinf_gap_2_minus_1,high_minus_low,0,2.68714551476812e-06,2.68714551476812e-06,high_minus_low_fraction_of_own_steady_state,1
37,emp,pinf_gap_2_minus_1,high_minus_low,0,2.24537733362062e-06,2.24537733362062e-06,high_minus_low_fraction_of_own_steady_state,1
38,emp,pinf_gap_2_minus_1,high_minus_low,0,1.84452609985897e-06,1.84452609985897e-06,high_minus_low_fraction_of_own_steady_state,1
39,emp,pinf_gap_2_minus_1,high_minus_low,0,1.48096461116687e-06,1.48096461116687e-06,high_minus_low_fraction_of_own_steady_state,1
40,emp,pinf_gap_2_minus_1,high_minus_low,0,1.1513324913448e-06,1.1513324913448e-06,high_minus_low_fraction_of_own_steady_state,1
1,emp,rb_gap_2_minus_1,high_minus_low,0,0,0,high_minus_low_fraction_of_own_steady_state,1
2,emp,rb_gap_2_minus_1,high_minus_low,0,0,0,high_minus_low_fraction_of_own_steady_state,1
3,emp,rb_gap_2_minus_1,high_minus_low,0,0,0,high_minus_low_fraction_of_own_steady_state,1
4,emp,rb_gap_2_minus_1,high_minus_low,0,0,0,high_minus_low_fraction_of_own_steady_state,1
5,emp,rb_gap_2_minus_1,high_minus_low,0,0,0,high_minus_low_fraction_of_own_steady_state,1
6,emp,rb_gap_2_minus_1,high_minus_low,0,0,0,high_minus_low_fraction_of_own_steady_state,1
7,emp,rb_gap_2_minus_1,high_minus_low,0,0,0,high_minus_low_fraction_of_own_steady_state,1
8,emp,rb_gap_2_minus_1,high_minus_low,0,0,0,high_minus_low_fraction_of_own_steady_state,1
9,emp,rb_gap_2_minus_1,high_minus_low,0,0,0,high_minus_low_fraction_of_own_steady_state,1
10,emp,rb_gap_2_minus_1,high_minus_low,0,0,0,high_minus_low_fraction_of_own_steady_state,1
11,emp,rb_gap_2_minus_1,high_minus_low,0,0,0,high_minus_low_fraction_of_own_steady_state,1
12,emp,rb_gap_2_minus_1,high_minus_low,0,0,0,high_minus_low_fraction_of_own_steady_state,1
13,emp,rb_gap_2_minus_1,high_minus_low,0,0,0,high_minus_low_fraction_of_own_steady_state,1
14,emp,rb_gap_2_minus_1,high_minus_low,0,0,0,high_minus_low_fraction_of_own_steady_state,1
15,emp,rb_gap_2_minus_1,high_minus_low,0,0,0,high_minus_low_fraction_of_own_steady_state,1
16,emp,rb_gap_2_minus_1,high_minus_low,0,0,0,high_minus_low_fraction_of_own_steady_state,1
17,emp,rb_gap_2_minus_1,high_minus_low,0,0,0,high_minus_low_fraction_of_own_steady_state,1
18,emp,rb_gap_2_minus_1,high_minus_low,0,0,0,high_minus_low_fraction_of_own_steady_state,1
19,emp,rb_gap_2_minus_1,high_minus_low,0,0,0,high_minus_low_fraction_of_own_steady_state,1
20,emp,rb_gap_2_minus_1,high_minus_low,0,0,0,high_minus_low_fraction_of_own_steady_state,1
21,emp,rb_gap_2_minus_1,high_minus_low,0,0,0,high_minus_low_fraction_of_own_steady_state,1
22,emp,rb_gap_2_minus_1,high_minus_low,0,0,0,high_minus_low_fraction_of_own_steady_state,1
23,emp,rb_gap_2_minus_1,high_minus_low,0,0,0,high_minus_low_fraction_of_own_steady_state,1
24,emp,rb_gap_2_minus_1,high_minus_low,0,0,0,high_minus_low_fraction_of_own_steady_state,1
25,emp,rb_gap_2_minus_1,high_minus_low,0,0,0,high_minus_low_fraction_of_own_steady_state,1
26,emp,rb_gap_2_minus_1,high_minus_low,0,0,0,high_minus_low_fraction_of_own_steady_state,1
27,emp,rb_gap_2_minus_1,high_minus_low,0,0,0,high_minus_low_fraction_of_own_steady_state,1
28,emp,rb_gap_2_minus_1,high_minus_low,0,0,0,high_minus_low_fraction_of_own_steady_state,1
29,emp,rb_gap_2_minus_1,high_minus_low,0,0,0,high_minus_low_fraction_of_own_steady_state,1
30,emp,rb_gap_2_minus_1,high_minus_low,0,0,0,high_minus_low_fraction_of_own_steady_state,1
31,emp,rb_gap_2_minus_1,high_minus_low,0,-2.22044604925031e-16,-2.19828766735014e-16,high_minus_low_fraction_of_own_steady_state,1
32,emp,rb_gap_2_minus_1,high_minus_low,0,0,0,high_minus_low_fraction_of_own_steady_state,1
33,emp,rb_gap_2_minus_1,high_minus_low,0,0,0,high_minus_low_fraction_of_own_steady_state,1
34,emp,rb_gap_2_minus_1,high_minus_low,0,0,0,high_minus_low_fraction_of_own_steady_state,1
35,emp,rb_gap_2_minus_1,high_minus_low,0,0,0,high_minus_low_fraction_of_own_steady_state,1
36,emp,rb_gap_2_minus_1,high_minus_low,0,0,0,high_minus_low_fraction_of_own_steady_state,1
37,emp,rb_gap_2_minus_1,high_minus_low,0,0,0,high_minus_low_fraction_of_own_steady_state,1
38,emp,rb_gap_2_minus_1,high_minus_low,0,0,0,high_minus_low_fraction_of_own_steady_state,1
39,emp,rb_gap_2_minus_1,high_minus_low,0,0,0,high_minus_low_fraction_of_own_steady_state,1
40,emp,rb_gap_2_minus_1,high_minus_low,0,0,0,high_minus_low_fraction_of_own_steady_state,1
1,emp,dann_gap_2_minus_1,high_minus_low,0.6,0.00250429107753691,0.0002144403283178,high_minus_low_fraction_of_own_steady_state,1
2,emp,dann_gap_2_minus_1,high_minus_low,0.6,0.00404218147478325,0.000386890945698076,high_minus_low_fraction_of_own_steady_state,1
3,emp,dann_gap_2_minus_1,high_minus_low,0.6,0.00472142432131167,0.000515431962436447,high_minus_low_fraction_of_own_steady_state,1
4,emp,dann_gap_2_minus_1,high_minus_low,0.6,0.00491276010839803,0.000603198658506998,high_minus_low_fraction_of_own_steady_state,1
5,emp,dann_gap_2_minus_1,high_minus_low,0.6,0.00483373748084376,0.000655722651450502,high_minus_low_fraction_of_own_steady_state,1
6,emp,dann_gap_2_minus_1,high_minus_low,0.6,0.00461048345732201,0.000679333950063282,high_minus_low_fraction_of_own_steady_state,1
7,emp,dann_gap_2_minus_1,high_minus_low,0.6,0.00431525000096178,0.000680251887225425,high_minus_low_fraction_of_own_steady_state,1
8,emp,dann_gap_2_minus_1,high_minus_low,0.6,0.00398896053934894,0.000664112759708291,high_minus_low_fraction_of_own_steady_state,1
9,emp,dann_gap_2_minus_1,high_minus_low,0.6,0.00365456971380745,0.000635765927299164,high_minus_low_fraction_of_own_steady_state,1
10,emp,dann_gap_2_minus_1,high_minus_low,0.6,0.00332486350195077,0.000599228084733811,high_minus_low_fraction_of_own_steady_state,1
11,emp,dann_gap_2_minus_1,high_minus_low,0.6,0.00300693889735987,0.000557724898350348,high_minus_low_fraction_of_own_steady_state,1
12,emp,dann_gap_2_minus_1,high_minus_low,0.6,0.00270472976093605,0.000513775702253805,high_minus_low_fraction_of_own_steady_state,1
13,emp,dann_gap_2_minus_1,high_minus_low,0.6,0.00242040249999459,0.000469294460735875,high_minus_low_fraction_of_own_steady_state,1
14,emp,dann_gap_2_minus_1,high_minus_low,0.6,0.00215511103664739,0.000425691565539094,high_minus_low_fraction_of_own_steady_state,1
15,emp,dann_gap_2_minus_1,high_minus_low,0.6,0.00190939724498129,0.000383968247042787,high_minus_low_fraction_of_own_steady_state,1
16,emp,dann_gap_2_minus_1,high_minus_low,0.6,0.00168340099483771,0.00034479982673899,high_minus_low_fraction_of_own_steady_state,1
17,emp,dann_gap_2_minus_1,high_minus_low,0.6,0.00147697175418499,0.0003086066784527,high_minus_low_fraction_of_own_steady_state,1
18,emp,dann_gap_2_minus_1,high_minus_low,0.6,0.0012897317415751,0.000275613244722084,high_minus_low_fraction_of_own_steady_state,1
19,emp,dann_gap_2_minus_1,high_minus_low,0.6,0.00112111673633863,0.000245896205938456,high_minus_low_fraction_of_own_steady_state,1
20,emp,dann_gap_2_minus_1,high_minus_low,0.6,0.000970407413928398,0.000219423209075031,high_minus_low_fraction_of_own_steady_state,1
21,emp,dann_gap_2_minus_1,high_minus_low,0.6,0.000836756986192566,0.000196083615610909,high_minus_low_fraction_of_own_steady_state,1
22,emp,dann_gap_2_minus_1,high_minus_low,0.6,0.000719217315869825,0.000175712642357134,high_minus_low_fraction_of_own_steady_state,1
23,emp,dann_gap_2_minus_1,high_minus_low,0.6,0.00061676397320759,0.000158110117176286,high_minus_low_fraction_of_own_steady_state,1
24,emp,dann_gap_2_minus_1,high_minus_low,0.6,0.000528320009038741,0.00014305489752256,high_minus_low_fraction_of_own_steady_state,1
25,emp,dann_gap_2_minus_1,high_minus_low,0.6,0.000452778027148437,0.000130315827790023,high_minus_low_fraction_of_own_steady_state,1
26,emp,dann_gap_2_minus_1,high_minus_low,0.6,0.00038902017435033,0.000119659954334134,high_minus_low_fraction_of_own_steady_state,1
27,emp,dann_gap_2_minus_1,high_minus_low,0.6,0.000335935786176966,0.000110858580110618,high_minus_low_fraction_of_own_steady_state,1
28,emp,dann_gap_2_minus_1,high_minus_low,0.6,0.000292436559677034,0.000103691625348179,high_minus_low_fraction_of_own_steady_state,1
29,emp,dann_gap_2_minus_1,high_minus_low,0.6,0.000257469242214481,9.79506654059104e-05,high_minus_low_fraction_of_own_steady_state,1
30,emp,dann_gap_2_minus_1,high_minus_low,0.6,0.000230025916366394,9.34409397706226e-05,high_minus_low_fraction_of_own_steady_state,1
31,emp,dann_gap_2_minus_1,high_minus_low,0.6,0.00020915202558397,8.99825643415342e-05,high_minus_low_fraction_of_own_steady_state,1
32,emp,dann_gap_2_minus_1,high_minus_low,0.6,0.000193952326830282,8.74111301528147e-05,high_minus_low_fraction_of_own_steady_state,1
33,emp,dann_gap_2_minus_1,high_minus_low,0.6,0.000183594979642321,8.55778330735302e-05,high_minus_low_fraction_of_own_steady_state,1
34,emp,dann_gap_2_minus_1,high_minus_low,0.6,0.000177313990551653,8.43492487260233e-05,high_minus_low_fraction_of_own_steady_state,1
35,emp,dann_gap_2_minus_1,high_minus_low,0.6,0.00017441023137027,8.36068431016856e-05,high_minus_low_fraction_of_own_steady_state,1
36,emp,dann_gap_2_minus_1,high_minus_low,0.6,0.000174251242606172,8.32462907228715e-05,high_minus_low_fraction_of_own_steady_state,1
37,emp,dann_gap_2_minus_1,high_minus_low,0.6,0.000176270021521596,8.31766575331294e-05,high_minus_low_fraction_of_own_steady_state,1
38,emp,dann_gap_2_minus_1,high_minus_low,0.6,0.000179962979806769,8.33194940853821e-05,high_minus_low_fraction_of_own_steady_state,1
39,emp,dann_gap_2_minus_1,high_minus_low,0.6,0.000184887239782328,8.36078753733427e-05,high_minus_low_fraction_of_own_steady_state,1
40,emp,dann_gap_2_minus_1,high_minus_low,0.6,0.000190657421312801,8.39854162166531e-05,high_minus_low_fraction_of_own_steady_state,1
1,emp,ds_gap_2_minus_1,high_minus_low,0.0242424242424244,0.00437229568782732,0.00768377704565748,high_minus_low_fraction_of_own_steady_state,1
2,emp,ds_gap_2_minus_1,high_minus_low,0.0242424242424244,0.00698547685956592,0.00695070756787425,high_minus_low_fraction_of_own_steady_state,1
3,emp,ds_gap_2_minus_1,high_minus_low,0.0242424242424244,0.00382938897947442,0.00572244851501133,high_minus_low_fraction_of_own_steady_state,1
4,emp,ds_gap_2_minus_1,high_minus_low,0.0242424242424244,0.00201294883168206,0.00432285118623181,high_minus_low_fraction_of_own_steady_state,1
5,emp,ds_gap_2_minus_1,high_minus_low,0.0242424242424244,0.000989852675540859,0.00294871210506445,high_minus_low_fraction_of_own_steady_state,1
6,emp,ds_gap_2_minus_1,high_minus_low,0.0242424242424244,0.000429096576256376,0.00170902432921246,high_minus_low_fraction_of_own_steady_state,1
7,emp,ds_gap_2_minus_1,high_minus_low,0.0242424242424244,0.000132723928163079,0.000654541623823771,high_minus_low_fraction_of_own_steady_state,1
8,emp,ds_gap_2_minus_1,high_minus_low,0.0242424242424244,-1.59183319656739e-05,-0.000200783224957216,high_minus_low_fraction_of_own_steady_state,1
9,emp,ds_gap_2_minus_1,high_minus_low,0.0242424242424244,-8.44030050629434e-05,-0.000864784039642292,high_minus_low_fraction_of_own_steady_state,1
10,emp,ds_gap_2_minus_1,high_minus_low,0.0242424242424244,-0.000111075965464287,-0.00135693023974452,high_minus_low_fraction_of_own_steady_state,1
11,emp,ds_gap_2_minus_1,high_minus_low,0.0242424242424244,-0.000117147924152971,-0.00170173005596429,high_minus_low_fraction_of_own_steady_state,1
12,emp,ds_gap_2_minus_1,high_minus_low,0.0242424242424244,-0.000113966163077243,-0.00192465021878382,high_minus_low_fraction_of_own_steady_state,1
13,emp,ds_gap_2_minus_1,high_minus_low,0.0242424242424244,-0.00010732564505482,-0.00204976269653133,high_minus_low_fraction_of_own_steady_state,1
14,emp,ds_gap_2_minus_1,high_minus_low,0.0242424242424244,-9.99831276578163e-05,-0.00209853759747983,high_minus_low_fraction_of_own_steady_state,1
15,emp,ds_gap_2_minus_1,high_minus_low,0.0242424242424244,-9.30948564277813e-05,-0.0020893671593606,high_minus_low_fraction_of_own_steady_state,1
16,emp,ds_gap_2_minus_1,high_minus_low,0.0242424242424244,-8.70190498146531e-05,-0.00203753246291949,high_minus_low_fraction_of_own_steady_state,1
17,emp,ds_gap_2_minus_1,high_minus_low,0.0242424242424244,-8.17500256685179e-05,-0.00195541832424062,high_minus_low_fraction_of_own_steady_state,1
18,emp,ds_gap_2_minus_1,high_minus_low,0.0242424242424244,-7.71431577641611e-05,-0.00185284939736354,high_minus_low_fraction_of_own_steady_state,1
19,emp,ds_gap_2_minus_1,high_minus_low,0.0242424242424244,-7.30241416236482e-05,-0.001737467951418,high_minus_low_fraction_of_own_steady_state,1
20,emp,ds_gap_2_minus_1,high_minus_low,0.0242424242424244,-6.9236453384601e-05,-0.00161510621890815,high_minus_low_fraction_of_own_steady_state,1
21,emp,ds_gap_2_minus_1,high_minus_low,0.0242424242424244,-6.56573665066551e-05,-0.00149012776202961,high_minus_low_fraction_of_own_steady_state,1
22,emp,ds_gap_2_minus_1,high_minus_low,0.0242424242424244,-6.21991517674586e-05,-0.00136572614727724,high_minus_low_fraction_of_own_steady_state,1
23,emp,ds_gap_2_minus_1,high_minus_low,0.0242424242424244,-5.88042173198418e-05,-0.00124417773239069,high_minus_low_fraction_of_own_steady_state,1
24,emp,ds_gap_2_minus_1,high_minus_low,0.0242424242424244,-5.54385482847038e-05,-0.00112705028985147,high_minus_low_fraction_of_own_steady_state,1
25,emp,ds_gap_2_minus_1,high_minus_low,0.0242424242424244,-5.20854248649283e-05,-0.00101537175690485,high_minus_low_fraction_of_own_steady_state,1
26,emp,ds_gap_2_minus_1,high_minus_low,0.0242424242424244,-4.87401645387041e-05,-0.00090976447887316,high_minus_low_fraction_of_own_steady_state,1
27,emp,ds_gap_2_minus_1,high_minus_low,0.0242424242424244,-4.54060356464871e-05,-0.0008105504911702,high_minus_low_fraction_of_own_steady_state,1
28,emp,ds_gap_2_minus_1,high_minus_low,0.0242424242424244,-4.20912309515055e-05,-0.000717833059241616,high_minus_low_fraction_of_own_steady_state,1
29,emp,ds_gap_2_minus_1,high_minus_low,0.0242424242424244,-3.88067036102557e-05,-0.000631559118913179,high_minus_low_fraction_of_own_steady_state,1
30,emp,ds_gap_2_minus_1,high_minus_low,0.0242424242424244,-3.55646629250223e-05,-0.000551566590557685,high_minus_low_fraction_of_own_steady_state,1
31,emp,ds_gap_2_minus_1,high_minus_low,0.0242424242424244,-3.23775550438686e-05,-0.000477619872572523,high_minus_low_fraction_of_own_steady_state,1
32,emp,ds_gap_2_minus_1,high_minus_low,0.0242424242424244,-2.92573904512282e-05,-0.000409436203764968,high_minus_low_fraction_of_own_steady_state,1
33,emp,ds_gap_2_minus_1,high_minus_low,0.0242424242424244,-2.62153148281735e-05,-0.000346705044047906,high_minus_low_fraction_of_own_steady_state,1
34,emp,ds_gap_2_minus_1,high_minus_low,0.0242424242424244,-2.32613486479717e-05,-0.000289102165379183,high_minus_low_fraction_of_own_steady_state,1
35,emp,ds_gap_2_minus_1,high_minus_low,0.0242424242424244,-2.0404243006731e-05,-0.00023629976761202,high_minus_low_fraction_of_own_steady_state,1
36,emp,ds_gap_2_minus_1,high_minus_low,0.0242424242424244,-1.7651415384564e-05,-0.000187973629227374,high_minus_low_fraction_of_own_steady_state,1
37,emp,ds_gap_2_minus_1,high_minus_low,0.0242424242424244,-1.50089404658375e-05,-0.000143808061108156,high_minus_low_fraction_of_own_steady_state,1
38,emp,ds_gap_2_minus_1,high_minus_low,0.0242424242424244,-1.24815790002591e-05,-0.000103499242390503,high_minus_low_fraction_of_own_steady_state,1
39,emp,ds_gap_2_minus_1,high_minus_low,0.0242424242424244,-1.00728329720592e-05,-6.67573714582029e-05,high_minus_low_fraction_of_own_steady_state,1
40,emp,ds_gap_2_minus_1,high_minus_low,0.0242424242424244,-7.78501885204119e-06,-3.33079537479231e-05,high_minus_low_fraction_of_own_steady_state,1
1,emp,fs_gap_2_minus_1,high_minus_low,0,-0.00432706963028892,-0.036058913585741,high_minus_low_fraction_of_own_steady_state,1
2,emp,fs_gap_2_minus_1,high_minus_low,0,-0.00695441234664612,-0.057953436222051,high_minus_low_fraction_of_own_steady_state,1
3,emp,fs_gap_2_minus_1,high_minus_low,0,-0.00381035803567693,-0.0317529836306411,high_minus_low_fraction_of_own_steady_state,1
4,emp,fs_gap_2_minus_1,high_minus_low,0,-0.00200341219630887,-0.0166951016359072,high_minus_low_fraction_of_own_steady_state,1
5,emp,fs_gap_2_minus_1,high_minus_low,0,-0.000987412941596794,-0.00822844117997328,high_minus_low_fraction_of_own_steady_state,1
6,emp,fs_gap_2_minus_1,high_minus_low,0,-0.000431718016750918,-0.00359765013959098,high_minus_low_fraction_of_own_steady_state,1
7,emp,fs_gap_2_minus_1,high_minus_low,0,-0.000138782381862379,-0.00115651984885316,high_minus_low_fraction_of_own_steady_state,1
8,emp,fs_gap_2_minus_1,high_minus_low,0,7.66454988271326e-06,6.38712490226105e-05,high_minus_low_fraction_of_own_steady_state,1
9,emp,fs_gap_2_minus_1,high_minus_low,0,7.48724704042747e-05,0.000623937253368956,high_minus_low_fraction_of_own_steady_state,1
10,emp,fs_gap_2_minus_1,high_minus_low,0,0.000100929212242667,0.000841076768688896,high_minus_low_fraction_of_own_steady_state,1
11,emp,fs_gap_2_minus_1,high_minus_low,0,0.000106846992743201,0.000890391606193341,high_minus_low_fraction_of_own_steady_state,1
12,emp,fs_gap_2_minus_1,high_minus_low,0,0.000103824510568271,0.000865204254735588,high_minus_low_fraction_of_own_steady_state,1
13,emp,fs_gap_2_minus_1,high_minus_low,0,9.75478427715504e-05,0.00081289868976292,high_minus_low_fraction_of_own_steady_state,1
14,emp,fs_gap_2_minus_1,high_minus_low,0,9.06953555198375e-05,0.000755794629331979,high_minus_low_fraction_of_own_steady_state,1
15,emp,fs_gap_2_minus_1,high_minus_low,0,8.43677554032835e-05,0.000703064628360695,high_minus_low_fraction_of_own_steady_state,1
16,emp,fs_gap_2_minus_1,high_minus_low,0,7.88845359817464e-05,0.00065737113318122,high_minus_low_fraction_of_own_steady_state,1
17,emp,fs_gap_2_minus_1,high_minus_low,0,7.42134891461715e-05,0.000618445742884763,high_minus_low_fraction_of_own_steady_state,1
18,emp,fs_gap_2_minus_1,high_minus_low,0,7.01922170301406e-05,0.000584935141917838,high_minus_low_fraction_of_own_steady_state,1
19,emp,fs_gap_2_minus_1,high_minus_low,0,6.66348714688653e-05,0.000555290595573877,high_minus_low_fraction_of_own_steady_state,1
20,emp,fs_gap_2_minus_1,high_minus_low,0,6.33777840051142e-05,0.000528148200042618,high_minus_low_fraction_of_own_steady_state,1
21,emp,fs_gap_2_minus_1,high_minus_low,0,6.02941713153948e-05,0.00050245142762829,high_minus_low_fraction_of_own_steady_state,1
22,emp,fs_gap_2_minus_1,high_minus_low,0,5.72944013062376e-05,0.000477453344218647,high_minus_low_fraction_of_own_steady_state,1
23,emp,fs_gap_2_minus_1,high_minus_low,0,5.43204707598582e-05,0.000452670589665485,high_minus_low_fraction_of_own_steady_state,1
24,emp,fs_gap_2_minus_1,high_minus_low,0,5.1338975848636e-05,0.000427824798738633,high_minus_low_fraction_of_own_steady_state,1
25,emp,fs_gap_2_minus_1,high_minus_low,0,4.83344978417094e-05,0.000402787482014245,high_minus_low_fraction_of_own_steady_state,1
26,emp,fs_gap_2_minus_1,high_minus_low,0,4.53041090591327e-05,0.000377534242159439,high_minus_low_fraction_of_own_steady_state,1
27,emp,fs_gap_2_minus_1,high_minus_low,0,4.22531177627916e-05,0.00035210931468993,high_minus_low_fraction_of_own_steady_state,1
28,emp,fs_gap_2_minus_1,high_minus_low,0,3.91919205171842e-05,0.000326599337643202,high_minus_low_fraction_of_own_steady_state,1
29,emp,fs_gap_2_minus_1,high_minus_low,0,3.61337505121184e-05,0.000301114587600987,high_minus_low_fraction_of_own_steady_state,1
30,emp,fs_gap_2_minus_1,high_minus_low,0,3.30931095662984e-05,0.000275775913052487,high_minus_low_fraction_of_own_steady_state,1
31,emp,fs_gap_2_minus_1,high_minus_low,0,3.00847023073647e-05,0.000250705852561373,high_minus_low_fraction_of_own_steady_state,1
32,emp,fs_gap_2_minus_1,high_minus_low,0,2.7122729757606e-05,0.00022602274798005,high_minus_low_fraction_of_own_steady_state,1
33,emp,fs_gap_2_minus_1,high_minus_low,0,2.42204356963593e-05,0.000201836964136328,high_minus_low_fraction_of_own_steady_state,1
34,emp,fs_gap_2_minus_1,high_minus_low,0,2.13898289111308e-05,0.000178248574259424,high_minus_low_fraction_of_own_steady_state,1
35,emp,fs_gap_2_minus_1,high_minus_low,0,1.86415272287743e-05,0.000155346060239786,high_minus_low_fraction_of_own_steady_state,1
36,emp,fs_gap_2_minus_1,high_minus_low,0,1.59846858490825e-05,0.000133205715409021,high_minus_low_fraction_of_own_steady_state,1
37,emp,fs_gap_2_minus_1,high_minus_low,0,1.34269842301249e-05,0.000111891535251041,high_minus_low_fraction_of_own_steady_state,1
38,emp,fs_gap_2_minus_1,high_minus_low,0,1.09746538280026e-05,9.1455448566688e-05,high_minus_low_fraction_of_own_steady_state,1
39,emp,fs_gap_2_minus_1,high_minus_low,0,8.63253441683864e-06,7.19377868069887e-05,high_minus_low_fraction_of_own_steady_state,1
40,emp,fs_gap_2_minus_1,high_minus_low,0,6.40415031995245e-06,5.33679193329371e-05,high_minus_low_fraction_of_own_steady_state,1
1,emp,lamg_gap_2_minus_1,high_minus_low,0,0.00599581280681472,0.00962237109845175,high_minus_low_fraction_of_own_steady_state,1
2,emp,lamg_gap_2_minus_1,high_minus_low,0,0.00582825201737214,0.00935346141939482,high_minus_low_fraction_of_own_steady_state,1
3,emp,lamg_gap_2_minus_1,high_minus_low,0,0.00546780179574446,0.00877499342735234,high_minus_low_fraction_of_own_steady_state,1
4,emp,lamg_gap_2_minus_1,high_minus_low,0,0.00501881170021057,0.00805443235282279,high_minus_low_fraction_of_own_steady_state,1
5,emp,lamg_gap_2_minus_1,high_minus_low,0,0.00454147574173136,0.00728838046309373,high_minus_low_fraction_of_own_steady_state,1
6,emp,lamg_gap_2_minus_1,high_minus_low,0,0.00406953957598244,0.00653099442254637,high_minus_low_fraction_of_own_steady_state,1
7,emp,lamg_gap_2_minus_1,high_minus_low,0,0.00362110928008608,0.00581133174161694,high_minus_low_fraction_of_own_steady_state,1
8,emp,lamg_gap_2_minus_1,high_minus_low,0,0.00320517371338713,0.00514381817760554,high_minus_low_fraction_of_own_steady_state,1
9,emp,lamg_gap_2_minus_1,high_minus_low,0,0.00282549185122416,0.00453448631638884,high_minus_low_fraction_of_own_steady_state,1
10,emp,lamg_gap_2_minus_1,high_minus_low,0,0.00248287890781318,0.00398464445326625,high_minus_low_fraction_of_own_steady_state,1
11,emp,lamg_gap_2_minus_1,high_minus_low,0,0.00217653173693455,0.00349300366024406,high_minus_low_fraction_of_own_steady_state,1
12,emp,lamg_gap_2_minus_1,high_minus_low,0,0.00190478588299614,0.00305689273828714,high_minus_low_fraction_of_own_steady_state,1
13,emp,lamg_gap_2_minus_1,high_minus_low,0,0.00166554169835775,0.00267294207106142,high_minus_low_fraction_of_own_steady_state,1
14,emp,lamg_gap_2_minus_1,high_minus_low,0,0.0014565011937433,0.00233746373395895,high_minus_low_fraction_of_own_steady_state,1
15,emp,lamg_gap_2_minus_1,high_minus_low,0,0.00127529880827337,0.0020466613601866,high_minus_low_fraction_of_own_steady_state,1
16,emp,lamg_gap_2_minus_1,high_minus_low,0,0.00111957402885254,0.00179674668387972,high_minus_low_fraction_of_own_steady_state,1
17,emp,lamg_gap_2_minus_1,high_minus_low,0,0.00098701284752567,0.00158400607287756,high_minus_low_fraction_of_own_steady_state,1
18,emp,lamg_gap_2_minus_1,high_minus_low,0,0.000875372824742149,0.00140484075146498,high_minus_low_fraction_of_own_steady_state,1
19,emp,lamg_gap_2_minus_1,high_minus_low,0,0.000782499547236748,0.00125579321277752,high_minus_low_fraction_of_own_steady_state,1
20,emp,lamg_gap_2_minus_1,high_minus_low,0,0.000706338391815664,0.00113356609789569,high_minus_low_fraction_of_own_steady_state,1
21,emp,lamg_gap_2_minus_1,high_minus_low,0,0.000644943430501921,0.00103503648725399,high_minus_low_fraction_of_own_steady_state,1
22,emp,lamg_gap_2_minus_1,high_minus_low,0,0.000596484258878149,0.000957266859096571,high_minus_low_fraction_of_own_steady_state,1
23,emp,lamg_gap_2_minus_1,high_minus_low,0,0.000559251038234065,0.000897513181359883,high_minus_low_fraction_of_own_steady_state,1
24,emp,lamg_gap_2_minus_1,high_minus_low,0,0.000531657847192224,0.000853230290524249,high_minus_low_fraction_of_own_steady_state,1
25,emp,lamg_gap_2_minus_1,high_minus_low,0,0.000512244389570538,0.000822074632474416,high_minus_low_fraction_of_own_steady_state,1
26,emp,lamg_gap_2_minus_1,high_minus_low,0,0.000499676120206072,0.000801904464427685,high_minus_low_fraction_of_own_steady_state,1
27,emp,lamg_gap_2_minus_1,high_minus_low,0,0.00049274288647716,0.00079077767478274,high_minus_low_fraction_of_own_steady_state,1
28,emp,lamg_gap_2_minus_1,high_minus_low,0,0.000490356219598587,0.000786947436058824,high_minus_low_fraction_of_own_steady_state,1
29,emp,lamg_gap_2_minus_1,high_minus_low,0,0.00049154543772878,0.000788855950973219,high_minus_low_fraction_of_own_steady_state,1
30,emp,lamg_gap_2_minus_1,high_minus_low,0,0.000495452740061908,0.000795126579202384,high_minus_low_fraction_of_own_steady_state,1
31,emp,lamg_gap_2_minus_1,high_minus_low,0,0.000501327477893443,0.000804554643310206,high_minus_low_fraction_of_own_steady_state,1
32,emp,lamg_gap_2_minus_1,high_minus_low,0,0.000508519786893702,0.000816097209511833,high_minus_low_fraction_of_own_steady_state,1
33,emp,lamg_gap_2_minus_1,high_minus_low,0,0.000516473756561275,0.000828862125681369,high_minus_low_fraction_of_own_steady_state,1
34,emp,lamg_gap_2_minus_1,high_minus_low,0,0.00052472029998929,0.000842096578407055,high_minus_low_fraction_of_own_steady_state,1
35,emp,lamg_gap_2_minus_1,high_minus_low,0,0.000532869871338604,0.000855175405639167,high_minus_low_fraction_of_own_steady_state,1
36,emp,lamg_gap_2_minus_1,high_minus_low,0,0.000540605161090113,0.00086758937367674,high_minus_low_fraction_of_own_steady_state,1
37,emp,lamg_gap_2_minus_1,high_minus_low,0,0.000547673881257871,0.000878933598527784,high_minus_low_fraction_of_own_steady_state,1
38,emp,lamg_gap_2_minus_1,high_minus_low,0,0.000553881735046557,0.000888896263274719,high_minus_low_fraction_of_own_steady_state,1
39,emp,lamg_gap_2_minus_1,high_minus_low,0,0.000559085648452085,0.000897247755818862,high_minus_low_fraction_of_own_steady_state,1
40,emp,lamg_gap_2_minus_1,high_minus_low,0,0.000563187325393399,0.000903830325843469,high_minus_low_fraction_of_own_steady_state,1
1,emp,qg_gap_2_minus_1,high_minus_low,0,0.000995065606173573,0.0015969295303925,high_minus_low_fraction_of_own_steady_state,1
2,emp,qg_gap_2_minus_1,high_minus_low,0,0.00102001677366248,0.00163697237373227,high_minus_low_fraction_of_own_steady_state,1
3,emp,qg_gap_2_minus_1,high_minus_low,0,0.00104432104444385,0.00167597704587111,high_minus_low_fraction_of_own_steady_state,1
4,emp,qg_gap_2_minus_1,high_minus_low,0,0.00106729565877173,0.00171284782086518,high_minus_low_fraction_of_own_steady_state,1
5,emp,qg_gap_2_minus_1,high_minus_low,0,0.00108835000723007,0.00174663686008801,high_minus_low_fraction_of_own_steady_state,1
6,emp,qg_gap_2_minus_1,high_minus_low,0,0.00110700816548037,0.00177658037708608,high_minus_low_fraction_of_own_steady_state,1
7,emp,qg_gap_2_minus_1,high_minus_low,0,0.00112291301723555,0.00180210525432712,high_minus_low_fraction_of_own_steady_state,1
8,emp,qg_gap_2_minus_1,high_minus_low,0,0.00113582027790649,0.00182281945205841,high_minus_low_fraction_of_own_steady_state,1
9,emp,qg_gap_2_minus_1,high_minus_low,0,0.00114558741246651,0.00183849422315838,high_minus_low_fraction_of_own_steady_state,1
10,emp,qg_gap_2_minus_1,high_minus_low,0,0.00115216039208943,0.00184904285954716,high_minus_low_fraction_of_own_steady_state,1
11,emp,qg_gap_2_minus_1,high_minus_low,0,0.00115555998278494,0.00185449868752395,high_minus_low_fraction_of_own_steady_state,1
12,emp,qg_gap_2_minus_1,high_minus_low,0,0.00115586850409533,0.00185499381748147,high_minus_low_fraction_of_own_steady_state,1
13,emp,qg_gap_2_minus_1,high_minus_low,0,0.00115321754626252,0.00185073943182009,high_minus_low_fraction_of_own_steady_state,1
14,emp,qg_gap_2_minus_1,high_minus_low,0,0.00114777687070877,0.00184200797190111,high_minus_low_fraction_of_own_steady_state,1
15,emp,qg_gap_2_minus_1,high_minus_low,0,0.00113974456715693,0.0018291173417161,high_minus_low_fraction_of_own_steady_state,1
16,emp,qg_gap_2_minus_1,high_minus_low,0,0.00112933845584706,0.00181241710974729,high_minus_low_fraction_of_own_steady_state,1
17,emp,qg_gap_2_minus_1,high_minus_low,0,0.00111678867753995,0.00179227661704593,high_minus_low_fraction_of_own_steady_state,1
18,emp,qg_gap_2_minus_1,high_minus_low,0,0.00110233139086702,0.00176907486243386,high_minus_low_fraction_of_own_steady_state,1
19,emp,qg_gap_2_minus_1,high_minus_low,0,0.00108620348635124,0.00174319201930794,high_minus_low_fraction_of_own_steady_state,1
20,emp,qg_gap_2_minus_1,high_minus_low,0,0.00106863822341596,0.00171500243370029,high_minus_low_fraction_of_own_steady_state,1
21,emp,qg_gap_2_minus_1,high_minus_low,0,0.00104986169769694,0.0016848689548494,high_minus_low_fraction_of_own_steady_state,1
22,emp,qg_gap_2_minus_1,high_minus_low,0,0.00103009004913213,0.0016531384546072,high_minus_low_fraction_of_own_steady_state,1
23,emp,qg_gap_2_minus_1,high_minus_low,0,0.00100952732563164,0.00162013839895309,high_minus_low_fraction_of_own_steady_state,1
24,emp,qg_gap_2_minus_1,high_minus_low,0,0.000988363922066249,0.00158617434280693,high_minus_low_fraction_of_own_steady_state,1
25,emp,qg_gap_2_minus_1,high_minus_low,0,0.000966775519556262,0.00155152822774848,high_minus_low_fraction_of_own_steady_state,1
26,emp,qg_gap_2_minus_1,high_minus_low,0,0.000944922455422104,0.00151645737088348,high_minus_low_fraction_of_own_steady_state,1
27,emp,qg_gap_2_minus_1,high_minus_low,0,0.000922949459576605,0.00148119404179325,high_minus_low_fraction_of_own_steady_state,1
28,emp,qg_gap_2_minus_1,high_minus_low,0,0.000900985698522261,0.00144594553314361,high_minus_low_fraction_of_own_steady_state,1
29,emp,qg_gap_2_minus_1,high_minus_low,0,0.000879145073416243,0.00141089463903407,high_minus_low_fraction_of_own_steady_state,1
30,emp,qg_gap_2_minus_1,high_minus_low,0,0.000857526723839985,0.00137620046347169,high_minus_low_fraction_of_own_steady_state,1
31,emp,qg_gap_2_minus_1,high_minus_low,0,0.000836215693915898,0.00134199948938746,high_minus_low_fraction_of_own_steady_state,1
32,emp,qg_gap_2_minus_1,high_minus_low,0,0.000815283722221505,0.00130840684632882,high_minus_low_fraction_of_own_steady_state,1
33,emp,qg_gap_2_minus_1,high_minus_low,0,0.000794790121533051,0.00127551772231486,high_minus_low_fraction_of_own_steady_state,1
34,emp,qg_gap_2_minus_1,high_minus_low,0,0.000774782718756306,0.00124340887228285,high_minus_low_fraction_of_own_steady_state,1
35,emp,qg_gap_2_minus_1,high_minus_low,0,0.000755298829462681,0.00121214018207102,high_minus_low_fraction_of_own_steady_state,1
36,emp,qg_gap_2_minus_1,high_minus_low,0,0.000736366245221332,0.00118175625293702,high_minus_low_fraction_of_own_steady_state,1
37,emp,qg_gap_2_minus_1,high_minus_low,0,0.000718004215395251,0.0011522879771919,high_minus_low_fraction_of_own_steady_state,1
38,emp,qg_gap_2_minus_1,high_minus_low,0,0.000700224408260119,0.00112375408065018,high_minus_low_fraction_of_own_steady_state,1
39,emp,qg_gap_2_minus_1,high_minus_low,0,0.000683031839187831,0.00109616261222387,high_minus_low_fraction_of_own_steady_state,1
40,emp,qg_gap_2_minus_1,high_minus_low,0,0.000666425756235101,0.00106951236515791,high_minus_low_fraction_of_own_steady_state,1
1,emp,ig_gap_2_minus_1,high_minus_low,0,-0.000268594035886,-0.00223828363238333,high_minus_low_fraction_of_own_steady_state,1
2,emp,ig_gap_2_minus_1,high_minus_low,0,-0.000491262103035101,-0.00409385085862584,high_minus_low_fraction_of_own_steady_state,1
3,emp,ig_gap_2_minus_1,high_minus_low,0,-0.000669412742302949,-0.00557843951919125,high_minus_low_fraction_of_own_steady_state,1
4,emp,ig_gap_2_minus_1,high_minus_low,0,-0.000806338541271615,-0.00671948784393012,high_minus_low_fraction_of_own_steady_state,1
5,emp,ig_gap_2_minus_1,high_minus_low,0,-0.000906213583470553,-0.0075517798622546,high_minus_low_fraction_of_own_steady_state,1
6,emp,ig_gap_2_minus_1,high_minus_low,0,-0.000973511139612929,-0.00811259283010774,high_minus_low_fraction_of_own_steady_state,1
7,emp,ig_gap_2_minus_1,high_minus_low,0,-0.00101267383847112,-0.00843894865392598,high_minus_low_fraction_of_own_steady_state,1
8,emp,ig_gap_2_minus_1,high_minus_low,0,-0.00102793377779885,-0.0085661148149904,high_minus_low_fraction_of_own_steady_state,1
9,emp,ig_gap_2_minus_1,high_minus_low,0,-0.00102322059292455,-0.00852683827437123,high_minus_low_fraction_of_own_steady_state,1
10,emp,ig_gap_2_minus_1,high_minus_low,0,-0.00100212045410265,-0.00835100378418878,high_minus_low_fraction_of_own_steady_state,1
11,emp,ig_gap_2_minus_1,high_minus_low,0,-0.000967864142603456,-0.00806553452169546,high_minus_low_fraction_of_own_steady_state,1
12,emp,ig_gap_2_minus_1,high_minus_low,0,-0.000923331474587771,-0.0076944289548981,high_minus_low_fraction_of_own_steady_state,1
13,emp,ig_gap_2_minus_1,high_minus_low,0,-0.000871064745758945,-0.00725887288132455,high_minus_low_fraction_of_own_steady_state,1
14,emp,ig_gap_2_minus_1,high_minus_low,0,-0.000813287023875842,-0.00677739186563201,high_minus_low_fraction_of_own_steady_state,1
15,emp,ig_gap_2_minus_1,high_minus_low,0,-0.000751922926446061,-0.00626602438705051,high_minus_low_fraction_of_own_steady_state,1
16,emp,ig_gap_2_minus_1,high_minus_low,0,-0.000688620541051524,-0.0057385045087627,high_minus_low_fraction_of_own_steady_state,1
17,emp,ig_gap_2_minus_1,high_minus_low,0,-0.000624773709900661,-0.00520644758250551,high_minus_low_fraction_of_own_steady_state,1
18,emp,ig_gap_2_minus_1,high_minus_low,0,-0.000561544206985634,-0.00467953505821362,high_minus_low_fraction_of_own_steady_state,1
19,emp,ig_gap_2_minus_1,high_minus_low,0,-0.00049988350168341,-0.00416569584736175,high_minus_low_fraction_of_own_steady_state,1
20,emp,ig_gap_2_minus_1,high_minus_low,0,-0.000440553893134868,-0.00367128244279057,high_minus_low_fraction_of_own_steady_state,1
21,emp,ig_gap_2_minus_1,high_minus_low,0,-0.000384148852191707,-0.00320124043493089,high_minus_low_fraction_of_own_steady_state,1
22,emp,ig_gap_2_minus_1,high_minus_low,0,-0.000331112441951706,-0.00275927034959755,high_minus_low_fraction_of_own_steady_state,1
23,emp,ig_gap_2_minus_1,high_minus_low,0,-0.000281757714005293,-0.00234798095004411,high_minus_low_fraction_of_own_steady_state,1
24,emp,ig_gap_2_minus_1,high_minus_low,0,-0.000236284000226655,-0.00196903333522213,high_minus_low_fraction_of_own_steady_state,1
25,emp,ig_gap_2_minus_1,high_minus_low,0,-0.000194793041171135,-0.00162327534309279,high_minus_low_fraction_of_own_steady_state,1
26,emp,ig_gap_2_minus_1,high_minus_low,0,-0.000157303912399542,-0.00131086593666285,high_minus_low_fraction_of_own_steady_state,1
27,emp,ig_gap_2_minus_1,high_minus_low,0,-0.000123766729235045,-0.00103138941029204,high_minus_low_fraction_of_own_steady_state,1
28,emp,ig_gap_2_minus_1,high_minus_low,0,-9.40751282628716e-05,-0.000783959402190596,high_minus_low_fraction_of_own_steady_state,1
29,emp,ig_gap_2_minus_1,high_minus_low,0,-6.80775399904826e-05,-0.000567312833254022,high_minus_low_fraction_of_own_steady_state,1
30,emp,ig_gap_2_minus_1,high_minus_low,0,-4.55872812591546e-05,-0.000379894010492955,high_minus_low_fraction_of_own_steady_state,1
31,emp,ig_gap_2_minus_1,high_minus_low,0,-2.63915081018667e-05,-0.000219929234182223,high_minus_low_fraction_of_own_steady_state,1
32,emp,ig_gap_2_minus_1,high_minus_low,0,-1.02590797373819e-05,-8.54923311448495e-05,high_minus_low_fraction_of_own_steady_state,1
33,emp,ig_gap_2_minus_1,high_minus_low,0,3.05260768036775e-06,2.54383973363979e-05,high_minus_low_fraction_of_own_steady_state,1
34,emp,ig_gap_2_minus_1,high_minus_low,0,1.37917529712261e-05,0.000114931274760218,high_minus_low_fraction_of_own_steady_state,1
35,emp,ig_gap_2_minus_1,high_minus_low,0,2.22071787567002e-05,0.000185059822972502,high_minus_low_fraction_of_own_steady_state,1
36,emp,ig_gap_2_minus_1,high_minus_low,0,2.85441859555619e-05,0.000237868216296349,high_minus_low_fraction_of_own_steady_state,1
37,emp,ig_gap_2_minus_1,high_minus_low,0,3.30411616356607e-05,0.000275343013630506,high_minus_low_fraction_of_own_steady_state,1
38,emp,ig_gap_2_minus_1,high_minus_low,0,3.59268681085073e-05,0.000299390567570894,high_minus_low_fraction_of_own_steady_state,1
39,emp,ig_gap_2_minus_1,high_minus_low,0,3.74183424202146e-05,0.000311819520168455,high_minus_low_fraction_of_own_steady_state,1
40,emp,ig_gap_2_minus_1,high_minus_low,0,3.77193375447338e-05,0.000314327812872781,high_minus_low_fraction_of_own_steady_state,1
1,emp,kg_gap_2_minus_1,high_minus_low,0,-0.000268594035885528,-5.59570908094849e-05,high_minus_low_fraction_of_own_steady_state,1
2,emp,kg_gap_2_minus_1,high_minus_low,0,-0.000753141288023507,-0.000156904435004897,high_minus_low_fraction_of_own_steady_state,1
3,emp,kg_gap_2_minus_1,high_minus_low,0,-0.00140372549812628,-0.000292442812109643,high_minus_low_fraction_of_own_steady_state,1
4,emp,kg_gap_2_minus_1,high_minus_low,0,-0.00217497090194385,-0.000453118937904969,high_minus_low_fraction_of_own_steady_state,1
5,emp,kg_gap_2_minus_1,high_minus_low,0,-0.00302681021286588,-0.000630585461013726,high_minus_low_fraction_of_own_steady_state,1
6,emp,kg_gap_2_minus_1,high_minus_low,0,-0.00392465109715623,-0.000817635645240881,high_minus_low_fraction_of_own_steady_state,1
7,emp,kg_gap_2_minus_1,high_minus_low,0,-0.00483920865819876,-0.00100816847045807,high_minus_low_fraction_of_own_steady_state,1
8,emp,kg_gap_2_minus_1,high_minus_low,0,-0.00574616221954294,-0.00119711712907145,high_minus_low_fraction_of_own_steady_state,1
9,emp,kg_gap_2_minus_1,high_minus_low,0,-0.00662572875697887,-0.00138036015770393,high_minus_low_fraction_of_own_steady_state,1
10,emp,kg_gap_2_minus_1,high_minus_low,0,-0.00746220599215697,-0.00155462624836603,high_minus_low_fraction_of_own_steady_state,1
11,emp,kg_gap_2_minus_1,high_minus_low,0,-0.00824351498495624,-0.00171739895519922,high_minus_low_fraction_of_own_steady_state,1
12,emp,kg_gap_2_minus_1,high_minus_low,0,-0.0089607585849194,-0.00186682470519154,high_minus_low_fraction_of_own_steady_state,1
13,emp,kg_gap_2_minus_1,high_minus_low,0,-0.00960780436605457,-0.0020016259095947,high_minus_low_fraction_of_own_steady_state,1
14,emp,kg_gap_2_minus_1,high_minus_low,0,-0.0101808962807795,-0.00212102005849572,high_minus_low_fraction_of_own_steady_state,1
15,emp,kg_gap_2_minus_1,high_minus_low,0,-0.0106782968002062,-0.00222464516670962,high_minus_low_fraction_of_own_steady_state,1
16,emp,kg_gap_2_minus_1,high_minus_low,0,-0.0110999599212533,-0.00231249165026111,high_minus_low_fraction_of_own_steady_state,1
17,emp,kg_gap_2_minus_1,high_minus_low,0,-0.0114472346331214,-0.00238484054856695,high_minus_low_fraction_of_own_steady_state,1
18,emp,kg_gap_2_minus_1,high_minus_low,0,-0.0117225979742797,-0.00244220791130826,high_minus_low_fraction_of_own_steady_state,1
19,emp,kg_gap_2_minus_1,high_minus_low,0,-0.0119294165266055,-0.00248529510970948,high_minus_low_fraction_of_own_steady_state,1
20,emp,kg_gap_2_minus_1,high_minus_low,0,-0.0120717350065753,-0.00251494479303653,high_minus_low_fraction_of_own_steady_state,1
21,emp,kg_gap_2_minus_1,high_minus_low,0,-0.0121540904836026,-0.00253210218408388,high_minus_low_fraction_of_own_steady_state,1
22,emp,kg_gap_2_minus_1,high_minus_low,0,-0.0121813506634645,-0.00253778138822177,high_minus_low_fraction_of_own_steady_state,1
23,emp,kg_gap_2_minus_1,high_minus_low,0,-0.0121585746108837,-0.00253303637726743,high_minus_low_fraction_of_own_steady_state,1
24,emp,kg_gap_2_minus_1,high_minus_low,0,-0.012090894245838,-0.00251893630121625,high_minus_low_fraction_of_own_steady_state,1
25,emp,kg_gap_2_minus_1,high_minus_low,0,-0.0119834149308637,-0.00249654477726328,high_minus_low_fraction_of_own_steady_state,1
26,emp,kg_gap_2_minus_1,high_minus_low,0,-0.011841133469991,-0.00246690280624814,high_minus_low_fraction_of_own_steady_state,1
27,emp,kg_gap_2_minus_1,high_minus_low,0,-0.0116688718624758,-0.00243101497134912,high_minus_low_fraction_of_own_steady_state,1
28,emp,kg_gap_2_minus_1,high_minus_low,0,-0.0114712251941782,-0.00238983858212046,high_minus_low_fraction_of_own_steady_state,1
29,emp,kg_gap_2_minus_1,high_minus_low,0,-0.0112525221043134,-0.00234427543839862,high_minus_low_fraction_of_own_steady_state,1
30,emp,kg_gap_2_minus_1,high_minus_low,0,-0.0110167963329646,-0.00229516590270096,high_minus_low_fraction_of_own_steady_state,1
31,emp,kg_gap_2_minus_1,high_minus_low,0,-0.0107677679327427,-0.00224328498598806,high_minus_low_fraction_of_own_steady_state,1
32,emp,kg_gap_2_minus_1,high_minus_low,0,-0.0105088328141623,-0.00218934016961714,high_minus_low_fraction_of_own_steady_state,1
33,emp,kg_gap_2_minus_1,high_minus_low,0,-0.0102430593861271,-0.00213397070544315,high_minus_low_fraction_of_own_steady_state,1
34,emp,kg_gap_2_minus_1,high_minus_low,0,-0.00997319114850281,-0.00207774815593809,high_minus_low_fraction_of_own_steady_state,1
35,emp,kg_gap_2_minus_1,high_minus_low,0,-0.00970165419103353,-0.00202117795646532,high_minus_low_fraction_of_own_steady_state,1
36,emp,kg_gap_2_minus_1,high_minus_low,0,-0.00943056865030201,-0.00196470180214625,high_minus_low_fraction_of_own_steady_state,1
37,emp,kg_gap_2_minus_1,high_minus_low,0,-0.00916176327240859,-0.00190870068175179,high_minus_low_fraction_of_own_steady_state,1
38,emp,kg_gap_2_minus_1,high_minus_low,0,-0.00889679232248941,-0.00185349840051863,high_minus_low_fraction_of_own_steady_state,1
39,emp,kg_gap_2_minus_1,high_minus_low,0,-0.00863695417200727,-0.00179936545250151,high_minus_low_fraction_of_own_steady_state,1
40,emp,kg_gap_2_minus_1,high_minus_low,0,-0.00838331098016276,-0.00174652312086724,high_minus_low_fraction_of_own_steady_state,1
1,emp,xloc_gap_2_minus_1,high_minus_low,0,-0.000187033967101513,-0.000187033967101513,high_minus_low_fraction_of_own_steady_state,1
2,emp,xloc_gap_2_minus_1,high_minus_low,0,-0.000324711272987499,-0.000324711272987499,high_minus_low_fraction_of_own_steady_state,1
3,emp,xloc_gap_2_minus_1,high_minus_low,0,-0.000421598828018954,-0.000421598828018954,high_minus_low_fraction_of_own_steady_state,1
4,emp,xloc_gap_2_minus_1,high_minus_low,0,-0.000485766255709841,-0.000485766255709841,high_minus_low_fraction_of_own_steady_state,1
5,emp,xloc_gap_2_minus_1,high_minus_low,0,-0.000524314661409564,-0.000524314661409564,high_minus_low_fraction_of_own_steady_state,1
6,emp,xloc_gap_2_minus_1,high_minus_low,0,-0.000543233007141652,-0.000543233007141652,high_minus_low_fraction_of_own_steady_state,1
7,emp,xloc_gap_2_minus_1,high_minus_low,0,-0.00054742769633831,-0.00054742769633831,high_minus_low_fraction_of_own_steady_state,1
8,emp,xloc_gap_2_minus_1,high_minus_low,0,-0.000540834008360025,-0.000540834008360025,high_minus_low_fraction_of_own_steady_state,1
9,emp,xloc_gap_2_minus_1,high_minus_low,0,-0.000526557274289186,-0.000526557274289186,high_minus_low_fraction_of_own_steady_state,1
10,emp,xloc_gap_2_minus_1,high_minus_low,0,-0.000507015665280441,-0.000507015665280441,high_minus_low_fraction_of_own_steady_state,1
11,emp,xloc_gap_2_minus_1,high_minus_low,0,-0.00048407076093826,-0.00048407076093826,high_minus_low_fraction_of_own_steady_state,1
12,emp,xloc_gap_2_minus_1,high_minus_low,0,-0.000459140309963635,-0.000459140309963635,high_minus_low_fraction_of_own_steady_state,1
13,emp,xloc_gap_2_minus_1,high_minus_low,0,-0.000433292124663143,-0.000433292124663143,high_minus_low_fraction_of_own_steady_state,1
14,emp,xloc_gap_2_minus_1,high_minus_low,0,-0.000407320349615548,-0.000407320349615548,high_minus_low_fraction_of_own_steady_state,1
15,emp,xloc_gap_2_minus_1,high_minus_low,0,-0.00038180634392726,-0.00038180634392726,high_minus_low_fraction_of_own_steady_state,1
16,emp,xloc_gap_2_minus_1,high_minus_low,0,-0.000357166690454047,-0.000357166690454047,high_minus_low_fraction_of_own_steady_state,1
17,emp,xloc_gap_2_minus_1,high_minus_low,0,-0.000333690741298742,-0.000333690741298742,high_minus_low_fraction_of_own_steady_state,1
18,emp,xloc_gap_2_minus_1,high_minus_low,0,-0.000311569831012326,-0.000311569831012326,high_minus_low_fraction_of_own_steady_state,1
19,emp,xloc_gap_2_minus_1,high_minus_low,0,-0.000290919952838475,-0.000290919952838475,high_minus_low_fraction_of_own_steady_state,1
20,emp,xloc_gap_2_minus_1,high_minus_low,0,-0.000271799360760494,-0.000271799360760494,high_minus_low_fraction_of_own_steady_state,1
21,emp,xloc_gap_2_minus_1,high_minus_low,0,-0.00025422226075178,-0.00025422226075178,high_minus_low_fraction_of_own_steady_state,1
22,emp,xloc_gap_2_minus_1,high_minus_low,0,-0.000238169499854335,-0.000238169499854335,high_minus_low_fraction_of_own_steady_state,1
23,emp,xloc_gap_2_minus_1,high_minus_low,0,-0.000223596952871108,-0.000223596952871108,high_minus_low_fraction_of_own_steady_state,1
24,emp,xloc_gap_2_minus_1,high_minus_low,0,-0.00021044213988286,-0.00021044213988286,high_minus_low_fraction_of_own_steady_state,1
25,emp,xloc_gap_2_minus_1,high_minus_low,0,-0.000198629477708434,-0.000198629477708434,high_minus_low_fraction_of_own_steady_state,1
26,emp,xloc_gap_2_minus_1,high_minus_low,0,-0.000188074468547517,-0.000188074468547517,high_minus_low_fraction_of_own_steady_state,1
27,emp,xloc_gap_2_minus_1,high_minus_low,0,-0.000178687053435378,-0.000178687053435378,high_minus_low_fraction_of_own_steady_state,1
28,emp,xloc_gap_2_minus_1,high_minus_low,0,-0.000170374301578291,-0.000170374301578291,high_minus_low_fraction_of_own_steady_state,1
29,emp,xloc_gap_2_minus_1,high_minus_low,0,-0.00016304256475641,-0.00016304256475641,high_minus_low_fraction_of_own_steady_state,1
30,emp,xloc_gap_2_minus_1,high_minus_low,0,-0.000156599195214713,-0.000156599195214713,high_minus_low_fraction_of_own_steady_state,1
31,emp,xloc_gap_2_minus_1,high_minus_low,0,-0.000150953903002571,-0.000150953903002571,high_minus_low_fraction_of_own_steady_state,1
32,emp,xloc_gap_2_minus_1,high_minus_low,0,-0.000146019812375719,-0.000146019812375719,high_minus_low_fraction_of_own_steady_state,1
33,emp,xloc_gap_2_minus_1,high_minus_low,0,-0.00014171426498244,-0.00014171426498244,high_minus_low_fraction_of_own_steady_state,1
34,emp,xloc_gap_2_minus_1,high_minus_low,0,-0.000137959408855526,-0.000137959408855526,high_minus_low_fraction_of_own_steady_state,1
35,emp,xloc_gap_2_minus_1,high_minus_low,0,-0.00013468260580185,-0.00013468260580185,high_minus_low_fraction_of_own_steady_state,1
36,emp,xloc_gap_2_minus_1,high_minus_low,0,-0.00013181668494755,-0.00013181668494755,high_minus_low_fraction_of_own_steady_state,1
37,emp,xloc_gap_2_minus_1,high_minus_low,0,-0.000129300066459948,-0.000129300066459948,high_minus_low_fraction_of_own_steady_state,1
38,emp,xloc_gap_2_minus_1,high_minus_low,0,-0.000127076776507584,-0.000127076776507584,high_minus_low_fraction_of_own_steady_state,1
39,emp,xloc_gap_2_minus_1,high_minus_low,0,-0.000125096372064926,-0.000125096372064926,high_minus_low_fraction_of_own_steady_state,1
40,emp,xloc_gap_2_minus_1,high_minus_low,0,-0.000123313792090851,-0.000123313792090851,high_minus_low_fraction_of_own_steady_state,1
1,emp,k_gap_2_minus_1,high_minus_low,0,-4.21494219970953e-05,-3.94529943272474e-06,high_minus_low_fraction_of_own_steady_state,1
2,emp,k_gap_2_minus_1,high_minus_low,0,-9.55931927215659e-05,-8.94778032881999e-06,high_minus_low_fraction_of_own_steady_state,1
3,emp,k_gap_2_minus_1,high_minus_low,0,-0.000138394899739325,-1.29541353964755e-05,high_minus_low_fraction_of_own_steady_state,1
4,emp,k_gap_2_minus_1,high_minus_low,0,-0.000156614814137868,-1.46595684613897e-05,high_minus_low_fraction_of_own_steady_state,1
5,emp,k_gap_2_minus_1,high_minus_low,0,-0.000142975575148085,-1.33828989532551e-05,high_minus_low_fraction_of_own_steady_state,1
6,emp,k_gap_2_minus_1,high_minus_low,0,-9.54151842922357e-05,-8.93111826035073e-06,high_minus_low_fraction_of_own_steady_state,1
7,emp,k_gap_2_minus_1,high_minus_low,0,-1.57051183968804e-05,-1.47004138529721e-06,high_minus_low_fraction_of_own_steady_state,1
8,emp,k_gap_2_minus_1,high_minus_low,0,9.17717274226959e-05,8.59008088333654e-06,high_minus_low_fraction_of_own_steady_state,1
9,emp,k_gap_2_minus_1,high_minus_low,0,0.000221042935841353,2.06902141965981e-05,high_minus_low_fraction_of_own_steady_state,1
10,emp,k_gap_2_minus_1,high_minus_low,0,0.000365361784444573,3.41988471634988e-05,high_minus_low_fraction_of_own_steady_state,1
11,emp,k_gap_2_minus_1,high_minus_low,0,0.000517828826245292,4.84701729616807e-05,high_minus_low_fraction_of_own_steady_state,1
12,emp,k_gap_2_minus_1,high_minus_low,0,0.000671842895933139,6.28863047371761e-05,high_minus_low_fraction_of_own_steady_state,1
13,emp,k_gap_2_minus_1,high_minus_low,0,0.000821408489837694,7.68860471969291e-05,high_minus_low_fraction_of_own_steady_state,1
14,emp,k_gap_2_minus_1,high_minus_low,0,0.00096132660945969,8.99827600773718e-05,high_minus_low_fraction_of_own_steady_state,1
15,emp,k_gap_2_minus_1,high_minus_low,0,0.0010872941843747,0.000101773664396016,high_minus_low_fraction_of_own_steady_state,1
16,emp,k_gap_2_minus_1,high_minus_low,0,0.00119593417302788,0.00011194265996692,high_minus_low_fraction_of_own_steady_state,1
17,emp,k_gap_2_minus_1,high_minus_low,0,0.00128477505814395,0.000120258406115831,high_minus_low_fraction_of_own_steady_state,1
18,emp,k_gap_2_minus_1,high_minus_low,0,0.00135219511418327,0.000126569104963957,high_minus_low_fraction_of_own_steady_state,1
19,emp,k_gap_2_minus_1,high_minus_low,0,0.00139734375208711,0.000130795139084248,high_minus_low_fraction_of_own_steady_state,1
20,emp,k_gap_2_minus_1,high_minus_low,0,0.00142004954748032,0.000132920462693444,high_minus_low_fraction_of_own_steady_state,1
21,emp,k_gap_2_minus_1,high_minus_low,0,0.00142072226510415,0.000132983430875068,high_minus_low_fraction_of_own_steady_state,1
22,emp,k_gap_2_minus_1,high_minus_low,0,0.00140025429333512,0.000131067573584904,high_minus_low_fraction_of_own_steady_state,1
23,emp,k_gap_2_minus_1,high_minus_low,0,0.00135992536374374,0.000127292677145037,high_minus_low_fraction_of_own_steady_state,1
24,emp,k_gap_2_minus_1,high_minus_low,0,0.00130131320723414,0.000121806421417876,high_minus_low_fraction_of_own_steady_state,1
25,emp,k_gap_2_minus_1,high_minus_low,0,0.00122621184261185,0.000114776731395991,high_minus_low_fraction_of_own_steady_state,1
26,emp,k_gap_2_minus_1,high_minus_low,0,0.00113655846037553,0.00010638493332808,high_minus_low_fraction_of_own_steady_state,1
27,emp,k_gap_2_minus_1,high_minus_low,0,0.00103436931291512,9.68197538688226e-05,high_minus_low_fraction_of_own_steady_state,1
28,emp,k_gap_2_minus_1,high_minus_low,0,0.000921684616468355,8.62721627536037e-05,high_minus_low_fraction_of_own_steady_state,1
29,emp,k_gap_2_minus_1,high_minus_low,0,0.000800522179851271,7.4931032322779e-05,high_minus_low_fraction_of_own_steady_state,1
30,emp,k_gap_2_minus_1,high_minus_low,0,0.000672839275123849,6.29795685132762e-05,high_minus_low_fraction_of_own_steady_state,1
31,emp,k_gap_2_minus_1,high_minus_low,0,0.000540502135430998,5.05924557743494e-05,high_minus_low_fraction_of_own_steady_state,1
32,emp,k_gap_2_minus_1,high_minus_low,0,0.000405262388833094,3.79336512106399e-05,high_minus_low_fraction_of_own_steady_state,1
33,emp,k_gap_2_minus_1,high_minus_low,0,0.00026873970082697,2.51547598753864e-05,high_minus_low_fraction_of_own_steady_state,1
34,emp,k_gap_2_minus_1,high_minus_low,0,0.000132409892025009,1.23939225531827e-05,high_minus_low_fraction_of_own_steady_state,1
35,emp,k_gap_2_minus_1,high_minus_low,0,-2.40218694358418e-06,-2.24851168456697e-07,high_minus_low_fraction_of_own_steady_state,1
36,emp,k_gap_2_minus_1,high_minus_low,0,-0.000134525710352662,-1.2591968847825e-05,high_minus_low_fraction_of_own_steady_state,1
37,emp,k_gap_2_minus_1,high_minus_low,0,-0.000262943507694402,-2.46122205855367e-05,high_minus_low_fraction_of_own_steady_state,1
38,emp,k_gap_2_minus_1,high_minus_low,0,-0.000386788866849841,-3.62044797926788e-05,high_minus_low_fraction_of_own_steady_state,1
39,emp,k_gap_2_minus_1,high_minus_low,0,-0.000505340055733328,-4.73011904019749e-05,high_minus_low_fraction_of_own_steady_state,1
40,emp,k_gap_2_minus_1,high_minus_low,0,-0.00061801305446707,-5.78476865797461e-05,high_minus_low_fraction_of_own_steady_state,1
1,emp,inv_gap_2_minus_1,high_minus_low,0,-4.2149421995985e-05,-0.000157811977304833,high_minus_low_fraction_of_own_steady_state,1
2,emp,inv_gap_2_minus_1,high_minus_low,0,-5.44975062754527e-05,-0.000204044535280483,high_minus_low_fraction_of_own_steady_state,1
3,emp,inv_gap_2_minus_1,high_minus_low,0,-4.51915368380185e-05,-0.000169201983043355,high_minus_low_fraction_of_own_steady_state,1
4,emp,inv_gap_2_minus_1,high_minus_low,0,-2.16797868922147e-05,-8.11714579937468e-05,high_minus_low_fraction_of_own_steady_state,1
5,emp,inv_gap_2_minus_1,high_minus_low,0,9.72386863667962e-06,3.64072118652786e-05,high_minus_low_fraction_of_own_steady_state,1
6,emp,inv_gap_2_minus_1,high_minus_low,0,4.39860014771476e-05,0.000164688328762923,high_minus_low_fraction_of_own_steady_state,1
7,emp,inv_gap_2_minus_1,high_minus_low,0,7.73246862866839e-05,0.000289511956736676,high_minus_low_fraction_of_own_steady_state,1
8,emp,inv_gap_2_minus_1,high_minus_low,0,0.000107084217858322,0.000400934849355065,high_minus_low_fraction_of_own_steady_state,1
9,emp,inv_gap_2_minus_1,high_minus_low,0,0.000131565501604425,0.000492595413414548,high_minus_low_fraction_of_own_steady_state,1
10,emp,inv_gap_2_minus_1,high_minus_low,0,0.000149844921999154,0.000561035532872254,high_minus_low_fraction_of_own_steady_state,1
11,emp,inv_gap_2_minus_1,high_minus_low,0,0.000161601086412388,0.000605051879092849,high_minus_low_fraction_of_own_steady_state,1
12,emp,inv_gap_2_minus_1,high_minus_low,0,0.000166959790343757,0.000625115443980667,high_minus_low_fraction_of_own_steady_state,1
13,emp,inv_gap_2_minus_1,high_minus_low,0,0.000166361666302239,0.000622876003124884,high_minus_low_fraction_of_own_steady_state,1
14,emp,inv_gap_2_minus_1,high_minus_low,0,0.000160453331867261,0.000600754562412102,high_minus_low_fraction_of_own_steady_state,1
15,emp,inv_gap_2_minus_1,high_minus_low,0,0.000150000740152034,0.000561618932825126,high_minus_low_fraction_of_own_steady_state,1
16,emp,inv_gap_2_minus_1,high_minus_low,0,0.000135822343263481,0.00050853348723566,high_minus_low_fraction_of_own_steady_state,1
17,emp,inv_gap_2_minus_1,high_minus_low,0,0.000118739239440002,0.000444572505916777,high_minus_low_fraction_of_own_steady_state,1
18,emp,inv_gap_2_minus_1,high_minus_low,0,9.95394324922461e-05,0.000372686360038309,high_minus_low_fraction_of_own_steady_state,1
19,emp,inv_gap_2_minus_1,high_minus_low,0,7.89535157585397e-05,0.000295610469776082,high_minus_low_fraction_of_own_steady_state,1
20,emp,inv_gap_2_minus_1,high_minus_low,0,5.76393891943416e-05,0.000215808083448175,high_minus_low_fraction_of_own_steady_state,1
21,emp,inv_gap_2_minus_1,high_minus_low,0,3.61739563130015e-05,0.000135439189966524,high_minus_low_fraction_of_own_steady_state,1
22,emp,inv_gap_2_minus_1,high_minus_low,0,1.50500848589141e-05,5.63491392697392e-05,high_minus_low_fraction_of_own_steady_state,1
23,emp,inv_gap_2_minus_1,high_minus_low,0,-5.32257225815957e-06,-1.99282840103483e-05,high_minus_low_fraction_of_own_steady_state,1
24,emp,inv_gap_2_minus_1,high_minus_low,0,-2.46140224158808e-05,-9.21575519409412e-05,high_minus_low_fraction_of_own_steady_state,1
25,emp,inv_gap_2_minus_1,high_minus_low,0,-4.25685344414006e-05,-0.000159381179457366,high_minus_low_fraction_of_own_steady_state,1
26,emp,inv_gap_2_minus_1,high_minus_low,0,-5.89980861719352e-05,-0.000220895191323879,high_minus_low_fraction_of_own_steady_state,1
27,emp,inv_gap_2_minus_1,high_minus_low,0,-7.37751859516966e-05,-0.000276222245044737,high_minus_low_fraction_of_own_steady_state,1
28,emp,inv_gap_2_minus_1,high_minus_low,0,-8.68254636242072e-05,-0.00032508389074114,high_minus_low_fraction_of_own_steady_state,1
29,emp,inv_gap_2_minus_1,high_minus_low,0,-9.81203212047643e-05,-0.000367373054477098,high_minus_low_fraction_of_own_steady_state,1
30,emp,inv_gap_2_minus_1,high_minus_low,0,-0.000107669850230585,-0.000403127520055255,high_minus_low_fraction_of_own_steady_state,1
31,emp,inv_gap_2_minus_1,high_minus_low,0,-0.00011551615781541,-0.000432504941046248,high_minus_low_fraction_of_own_steady_state,1
32,emp,inv_gap_2_minus_1,high_minus_low,0,-0.000121727193212462,-0.000455759726775279,high_minus_low_fraction_of_own_steady_state,1
33,emp,inv_gap_2_minus_1,high_minus_low,0,-0.000126391128286163,-0.000473222002202739,high_minus_low_fraction_of_own_steady_state,1
34,emp,inv_gap_2_minus_1,high_minus_low,0,-0.000129611316279865,-0.000485278733007442,high_minus_low_fraction_of_own_steady_state,1
35,emp,inv_gap_2_minus_1,high_minus_low,0,-0.000131501831666825,-0.000492357026308113,high_minus_low_fraction_of_own_steady_state,1
36,emp,inv_gap_2_minus_1,high_minus_low,0,-0.0001321835780842,-0.000494909558348923,high_minus_low_fraction_of_own_steady_state,1
37,emp,inv_gap_2_minus_1,high_minus_low,0,-0.000131780940100412,-0.000493402038355753,high_minus_low_fraction_of_own_steady_state,1
38,emp,inv_gap_2_minus_1,high_minus_low,0,-0.000130418946847455,-0.000488302588869933,high_minus_low_fraction_of_own_steady_state,1
39,emp,inv_gap_2_minus_1,high_minus_low,0,-0.000128220910554699,-0.000480072904164397,high_minus_low_fraction_of_own_steady_state,1
40,emp,inv_gap_2_minus_1,high_minus_low,0,-0.000125306500127709,-0.000469161037515193,high_minus_low_fraction_of_own_steady_state,1
1,emp,qk_gap_2_minus_1,high_minus_low,0,-0.000280104362271438,-0.000280104362271438,high_minus_low_fraction_of_own_steady_state,1
2,emp,qk_gap_2_minus_1,high_minus_low,0,-0.000201816711726366,-0.000201816711726366,high_minus_low_fraction_of_own_steady_state,1
3,emp,qk_gap_2_minus_1,high_minus_low,0,-0.000130769168903755,-0.000130769168903755,high_minus_low_fraction_of_own_steady_state,1
4,emp,qk_gap_2_minus_1,high_minus_low,0,-7.09308952776544e-05,-7.09308952776544e-05,high_minus_low_fraction_of_own_steady_state,1
5,emp,qk_gap_2_minus_1,high_minus_low,0,-2.35490896731694e-05,-2.35490896731694e-05,high_minus_low_fraction_of_own_steady_state,1
6,emp,qk_gap_2_minus_1,high_minus_low,0,1.17643130086442e-05,1.17643130086442e-05,high_minus_low_fraction_of_own_steady_state,1
7,emp,qk_gap_2_minus_1,high_minus_low,0,3.62874107047162e-05,3.62874107047162e-05,high_minus_low_fraction_of_own_steady_state,1
8,emp,qk_gap_2_minus_1,high_minus_low,0,5.16973354982575e-05,5.16973354982575e-05,high_minus_low_fraction_of_own_steady_state,1
9,emp,qk_gap_2_minus_1,high_minus_low,0,5.97621144913241e-05,5.97621144913241e-05,high_minus_low_fraction_of_own_steady_state,1
10,emp,qk_gap_2_minus_1,high_minus_low,0,6.21598417478442e-05,6.21598417478442e-05,high_minus_low_fraction_of_own_steady_state,1
11,emp,qk_gap_2_minus_1,high_minus_low,0,6.03835424544119e-05,6.03835424544119e-05,high_minus_low_fraction_of_own_steady_state,1
12,emp,qk_gap_2_minus_1,high_minus_low,0,5.57015283373374e-05,5.57015283373374e-05,high_minus_low_fraction_of_own_steady_state,1
13,emp,qk_gap_2_minus_1,high_minus_low,0,4.91519636247606e-05,4.91519636247606e-05,high_minus_low_fraction_of_own_steady_state,1
14,emp,qk_gap_2_minus_1,high_minus_low,0,4.15570814453758e-05,4.15570814453758e-05,high_minus_low_fraction_of_own_steady_state,1
15,emp,qk_gap_2_minus_1,high_minus_low,0,3.35474038664074e-05,3.35474038664074e-05,high_minus_low_fraction_of_own_steady_state,1
16,emp,qk_gap_2_minus_1,high_minus_low,0,2.55898147911715e-05,2.55898147911715e-05,high_minus_low_fraction_of_own_steady_state,1
17,emp,qk_gap_2_minus_1,high_minus_low,0,1.80157577507334e-05,1.80157577507334e-05,high_minus_low_fraction_of_own_steady_state,1
18,emp,qk_gap_2_minus_1,high_minus_low,0,1.10474637029512e-05,1.10474637029512e-05,high_minus_low_fraction_of_own_steady_state,1
19,emp,qk_gap_2_minus_1,high_minus_low,0,4.82118050615377e-06,4.82118050615377e-06,high_minus_low_fraction_of_own_steady_state,1
20,emp,qk_gap_2_minus_1,high_minus_low,0,-5.92954452871552e-07,-5.92954452871552e-07,high_minus_low_fraction_of_own_steady_state,1
21,emp,qk_gap_2_minus_1,high_minus_low,0,-5.17435823010892e-06,-5.17435823010892e-06,high_minus_low_fraction_of_own_steady_state,1
22,emp,qk_gap_2_minus_1,high_minus_low,0,-8.93850412375663e-06,-8.93850412375663e-06,high_minus_low_fraction_of_own_steady_state,1
23,emp,qk_gap_2_minus_1,high_minus_low,0,-1.19261200720588e-05,-1.19261200720588e-05,high_minus_low_fraction_of_own_steady_state,1
24,emp,qk_gap_2_minus_1,high_minus_low,0,-1.41946917245894e-05,-1.41946917245894e-05,high_minus_low_fraction_of_own_steady_state,1
25,emp,qk_gap_2_minus_1,high_minus_low,0,-1.58118894209025e-05,-1.58118894209025e-05,high_minus_low_fraction_of_own_steady_state,1
26,emp,qk_gap_2_minus_1,high_minus_low,0,-1.68505717078604e-05,-1.68505717078604e-05,high_minus_low_fraction_of_own_steady_state,1
27,emp,qk_gap_2_minus_1,high_minus_low,0,-1.73850612035231e-05,-1.73850612035231e-05,high_minus_low_fraction_of_own_steady_state,1
28,emp,qk_gap_2_minus_1,high_minus_low,0,-1.74884339944059e-05,-1.74884339944059e-05,high_minus_low_fraction_of_own_steady_state,1
29,emp,qk_gap_2_minus_1,high_minus_low,0,-1.72306070344019e-05,-1.72306070344019e-05,high_minus_low_fraction_of_own_steady_state,1
30,emp,qk_gap_2_minus_1,high_minus_low,0,-1.66770469933741e-05,-1.66770469933741e-05,high_minus_low_fraction_of_own_steady_state,1
31,emp,qk_gap_2_minus_1,high_minus_low,0,-1.58879577981663e-05,-1.58879577981663e-05,high_minus_low_fraction_of_own_steady_state,1
32,emp,qk_gap_2_minus_1,high_minus_low,0,-1.49178326399602e-05,-1.49178326399602e-05,high_minus_low_fraction_of_own_steady_state,1
33,emp,qk_gap_2_minus_1,high_minus_low,0,-1.38152798272451e-05,-1.38152798272451e-05,high_minus_low_fraction_of_own_steady_state,1
34,emp,qk_gap_2_minus_1,high_minus_low,0,-1.26230510920644e-05,-1.26230510920644e-05,high_minus_low_fraction_of_own_steady_state,1
35,emp,qk_gap_2_minus_1,high_minus_low,0,-1.13782164513632e-05,-1.13782164513632e-05,high_minus_low_fraction_of_own_steady_state,1
36,emp,qk_gap_2_minus_1,high_minus_low,0,-1.01124420854859e-05,-1.01124420854859e-05,high_minus_low_fraction_of_own_steady_state,1
37,emp,qk_gap_2_minus_1,high_minus_low,0,-8.85233749448044e-06,-8.85233749448044e-06,high_minus_low_fraction_of_own_steady_state,1
38,emp,qk_gap_2_minus_1,high_minus_low,0,-7.61984593200538e-06,-7.61984593200538e-06,high_minus_low_fraction_of_own_steady_state,1
39,emp,qk_gap_2_minus_1,high_minus_low,0,-6.43265819255667e-06,-6.43265819255667e-06,high_minus_low_fraction_of_own_steady_state,1
40,emp,qk_gap_2_minus_1,high_minus_low,0,-5.30463460779451e-06,-5.30463460779451e-06,high_minus_low_fraction_of_own_steady_state,1
1,emp,n_gap_2_minus_1,high_minus_low,0,-3.04907230781887e-05,-0.000281645578533521,high_minus_low_fraction_of_own_steady_state,1
2,emp,n_gap_2_minus_1,high_minus_low,0,-5.05731067082793e-05,-0.000467148380199614,high_minus_low_fraction_of_own_steady_state,1
3,emp,n_gap_2_minus_1,high_minus_low,0,-6.27946368682297e-05,-0.000580039764363817,high_minus_low_fraction_of_own_steady_state,1
4,emp,n_gap_2_minus_1,high_minus_low,0,-6.9244566555729e-05,-0.000639618350731804,high_minus_low_fraction_of_own_steady_state,1
5,emp,n_gap_2_minus_1,high_minus_low,0,-7.15724059602019e-05,-0.000661120814747651,high_minus_low_fraction_of_own_steady_state,1
6,emp,n_gap_2_minus_1,high_minus_low,0,-7.10435348582755e-05,-0.000656235584342005,high_minus_low_fraction_of_own_steady_state,1
7,emp,n_gap_2_minus_1,high_minus_low,0,-6.86061681244299e-05,-0.000633721406436418,high_minus_low_fraction_of_own_steady_state,1
8,emp,n_gap_2_minus_1,high_minus_low,0,-6.49564791310453e-05,-0.00060000889770472,high_minus_low_fraction_of_own_steady_state,1
9,emp,n_gap_2_minus_1,high_minus_low,0,-6.05959334553513e-05,-0.000559730141231699,high_minus_low_fraction_of_own_steady_state,1
10,emp,n_gap_2_minus_1,high_minus_low,0,-5.587888845697e-05,-0.000516158368134323,high_minus_low_fraction_of_own_steady_state,1
11,emp,n_gap_2_minus_1,high_minus_low,0,-5.10505846001291e-05,-0.000471558886855759,high_minus_low_fraction_of_own_steady_state,1
12,emp,n_gap_2_minus_1,high_minus_low,0,-4.62766062627462e-05,-0.000427461215334792,high_minus_low_fraction_of_own_steady_state,1
13,emp,n_gap_2_minus_1,high_minus_low,0,-4.16652201510603e-05,-0.000384865422970777,high_minus_low_fraction_of_own_steady_state,1
14,emp,n_gap_2_minus_1,high_minus_low,0,-3.72840051591911e-05,-0.000344395742146859,high_minus_low_fraction_of_own_steady_state,1
15,emp,n_gap_2_minus_1,high_minus_low,0,-3.31720410237241e-05,-0.000306413155939478,high_minus_low_fraction_of_own_steady_state,1
16,emp,n_gap_2_minus_1,high_minus_low,0,-2.93487208427035e-05,-0.000271096800156734,high_minus_low_fraction_of_own_steady_state,1
17,emp,n_gap_2_minus_1,high_minus_low,0,-2.5820045329264e-05,-0.000238502103930895,high_minus_low_fraction_of_own_steady_state,1
18,emp,n_gap_2_minus_1,high_minus_low,0,-2.25830688686118e-05,-0.000208601858350562,high_minus_low_fraction_of_own_steady_state,1
19,emp,n_gap_2_minus_1,high_minus_low,0,-1.96290084141515e-05,-0.000181314933616572,high_minus_low_fraction_of_own_steady_state,1
20,emp,n_gap_2_minus_1,high_minus_low,0,-1.6945397399673e-05,-0.00015652617492451,high_minus_low_fraction_of_own_steady_state,1
21,emp,n_gap_2_minus_1,high_minus_low,0,-1.45175656870028e-05,-0.000134100072875582,high_minus_low_fraction_of_own_steady_state,1
22,emp,n_gap_2_minus_1,high_minus_low,0,-1.23296490760344e-05,-0.000113890088412469,high_minus_low_fraction_of_own_steady_state,1
23,emp,n_gap_2_minus_1,high_minus_low,0,-1.03652737171861e-05,-9.57449747993515e-05,high_minus_low_fraction_of_own_steady_state,1
24,emp,n_gap_2_minus_1,high_minus_low,0,-8.60801782756604e-06,-7.95130425360751e-05,high_minus_low_fraction_of_own_steady_state,1
25,emp,n_gap_2_minus_1,high_minus_low,0,-7.04172191617891e-06,-6.50450249365553e-05,high_minus_low_fraction_of_own_steady_state,1
26,emp,n_gap_2_minus_1,high_minus_low,0,-5.65069639432703e-06,-5.21959958449126e-05,high_minus_low_fraction_of_own_steady_state,1
27,emp,n_gap_2_minus_1,high_minus_low,0,-4.41985969268366e-06,-4.08266454354231e-05,high_minus_low_fraction_of_own_steady_state,1
28,emp,n_gap_2_minus_1,high_minus_low,0,-3.33482905465199e-06,-3.08041188790217e-05,high_minus_low_fraction_of_own_steady_state,1
29,emp,n_gap_2_minus_1,high_minus_low,0,-2.3819786779955e-06,-2.20025534028237e-05,high_minus_low_fraction_of_own_steady_state,1
30,emp,n_gap_2_minus_1,high_minus_low,0,-1.54847482829179e-06,-1.43034026362862e-05,high_minus_low_fraction_of_own_steady_state,1
31,emp,n_gap_2_minus_1,high_minus_low,0,-8.22294209362751e-07,-7.59560630054086e-06,high_minus_low_fraction_of_own_steady_state,1
32,emp,n_gap_2_minus_1,high_minus_low,0,-1.92229712606129e-07,-1.77564331549142e-06,high_minus_low_fraction_of_own_steady_state,1
33,emp,n_gap_2_minus_1,high_minus_low,0,3.52113703291912e-07,3.2525062596555e-06,high_minus_low_fraction_of_own_steady_state,1
34,emp,n_gap_2_minus_1,high_minus_low,0,8.20331097495242e-07,7.577472857912e-06,high_minus_low_fraction_of_own_steady_state,1
35,emp,n_gap_2_minus_1,high_minus_low,0,1.221236200874e-06,1.12806697118732e-05,high_minus_low_fraction_of_own_steady_state,1
36,emp,n_gap_2_minus_1,high_minus_low,0,1.56288554042927e-06,1.44365156932194e-05,high_minus_low_fraction_of_own_steady_state,1
37,emp,n_gap_2_minus_1,high_minus_low,0,1.85260710815205e-06,1.71127001295699e-05,high_minus_low_fraction_of_own_steady_state,1
38,emp,n_gap_2_minus_1,high_minus_low,0,2.09703274786643e-06,1.93704819646956e-05,high_minus_low_fraction_of_own_steady_state,1
39,emp,n_gap_2_minus_1,high_minus_low,0,2.3021334983192e-06,2.12650162258477e-05,high_minus_low_fraction_of_own_steady_state,1
40,emp,n_gap_2_minus_1,high_minus_low,0,2.47325717821212e-06,2.28457012001146e-05,high_minus_low_fraction_of_own_steady_state,1
1,emp,w_gap_2_minus_1,high_minus_low,0,-0.000278809633623922,-6.58553584811762e-05,high_minus_low_fraction_of_own_steady_state,1
2,emp,w_gap_2_minus_1,high_minus_low,0,-0.000392125844150826,-9.26208599775981e-05,high_minus_low_fraction_of_own_steady_state,1
3,emp,w_gap_2_minus_1,high_minus_low,0,-0.00040931026287705,-9.66798519169963e-05,high_minus_low_fraction_of_own_steady_state,1
4,emp,w_gap_2_minus_1,high_minus_low,0,-0.000376951397191405,-8.9036627140026e-05,high_minus_low_fraction_of_own_steady_state,1
5,emp,w_gap_2_minus_1,high_minus_low,0,-0.000324799320271296,-7.6718208739375e-05,high_minus_low_fraction_of_own_steady_state,1
6,emp,w_gap_2_minus_1,high_minus_low,0,-0.000270665759840583,-6.39317602164528e-05,high_minus_low_fraction_of_own_steady_state,1
7,emp,w_gap_2_minus_1,high_minus_low,0,-0.000224234211587238,-5.29645414180356e-05,high_minus_low_fraction_of_own_steady_state,1
8,emp,w_gap_2_minus_1,high_minus_low,0,-0.000189891384745344,-4.48527012942451e-05,high_minus_low_fraction_of_own_steady_state,1
9,emp,w_gap_2_minus_1,high_minus_low,0,-0.000168751935430755,-3.985952371063e-05,high_minus_low_fraction_of_own_steady_state,1
10,emp,w_gap_2_minus_1,high_minus_low,0,-0.000160054540626398,-3.78051827423911e-05,high_minus_low_fraction_of_own_steady_state,1
11,emp,w_gap_2_minus_1,high_minus_low,0,-0.000162088359038748,-3.82855744666297e-05,high_minus_low_fraction_of_own_steady_state,1
12,emp,w_gap_2_minus_1,high_minus_low,0,-0.00017278095363249,-4.0811185367918e-05,high_minus_low_fraction_of_own_steady_state,1
13,emp,w_gap_2_minus_1,high_minus_low,0,-0.000190050105020489,-4.48901913209779e-05,high_minus_low_fraction_of_own_steady_state,1
14,emp,w_gap_2_minus_1,high_minus_low,0,-0.00021199642699532,-5.00739537405552e-05,high_minus_low_fraction_of_own_steady_state,1
15,emp,w_gap_2_minus_1,high_minus_low,0,-0.000236992647138834,-5.59781078288817e-05,high_minus_low_fraction_of_own_steady_state,1
16,emp,w_gap_2_minus_1,high_minus_low,0,-0.000263708915372085,-6.22885405026438e-05,high_minus_low_fraction_of_own_steady_state,1
17,emp,w_gap_2_minus_1,high_minus_low,0,-0.000291101051359988,-6.87586144079154e-05,high_minus_low_fraction_of_own_steady_state,1
18,emp,w_gap_2_minus_1,high_minus_low,0,-0.000318379534397728,-7.5201843273157e-05,high_minus_low_fraction_of_own_steady_state,1
19,emp,w_gap_2_minus_1,high_minus_low,0,-0.000344970562893288,-8.1482694085939e-05,high_minus_low_fraction_of_own_steady_state,1
20,emp,w_gap_2_minus_1,high_minus_low,0,-0.000370476029175393,-8.75071330674961e-05,high_minus_low_fraction_of_own_steady_state,1
21,emp,w_gap_2_minus_1,high_minus_low,0,-0.000394636242403656,-9.32138207541745e-05,high_minus_low_fraction_of_own_steady_state,1
22,emp,w_gap_2_minus_1,high_minus_low,0,-0.000417297272371719,-9.85663985424745e-05,high_minus_low_fraction_of_own_steady_state,1
23,emp,w_gap_2_minus_1,high_minus_low,0,-0.000438383563292177,-0.000103547020013676,high_minus_low_fraction_of_own_steady_state,1
24,emp,w_gap_2_minus_1,high_minus_low,0,-0.000457875744677594,-0.00010815110982231,high_minus_low_fraction_of_own_steady_state,1
25,emp,w_gap_2_minus_1,high_minus_low,0,-0.000475793176986983,-0.000112383240945112,high_minus_low_fraction_of_own_steady_state,1
26,emp,w_gap_2_minus_1,high_minus_low,0,-0.000492180593108849,-0.000116253979374263,high_minus_low_fraction_of_own_steady_state,1
27,emp,w_gap_2_minus_1,high_minus_low,0,-0.000507098150752228,-0.000119777534473487,high_minus_low_fraction_of_own_steady_state,1
28,emp,w_gap_2_minus_1,high_minus_low,0,-0.000520614239837514,-0.000122970060070274,high_minus_low_fraction_of_own_steady_state,1
29,emp,w_gap_2_minus_1,high_minus_low,0,-0.000532800456925386,-0.000125848467406564,high_minus_low_fraction_of_own_steady_state,1
30,emp,w_gap_2_minus_1,high_minus_low,0,-0.000543728242622166,-0.000128429630887584,high_minus_low_fraction_of_own_steady_state,1
31,emp,w_gap_2_minus_1,high_minus_low,0,-0.000553466764065647,-0.000130729887921034,high_minus_low_fraction_of_own_steady_state,1
32,emp,w_gap_2_minus_1,high_minus_low,0,-0.000562081705307804,-0.000132764753203207,high_minus_low_fraction_of_own_steady_state,1
33,emp,w_gap_2_minus_1,high_minus_low,0,-0.000569634699854049,-0.000134548784683698,high_minus_low_fraction_of_own_steady_state,1
34,emp,w_gap_2_minus_1,high_minus_low,0,-0.000576183200446501,-0.000136095552807973,high_minus_low_fraction_of_own_steady_state,1
35,emp,w_gap_2_minus_1,high_minus_low,0,-0.000581780631461193,-0.000137417676513868,high_minus_low_fraction_of_own_steady_state,1
36,emp,w_gap_2_minus_1,high_minus_low,0,-0.000586476709846018,-0.000138526899037741,high_minus_low_fraction_of_own_steady_state,1
37,emp,w_gap_2_minus_1,high_minus_low,0,-0.000590317852563693,-0.000139434184153258,high_minus_low_fraction_of_own_steady_state,1
38,emp,w_gap_2_minus_1,high_minus_low,0,-0.000593347613353501,-0.000140149819335341,high_minus_low_fraction_of_own_steady_state,1
39,emp,w_gap_2_minus_1,high_minus_low,0,-0.000595607110566831,-0.000140683516815723,high_minus_low_fraction_of_own_steady_state,1
40,emp,w_gap_2_minus_1,high_minus_low,0,-0.000597135421902095,-0.000141044506820072,high_minus_low_fraction_of_own_steady_state,1
1,emp,rk_gap_2_minus_1,high_minus_low,0,-1.21976339002641e-05,-0.000347500937014718,high_minus_low_fraction_of_own_steady_state,1
2,emp,rk_gap_2_minus_1,high_minus_low,0,-1.95099817585018e-05,-0.000555823940745805,high_minus_low_fraction_of_own_steady_state,1
3,emp,rk_gap_2_minus_1,high_minus_low,0,-2.3439465958959e-05,-0.000667771835953076,high_minus_low_fraction_of_own_steady_state,1
4,emp,rk_gap_2_minus_1,high_minus_low,0,-2.51218225010633e-05,-0.000715700842476333,high_minus_low_fraction_of_own_steady_state,1
5,emp,rk_gap_2_minus_1,high_minus_low,0,-2.53843293557335e-05,-0.00072317945502665,high_minus_low_fraction_of_own_steady_state,1
6,emp,rk_gap_2_minus_1,high_minus_low,0,-2.48088479644498e-05,-0.000706784445605907,high_minus_low_fraction_of_own_steady_state,1
7,emp,rk_gap_2_minus_1,high_minus_low,0,-2.37898791196206e-05,-0.000677754829594946,high_minus_low_fraction_of_own_steady_state,1
8,emp,rk_gap_2_minus_1,high_minus_low,0,-2.25836935627277e-05,-0.0006433915576144,high_minus_low_fraction_of_own_steady_state,1
9,emp,rk_gap_2_minus_1,high_minus_low,0,-2.13477234014756e-05,-0.000608179745826209,high_minus_low_fraction_of_own_steady_state,1
10,emp,rk_gap_2_minus_1,high_minus_low,0,-2.01709276124382e-05,-0.000574653765073777,high_minus_low_fraction_of_own_steady_state,1
11,emp,rk_gap_2_minus_1,high_minus_low,0,-1.90964696665727e-05,-0.00054404330848653,high_minus_low_fraction_of_own_steady_state,1
12,emp,rk_gap_2_minus_1,high_minus_low,0,-1.81381862978253e-05,-0.000516742573664661,high_minus_low_fraction_of_own_steady_state,1
13,emp,rk_gap_2_minus_1,high_minus_low,0,-1.72922289760208e-05,-0.00049264191902908,high_minus_low_fraction_of_own_steady_state,1
14,emp,rk_gap_2_minus_1,high_minus_low,0,-1.65450626991859e-05,-0.000471355743084719,high_minus_low_fraction_of_own_steady_state,1
15,emp,rk_gap_2_minus_1,high_minus_low,0,-1.58787851804523e-05,-0.000452374023845979,high_minus_low_fraction_of_own_steady_state,1
16,emp,rk_gap_2_minus_1,high_minus_low,0,-1.52745206319915e-05,-0.000435159005055297,high_minus_low_fraction_of_own_steady_state,1
17,emp,rk_gap_2_minus_1,high_minus_low,0,-1.47144620162923e-05,-0.00041920337830588,high_minus_low_fraction_of_own_steady_state,1
18,emp,rk_gap_2_minus_1,high_minus_low,0,-1.41829881251943e-05,-0.000404062107739346,high_minus_low_fraction_of_own_steady_state,1
19,emp,rk_gap_2_minus_1,high_minus_low,0,-1.36671656163143e-05,-0.000389366732666218,high_minus_low_fraction_of_own_steady_state,1
20,emp,rk_gap_2_minus_1,high_minus_low,0,-1.31568571069621e-05,-0.000374828447076041,high_minus_low_fraction_of_own_steady_state,1
21,emp,rk_gap_2_minus_1,high_minus_low,0,-1.26445897800156e-05,-0.000360234356322747,high_minus_low_fraction_of_own_steady_state,1
22,emp,rk_gap_2_minus_1,high_minus_low,0,-1.21252900450314e-05,-0.00034543991782967,high_minus_low_fraction_of_own_steady_state,1
23,emp,rk_gap_2_minus_1,high_minus_low,0,-1.15959545472916e-05,-0.000330359568397658,high_minus_low_fraction_of_own_steady_state,1
24,emp,rk_gap_2_minus_1,high_minus_low,0,-1.10553028537727e-05,-0.000314956829503164,high_minus_low_fraction_of_own_steady_state,1
25,emp,rk_gap_2_minus_1,high_minus_low,0,-1.05034397814632e-05,-0.00029923468729924,high_minus_low_fraction_of_own_steady_state,1
26,emp,rk_gap_2_minus_1,high_minus_low,0,-9.9415434897665e-06,-0.00028322670661493,high_minus_low_fraction_of_own_steady_state,1
27,emp,rk_gap_2_minus_1,high_minus_low,0,-9.37158756057765e-06,-0.0002669891132366,high_minus_low_fraction_of_own_steady_state,1
28,emp,rk_gap_2_minus_1,high_minus_low,0,-8.79610016708832e-06,-0.000250593932817767,high_minus_low_fraction_of_own_steady_state,1
29,emp,rk_gap_2_minus_1,high_minus_low,0,-8.21796023110777e-06,-0.000234123183562494,high_minus_low_fraction_of_own_steady_state,1
30,emp,rk_gap_2_minus_1,high_minus_low,0,-7.64022857389218e-06,-0.000217664065846137,high_minus_low_fraction_of_own_steady_state,1
31,emp,rk_gap_2_minus_1,high_minus_low,0,-7.06601104042553e-06,-0.000201305062734425,high_minus_low_fraction_of_own_steady_state,1
32,emp,rk_gap_2_minus_1,high_minus_low,0,-6.49835011835159e-06,-0.000185132852292606,high_minus_low_fraction_of_own_steady_state,1
33,emp,rk_gap_2_minus_1,high_minus_low,0,-5.94014146949179e-06,-0.000169229929634442,high_minus_low_fraction_of_own_steady_state,1
34,emp,rk_gap_2_minus_1,high_minus_low,0,-5.39407190294078e-06,-0.000153672839824787,high_minus_low_fraction_of_own_steady_state,1
35,emp,rk_gap_2_minus_1,high_minus_low,0,-4.86257555058767e-06,-0.000138530929354871,high_minus_low_fraction_of_own_steady_state,1
36,emp,rk_gap_2_minus_1,high_minus_low,0,-4.34780529607465e-06,-0.000123865532175939,high_minus_low_fraction_of_own_steady_state,1
37,emp,rk_gap_2_minus_1,high_minus_low,0,-3.85161682055213e-06,-0.000109729515175442,high_minus_low_fraction_of_own_steady_state,1
38,emp,rk_gap_2_minus_1,high_minus_low,0,-3.37556293764779e-06,-9.61671167847858e-05,high_minus_low_fraction_of_own_steady_state,1
39,emp,rk_gap_2_minus_1,high_minus_low,0,-2.92089618453978e-06,-8.32140207969604e-05,high_minus_low_fraction_of_own_steady_state,1
40,emp,rk_gap_2_minus_1,high_minus_low,0,-2.48857790789703e-06,-7.08976152177857e-05,high_minus_low_fraction_of_own_steady_state,1
