period,shock,variable,region,steady_state,raw_response,relative_response,transformation
1,emp,mp,national,0,0.0025,NaN,raw_level_only
2,emp,mp,national,0,7.60598257130963e-20,NaN,raw_level_only
3,emp,mp,national,0,6.17203161939368e-20,NaN,raw_level_only
4,emp,mp,national,0,5.34450470140077e-20,NaN,raw_level_only
5,emp,mp,national,0,4.85433982356269e-20,NaN,raw_level_only
6,emp,mp,national,0,4.54494974016895e-20,NaN,raw_level_only
7,emp,mp,national,0,4.32740035714344e-20,NaN,raw_level_only
8,emp,mp,national,0,4.15280409458795e-20,NaN,raw_level_only
9,emp,mp,national,0,3.99552260699247e-20,NaN,raw_level_only
10,emp,mp,national,0,3.84308652639692e-20,NaN,raw_level_only
11,emp,mp,national,0,3.69024272930131e-20,NaN,raw_level_only
12,emp,mp,national,0,3.53550678020446e-20,NaN,raw_level_only
13,emp,mp,national,0,3.37921476284429e-20,NaN,raw_level_only
14,emp,mp,national,0,3.22245799519085e-20,NaN,raw_level_only
15,emp,mp,national,0,3.06652746047498e-20,NaN,raw_level_only
16,emp,mp,national,0,2.91264528127283e-20,NaN,raw_level_only
17,emp,mp,national,0,2.76185256940289e-20,NaN,raw_level_only
18,emp,mp,national,0,2.61497851405252e-20,NaN,raw_level_only
19,emp,mp,national,0,2.47264859672012e-20,NaN,raw_level_only
20,emp,mp,national,0,2.3353091271409e-20,NaN,raw_level_only
21,emp,mp,national,0,2.20325634389507e-20,NaN,raw_level_only
22,emp,mp,national,0,2.07666447969179e-20,NaN,raw_level_only
23,emp,mp,national,0,1.95561049907719e-20,NaN,raw_level_only
24,emp,mp,national,0,1.840094902066e-20,NaN,raw_level_only
25,emp,mp,national,0,1.73005877528347e-20,NaN,raw_level_only
26,emp,mp,national,0,1.62539758247095e-20,NaN,raw_level_only
27,emp,mp,national,0,1.52597225642481e-20,NaN,raw_level_only
28,emp,mp,national,0,1.43161811524496e-20,NaN,raw_level_only
29,emp,mp,national,0,1.34215204599239e-20,NaN,raw_level_only
30,emp,mp,national,0,1.2573783125059e-20,NaN,raw_level_only
31,emp,mp,national,0,1.17709326624085e-20,NaN,raw_level_only
32,emp,mp,national,0,1.10108917470596e-20,NaN,raw_level_only
33,emp,mp,national,0,1.02915733172972e-20,NaN,raw_level_only
34,emp,mp,national,0,9.61090575678485e-21,NaN,raw_level_only
35,emp,mp,national,0,8.96685313537701e-21,NaN,raw_level_only
36,emp,mp,national,0,8.35743128165397e-21,NaN,raw_level_only
37,emp,mp,national,0,7.78072031064815e-21,NaN,raw_level_only
38,emp,mp,national,0,7.23487412127071e-21,NaN,raw_level_only
39,emp,mp,national,0,6.71812729767516e-21,NaN,raw_level_only
40,emp,mp,national,0,6.22879978839269e-21,NaN,raw_level_only
1,emp,r,national,1.01010101010101,0.00181226535138879,0.0017941426978749,raw_and_relative_to_steady_state
2,emp,r,national,1.01010101010101,0.000928928870347123,0.000919639581643652,raw_and_relative_to_steady_state
3,emp,r,national,1.01010101010101,0.000441313072187421,0.000436899941465547,raw_and_relative_to_steady_state
4,emp,r,national,1.01010101010101,0.00018254481922364,0.000180719371031404,raw_and_relative_to_steady_state
5,emp,r,national,1.01010101010101,5.30403775629296e-05,5.25099737873003e-05,raw_and_relative_to_steady_state
6,emp,r,national,1.01010101010101,-5.65106219063694e-06,-5.59455156873057e-06,raw_and_relative_to_steady_state
7,emp,r,national,1.01010101010101,-2.71585093079008e-05,-2.68869242148217e-05,raw_and_relative_to_steady_state
8,emp,r,national,1.01010101010101,-3.03506618017924e-05,-3.00471551837744e-05,raw_and_relative_to_steady_state
9,emp,r,national,1.01010101010101,-2.54691673826635e-05,-2.52144757088368e-05,raw_and_relative_to_steady_state
10,emp,r,national,1.01010101010101,-1.78181750647433e-05,-1.76399933140958e-05,raw_and_relative_to_steady_state
11,emp,r,national,1.01010101010101,-9.95041196705237e-06,-9.85090784738185e-06,raw_and_relative_to_steady_state
12,emp,r,national,1.01010101010101,-2.93939863693637e-06,-2.91000465056701e-06,raw_and_relative_to_steady_state
13,emp,r,national,1.01010101010101,2.89630873928637e-06,2.8673456518935e-06,raw_and_relative_to_steady_state
14,emp,r,national,1.01010101010101,7.59233946223681e-06,7.51641606761444e-06,raw_and_relative_to_steady_state
15,emp,r,national,1.01010101010101,1.13251312900964e-05,1.12118799771954e-05,raw_and_relative_to_steady_state
16,emp,r,national,1.01010101010101,1.43046429619265e-05,1.41615965323072e-05,raw_and_relative_to_steady_state
17,emp,r,national,1.01010101010101,1.67253462064476e-05,1.65580927443831e-05,raw_and_relative_to_steady_state
18,emp,r,national,1.01010101010101,1.87479288364933e-05,1.85604495481284e-05,raw_and_relative_to_steady_state
19,emp,r,national,1.01010101010101,2.04961949656912e-05,2.02912330160343e-05,raw_and_relative_to_steady_state
20,emp,r,national,1.01010101010101,2.20607070036127e-05,2.18400999335766e-05,raw_and_relative_to_steady_state
21,emp,r,national,1.01010101010101,2.35047637675567e-05,2.32697161298812e-05,raw_and_relative_to_steady_state
22,emp,r,national,1.01010101010101,2.48705733869592e-05,2.46218676530896e-05,raw_and_relative_to_steady_state
23,emp,r,national,1.01010101010101,2.618470311333e-05,2.59228560821967e-05,raw_and_relative_to_steady_state
24,emp,r,national,1.01010101010101,2.74625175697985e-05,2.71878923941005e-05,raw_and_relative_to_steady_state
25,emp,r,national,1.01010101010101,2.87116166088897e-05,2.84245004428008e-05,raw_and_relative_to_steady_state
26,emp,r,national,1.01010101010101,2.99344070364693e-05,2.96350629661046e-05,raw_and_relative_to_steady_state
27,emp,r,national,1.01010101010101,3.1129976073796e-05,3.0818676313058e-05,raw_and_relative_to_steady_state
28,emp,r,national,1.01010101010101,3.22954264406761e-05,3.19724721762693e-05,raw_and_relative_to_steady_state
29,emp,r,national,1.01010101010101,3.34268087878176e-05,3.30925406999394e-05,raw_and_relative_to_steady_state
30,emp,r,national,1.01010101010101,3.45197595175151e-05,3.41745619223399e-05,raw_and_relative_to_steady_state
31,emp,r,national,1.01010101010101,3.5569926550183e-05,3.52142272846812e-05,raw_and_relative_to_steady_state
32,emp,r,national,1.01010101010101,3.65732443603495e-05,3.6207511916746e-05,raw_and_relative_to_steady_state
33,emp,r,national,1.01010101010101,3.75261029517127e-05,3.71508419221955e-05,raw_and_relative_to_steady_state
34,emp,r,national,1.01010101010101,3.8425442834944e-05,3.80411884065945e-05,raw_and_relative_to_steady_state
35,emp,r,national,1.01010101010101,3.92687988171048e-05,3.88761108289337e-05,raw_and_relative_to_steady_state
36,emp,r,national,1.01010101010101,4.00543087226701e-05,3.96537656354434e-05,raw_and_relative_to_steady_state
37,emp,r,national,1.01010101010101,4.07806984139558e-05,4.03728914298163e-05,raw_and_relative_to_steady_state
38,emp,r,national,1.01010101010101,4.14472511309771e-05,4.10327786196674e-05,raw_and_relative_to_steady_state
39,emp,r,national,1.01010101010101,4.20537668224252e-05,4.1633229154201e-05,raw_and_relative_to_steady_state
40,emp,r,national,1.01010101010101,4.26005155003129e-05,4.21745103453097e-05,raw_and_relative_to_steady_state
1,emp,pinfagg,national,1,-0.00169330309935178,-0.00169330309935178,raw_and_relative_to_steady_state
2,emp,pinfagg,national,1,-0.000971000942637579,-0.000971000942637579,raw_and_relative_to_steady_state
3,emp,pinfagg,national,1,-0.000533419753126263,-0.000533419753126263,raw_and_relative_to_steady_state
4,emp,pinfagg,national,1,-0.000272361405108335,-0.000272361405108335,raw_and_relative_to_steady_state
5,emp,pinfagg,national,1,-0.00011951221007056,-0.00011951221007056,raw_and_relative_to_steady_state
6,emp,pinfagg,national,1,-3.21651724149996e-05,-3.21651724149996e-05,raw_and_relative_to_steady_state
7,emp,pinfagg,national,1,1.61013930757292e-05,1.61013930757292e-05,raw_and_relative_to_steady_state
8,emp,pinfagg,national,1,4.14514435156388e-05,4.14514435156388e-05,raw_and_relative_to_steady_state
9,emp,pinfagg,national,1,5.36521647480637e-05,5.36521647480637e-05,raw_and_relative_to_steady_state
10,emp,pinfagg,national,1,5.85236395382882e-05,5.85236395382882e-05,raw_and_relative_to_steady_state
11,emp,pinfagg,national,1,5.94779781646348e-05,5.94779781646348e-05,raw_and_relative_to_steady_state
12,emp,pinfagg,national,1,5.8476540419683e-05,5.8476540419683e-05,raw_and_relative_to_steady_state
13,emp,pinfagg,national,1,5.66188301314163e-05,5.66188301314163e-05,raw_and_relative_to_steady_state
14,emp,pinfagg,national,1,5.45005538072907e-05,5.45005538072907e-05,raw_and_relative_to_steady_state
15,emp,pinfagg,national,1,5.24285130840685e-05,5.24285130840685e-05,raw_and_relative_to_steady_state
16,emp,pinfagg,national,1,5.05476923733372e-05,5.05476923733372e-05,raw_and_relative_to_steady_state
17,emp,pinfagg,national,1,4.89151506568586e-05,4.89151506568586e-05,raw_and_relative_to_steady_state
18,emp,pinfagg,national,1,4.75421234733542e-05,4.75421234733542e-05,raw_and_relative_to_steady_state
19,emp,pinfagg,national,1,4.64174231751269e-05,4.64174231751269e-05,raw_and_relative_to_steady_state
20,emp,pinfagg,national,1,4.55200384028576e-05,4.55200384028576e-05,raw_and_relative_to_steady_state
21,emp,pinfagg,national,1,4.48256340381814e-05,4.48256340381814e-05,raw_and_relative_to_steady_state
22,emp,pinfagg,national,1,4.43097024338535e-05,4.43097024338535e-05,raw_and_relative_to_steady_state
23,emp,pinfagg,national,1,4.39489433599061e-05,4.39489433599061e-05,raw_and_relative_to_steady_state
24,emp,pinfagg,national,1,4.37217548492352e-05,4.37217548492352e-05,raw_and_relative_to_steady_state
25,emp,pinfagg,national,1,4.36083124311093e-05,4.36083124311093e-05,raw_and_relative_to_steady_state
26,emp,pinfagg,national,1,4.3590483763678e-05,4.3590483763678e-05,raw_and_relative_to_steady_state
27,emp,pinfagg,national,1,4.36516980100166e-05,4.36516980100166e-05,raw_and_relative_to_steady_state
28,emp,pinfagg,national,1,4.37768211729583e-05,4.37768211729583e-05,raw_and_relative_to_steady_state
29,emp,pinfagg,national,1,4.39520541766214e-05,4.39520541766214e-05,raw_and_relative_to_steady_state
30,emp,pinfagg,national,1,4.4164854540174e-05,4.4164854540174e-05,raw_and_relative_to_steady_state
31,emp,pinfagg,national,1,4.44038762961174e-05,4.44038762961174e-05,raw_and_relative_to_steady_state
32,emp,pinfagg,national,1,4.46589214162518e-05,4.46589214162518e-05,raw_and_relative_to_steady_state
33,emp,pinfagg,national,1,4.49208967518988e-05,4.49208967518988e-05,raw_and_relative_to_steady_state
34,emp,pinfagg,national,1,4.5181771988867e-05,4.5181771988867e-05,raw_and_relative_to_steady_state
35,emp,pinfagg,national,1,4.54345356584174e-05,4.54345356584174e-05,raw_and_relative_to_steady_state
36,emp,pinfagg,national,1,4.56731475833028e-05,4.56731475833028e-05,raw_and_relative_to_steady_state
37,emp,pinfagg,national,1,4.58924871598043e-05,4.58924871598043e-05,raw_and_relative_to_steady_state
38,emp,pinfagg,national,1,4.60882975914512e-05,4.60882975914512e-05,raw_and_relative_to_steady_state
39,emp,pinfagg,national,1,4.62571266703904e-05,4.62571266703904e-05,raw_and_relative_to_steady_state
40,emp,pinfagg,national,1,4.63962649606131e-05,4.63962649606131e-05,raw_and_relative_to_steady_state
1,emp,pinf1,low_debt,1,-0.0016556120840211,-0.0016556120840211,raw_and_relative_to_steady_state
2,emp,pinf1,low_debt,1,-0.000937841771269765,-0.000937841771269765,raw_and_relative_to_steady_state
3,emp,pinf1,low_debt,1,-0.000507120696231489,-0.000507120696231489,raw_and_relative_to_steady_state
4,emp,pinf1,low_debt,1,-0.000253603944192382,-0.000253603944192382,raw_and_relative_to_steady_state
5,emp,pinf1,low_debt,1,-0.000107995320430376,-0.000107995320430376,raw_and_relative_to_steady_state
6,emp,pinf1,low_debt,1,-2.70599420315598e-05,-2.70599420315598e-05,raw_and_relative_to_steady_state
7,emp,pinf1,low_debt,1,1.58534574374869e-05,1.58534574374869e-05,raw_and_relative_to_steady_state
8,emp,pinf1,low_debt,1,3.69524763113027e-05,3.69524763113027e-05,raw_and_relative_to_steady_state
9,emp,pinf1,low_debt,1,4.59400510881558e-05,4.59400510881558e-05,raw_and_relative_to_steady_state
10,emp,pinf1,low_debt,1,4.85164353722922e-05,4.85164353722922e-05,raw_and_relative_to_steady_state
11,emp,pinf1,low_debt,1,4.7951976716476e-05,4.7951976716476e-05,raw_and_relative_to_steady_state
12,emp,pinf1,low_debt,1,4.60648637348182e-05,4.60648637348182e-05,raw_and_relative_to_steady_state
13,emp,pinf1,low_debt,1,4.38216051625862e-05,4.38216051625862e-05,raw_and_relative_to_steady_state
14,emp,pinf1,low_debt,1,4.1700786969967e-05,4.1700786969967e-05,raw_and_relative_to_steady_state
15,emp,pinf1,low_debt,1,3.99099461465546e-05,3.99099461465546e-05,raw_and_relative_to_steady_state
16,emp,pinf1,low_debt,1,3.85124201827125e-05,3.85124201827125e-05,raw_and_relative_to_steady_state
17,emp,pinf1,low_debt,1,3.74997850551839e-05,3.74997850551839e-05,raw_and_relative_to_steady_state
18,emp,pinf1,low_debt,1,3.6831937967996e-05,3.6831937967996e-05,raw_and_relative_to_steady_state
19,emp,pinf1,low_debt,1,3.64583162315579e-05,3.64583162315579e-05,raw_and_relative_to_steady_state
20,emp,pinf1,low_debt,1,3.63283886222199e-05,3.63283886222199e-05,raw_and_relative_to_steady_state
21,emp,pinf1,low_debt,1,3.63962449969613e-05,3.63962449969613e-05,raw_and_relative_to_steady_state
22,emp,pinf1,low_debt,1,3.6622088757543e-05,3.6622088757543e-05,raw_and_relative_to_steady_state
23,emp,pinf1,low_debt,1,3.69722203510392e-05,3.69722203510392e-05,raw_and_relative_to_steady_state
24,emp,pinf1,low_debt,1,3.74183802369643e-05,3.74183802369643e-05,raw_and_relative_to_steady_state
25,emp,pinf1,low_debt,1,3.79369026419774e-05,3.79369026419774e-05,raw_and_relative_to_steady_state
26,emp,pinf1,low_debt,1,3.85078961153695e-05,3.85078961153695e-05,raw_and_relative_to_steady_state
27,emp,pinf1,low_debt,1,3.9114538927798e-05,3.9114538927798e-05,raw_and_relative_to_steady_state
28,emp,pinf1,low_debt,1,3.97425114269101e-05,3.97425114269101e-05,raw_and_relative_to_steady_state
29,emp,pinf1,low_debt,1,4.03795564345444e-05,4.03795564345444e-05,raw_and_relative_to_steady_state
30,emp,pinf1,low_debt,1,4.1015146625023e-05,4.1015146625023e-05,raw_and_relative_to_steady_state
31,emp,pinf1,low_debt,1,4.16402353489165e-05,4.16402353489165e-05,raw_and_relative_to_steady_state
32,emp,pinf1,low_debt,1,4.22470693766108e-05,4.22470693766108e-05,raw_and_relative_to_steady_state
33,emp,pinf1,low_debt,1,4.28290457490377e-05,4.28290457490377e-05,raw_and_relative_to_steady_state
34,emp,pinf1,low_debt,1,4.33805989059621e-05,4.33805989059621e-05,raw_and_relative_to_steady_state
35,emp,pinf1,low_debt,1,4.38971078748907e-05,4.38971078748907e-05,raw_and_relative_to_steady_state
36,emp,pinf1,low_debt,1,4.43748162906044e-05,4.43748162906044e-05,raw_and_relative_to_steady_state
37,emp,pinf1,low_debt,1,4.48107603696624e-05,4.48107603696624e-05,raw_and_relative_to_steady_state
38,emp,pinf1,low_debt,1,4.52027017046053e-05,4.52027017046053e-05,raw_and_relative_to_steady_state
39,emp,pinf1,low_debt,1,4.55490630291155e-05,4.55490630291155e-05,raw_and_relative_to_steady_state
40,emp,pinf1,low_debt,1,4.58488659786926e-05,4.58488659786926e-05,raw_and_relative_to_steady_state
1,emp,pinf2,high_debt,1,-0.00173099411468247,-0.00173099411468247,raw_and_relative_to_steady_state
2,emp,pinf2,high_debt,1,-0.0010041601140045,-0.0010041601140045,raw_and_relative_to_steady_state
3,emp,pinf2,high_debt,1,-0.00055971881002026,-0.00055971881002026,raw_and_relative_to_steady_state
4,emp,pinf2,high_debt,1,-0.00029111886602351,-0.00029111886602351,raw_and_relative_to_steady_state
5,emp,pinf2,high_debt,1,-0.000131029099709967,-0.000131029099709967,raw_and_relative_to_steady_state
6,emp,pinf2,high_debt,1,-3.72704027978843e-05,-3.72704027978843e-05,raw_and_relative_to_steady_state
7,emp,pinf2,high_debt,1,1.63493287146377e-05,1.63493287146377e-05,raw_and_relative_to_steady_state
8,emp,pinf2,high_debt,1,4.59504107204189e-05,4.59504107204189e-05,raw_and_relative_to_steady_state
9,emp,pinf2,high_debt,1,6.13642784086377e-05,6.13642784086377e-05,raw_and_relative_to_steady_state
10,emp,pinf2,high_debt,1,6.85308437047283e-05,6.85308437047283e-05,raw_and_relative_to_steady_state
11,emp,pinf2,high_debt,1,7.10039796132378e-05,7.10039796132378e-05,raw_and_relative_to_steady_state
12,emp,pinf2,high_debt,1,7.08882171047698e-05,7.08882171047698e-05,raw_and_relative_to_steady_state
13,emp,pinf2,high_debt,1,6.94160551004686e-05,6.94160551004686e-05,raw_and_relative_to_steady_state
14,emp,pinf2,high_debt,1,6.73003206450584e-05,6.73003206450584e-05,raw_and_relative_to_steady_state
15,emp,pinf2,high_debt,1,6.49470800215823e-05,6.49470800215823e-05,raw_and_relative_to_steady_state
16,emp,pinf2,high_debt,1,6.2582964563962e-05,6.2582964563962e-05,raw_and_relative_to_steady_state
17,emp,pinf2,high_debt,1,6.03305162585333e-05,6.03305162585333e-05,raw_and_relative_to_steady_state
18,emp,pinf2,high_debt,1,5.82523089784903e-05,5.82523089784903e-05,raw_and_relative_to_steady_state
19,emp,pinf2,high_debt,1,5.63765301186958e-05,5.63765301186958e-05,raw_and_relative_to_steady_state
20,emp,pinf2,high_debt,1,5.47116881834953e-05,5.47116881834953e-05,raw_and_relative_to_steady_state
21,emp,pinf2,high_debt,1,5.32550230794016e-05,5.32550230794016e-05,raw_and_relative_to_steady_state
22,emp,pinf2,high_debt,1,5.19973161097198e-05,5.19973161097198e-05,raw_and_relative_to_steady_state
23,emp,pinf2,high_debt,1,5.09256663683288e-05,5.09256663683288e-05,raw_and_relative_to_steady_state
24,emp,pinf2,high_debt,1,5.00251294612841e-05,5.00251294612841e-05,raw_and_relative_to_steady_state
25,emp,pinf2,high_debt,1,4.92797222200192e-05,4.92797222200192e-05,raw_and_relative_to_steady_state
26,emp,pinf2,high_debt,1,4.86730714115424e-05,4.86730714115424e-05,raw_and_relative_to_steady_state
27,emp,pinf2,high_debt,1,4.8188857091791e-05,4.8188857091791e-05,raw_and_relative_to_steady_state
28,emp,pinf2,high_debt,1,4.78111309190066e-05,4.78111309190066e-05,raw_and_relative_to_steady_state
29,emp,pinf2,high_debt,1,4.75245519186984e-05,4.75245519186984e-05,raw_and_relative_to_steady_state
30,emp,pinf2,high_debt,1,4.7314562455103e-05,4.7314562455103e-05,raw_and_relative_to_steady_state
31,emp,pinf2,high_debt,1,4.71675172433184e-05,4.71675172433184e-05,raw_and_relative_to_steady_state
32,emp,pinf2,high_debt,1,4.70707734556708e-05,4.70707734556708e-05,raw_and_relative_to_steady_state
33,emp,pinf2,high_debt,1,4.70127477547599e-05,4.70127477547599e-05,raw_and_relative_to_steady_state
34,emp,pinf2,high_debt,1,4.69829450715498e-05,4.69829450715498e-05,raw_and_relative_to_steady_state
35,emp,pinf2,high_debt,1,4.69719634417221e-05,4.69719634417221e-05,raw_and_relative_to_steady_state
36,emp,pinf2,high_debt,1,4.69714788760012e-05,4.69714788760012e-05,raw_and_relative_to_steady_state
37,emp,pinf2,high_debt,1,4.69742139499463e-05,4.69742139499463e-05,raw_and_relative_to_steady_state
38,emp,pinf2,high_debt,1,4.69738934782971e-05,4.69738934782971e-05,raw_and_relative_to_steady_state
39,emp,pinf2,high_debt,1,4.69651903116652e-05,4.69651903116652e-05,raw_and_relative_to_steady_state
40,emp,pinf2,high_debt,1,4.69436639425336e-05,4.69436639425336e-05,raw_and_relative_to_steady_state
1,emp,rb1,low_debt,1.01010101010101,0.00181226535138879,0.0017941426978749,raw_and_relative_to_steady_state
2,emp,rb1,low_debt,1.01010101010101,0.000928928870346901,0.000919639581643432,raw_and_relative_to_steady_state
3,emp,rb1,low_debt,1.01010101010101,0.000441313072187199,0.000436899941465327,raw_and_relative_to_steady_state
4,emp,rb1,low_debt,1.01010101010101,0.00018254481922364,0.000180719371031404,raw_and_relative_to_steady_state
5,emp,rb1,low_debt,1.01010101010101,5.30403775629296e-05,5.25099737873003e-05,raw_and_relative_to_steady_state
6,emp,rb1,low_debt,1.01010101010101,-5.65106219063694e-06,-5.59455156873057e-06,raw_and_relative_to_steady_state
7,emp,rb1,low_debt,1.01010101010101,-2.71585093079008e-05,-2.68869242148217e-05,raw_and_relative_to_steady_state
8,emp,rb1,low_debt,1.01010101010101,-3.03506618017924e-05,-3.00471551837744e-05,raw_and_relative_to_steady_state
9,emp,rb1,low_debt,1.01010101010101,-2.54691673826635e-05,-2.52144757088368e-05,raw_and_relative_to_steady_state
10,emp,rb1,low_debt,1.01010101010101,-1.78181750647433e-05,-1.76399933140958e-05,raw_and_relative_to_steady_state
11,emp,rb1,low_debt,1.01010101010101,-9.95041196705237e-06,-9.85090784738185e-06,raw_and_relative_to_steady_state
12,emp,rb1,low_debt,1.01010101010101,-2.93939863693637e-06,-2.91000465056701e-06,raw_and_relative_to_steady_state
13,emp,rb1,low_debt,1.01010101010101,2.89630873928637e-06,2.8673456518935e-06,raw_and_relative_to_steady_state
14,emp,rb1,low_debt,1.01010101010101,7.59233946223681e-06,7.51641606761444e-06,raw_and_relative_to_steady_state
15,emp,rb1,low_debt,1.01010101010101,1.13251312900964e-05,1.12118799771954e-05,raw_and_relative_to_steady_state
16,emp,rb1,low_debt,1.01010101010101,1.43046429619265e-05,1.41615965323072e-05,raw_and_relative_to_steady_state
17,emp,rb1,low_debt,1.01010101010101,1.67253462064476e-05,1.65580927443831e-05,raw_and_relative_to_steady_state
18,emp,rb1,low_debt,1.01010101010101,1.87479288364933e-05,1.85604495481284e-05,raw_and_relative_to_steady_state
19,emp,rb1,low_debt,1.01010101010101,2.04961949656912e-05,2.02912330160343e-05,raw_and_relative_to_steady_state
20,emp,rb1,low_debt,1.01010101010101,2.20607070036127e-05,2.18400999335766e-05,raw_and_relative_to_steady_state
21,emp,rb1,low_debt,1.01010101010101,2.35047637675567e-05,2.32697161298812e-05,raw_and_relative_to_steady_state
22,emp,rb1,low_debt,1.01010101010101,2.48705733869592e-05,2.46218676530896e-05,raw_and_relative_to_steady_state
23,emp,rb1,low_debt,1.01010101010101,2.618470311333e-05,2.59228560821967e-05,raw_and_relative_to_steady_state
24,emp,rb1,low_debt,1.01010101010101,2.74625175697985e-05,2.71878923941005e-05,raw_and_relative_to_steady_state
25,emp,rb1,low_debt,1.01010101010101,2.87116166088897e-05,2.84245004428008e-05,raw_and_relative_to_steady_state
26,emp,rb1,low_debt,1.01010101010101,2.99344070364693e-05,2.96350629661046e-05,raw_and_relative_to_steady_state
27,emp,rb1,low_debt,1.01010101010101,3.1129976073796e-05,3.0818676313058e-05,raw_and_relative_to_steady_state
28,emp,rb1,low_debt,1.01010101010101,3.22954264408981e-05,3.19724721764891e-05,raw_and_relative_to_steady_state
29,emp,rb1,low_debt,1.01010101010101,3.34268087878176e-05,3.30925406999394e-05,raw_and_relative_to_steady_state
30,emp,rb1,low_debt,1.01010101010101,3.45197595175151e-05,3.41745619223399e-05,raw_and_relative_to_steady_state
31,emp,rb1,low_debt,1.01010101010101,3.5569926550183e-05,3.52142272846812e-05,raw_and_relative_to_steady_state
32,emp,rb1,low_debt,1.01010101010101,3.65732443603495e-05,3.6207511916746e-05,raw_and_relative_to_steady_state
33,emp,rb1,low_debt,1.01010101010101,3.75261029517127e-05,3.71508419221955e-05,raw_and_relative_to_steady_state
34,emp,rb1,low_debt,1.01010101010101,3.8425442834944e-05,3.80411884065945e-05,raw_and_relative_to_steady_state
35,emp,rb1,low_debt,1.01010101010101,3.92687988171048e-05,3.88761108289337e-05,raw_and_relative_to_steady_state
36,emp,rb1,low_debt,1.01010101010101,4.00543087228922e-05,3.96537656356632e-05,raw_and_relative_to_steady_state
37,emp,rb1,low_debt,1.01010101010101,4.07806984141779e-05,4.03728914300361e-05,raw_and_relative_to_steady_state
38,emp,rb1,low_debt,1.01010101010101,4.14472511309771e-05,4.10327786196674e-05,raw_and_relative_to_steady_state
39,emp,rb1,low_debt,1.01010101010101,4.20537668224252e-05,4.1633229154201e-05,raw_and_relative_to_steady_state
40,emp,rb1,low_debt,1.01010101010101,4.26005155003129e-05,4.21745103453097e-05,raw_and_relative_to_steady_state
1,emp,rb2,high_debt,1.01010101010101,0.00181226535138879,0.0017941426978749,raw_and_relative_to_steady_state
2,emp,rb2,high_debt,1.01010101010101,0.000928928870346901,0.000919639581643432,raw_and_relative_to_steady_state
3,emp,rb2,high_debt,1.01010101010101,0.000441313072187199,0.000436899941465327,raw_and_relative_to_steady_state
4,emp,rb2,high_debt,1.01010101010101,0.00018254481922364,0.000180719371031404,raw_and_relative_to_steady_state
5,emp,rb2,high_debt,1.01010101010101,5.30403775629296e-05,5.25099737873003e-05,raw_and_relative_to_steady_state
6,emp,rb2,high_debt,1.01010101010101,-5.65106219063694e-06,-5.59455156873057e-06,raw_and_relative_to_steady_state
7,emp,rb2,high_debt,1.01010101010101,-2.71585093076787e-05,-2.68869242146019e-05,raw_and_relative_to_steady_state
8,emp,rb2,high_debt,1.01010101010101,-3.03506618017924e-05,-3.00471551837744e-05,raw_and_relative_to_steady_state
9,emp,rb2,high_debt,1.01010101010101,-2.54691673826635e-05,-2.52144757088368e-05,raw_and_relative_to_steady_state
10,emp,rb2,high_debt,1.01010101010101,-1.78181750647433e-05,-1.76399933140958e-05,raw_and_relative_to_steady_state
11,emp,rb2,high_debt,1.01010101010101,-9.95041196705237e-06,-9.85090784738185e-06,raw_and_relative_to_steady_state
12,emp,rb2,high_debt,1.01010101010101,-2.93939863693637e-06,-2.91000465056701e-06,raw_and_relative_to_steady_state
13,emp,rb2,high_debt,1.01010101010101,2.89630873950841e-06,2.86734565211333e-06,raw_and_relative_to_steady_state
14,emp,rb2,high_debt,1.01010101010101,7.59233946223681e-06,7.51641606761444e-06,raw_and_relative_to_steady_state
15,emp,rb2,high_debt,1.01010101010101,1.13251312903184e-05,1.12118799774152e-05,raw_and_relative_to_steady_state
16,emp,rb2,high_debt,1.01010101010101,1.43046429619265e-05,1.41615965323072e-05,raw_and_relative_to_steady_state
17,emp,rb2,high_debt,1.01010101010101,1.67253462066697e-05,1.6558092744603e-05,raw_and_relative_to_steady_state
18,emp,rb2,high_debt,1.01010101010101,1.87479288364933e-05,1.85604495481284e-05,raw_and_relative_to_steady_state
19,emp,rb2,high_debt,1.01010101010101,2.04961949656912e-05,2.02912330160343e-05,raw_and_relative_to_steady_state
20,emp,rb2,high_debt,1.01010101010101,2.20607070038348e-05,2.18400999337964e-05,raw_and_relative_to_steady_state
21,emp,rb2,high_debt,1.01010101010101,2.35047637675567e-05,2.32697161298812e-05,raw_and_relative_to_steady_state
22,emp,rb2,high_debt,1.01010101010101,2.48705733871812e-05,2.46218676533094e-05,raw_and_relative_to_steady_state
23,emp,rb2,high_debt,1.01010101010101,2.618470311333e-05,2.59228560821967e-05,raw_and_relative_to_steady_state
24,emp,rb2,high_debt,1.01010101010101,2.74625175700205e-05,2.71878923943203e-05,raw_and_relative_to_steady_state
25,emp,rb2,high_debt,1.01010101010101,2.87116166088897e-05,2.84245004428008e-05,raw_and_relative_to_steady_state
26,emp,rb2,high_debt,1.01010101010101,2.99344070366914e-05,2.96350629663245e-05,raw_and_relative_to_steady_state
27,emp,rb2,high_debt,1.01010101010101,3.1129976073796e-05,3.0818676313058e-05,raw_and_relative_to_steady_state
28,emp,rb2,high_debt,1.01010101010101,3.22954264408981e-05,3.19724721764891e-05,raw_and_relative_to_steady_state
29,emp,rb2,high_debt,1.01010101010101,3.34268087878176e-05,3.30925406999394e-05,raw_and_relative_to_steady_state
30,emp,rb2,high_debt,1.01010101010101,3.45197595175151e-05,3.41745619223399e-05,raw_and_relative_to_steady_state
31,emp,rb2,high_debt,1.01010101010101,3.5569926550183e-05,3.52142272846812e-05,raw_and_relative_to_steady_state
32,emp,rb2,high_debt,1.01010101010101,3.65732443603495e-05,3.6207511916746e-05,raw_and_relative_to_steady_state
33,emp,rb2,high_debt,1.01010101010101,3.75261029517127e-05,3.71508419221955e-05,raw_and_relative_to_steady_state
34,emp,rb2,high_debt,1.01010101010101,3.8425442834944e-05,3.80411884065945e-05,raw_and_relative_to_steady_state
35,emp,rb2,high_debt,1.01010101010101,3.92687988171048e-05,3.88761108289337e-05,raw_and_relative_to_steady_state
36,emp,rb2,high_debt,1.01010101010101,4.00543087228922e-05,3.96537656356632e-05,raw_and_relative_to_steady_state
37,emp,rb2,high_debt,1.01010101010101,4.07806984141779e-05,4.03728914300361e-05,raw_and_relative_to_steady_state
38,emp,rb2,high_debt,1.01010101010101,4.14472511309771e-05,4.10327786196674e-05,raw_and_relative_to_steady_state
39,emp,rb2,high_debt,1.01010101010101,4.20537668224252e-05,4.1633229154201e-05,raw_and_relative_to_steady_state
40,emp,rb2,high_debt,1.01010101010101,4.26005155003129e-05,4.21745103453097e-05,raw_and_relative_to_steady_state
1,emp,dann1,low_debt,0.4,0.00152701014710493,0.00381752536776234,raw_and_relative_to_steady_state
2,emp,dann1,low_debt,0.4,0.00243607767361426,0.00609019418403564,raw_and_relative_to_steady_state
3,emp,dann1,low_debt,0.4,0.00280083626361993,0.00700209065904983,raw_and_relative_to_steady_state
4,emp,dann1,low_debt,0.4,0.00286693875168831,0.00716734687922077,raw_and_relative_to_steady_state
5,emp,dann1,low_debt,0.4,0.00277615712867663,0.00694039282169157,raw_and_relative_to_steady_state
6,emp,dann1,low_debt,0.4,0.00260864830159424,0.0065216207539856,raw_and_relative_to_steady_state
7,emp,dann1,low_debt,0.4,0.00240861919401691,0.00602154798504229,raw_and_relative_to_steady_state
8,emp,dann1,low_debt,0.4,0.00219969983846496,0.00549924959616241,raw_and_relative_to_steady_state
9,emp,dann1,low_debt,0.4,0.00199400875216232,0.00498502188040581,raw_and_relative_to_steady_state
10,emp,dann1,low_debt,0.4,0.00179740143299822,0.00449350358249556,raw_and_relative_to_steady_state
11,emp,dann1,low_debt,0.4,0.00161244237495922,0.00403110593739806,raw_and_relative_to_steady_state
12,emp,dann1,low_debt,0.4,0.00144004204983406,0.00360010512458514,raw_and_relative_to_steady_state
13,emp,dann1,low_debt,0.4,0.00128032670885447,0.00320081677213618,raw_and_relative_to_steady_state
14,emp,dann1,low_debt,0.4,0.00113307837866561,0.00283269594666402,raw_and_relative_to_steady_state
15,emp,dann1,low_debt,0.4,0.000997941938554681,0.0024948548463867,raw_and_relative_to_steady_state
16,emp,dann1,low_debt,0.4,0.000874511682691981,0.00218627920672995,raw_and_relative_to_steady_state
17,emp,dann1,low_debt,0.4,0.0007623597548852,0.001905899387213,raw_and_relative_to_steady_state
18,emp,dann1,low_debt,0.4,0.000661039780949946,0.00165259945237486,raw_and_relative_to_steady_state
19,emp,dann1,low_debt,0.4,0.000570082525129301,0.00142520631282325,raw_and_relative_to_steady_state
20,emp,dann1,low_debt,0.4,0.000488991311205833,0.00122247827801458,raw_and_relative_to_steady_state
21,emp,dann1,low_debt,0.4,0.000417240153035459,0.00104310038258865,raw_and_relative_to_steady_state
22,emp,dann1,low_debt,0.4,0.000354275166267126,0.000885687915667815,raw_and_relative_to_steady_state
23,emp,dann1,low_debt,0.4,0.000299518785234987,0.000748796963087467,raw_and_relative_to_steady_state
24,emp,dann1,low_debt,0.4,0.000252375953740391,0.000630939884350978,raw_and_relative_to_steady_state
25,emp,dann1,low_debt,0.4,0.000212241440112393,0.000530603600280982,raw_and_relative_to_steady_state
26,emp,dann1,low_debt,0.4,0.0001785075523833,0.00044626888095825,raw_and_relative_to_steady_state
27,emp,dann1,low_debt,0.4,0.000150571698633584,0.000376429246583959,raw_and_relative_to_steady_state
28,emp,dann1,low_debt,0.4,0.000127843402645322,0.000319608506613306,raw_and_relative_to_steady_state
29,emp,dann1,low_debt,0.4,0.000109750526137931,0.000274376315344826,raw_and_relative_to_steady_state
30,emp,dann1,low_debt,0.4,9.57445606406537e-05,0.000239361401601634,raw_and_relative_to_steady_state
31,emp,dann1,low_debt,0.4,8.53049358510716e-05,0.000213262339627679,raw_and_relative_to_steady_state
32,emp,dann1,low_debt,0.4,7.79423512308197e-05,0.000194855878077049,raw_and_relative_to_steady_state
33,emp,dann1,low_debt,0.4,7.32011783279307e-05,0.000183002945819827,raw_and_relative_to_steady_state
34,emp,dann1,low_debt,0.4,7.06610073204494e-05,0.000176652518301124,raw_and_relative_to_steady_state
35,emp,dann1,low_debt,0.4,6.99374263020691e-05,0.000174843565755173,raw_and_relative_to_steady_state
36,emp,dann1,low_debt,0.4,7.06821288888881e-05,0.00017670532222222,raw_and_relative_to_steady_state
37,emp,dann1,low_debt,0.4,7.25824471538572e-05,0.000181456117884643,raw_and_relative_to_steady_state
38,emp,dann1,low_debt,0.4,7.53604044476108e-05,0.000188401011119027,raw_and_relative_to_steady_state
39,emp,dann1,low_debt,0.4,7.8771377653053e-05,0.000196928444132632,raw_and_relative_to_steady_state
40,emp,dann1,low_debt,0.4,8.2602451800029e-05,0.000206506129500073,raw_and_relative_to_steady_state
1,emp,dann2,high_debt,1,0.00403501172958687,0.00403501172958687,raw_and_relative_to_steady_state
2,emp,dann2,high_debt,1,0.00648322327026429,0.00648322327026429,raw_and_relative_to_steady_state
3,emp,dann2,high_debt,1,0.0075264156640884,0.0075264156640884,raw_and_relative_to_steady_state
4,emp,dann2,high_debt,1,0.00778165735356184,0.00778165735356184,raw_and_relative_to_steady_state
5,emp,dann2,high_debt,1,0.00760883630299891,0.00760883630299891,raw_and_relative_to_steady_state
6,emp,dann2,high_debt,1,0.0072146812154863,0.0072146812154863,raw_and_relative_to_steady_state
7,emp,dann2,high_debt,1,0.00671598226776227,0.00671598226776227,raw_and_relative_to_steady_state
8,emp,dann2,high_debt,1,0.00617752852958331,0.00617752852958331,raw_and_relative_to_steady_state
9,emp,dann2,high_debt,1,0.00563455222765641,0.00563455222765641,raw_and_relative_to_steady_state
10,emp,dann2,high_debt,1,0.00510579462418059,0.00510579462418059,raw_and_relative_to_steady_state
11,emp,dann2,high_debt,1,0.00460097205099452,0.00460097205099452,raw_and_relative_to_steady_state
12,emp,dann2,high_debt,1,0.00412495014357939,0.00412495014357939,raw_and_relative_to_steady_state
13,emp,dann2,high_debt,1,0.00368001817945118,0.00368001817945118,raw_and_relative_to_steady_state
14,emp,dann2,high_debt,1,0.00326709085639032,0.00326709085639032,raw_and_relative_to_steady_state
15,emp,dann2,high_debt,1,0.00288632104321795,0.00288632104321795,raw_and_relative_to_steady_state
16,emp,dann2,high_debt,1,0.00253740042835759,0.00253740042835759,raw_and_relative_to_steady_state
17,emp,dann2,high_debt,1,0.00221970270025462,0.00221970270025462,raw_and_relative_to_steady_state
18,emp,dann2,high_debt,1,0.00193235279319115,0.00193235279319115,raw_and_relative_to_steady_state
19,emp,dann2,high_debt,1,0.00167426528861681,0.00167426528861681,raw_and_relative_to_steady_state
20,emp,dann2,high_debt,1,0.00144417269137054,0.00144417269137054,raw_and_relative_to_steady_state
21,emp,dann2,high_debt,1,0.00124065238526239,0.00124065238526239,raw_and_relative_to_steady_state
22,emp,dann2,high_debt,1,0.00106215506778429,0.00106215506778429,raw_and_relative_to_steady_state
23,emp,dann2,high_debt,1,0.000907034700497134,0.000907034700497134,raw_and_relative_to_steady_state
24,emp,dann2,high_debt,1,0.00077357895359853,0.00077357895359853,raw_and_relative_to_steady_state
25,emp,dann2,high_debt,1,0.000660038907310145,0.000660038907310145,raw_and_relative_to_steady_state
26,emp,dann2,high_debt,1,0.000564656929659346,0.000564656929659346,raw_and_relative_to_steady_state
27,emp,dann2,high_debt,1,0.000485691936001231,0.000485691936001231,raw_and_relative_to_steady_state
28,emp,dann2,high_debt,1,0.000421441532016287,0.000421441532016287,raw_and_relative_to_steady_state
29,emp,dann2,high_debt,1,0.000370260798537414,0.000370260798537414,raw_and_relative_to_steady_state
30,emp,dann2,high_debt,1,0.000330577677785326,0.000330577677785326,raw_and_relative_to_steady_state
31,emp,dann2,high_debt,1,0.00030090506730196,0.00030090506730196,raw_and_relative_to_steady_state
32,emp,dann2,high_debt,1,0.000279849827727663,0.000279849827727663,raw_and_relative_to_steady_state
33,emp,dann2,high_debt,1,0.00026611897299289,0.00026611897299289,raw_and_relative_to_steady_state
34,emp,dann2,high_debt,1,0.000258523345480377,0.000258523345480377,raw_and_relative_to_steady_state
35,emp,dann2,high_debt,1,0.000255979091892122,0.000255979091892122,raw_and_relative_to_steady_state
36,emp,dann2,high_debt,1,0.000257507254016964,0.000257507254016964,raw_and_relative_to_steady_state
37,emp,dann2,high_debt,1,0.000262231776994248,0.000262231776994248,raw_and_relative_to_steady_state
38,emp,dann2,high_debt,1,0.000269376219531159,0.000269376219531159,raw_and_relative_to_steady_state
39,emp,dann2,high_debt,1,0.000278259428380112,0.000278259428380112,raw_and_relative_to_steady_state
40,emp,dann2,high_debt,1,0.000288290415083159,0.000288290415083159,raw_and_relative_to_steady_state
1,emp,ds1,low_debt,0.0161616161616163,0.00271086570932557,0.167734815764519,raw_and_relative_to_steady_state
2,emp,ds1,low_debt,0.0161616161616163,0.00447123829208732,0.276657869322901,raw_and_relative_to_steady_state
3,emp,ds1,low_debt,0.0161616161616163,0.00239883872178287,0.148428145910314,raw_and_relative_to_steady_state
4,emp,ds1,low_debt,0.0161616161616163,0.00122448635057072,0.0757650929415625,raw_and_relative_to_steady_state
5,emp,ds1,low_debt,0.0161616161616163,0.000578718366410769,0.0358081989216661,raw_and_relative_to_steady_state
6,emp,ds1,low_debt,0.0161616161616163,0.000237876383122605,0.0147186012057111,raw_and_relative_to_steady_state
7,emp,ds1,low_debt,0.0161616161616163,6.85417653762399e-05,0.00424102173265482,raw_and_relative_to_steady_state
8,emp,ds1,low_debt,0.0161616161616163,-7.50701236163637e-06,-0.000464496389876247,raw_and_relative_to_steady_state
9,emp,ds1,low_debt,0.0161616161616163,-3.51695174674697e-05,-0.00217611389329968,raw_and_relative_to_steady_state
10,emp,ds1,low_debt,0.0161616161616163,-3.95303621994123e-05,-0.00244594116108862,raw_and_relative_to_steady_state
11,emp,ds1,low_debt,0.0161616161616163,-3.41001742817093e-05,-0.00210994828368075,raw_and_relative_to_steady_state
12,emp,ds1,low_debt,0.0161616161616163,-2.57767100475953e-05,-0.00159493393419495,raw_and_relative_to_steady_state
13,emp,ds1,low_debt,0.0161616161616163,-1.7785649352977e-05,-0.00110048705371544,raw_and_relative_to_steady_state
14,emp,ds1,low_debt,0.0161616161616163,-1.13919464090825e-05,-0.000704876684061977,raw_and_relative_to_steady_state
15,emp,ds1,low_debt,0.0161616161616163,-6.87318151084901e-06,-0.00042527810598378,raw_and_relative_to_steady_state
16,emp,ds1,low_debt,0.0161616161616163,-4.05688605394777e-06,-0.000251019824588017,raw_and_relative_to_steady_state
17,emp,ds1,low_debt,0.0161616161616163,-2.60510841938733e-06,-0.00016119108344959,raw_and_relative_to_steady_state
18,emp,ds1,low_debt,0.0161616161616163,-2.15589982778541e-06,-0.000133396301844222,raw_and_relative_to_steady_state
19,emp,ds1,low_debt,0.0161616161616163,-2.38629696645495e-06,-0.000147652124799399,raw_and_relative_to_steady_state
20,emp,ds1,low_debt,0.0161616161616163,-3.03408191656279e-06,-0.000187733818587322,raw_and_relative_to_steady_state
21,emp,ds1,low_debt,0.0161616161616163,-3.89931547904732e-06,-0.000241270145266051,raw_and_relative_to_steady_state
22,emp,ds1,low_debt,0.0161616161616163,-4.83708711185304e-06,-0.000299294765045905,raw_and_relative_to_steady_state
23,emp,ds1,low_debt,0.0161616161616163,-5.7474340166494e-06,-0.000355622479780179,raw_and_relative_to_steady_state
24,emp,ds1,low_debt,0.0161616161616163,-6.56530671078875e-06,-0.000406228352730052,raw_and_relative_to_steady_state
25,emp,ds1,low_debt,0.0161616161616163,-7.25179473564513e-06,-0.00044870479926804,raw_and_relative_to_steady_state
26,emp,ds1,low_debt,0.0161616161616163,-7.78696995009168e-06,-0.000481818765661919,raw_and_relative_to_steady_state
27,emp,ds1,low_debt,0.0161616161616163,-8.16429819602144e-06,-0.000505165950878823,raw_and_relative_to_steady_state
28,emp,ds1,low_debt,0.0161616161616163,-8.38640468079146e-06,-0.000518908789623969,raw_and_relative_to_steady_state
29,emp,ds1,low_debt,0.0161616161616163,-8.46193562061698e-06,-0.000523582266525672,raw_and_relative_to_steady_state
30,emp,ds1,low_debt,0.0161616161616163,-8.40327294110779e-06,-0.000519952513231041,raw_and_relative_to_steady_state
31,emp,ds1,low_debt,0.0161616161616163,-8.22489525758793e-06,-0.00050891539406325,raw_and_relative_to_steady_state
32,emp,ds1,low_debt,0.0161616161616163,-7.94221946652518e-06,-0.000491424829491242,raw_and_relative_to_steady_state
33,emp,ds1,low_debt,0.0161616161616163,-7.57079512970008e-06,-0.000468442948650189,raw_and_relative_to_steady_state
34,emp,ds1,low_debt,0.0161616161616163,-7.12575551271855e-06,-0.000440906122349457,raw_and_relative_to_steady_state
35,emp,ds1,low_debt,0.0161616161616163,-6.62145422105492e-06,-0.000409702479927771,raw_and_relative_to_steady_state
36,emp,ds1,low_debt,0.0161616161616163,-6.07123552731278e-06,-0.000375657698252476,raw_and_relative_to_steady_state
37,emp,ds1,low_debt,0.0161616161616163,-5.48730074350842e-06,-0.000339526733504581,raw_and_relative_to_steady_state
38,emp,ds1,low_debt,0.0161616161616163,-4.88064342354586e-06,-0.000301989811831898,raw_and_relative_to_steady_state
39,emp,ds1,low_debt,0.0161616161616163,-4.26103371784295e-06,-0.000263651461291531,raw_and_relative_to_steady_state
40,emp,ds1,low_debt,0.0161616161616163,-3.63703760461465e-06,-0.00022504170178553,raw_and_relative_to_steady_state
1,emp,ds2,high_debt,0.0404040404040407,0.0070893493760564,0.175461397057395,raw_and_relative_to_steady_state
2,emp,ds2,high_debt,0.0404040404040407,0.0114604321848371,0.283645696574717,raw_and_relative_to_steady_state
3,emp,ds2,high_debt,0.0404040404040407,0.00622942522983571,0.154178274438433,raw_and_relative_to_steady_state
4,emp,ds2,high_debt,0.0404040404040407,0.00323657118496597,0.0801051368279073,raw_and_relative_to_steady_state
5,emp,ds2,high_debt,0.0404040404040407,0.0015662317678846,0.0387642362551435,raw_and_relative_to_steady_state
6,emp,ds2,high_debt,0.0404040404040407,0.000663702004775973,0.0164266246182052,raw_and_relative_to_steady_state
7,emp,ds2,high_debt,0.0404040404040407,0.000197502364116454,0.00488818351188222,raw_and_relative_to_steady_state
8,emp,ds2,high_debt,0.0404040404040407,-2.73545372876036e-05,-0.000677024797868184,raw_and_relative_to_steady_state
9,emp,ds2,high_debt,0.0404040404040407,-0.000123439888110199,-0.00305513723072742,raw_and_relative_to_steady_state
10,emp,ds2,high_debt,0.0404040404040407,-0.000154262248234185,-0.00381799064379606,raw_and_relative_to_steady_state
11,emp,ds2,high_debt,0.0404040404040407,-0.000154600807811212,-0.00382636999332746,raw_and_relative_to_steady_state
12,emp,ds2,high_debt,0.0404040404040407,-0.000142741573289112,-0.00353285393890551,raw_and_relative_to_steady_state
13,emp,ds2,high_debt,0.0404040404040407,-0.000127733201913408,-0.00316139674735682,raw_and_relative_to_steady_state
14,emp,ds2,high_debt,0.0404040404040407,-0.000113616012900636,-0.00281199631929072,raw_and_relative_to_steady_state
15,emp,ds2,high_debt,0.0404040404040407,-0.000101835869974233,-0.00252043778186225,raw_and_relative_to_steady_state
16,emp,ds2,high_debt,0.0404040404040407,-9.25861031887756e-05,-0.00229150605392218,raw_and_relative_to_steady_state
17,emp,ds2,high_debt,0.0404040404040407,-8.55276957789364e-05,-0.00211681047052866,raw_and_relative_to_steady_state
18,emp,ds2,high_debt,0.0404040404040407,-8.01567444884133e-05,-0.00198387942608822,raw_and_relative_to_steady_state
19,emp,ds2,high_debt,0.0404040404040407,-7.59773809114808e-05,-0.00188044017755914,raw_and_relative_to_steady_state
20,emp,ds2,high_debt,0.0404040404040407,-7.25714249758605e-05,-0.00179614276815254,raw_and_relative_to_steady_state
21,emp,ds2,high_debt,0.0404040404040407,-6.9616211535832e-05,-0.00172300123551183,raw_and_relative_to_steady_state
22,emp,ds2,high_debt,0.0404040404040407,-6.68787154127631e-05,-0.00165524820646588,raw_and_relative_to_steady_state
23,emp,ds2,high_debt,0.0404040404040407,-6.42007225117522e-05,-0.00158896788216586,raw_and_relative_to_steady_state
24,emp,ds2,high_debt,0.0404040404040407,-6.14823087158323e-05,-0.00152168714071684,raw_and_relative_to_steady_state
25,emp,ds2,high_debt,0.0404040404040407,-5.86668347598365e-05,-0.00145200416030594,raw_and_relative_to_steady_state
26,emp,ds2,high_debt,0.0404040404040407,-5.57285694567089e-05,-0.00137928209405354,raw_and_relative_to_steady_state
27,emp,ds2,high_debt,0.0404040404040407,-5.26630447840459e-05,-0.00130341035840513,raw_and_relative_to_steady_state
28,emp,ds2,high_debt,0.0404040404040407,-4.94798197349308e-05,-0.00122462553843953,raw_and_relative_to_steady_state
29,emp,ds2,high_debt,0.0404040404040407,-4.61971994693625e-05,-0.00114338068686671,raw_and_relative_to_steady_state
30,emp,ds2,high_debt,0.0404040404040407,-4.28384646987204e-05,-0.00106025200129332,raw_and_relative_to_steady_state
31,emp,ds2,high_debt,0.0404040404040407,-3.94292300458648e-05,-0.000975873443635149,raw_and_relative_to_steady_state
32,emp,ds2,high_debt,0.0404040404040407,-3.59956277192416e-05,-0.000890891786051225,raw_and_relative_to_steady_state
33,emp,ds2,high_debt,0.0404040404040407,-3.25630853533487e-05,-0.000805936362495376,raw_and_relative_to_steady_state
34,emp,ds2,high_debt,0.0404040404040407,-2.91555273215366e-05,-0.000721599301208026,raw_and_relative_to_steady_state
35,emp,ds2,high_debt,0.0404040404040407,-2.57948760537391e-05,-0.000638423182330038,raw_and_relative_to_steady_state
36,emp,ds2,high_debt,0.0404040404040407,-2.25007652565404e-05,-0.000556893940099371,raw_and_relative_to_steady_state
37,emp,ds2,high_debt,0.0404040404040407,-1.92904026422164e-05,-0.000477437465394852,raw_and_relative_to_steady_state
38,emp,ds2,high_debt,0.0404040404040407,-1.61785380703716e-05,-0.000400418817241695,raw_and_relative_to_steady_state
39,emp,ds2,high_debt,0.0404040404040407,-1.3177505833635e-05,-0.000326143269382465,raw_and_relative_to_steady_state
40,emp,ds2,high_debt,0.0404040404040407,-1.02973187307148e-05,-0.00025485863858519,raw_and_relative_to_steady_state
1,emp,fs1,low_debt,0.12,-0.00284962529044124,-0.0237468774203436,raw_and_relative_to_steady_state
2,emp,fs1,low_debt,0.12,-0.00458713715903207,-0.0382261429919339,raw_and_relative_to_steady_state
3,emp,fs1,low_debt,0.12,-0.00249315535936481,-0.0207762946613734,raw_and_relative_to_steady_state
4,emp,fs1,low_debt,0.12,-0.00130045671229155,-0.0108371392690963,raw_and_relative_to_steady_state
5,emp,fs1,low_debt,0.12,-0.000639966504943704,-0.0053330542078642,raw_and_relative_to_steady_state
6,emp,fs1,low_debt,0.12,-0.000287711291246093,-0.00239759409371744,raw_and_relative_to_steady_state
7,emp,fs1,low_debt,0.12,-0.000109707540946011,-0.000914229507883423,raw_and_relative_to_steady_state
8,emp,fs1,low_debt,0.12,-2.71405882890652e-05,-0.000226171569075543,raw_and_relative_to_steady_state
9,emp,fs1,low_debt,0.12,5.41467327619394e-06,4.51222773016162e-05,raw_and_relative_to_steady_state
10,emp,fs1,low_debt,0.12,1.3469968704341e-05,0.000112249739202842,raw_and_relative_to_steady_state
11,emp,fs1,low_debt,0.12,1.08649397244365e-05,9.05411643703039e-05,raw_and_relative_to_steady_state
12,emp,fs1,low_debt,0.12,4.74151941426415e-06,3.95126617855346e-05,raw_and_relative_to_steady_state
13,emp,fs1,low_debt,0.12,-1.49837799837127e-06,-1.24864833197606e-05,raw_and_relative_to_steady_state
14,emp,fs1,low_debt,0.12,-6.46533619269585e-06,-5.38778016057987e-05,raw_and_relative_to_steady_state
15,emp,fs1,low_debt,0.12,-9.79536368811429e-06,-8.16280307342857e-05,raw_and_relative_to_steady_state
16,emp,fs1,low_debt,0.12,-1.16016943907532e-05,-9.668078658961e-05,raw_and_relative_to_steady_state
17,emp,fs1,low_debt,0.12,-1.21819862936301e-05,-0.000101516552446917,raw_and_relative_to_steady_state
18,emp,fs1,low_debt,0.12,-1.18708052533195e-05,-9.8923377110996e-05,raw_and_relative_to_steady_state
19,emp,fs1,low_debt,0.12,-1.09723452479255e-05,-9.14362103993788e-05,raw_and_relative_to_steady_state
20,emp,fs1,low_debt,0.12,-9.73567860691749e-06,-8.11306550576457e-05,raw_and_relative_to_steady_state
21,emp,fs1,low_debt,0.12,-8.35118893270648e-06,-6.95932411058873e-05,raw_and_relative_to_steady_state
22,emp,fs1,low_debt,0.12,-6.95646949921969e-06,-5.79705791601641e-05,raw_and_relative_to_steady_state
23,emp,fs1,low_debt,0.12,-5.64552871386292e-06,-4.70460726155244e-05,raw_and_relative_to_steady_state
24,emp,fs1,low_debt,0.12,-4.47827490744623e-06,-3.73189575620519e-05,raw_and_relative_to_steady_state
25,emp,fs1,low_debt,0.12,-3.48895936844174e-06,-2.90746614036811e-05,raw_and_relative_to_steady_state
26,emp,fs1,low_debt,0.12,-2.69314488442196e-06,-2.24428740368497e-05,raw_and_relative_to_steady_state
27,emp,fs1,low_debt,0.12,-2.09319714944423e-06,-1.74433095787019e-05,raw_and_relative_to_steady_state
28,emp,fs1,low_debt,0.12,-1.68247857469661e-06,-1.40206547891384e-05,raw_and_relative_to_steady_state
29,emp,fs1,low_debt,0.12,-1.44847859297192e-06,-1.20706549414327e-05,raw_and_relative_to_steady_state
30,emp,fs1,low_debt,0.12,-1.37510842417032e-06,-1.1459236868086e-05,raw_and_relative_to_steady_state
31,emp,fs1,low_debt,0.12,-1.44435738946846e-06,-1.20363115789039e-05,raw_and_relative_to_steady_state
32,emp,fs1,low_debt,0.12,-1.63747048581575e-06,-1.36455873817979e-05,raw_and_relative_to_steady_state
33,emp,fs1,low_debt,0.12,-1.93577156003266e-06,-1.61314296669389e-05,raw_and_relative_to_steady_state
34,emp,fs1,low_debt,0.12,-2.32122635826504e-06,-1.9343552985542e-05,raw_and_relative_to_steady_state
35,emp,fs1,low_debt,0.12,-2.77681568103261e-06,-2.31401306752717e-05,raw_and_relative_to_steady_state
36,emp,fs1,low_debt,0.12,-3.28677036724734e-06,-2.73897530603945e-05,raw_and_relative_to_steady_state
37,emp,fs1,low_debt,0.12,-3.83670595710539e-06,-3.19725496425449e-05,raw_and_relative_to_steady_state
38,emp,fs1,low_debt,0.12,-4.41368466828906e-06,-3.67807055690755e-05,raw_and_relative_to_steady_state
39,emp,fs1,low_debt,0.12,-5.00622488973368e-06,-4.17185407477807e-05,raw_and_relative_to_steady_state
40,emp,fs1,low_debt,0.12,-5.6042730318534e-06,-4.6702275265445e-05,raw_and_relative_to_steady_state
1,emp,fs2,high_debt,0.12,-0.00718287446201077,-0.0598572871834231,raw_and_relative_to_steady_state
2,emp,fs2,high_debt,0.12,-0.0115452621428743,-0.0962105178572855,raw_and_relative_to_steady_state
3,emp,fs2,high_debt,0.12,-0.0063047209560245,-0.0525393413002041,raw_and_relative_to_steady_state
4,emp,fs2,high_debt,0.12,-0.0033030306932407,-0.0275252557770058,raw_and_relative_to_steady_state
5,emp,fs2,high_debt,0.12,-0.00162507823336693,-0.013542318611391,raw_and_relative_to_steady_state
6,emp,fs2,high_debt,0.12,-0.000716203243735031,-0.00596836036445859,raw_and_relative_to_steady_state
7,emp,fs2,high_debt,0.12,-0.000244772593711404,-0.0020397716142617,raw_and_relative_to_steady_state
8,emp,fs2,high_debt,0.12,-1.55889003609494e-05,-0.000129907503007912,raw_and_relative_to_steady_state
9,emp,fs2,high_debt,0.12,8.41203677565683e-05,0.000701003064638069,raw_and_relative_to_steady_state
10,emp,fs2,high_debt,0.12,0.000118031645517283,0.000983597045977359,raw_and_relative_to_steady_state
11,emp,fs2,high_debt,0.12,0.000121053517348424,0.00100877931123687,raw_and_relative_to_steady_state
12,emp,fs2,high_debt,0.12,0.000111566615141778,0.000929721792848152,raw_and_relative_to_steady_state
13,emp,fs2,high_debt,0.12,9.86861668985511e-05,0.000822384724154593,raw_and_relative_to_steady_state
14,emp,fs2,high_debt,0.12,8.64979742276756e-05,0.000720816451897296,raw_and_relative_to_steady_state
15,emp,fs2,high_debt,0.12,7.64783564733001e-05,0.000637319637277501,raw_and_relative_to_steady_state
16,emp,fs2,high_debt,0.12,6.8840883251986e-05,0.000573674027099883,raw_and_relative_to_steady_state
17,emp,fs2,high_debt,0.12,6.32601545382111e-05,0.000527167954485093,raw_and_relative_to_steady_state
18,emp,fs2,high_debt,0.12,5.92418211419476e-05,0.000493681842849564,raw_and_relative_to_steady_state
19,emp,fs2,high_debt,0.12,5.62972541475054e-05,0.000469143784562545,raw_and_relative_to_steady_state
20,emp,fs2,high_debt,0.12,5.40143402004284e-05,0.000450119501670237,raw_and_relative_to_steady_state
21,emp,fs2,high_debt,0.12,5.20760148439992e-05,0.00043396679036666,raw_and_relative_to_steady_state
22,emp,fs2,high_debt,0.12,5.02547927354463e-05,0.000418789939462053,raw_and_relative_to_steady_state
23,emp,fs2,high_debt,0.12,4.83981419303198e-05,0.000403317849419331,raw_and_relative_to_steady_state
24,emp,fs2,high_debt,0.12,4.64120357399067e-05,0.000386766964499223,raw_and_relative_to_steady_state
25,emp,fs2,high_debt,0.12,4.42459407212908e-05,0.000368716172677424,raw_and_relative_to_steady_state
26,emp,fs2,high_debt,0.12,4.1880387595894e-05,0.000349003229965783,raw_and_relative_to_steady_state
27,emp,fs2,high_debt,0.12,3.93172515290446e-05,0.000327643762742039,raw_and_relative_to_steady_state
28,emp,fs2,high_debt,0.12,3.65724334932399e-05,0.000304770279110333,raw_and_relative_to_steady_state
29,emp,fs2,high_debt,0.12,3.36704984702924e-05,0.000280587487252436,raw_and_relative_to_steady_state
30,emp,fs2,high_debt,0.12,3.06408308441974e-05,0.000255340257034979,raw_and_relative_to_steady_state
31,emp,fs2,high_debt,0.12,2.75149286176335e-05,0.000229291071813612,raw_and_relative_to_steady_state
32,emp,fs2,high_debt,0.12,2.43245340296877e-05,0.000202704450247398,raw_and_relative_to_steady_state
33,emp,fs2,high_debt,0.12,2.11003696155704e-05,0.000175836413463087,raw_and_relative_to_steady_state
34,emp,fs2,high_debt,0.12,1.78713085567106e-05,0.000148927571305922,raw_and_relative_to_steady_state
35,emp,fs2,high_debt,0.12,1.46638550190398e-05,0.000122198791825331,raw_and_relative_to_steady_state
36,emp,fs2,high_debt,0.12,1.15018453432647e-05,9.58487111938725e-05,raw_and_relative_to_steady_state
37,emp,fs2,high_debt,0.12,8.40630657632235e-06,7.00525548026863e-05,raw_and_relative_to_steady_state
38,emp,fs2,high_debt,0.12,5.39542712012231e-06,4.49618926676859e-05,raw_and_relative_to_steady_state
39,emp,fs2,high_debt,0.12,2.4846071392387e-06,2.07050594936559e-05,raw_and_relative_to_steady_state
40,emp,fs2,high_debt,0.12,-3.13434655452305e-07,-2.61195546210254e-06,raw_and_relative_to_steady_state
1,emp,lamg1,low_debt,4.36893203883495,0.0489139530532494,0.0111958603655215,raw_and_relative_to_steady_state
2,emp,lamg1,low_debt,4.36893203883495,0.0364035252929815,0.00833236245594911,raw_and_relative_to_steady_state
3,emp,lamg1,low_debt,4.36893203883495,0.0286760402720345,0.00656362699559902,raw_and_relative_to_steady_state
4,emp,lamg1,low_debt,4.36893203883495,0.0237283257869443,0.00543115012456725,raw_and_relative_to_steady_state
5,emp,lamg1,low_debt,4.36893203883495,0.0203777958384013,0.0046642510474563,raw_and_relative_to_steady_state
6,emp,lamg1,low_debt,4.36893203883495,0.0179397249129254,0.00410620370229182,raw_and_relative_to_steady_state
7,emp,lamg1,low_debt,4.36893203883495,0.0160268740407066,0.00366837339153951,raw_and_relative_to_steady_state
8,emp,lamg1,low_debt,4.36893203883495,0.0144265475716008,0.0033020764441664,raw_and_relative_to_steady_state
9,emp,lamg1,low_debt,4.36893203883495,0.0130261579858173,0.00298154282786485,raw_and_relative_to_steady_state
10,emp,lamg1,low_debt,4.36893203883495,0.0117688530785784,0.0026937597046524,raw_and_relative_to_steady_state
11,emp,lamg1,low_debt,4.36893203883495,0.0106275554106645,0.0024325293495521,raw_and_relative_to_steady_state
12,emp,lamg1,low_debt,4.36893203883495,0.00959013008109899,0.00219507421856266,raw_and_relative_to_steady_state
13,emp,lamg1,low_debt,4.36893203883495,0.00865117561351436,0.00198015797375996,raw_and_relative_to_steady_state
14,emp,lamg1,low_debt,4.36893203883495,0.00780768407577437,0.00178709213289947,raw_and_relative_to_steady_state
15,emp,lamg1,low_debt,4.36893203883495,0.007056909178627,0.00161524810088574,raw_and_relative_to_steady_state
16,emp,lamg1,low_debt,4.36893203883495,0.00639545541308717,0.00146384868343995,raw_and_relative_to_steady_state
17,emp,lamg1,low_debt,4.36893203883495,0.00581901253449146,0.00133190731345027,raw_and_relative_to_steady_state
18,emp,lamg1,low_debt,4.36893203883495,0.00532240720205124,0.00121823987069173,raw_and_relative_to_steady_state
19,emp,lamg1,low_debt,4.36893203883495,0.00489979027067822,0.00112150755084413,raw_and_relative_to_steady_state
20,emp,lamg1,low_debt,4.36893203883495,0.00454486359484996,0.00104026877837677,raw_and_relative_to_steady_state
21,emp,lamg1,low_debt,4.36893203883495,0.0042510987632971,0.000973029272488004,raw_and_relative_to_steady_state
22,emp,lamg1,low_debt,4.36893203883495,0.00401192699610853,0.00091828551244262,raw_and_relative_to_steady_state
23,emp,lamg1,low_debt,4.36893203883495,0.00382089363655069,0.000874560099032715,raw_and_relative_to_steady_state
24,emp,lamg1,low_debt,4.36893203883495,0.00367177772286453,0.000840429123233439,raw_and_relative_to_steady_state
25,emp,lamg1,low_debt,4.36893203883495,0.00355868024766615,0.000814542367799141,raw_and_relative_to_steady_state
26,emp,lamg1,low_debt,4.36893203883495,0.00347608576226666,0.000795637407807702,raw_and_relative_to_steady_state
27,emp,lamg1,low_debt,4.36893203883495,0.00341890200767292,0.000782548681756247,raw_and_relative_to_steady_state
28,emp,lamg1,low_debt,4.36893203883495,0.00338248182562317,0.00077421250675375,raw_and_relative_to_steady_state
29,emp,lamg1,low_debt,4.36893203883495,0.00336263102085432,0.000769668878106657,raw_and_relative_to_steady_state
30,emp,lamg1,low_debt,4.36893203883495,0.00335560525620071,0.000768060758641497,raw_and_relative_to_steady_state
31,emp,lamg1,low_debt,4.36893203883495,0.00335809852816649,0.000768631440891441,raw_and_relative_to_steady_state
32,emp,lamg1,low_debt,4.36893203883495,0.00336722531296374,0.000770720460522813,raw_and_relative_to_steady_state
33,emp,lamg1,low_debt,4.36893203883495,0.00338049809136631,0.000773758452023846,raw_and_relative_to_steady_state
34,emp,lamg1,low_debt,4.36893203883495,0.0033958016465947,0.000777261265776121,raw_and_relative_to_steady_state
35,emp,lamg1,low_debt,4.36893203883495,0.00341136527169006,0.000780823606631281,raw_and_relative_to_steady_state
36,emp,lamg1,low_debt,4.36893203883495,0.00342573381074551,0.000784112405570641,raw_and_relative_to_steady_state
37,emp,lamg1,low_debt,4.36893203883495,0.00343773828278771,0.000786860095838076,raw_and_relative_to_steady_state
38,emp,lamg1,low_debt,4.36893203883495,0.00344646669061799,0.000788857931408118,raw_and_relative_to_steady_state
39,emp,lamg1,low_debt,4.36893203883495,0.00345123549381654,0.000789949457473565,raw_and_relative_to_steady_state
40,emp,lamg1,low_debt,4.36893203883495,0.00345156212094722,0.000790024218794586,raw_and_relative_to_steady_state
1,emp,lamg2,high_debt,4.36893203883495,0.0915380477696726,0.0209520420450584,raw_and_relative_to_steady_state
2,emp,lamg2,high_debt,4.36893203883495,0.0778505854591414,0.0178191340050924,raw_and_relative_to_steady_state
3,emp,lamg2,high_debt,4.36893203883495,0.0675944074164052,0.0154716088086439,raw_and_relative_to_steady_state
4,emp,lamg2,high_debt,4.36893203883495,0.0594988563406176,0.0136186271179636,raw_and_relative_to_steady_state
5,emp,lamg2,high_debt,4.36893203883495,0.0528039415447052,0.0120862355091214,raw_and_relative_to_steady_state
6,emp,lamg2,high_debt,4.36893203883495,0.0470617976360774,0.0107719225700355,raw_and_relative_to_steady_state
7,emp,lamg2,high_debt,4.36893203883495,0.0420121530727755,0.00961611503665752,raw_and_relative_to_steady_state
8,emp,lamg2,high_debt,4.36893203883495,0.0375051792775745,0.00858451881242261,raw_and_relative_to_steady_state
9,emp,lamg2,high_debt,4.36893203883495,0.0334543662526787,0.00765733272005758,raw_and_relative_to_steady_state
10,emp,lamg2,high_debt,4.36893203883495,0.0298082240986233,0.00682277129368489,raw_and_relative_to_steady_state
11,emp,lamg2,high_debt,4.36893203883495,0.0265336508249954,0.00607325785549895,raw_and_relative_to_steady_state
12,emp,lamg2,high_debt,4.36893203883495,0.0236064347432823,0.00540325061901795,raw_and_relative_to_steady_state
13,emp,lamg2,high_debt,4.36893203883495,0.021006052426654,0.00480805199987859,raw_and_relative_to_steady_state
14,emp,lamg2,high_debt,4.36893203883495,0.0187130031799709,0.0042831985056378,raw_and_relative_to_steady_state
15,emp,lamg2,high_debt,4.36893203883495,0.0167076033425824,0.00382418476507997,raw_and_relative_to_steady_state
16,emp,lamg2,high_debt,4.36893203883495,0.0149695905985183,0.00342637295921642,raw_and_relative_to_steady_state
17,emp,lamg2,high_debt,4.36893203883495,0.0134781526475303,0.00308499938376804,raw_and_relative_to_steady_state
18,emp,lamg2,high_debt,4.36893203883495,0.0122121562071733,0.00279522686519745,raw_and_relative_to_steady_state
19,emp,lamg2,high_debt,4.36893203883495,0.0111504499155783,0.00255221409178794,raw_and_relative_to_steady_state
20,emp,lamg2,high_debt,4.36893203883495,0.0102721727671691,0.00235118621115204,raw_and_relative_to_steady_state
21,emp,lamg2,high_debt,4.36893203883495,0.00955703363566052,0.00218749880994008,raw_and_relative_to_steady_state
22,emp,lamg2,high_debt,4.36893203883495,0.00898554680528552,0.00205669182432091,raw_and_relative_to_steady_state
23,emp,lamg2,high_debt,4.36893203883495,0.00853921914547229,0.00195453238218588,raw_and_relative_to_steady_state
24,emp,lamg2,high_debt,4.36893203883495,0.00820069021958947,0.00187704687248381,raw_and_relative_to_steady_state
25,emp,lamg2,high_debt,4.36893203883495,0.00795382937452871,0.00182054316794768,raw_and_relative_to_steady_state
26,emp,lamg2,high_debt,4.36893203883495,0.00778379499413706,0.00178162418754693,raw_and_relative_to_steady_state
27,emp,lamg2,high_debt,4.36893203883495,0.00767706136136859,0.00175719404493548,raw_and_relative_to_steady_state
28,emp,lamg2,high_debt,4.36893203883495,0.00762141838733754,0.00174445798643504,raw_and_relative_to_steady_state
29,emp,lamg2,high_debt,4.36893203883495,0.0076059490678988,0.00174091723109684,raw_and_relative_to_steady_state
30,emp,lamg2,high_debt,4.36893203883495,0.00762098904846464,0.00174435971553747,raw_and_relative_to_steady_state
31,emp,lamg2,high_debt,4.36893203883495,0.00765807218227454,0.00175284763283173,raw_and_relative_to_steady_state
32,emp,lamg2,high_debt,4.36893203883495,0.00770986548875996,0.00176470254520506,raw_and_relative_to_steady_state
33,emp,lamg2,high_debt,4.36893203883495,0.00777009647144578,0.0017784887479087,raw_and_relative_to_steady_state
34,emp,lamg2,high_debt,4.36893203883495,0.00783347534381296,0.00179299546758386,raw_and_relative_to_steady_state
35,emp,lamg2,high_debt,4.36893203883495,0.00789561433744979,0.00180721839279406,raw_and_relative_to_steady_state
36,emp,lamg2,high_debt,4.36893203883495,0.00795294592808293,0.00182034095687232,raw_and_relative_to_steady_state
37,emp,lamg2,high_debt,4.36893203883495,0.00800264150970609,0.00183171572333273,raw_and_relative_to_steady_state
38,emp,lamg2,high_debt,4.36893203883495,0.00804253177282455,0.0018408461613354,raw_and_relative_to_steady_state
39,emp,lamg2,high_debt,4.36893203883495,0.00807102979774132,0.00184736904259413,raw_and_relative_to_steady_state
40,emp,lamg2,high_debt,4.36893203883495,0.00808705765587625,0.0018510376412339,raw_and_relative_to_steady_state
1,emp,qg1,low_debt,4.36893203883495,0.00347989670506266,0.000796509690269898,raw_and_relative_to_steady_state
2,emp,qg1,low_debt,4.36893203883495,0.00407210098756661,0.000932058670487469,raw_and_relative_to_steady_state
3,emp,qg1,low_debt,4.36893203883495,0.00457564806538535,0.00104731500163265,raw_and_relative_to_steady_state
4,emp,qg1,low_debt,4.36893203883495,0.00499197839358345,0.00114260838786466,raw_and_relative_to_steady_state
5,emp,qg1,low_debt,4.36893203883495,0.00533050158366333,0.00122009258470516,raw_and_relative_to_steady_state
6,emp,qg1,low_debt,4.36893203883495,0.00560266779975471,0.00128238840749941,raw_and_relative_to_steady_state
7,emp,qg1,low_debt,4.36893203883495,0.00581928691526024,0.00133197011615957,raw_and_relative_to_steady_state
8,emp,qg1,low_debt,4.36893203883495,0.0059895433518955,0.00137093992276719,raw_and_relative_to_steady_state
9,emp,qg1,low_debt,4.36893203883495,0.00612083771792626,0.00140099174432535,raw_and_relative_to_steady_state
10,emp,qg1,low_debt,4.36893203883495,0.00621898538426446,0.00142345665462053,raw_and_relative_to_steady_state
11,emp,qg1,low_debt,4.36893203883495,0.00628853020884179,0.00143937469224601,raw_and_relative_to_steady_state
12,emp,qg1,low_debt,4.36893203883495,0.00633305842952048,0.00144956670720136,raw_and_relative_to_steady_state
13,emp,qg1,low_debt,4.36893203883495,0.00635546566417933,0.00145469547424549,raw_and_relative_to_steady_state
14,emp,qg1,low_debt,4.36893203883495,0.00635816439233405,0.00145531318313424,raw_and_relative_to_steady_state
15,emp,qg1,low_debt,4.36893203883495,0.00634323524174452,0.00145189606644375,raw_and_relative_to_steady_state
16,emp,qg1,low_debt,4.36893203883495,0.00631253154889766,0.00144486833230324,raw_and_relative_to_steady_state
17,emp,qg1,low_debt,4.36893203883495,0.00626774791354112,0.00143461785576608,raw_and_relative_to_steady_state
18,emp,qg1,low_debt,4.36893203883495,0.00621046251542978,0.00142150586464282,raw_and_relative_to_steady_state
19,emp,qg1,low_debt,4.36893203883495,0.00614216121814959,0.00140587245659869,raw_and_relative_to_steady_state
20,emp,qg1,low_debt,4.36893203883495,0.0060642496436305,0.00138803936287543,raw_and_relative_to_steady_state
21,emp,qg1,low_debt,4.36893203883495,0.00597805776406801,0.00136831099933112,raw_and_relative_to_steady_state
22,emp,qg1,low_debt,4.36893203883495,0.00588484022492342,0.00134697454037136,raw_and_relative_to_steady_state
23,emp,qg1,low_debt,4.36893203883495,0.00578577458536422,0.00132429951620559,raw_and_relative_to_steady_state
24,emp,qg1,low_debt,4.36893203883495,0.00568195890152889,0.00130053725968328,raw_and_relative_to_steady_state
25,emp,qg1,low_debt,4.36893203883495,0.00557440953209287,0.00127592040401237,raw_and_relative_to_steady_state
26,emp,qg1,low_debt,4.36893203883495,0.00546405966504437,0.0012506625455546,raw_and_relative_to_steady_state
27,emp,qg1,low_debt,4.36893203883495,0.00535175880684591,0.00122495812690029,raw_and_relative_to_steady_state
28,emp,qg1,low_debt,4.36893203883495,0.00523827330622861,0.001198982556759,raw_and_relative_to_steady_state
29,emp,qg1,low_debt,4.36893203883495,0.00512428787872121,0.0011728925589073,raw_and_relative_to_steady_state
30,emp,qg1,low_debt,4.36893203883495,0.00501040803542185,0.00114682672810767,raw_and_relative_to_steady_state
31,emp,qg1,low_debt,4.36893203883495,0.00489716328635215,0.0011209062633206,raw_and_relative_to_steady_state
32,emp,qg1,low_debt,4.36893203883495,0.00478501097524564,0.00109523584544511,raw_and_relative_to_steady_state
33,emp,qg1,low_debt,4.36893203883495,0.00467434060168959,0.00106990462660895,raw_and_relative_to_steady_state
34,emp,qg1,low_debt,4.36893203883495,0.00456547849346833,0.00104498729961609,raw_and_relative_to_steady_state
35,emp,qg1,low_debt,4.36893203883495,0.00445869270344446,0.0010205452187884,raw_and_relative_to_steady_state
36,emp,qg1,low_debt,4.36893203883495,0.0043541980191959,0.000996627546615951,raw_and_relative_to_steady_state
37,emp,qg1,low_debt,4.36893203883495,0.00425216098840675,0.000973272404013102,raw_and_relative_to_steady_state
38,emp,qg1,low_debt,4.36893203883495,0.0041527048778045,0.000950508005364143,raw_and_relative_to_steady_state
39,emp,qg1,low_debt,4.36893203883495,0.00405591449764398,0.000928353762794067,raw_and_relative_to_steady_state
40,emp,qg1,low_debt,4.36893203883495,0.00396184083695506,0.000906821347125269,raw_and_relative_to_steady_state
1,emp,qg2,high_debt,4.36893203883495,0.0104639224979639,0.00239507559397841,raw_and_relative_to_steady_state
2,emp,qg2,high_debt,4.36893203883495,0.0112683397068052,0.00257919775511319,raw_and_relative_to_steady_state
3,emp,qg2,high_debt,4.36893203883495,0.0120005963575558,0.002746803166285,raw_and_relative_to_steady_state
4,emp,qg2,high_debt,4.36893203883495,0.012648833269413,0.00289517739277676,raw_and_relative_to_steady_state
5,emp,qg2,high_debt,4.36893203883495,0.0132119221848788,0.00302406218898337,raw_and_relative_to_steady_state
6,emp,qg2,high_debt,4.36893203883495,0.0136933169900022,0.00313424811104495,raw_and_relative_to_steady_state
7,emp,qg2,high_debt,4.36893203883495,0.0140980408682969,0.00322688490985463,raw_and_relative_to_steady_state
8,emp,qg2,high_debt,4.36893203883495,0.0144313442785178,0.00330317435708296,raw_and_relative_to_steady_state
9,emp,qg2,high_debt,4.36893203883495,0.014698208312848,0.0033642565693852,raw_and_relative_to_steady_state
10,emp,qg2,high_debt,4.36893203883495,0.0149032423698241,0.00341118658687085,raw_and_relative_to_steady_state
11,emp,qg2,high_debt,4.36893203883495,0.0150507398151953,0.00344494711325583,raw_and_relative_to_steady_state
12,emp,qg2,high_debt,4.36893203883495,0.0151447753933596,0.00346647081225786,raw_and_relative_to_steady_state
13,emp,qg2,high_debt,4.36893203883495,0.0151892930942941,0.00347666041936065,raw_and_relative_to_steady_state
14,emp,qg2,high_debt,4.36893203883495,0.0151881666675626,0.00347640259279767,raw_and_relative_to_steady_state
15,emp,qg2,high_debt,4.36893203883495,0.015145230998387,0.00346657509518637,raw_and_relative_to_steady_state
16,emp,qg2,high_debt,4.36893203883495,0.015064289235819,0.00344804842508747,raw_and_relative_to_steady_state
17,emp,qg2,high_debt,4.36893203883495,0.0149491024918831,0.00342168345925324,raw_and_relative_to_steady_state
18,emp,qg2,high_debt,4.36893203883495,0.0148033686490425,0.00338832660189196,raw_and_relative_to_steady_state
19,emp,qg2,high_debt,4.36893203883495,0.014630695664791,0.00334880367438551,raw_and_relative_to_steady_state
20,emp,qg2,high_debt,4.36893203883495,0.0144345734178,0.00330391347118533,raw_and_relative_to_steady_state
21,emp,qg2,high_debt,4.36893203883495,0.0142183469035544,0.00325442162459134,raw_and_relative_to_steady_state
22,emp,qg2,high_debt,4.36893203883495,0.0139851925702263,0.00320105518829626,raw_and_relative_to_steady_state
23,emp,qg2,high_debt,4.36893203883495,0.0137380988044589,0.00314449817079837,raw_and_relative_to_steady_state
24,emp,qg2,high_debt,4.36893203883495,0.0134798510074026,0.00308538811947215,raw_and_relative_to_steady_state
25,emp,qg2,high_debt,4.36893203883495,0.0132130213052317,0.00302431376541971,raw_and_relative_to_steady_state
26,emp,qg2,high_debt,4.36893203883495,0.0129399626764961,0.00296181367928689,raw_and_relative_to_steady_state
27,emp,qg2,high_debt,4.36893203883495,0.0126628071166097,0.00289837585113512,raw_and_relative_to_steady_state
28,emp,qg2,high_debt,4.36893203883495,0.0123834673698138,0.00283443808686849,raw_and_relative_to_steady_state
29,emp,qg2,high_debt,4.36893203883495,0.0121036417195812,0.00277038910470415,raw_and_relative_to_steady_state
30,emp,qg2,high_debt,4.36893203883495,0.0118248213235166,0.00270657021404936,raw_and_relative_to_steady_state
31,emp,qg2,high_debt,4.36893203883495,0.0115482995966634,0.00264327746323629,raw_and_relative_to_steady_state
32,emp,qg2,high_debt,4.36893203883495,0.0112751831793103,0.00258076414993103,raw_and_relative_to_steady_state
33,emp,qg2,high_debt,4.36893203883495,0.011006404065939,0.00251924359731493,raw_and_relative_to_steady_state
34,emp,qg2,high_debt,4.36893203883495,0.0107427325166842,0.00245889210937439,raw_and_relative_to_steady_state
35,emp,qg2,high_debt,4.36893203883495,0.0104847904188397,0.00239985202920108,raw_and_relative_to_steady_state
36,emp,qg2,high_debt,4.36893203883495,0.0102330648114455,0.00234223483461975,raw_and_relative_to_steady_state
37,emp,qg2,high_debt,4.36893203883495,0.00998792132971804,0.0022861242154688,raw_and_relative_to_steady_state
38,emp,qg2,high_debt,4.36893203883495,0.00974961736711322,0.00223157908625036,raw_and_relative_to_steady_state
39,emp,qg2,high_debt,4.36893203883495,0.00951831479067344,0.00217863649653192,raw_and_relative_to_steady_state
40,emp,qg2,high_debt,4.36893203883495,0.00929409207980303,0.00212731440937714,raw_and_relative_to_steady_state
1,emp,ig1,low_debt,0.12,-0.000219356481882274,-0.00182797068235228,raw_and_relative_to_steady_state
2,emp,ig1,low_debt,0.12,-0.000377902318074622,-0.00314918598395518,raw_and_relative_to_steady_state
3,emp,ig1,low_debt,0.12,-0.000493199301387706,-0.00410999417823089,raw_and_relative_to_steady_state
4,emp,ig1,low_debt,0.12,-0.00057622870679136,-0.004801905889928,raw_and_relative_to_steady_state
5,emp,ig1,low_debt,0.12,-0.000634105631017359,-0.00528421359181133,raw_and_relative_to_steady_state
6,emp,ig1,low_debt,0.12,-0.000671693482986846,-0.00559744569155705,raw_and_relative_to_steady_state
7,emp,ig1,low_debt,0.12,-0.00069254697813935,-0.00577122481782791,raw_and_relative_to_steady_state
8,emp,ig1,low_debt,0.12,-0.0006994510948065,-0.0058287591233875,raw_and_relative_to_steady_state
9,emp,ig1,low_debt,0.12,-0.000694721092320605,-0.00578934243600504,raw_and_relative_to_steady_state
10,emp,ig1,low_debt,0.12,-0.000680364214556056,-0.00566970178796714,raw_and_relative_to_steady_state
11,emp,ig1,low_debt,0.12,-0.000658163511460544,-0.00548469592883787,raw_and_relative_to_steady_state
12,emp,ig1,low_debt,0.12,-0.00062971943970383,-0.00524766199753191,raw_and_relative_to_steady_state
13,emp,ig1,low_debt,0.12,-0.000596469826749574,-0.00497058188957978,raw_and_relative_to_steady_state
14,emp,ig1,low_debt,0.12,-0.000559699737910022,-0.00466416448258351,raw_and_relative_to_steady_state
15,emp,ig1,low_debt,0.12,-0.00052054745251813,-0.00433789543765109,raw_and_relative_to_steady_state
16,emp,ig1,low_debt,0.12,-0.000480009677166229,-0.00400008064305191,raw_and_relative_to_steady_state
17,emp,ig1,low_debt,0.12,-0.000438947396905059,-0.00365789497420883,raw_and_relative_to_steady_state
18,emp,ig1,low_debt,0.12,-0.000398092834271613,-0.00331744028559677,raw_and_relative_to_steady_state
19,emp,ig1,low_debt,0.12,-0.000358057514403334,-0.00298381262002779,raw_and_relative_to_steady_state
20,emp,ig1,low_debt,0.12,-0.000319341221036079,-0.00266117684196733,raw_and_relative_to_steady_state
21,emp,ig1,low_debt,0.12,-0.000282341554510707,-0.00235284628758922,raw_and_relative_to_steady_state
22,emp,ig1,low_debt,0.12,-0.00024736380080953,-0.00206136500674609,raw_and_relative_to_steady_state
23,emp,ig1,low_debt,0.12,-0.00021463085178583,-0.00178859043154858,raw_and_relative_to_steady_state
24,emp,ig1,low_debt,0.12,-0.000184292960350982,-0.00153577466959152,raw_and_relative_to_steady_state
25,emp,ig1,low_debt,0.12,-0.00015643715972874,-0.0013036429977395,raw_and_relative_to_steady_state
26,emp,ig1,low_debt,0.12,-0.000131096217905691,-0.00109246848254742,raw_and_relative_to_steady_state
27,emp,ig1,low_debt,0.12,-0.000108257035081022,-0.000902141959008516,raw_and_relative_to_steady_state
28,emp,ig1,low_debt,0.12,-8.78684228046017e-05,-0.000732236856705014,raw_and_relative_to_steady_state
29,emp,ig1,low_debt,0.12,-6.98482288891827e-05,-0.000582068574076523,raw_and_relative_to_steady_state
30,emp,ig1,low_debt,0.12,-5.40897926967765e-05,-0.000450748272473137,raw_and_relative_to_steady_state
31,emp,ig1,low_debt,0.12,-4.04677317114438e-05,-0.000337231097595365,raw_and_relative_to_steady_state
32,emp,ig1,low_debt,0.12,-2.88430730744499e-05,-0.000240358942287082,raw_and_relative_to_steady_state
33,emp,ig1,low_debt,0.12,-1.9067753551899e-05,-0.000158897946265825,raw_and_relative_to_steady_state
34,emp,ig1,low_debt,0.12,-1.09885187287301e-05,-9.1570989406084e-05,raw_and_relative_to_steady_state
35,emp,ig1,low_debt,0.12,-4.45025749641614e-06,-3.70854791368012e-05,raw_and_relative_to_steady_state
36,emp,ig1,low_debt,0.12,7.01188523036245e-07,5.84323769196871e-06,raw_and_relative_to_steady_state
37,emp,ig1,low_debt,0.12,4.61669879885107e-06,3.84724899904256e-05,raw_and_relative_to_steady_state
38,emp,ig1,low_debt,0.12,7.44198811870878e-06,6.20165676559065e-05,raw_and_relative_to_steady_state
39,emp,ig1,low_debt,0.12,9.31611829649293e-06,7.76343191374411e-05,raw_and_relative_to_steady_state
40,emp,ig1,low_debt,0.12,1.0370365110382e-05,8.64197092531836e-05,raw_and_relative_to_steady_state
1,emp,ig2,high_debt,0.12,-0.000490769900277396,-0.0040897491689783,raw_and_relative_to_steady_state
2,emp,ig2,high_debt,0.12,-0.000874030608934595,-0.00728358840778829,raw_and_relative_to_steady_state
3,emp,ig2,high_debt,0.12,-0.00116879938788168,-0.00973999489901403,raw_and_relative_to_steady_state
4,emp,ig2,high_debt,0.12,-0.00138942559504655,-0.0115785466253879,raw_and_relative_to_steady_state
5,emp,ig2,high_debt,0.12,-0.00154728974536375,-0.0128940812113646,raw_and_relative_to_steady_state
6,emp,ig2,high_debt,0.12,-0.00165182622051191,-0.0137652185042659,raw_and_relative_to_steady_state
7,emp,ig2,high_debt,0.12,-0.00171112968353664,-0.014259414029472,raw_and_relative_to_steady_state
8,emp,ig2,high_debt,0.12,-0.00173230956461157,-0.0144359130384297,raw_and_relative_to_steady_state
9,emp,ig2,high_debt,0.12,-0.00172169523566525,-0.0143474602972104,raw_and_relative_to_steady_state
10,emp,ig2,high_debt,0.12,-0.00168495504793786,-0.0140412920661489,raw_and_relative_to_steady_state
11,emp,ig2,high_debt,0.12,-0.00162716747625298,-0.0135597289687748,raw_and_relative_to_steady_state
12,emp,ig2,high_debt,0.12,-0.00155286703570939,-0.0129405586309116,raw_and_relative_to_steady_state
13,emp,ig2,high_debt,0.12,-0.00146607802623067,-0.0122173168852556,raw_and_relative_to_steady_state
14,emp,ig2,high_debt,0.12,-0.00137034332020877,-0.0114195276684064,raw_and_relative_to_steady_state
15,emp,ig2,high_debt,0.12,-0.00126875192475545,-0.0105729327062954,raw_and_relative_to_steady_state
16,emp,ig2,high_debt,0.12,-0.00116396702225793,-0.00969972518548278,raw_and_relative_to_steady_state
17,emp,ig2,high_debt,0.12,-0.00105825505286179,-0.0088187921071816,raw_and_relative_to_steady_state
18,emp,ig2,high_debt,0.12,-0.000953515795343488,-0.00794596496119573,raw_and_relative_to_steady_state
19,emp,ig2,high_debt,0.12,-0.000851313109385854,-0.00709427591154878,raw_and_relative_to_steady_state
20,emp,ig2,high_debt,0.12,-0.000752905888717195,-0.00627421573930996,raw_and_relative_to_steady_state
21,emp,ig2,high_debt,0.12,-0.000659278760324858,-0.00549398966937382,raw_and_relative_to_steady_state
22,emp,ig2,high_debt,0.12,-0.000571172102239614,-0.00475976751866345,raw_and_relative_to_steady_state
23,emp,ig2,high_debt,0.12,-0.000489111013450366,-0.00407592511208639,raw_and_relative_to_steady_state
24,emp,ig2,high_debt,0.12,-0.000413432938644751,-0.00344527448870625,raw_and_relative_to_steady_state
25,emp,ig2,high_debt,0.12,-0.000344313719125883,-0.00286928099271569,raw_and_relative_to_steady_state
26,emp,ig2,high_debt,0.12,-0.000281791905051079,-0.00234826587542566,raw_and_relative_to_steady_state
27,emp,ig2,high_debt,0.12,-0.000225791221087082,-0.00188159350905902,raw_and_relative_to_steady_state
28,emp,ig2,high_debt,0.12,-0.00017614112701958,-0.00146784272516317,raw_and_relative_to_steady_state
29,emp,ig2,high_debt,0.12,-0.000132595456852971,-0.00110496214044143,raw_and_relative_to_steady_state
30,emp,ig2,high_debt,0.12,-9.48491549085384e-05,-0.00079040962423782,raw_and_relative_to_steady_state
31,emp,ig2,high_debt,0.12,-6.25531559657055e-05,-0.000521276299714213,raw_and_relative_to_steady_state
32,emp,ig2,high_debt,0.12,-3.53274792379843e-05,-0.000294395660316536,raw_and_relative_to_steady_state
33,emp,ig2,high_debt,0.12,-1.27726235819997e-05,-0.000106438529849998,raw_and_relative_to_steady_state
34,emp,ig2,high_debt,0.12,5.5206355691062e-06,4.60052964092184e-05,raw_and_relative_to_steady_state
35,emp,ig2,high_debt,0.12,1.99629378927618e-05,0.000166357815773015,raw_and_relative_to_steady_state
36,emp,ig2,high_debt,0.12,3.09594030496047e-05,0.000257995025413372,raw_and_relative_to_steady_state
37,emp,ig2,high_debt,0.12,3.89039504136712e-05,0.000324199586780594,raw_and_relative_to_steady_state
38,emp,ig2,high_debt,0.12,4.41747548695359e-05,0.000368122957246133,raw_and_relative_to_steady_state
39,emp,ig2,high_debt,0.12,4.71307214417044e-05,0.000392756012014203,raw_and_relative_to_steady_state
40,emp,ig2,high_debt,0.12,4.81088647231176e-05,0.00040090720602598,raw_and_relative_to_steady_state
1,emp,kg1,low_debt,4.8,-0.000219356481882649,-4.56992670588852e-05,raw_and_relative_to_steady_state
2,emp,kg1,low_debt,4.8,-0.000591774887911178,-0.000123286434981495,raw_and_relative_to_steady_state
3,emp,kg1,low_debt,4.8,-0.00107017981710289,-0.000222954128563102,raw_and_relative_to_steady_state
4,emp,kg1,low_debt,4.8,-0.00161965402846853,-0.000337427922597611,raw_and_relative_to_steady_state
5,emp,kg1,low_debt,4.8,-0.00221326830877544,-0.000461097564328217,raw_and_relative_to_steady_state
6,emp,kg1,low_debt,4.8,-0.0028296300840438,-0.000589506267509125,raw_and_relative_to_steady_state
7,emp,kg1,low_debt,4.8,-0.00345143631008327,-0.000719049231267347,raw_and_relative_to_steady_state
8,emp,kg1,low_debt,4.8,-0.00406460149713794,-0.000846791978570405,raw_and_relative_to_steady_state
9,emp,kg1,low_debt,4.8,-0.0046577075520311,-0.000970355740006479,raw_and_relative_to_steady_state
10,emp,kg1,low_debt,4.8,-0.00522162907778689,-0.0010878393912056,raw_and_relative_to_steady_state
11,emp,kg1,low_debt,4.8,-0.00574925186230324,-0.00119776080464651,raw_and_relative_to_steady_state
12,emp,kg1,low_debt,4.8,-0.00623524000545039,-0.00129900833446883,raw_and_relative_to_steady_state
13,emp,kg1,low_debt,4.8,-0.00667582883206386,-0.00139079767334664,raw_and_relative_to_steady_state
14,emp,kg1,low_debt,4.8,-0.00706863284917247,-0.0014726318435776,raw_and_relative_to_steady_state
15,emp,kg1,low_debt,4.8,-0.00741246448046073,-0.00154426343342932,raw_and_relative_to_steady_state
16,emp,kg1,low_debt,4.8,-0.00770716254561599,-0.00160565886367,raw_and_relative_to_steady_state
17,emp,kg1,low_debt,4.8,-0.00795343087888067,-0.00165696476643347,raw_and_relative_to_steady_state
18,emp,kg1,low_debt,4.8,-0.0081526879411804,-0.00169847665441258,raw_and_relative_to_steady_state
19,emp,kg1,low_debt,4.8,-0.00830692825705359,-0.00173061005355283,raw_and_relative_to_steady_state
20,emp,kg1,low_debt,4.8,-0.00841859627166297,-0.00175387422326312,raw_and_relative_to_steady_state
21,emp,kg1,low_debt,4.8,-0.00849047291938199,-0.00176884852487125,raw_and_relative_to_steady_state
22,emp,kg1,low_debt,4.8,-0.00852557489720684,-0.00177616143691809,raw_and_relative_to_steady_state
23,emp,kg1,low_debt,4.8,-0.00852706637656198,-0.00177647216178375,raw_and_relative_to_steady_state
24,emp,kg1,low_debt,4.8,-0.00849818267749836,-0.00177045472447882,raw_and_relative_to_steady_state
25,emp,kg1,low_debt,4.8,-0.00844216527028951,-0.00175878443131032,raw_and_relative_to_steady_state
26,emp,kg1,low_debt,4.8,-0.00836220735643778,-0.0017421265325912,raw_and_relative_to_steady_state
27,emp,kg1,low_debt,4.8,-0.00826140920760743,-0.00172112691825155,raw_and_relative_to_steady_state
28,emp,kg1,low_debt,4.8,-0.00814274240022161,-0.00169640466671284,raw_and_relative_to_steady_state
29,emp,kg1,low_debt,4.8,-0.00800902206910514,-0.0016685462643969,raw_and_relative_to_steady_state
30,emp,kg1,low_debt,4.8,-0.00786288631007359,-0.00163810131459866,raw_and_relative_to_steady_state
31,emp,kg1,low_debt,4.8,-0.00770678188403284,-0.00160557955917351,raw_and_relative_to_steady_state
32,emp,kg1,low_debt,4.8,-0.00754295541000616,-0.00157144904375128,raw_and_relative_to_steady_state
33,emp,kg1,low_debt,4.8,-0.00737344927830819,-0.00153613526631421,raw_and_relative_to_steady_state
34,emp,kg1,low_debt,4.8,-0.00720010156507822,-0.0015000211593913,raw_and_relative_to_steady_state
35,emp,kg1,low_debt,4.8,-0.00702454928344753,-0.0014634477673849,raw_and_relative_to_steady_state
36,emp,kg1,low_debt,4.8,-0.00684823436283821,-0.00142671549225796,raw_and_relative_to_steady_state
37,emp,kg1,low_debt,4.8,-0.00667241180496791,-0.00139008579270165,raw_and_relative_to_steady_state
38,emp,kg1,low_debt,4.8,-0.00649815952172528,-0.00135378323369277,raw_and_relative_to_steady_state
39,emp,kg1,low_debt,4.8,-0.00632638941538488,-0.00131799779487185,raw_and_relative_to_steady_state
40,emp,kg1,low_debt,4.8,-0.00615785931488944,-0.00128288735726863,raw_and_relative_to_steady_state
1,emp,kg2,high_debt,4.8,-0.000490769900276966,-0.000102243729224368,raw_and_relative_to_steady_state
2,emp,kg2,high_debt,4.8,-0.00135253126170465,-0.000281777346188468,raw_and_relative_to_steady_state
3,emp,kg2,high_debt,4.8,-0.00248751736804298,-0.000518232785008954,raw_and_relative_to_steady_state
4,emp,kg2,high_debt,4.8,-0.00381475502888762,-0.000794740631018254,raw_and_relative_to_steady_state
5,emp,kg2,high_debt,4.8,-0.00526667589852803,-0.00109722414552667,raw_and_relative_to_steady_state
6,emp,kg2,high_debt,4.8,-0.0067868352215763,-0.00141392400449506,raw_and_relative_to_steady_state
7,emp,kg2,high_debt,4.8,-0.00832829402457236,-0.00173506125511924,raw_and_relative_to_steady_state
8,emp,kg2,high_debt,4.8,-0.00985239623856948,-0.00205258254970198,raw_and_relative_to_steady_state
9,emp,kg2,high_debt,4.8,-0.0113277815682693,-0.00235995449338944,raw_and_relative_to_steady_state
10,emp,kg2,high_debt,4.8,-0.0127295420769995,-0.00265198793270823,raw_and_relative_to_steady_state
11,emp,kg2,high_debt,4.8,-0.014038471001327,-0.0029246814586098,raw_and_relative_to_steady_state
12,emp,kg2,high_debt,4.8,-0.0152403762620024,-0.00317507838791716,raw_and_relative_to_steady_state
13,emp,kg2,high_debt,4.8,-0.0163254448816819,-0.00340113435035039,raw_and_relative_to_steady_state
14,emp,kg2,high_debt,4.8,-0.0172876520798475,-0.00360159418330156,raw_and_relative_to_steady_state
15,emp,kg2,high_debt,4.8,-0.018124212702606,-0.00377587764637625,raw_and_relative_to_steady_state
16,emp,kg2,high_debt,4.8,-0.0188350744072974,-0.00392397383485362,raw_and_relative_to_steady_state
17,emp,kg2,high_debt,4.8,-0.0194224525999758,-0.00404634429166162,raw_and_relative_to_steady_state
18,emp,kg2,high_debt,4.8,-0.019890407080319,-0.00414383480839979,raw_and_relative_to_steady_state
19,emp,kg2,high_debt,4.8,-0.0202444600126954,-0.00421759583597821,raw_and_relative_to_steady_state
20,emp,kg2,high_debt,4.8,-0.0204912544010947,-0.00426901133356139,raw_and_relative_to_steady_state
21,emp,kg2,high_debt,4.8,-0.0206382518013912,-0.00429963579195651,raw_and_relative_to_steady_state
22,emp,kg2,high_debt,4.8,-0.020693467608595,-0.00431113908512396,raw_and_relative_to_steady_state
23,emp,kg2,high_debt,4.8,-0.0206652419318294,-0.00430525873579779,raw_and_relative_to_steady_state
24,emp,kg2,high_debt,4.8,-0.020562043822177,-0.0042837591296202,raw_and_relative_to_steady_state
25,emp,kg2,high_debt,4.8,-0.0203923064457472,-0.00424839717619733,raw_and_relative_to_steady_state
26,emp,kg2,high_debt,4.8,-0.020164290689654,-0.00420089389367791,raw_and_relative_to_steady_state
27,emp,kg2,high_debt,4.8,-0.0198859746434987,-0.00414291138406224,raw_and_relative_to_steady_state
28,emp,kg2,high_debt,4.8,-0.0195649664044293,-0.00407603466758943,raw_and_relative_to_steady_state
29,emp,kg2,high_debt,4.8,-0.0192084377011712,-0.00400175785441067,raw_and_relative_to_steady_state
30,emp,kg2,high_debt,4.8,-0.0188230759135495,-0.00392147414865614,raw_and_relative_to_steady_state
31,emp,kg2,high_debt,4.8,-0.0184150521716751,-0.0038364692024323,raw_and_relative_to_steady_state
32,emp,kg2,high_debt,4.8,-0.01799000334662,-0.00374791736387918,raw_and_relative_to_steady_state
33,emp,kg2,high_debt,4.8,-0.017553025886536,-0.00365688039302832,raw_and_relative_to_steady_state
34,emp,kg2,high_debt,4.8,-0.0171086796038029,-0.00356430825079227,raw_and_relative_to_steady_state
35,emp,kg2,high_debt,4.8,-0.016660999675814,-0.00347104159912792,raw_and_relative_to_steady_state
36,emp,kg2,high_debt,4.8,-0.0162135152808682,-0.00337781568351421,raw_and_relative_to_steady_state
37,emp,kg2,high_debt,4.8,-0.0157692734484325,-0.00328526530175677,raw_and_relative_to_steady_state
38,emp,kg2,high_debt,4.8,-0.0153308668573509,-0.00319393059528143,raw_and_relative_to_steady_state
39,emp,kg2,high_debt,4.8,-0.0149004644644748,-0.00310426343009892,raw_and_relative_to_steady_state
40,emp,kg2,high_debt,4.8,-0.0144798439881386,-0.00301663416419555,raw_and_relative_to_steady_state
1,emp,xloc1,low_debt,1,-0.00217360736241301,-0.00217360736241301,raw_and_relative_to_steady_state
2,emp,xloc1,low_debt,1,-0.0018155044030902,-0.0018155044030902,raw_and_relative_to_steady_state
3,emp,xloc1,low_debt,1,-0.00147742834186904,-0.00147742834186904,raw_and_relative_to_steady_state
4,emp,xloc1,low_debt,1,-0.00119004205860174,-0.00119004205860174,raw_and_relative_to_steady_state
5,emp,xloc1,low_debt,1,-0.000959424954867227,-0.000959424954867227,raw_and_relative_to_steady_state
6,emp,xloc1,low_debt,1,-0.000780641756997658,-0.000780641756997658,raw_and_relative_to_steady_state
7,emp,xloc1,low_debt,1,-0.000644843636298464,-0.000644843636298464,raw_and_relative_to_steady_state
8,emp,xloc1,low_debt,1,-0.000542739313990515,-0.000542739313990515,raw_and_relative_to_steady_state
9,emp,xloc1,low_debt,1,-0.000466096451730458,-0.000466096451730458,raw_and_relative_to_steady_state
10,emp,xloc1,low_debt,1,-0.000408224518356426,-0.000408224518356426,raw_and_relative_to_steady_state
11,emp,xloc1,low_debt,1,-0.00036396965524832,-0.00036396965524832,raw_and_relative_to_steady_state
12,emp,xloc1,low_debt,1,-0.00032950694188294,-0.00032950694188294,raw_and_relative_to_steady_state
13,emp,xloc1,low_debt,1,-0.000302075744902486,-0.000302075744902486,raw_and_relative_to_steady_state
14,emp,xloc1,low_debt,1,-0.000279726420502668,-0.000279726420502668,raw_and_relative_to_steady_state
15,emp,xloc1,low_debt,1,-0.000261105375743198,-0.000261105375743198,raw_and_relative_to_steady_state
16,emp,xloc1,low_debt,1,-0.000245284725320372,-0.000245284725320372,raw_and_relative_to_steady_state
17,emp,xloc1,low_debt,1,-0.000231633287434807,-0.000231633287434807,raw_and_relative_to_steady_state
18,emp,xloc1,low_debt,1,-0.000219722120732513,-0.000219722120732513,raw_and_relative_to_steady_state
19,emp,xloc1,low_debt,1,-0.000209257211902569,-0.000209257211902569,raw_and_relative_to_steady_state
20,emp,xloc1,low_debt,1,-0.000200032641111458,-0.000200032641111458,raw_and_relative_to_steady_state
21,emp,xloc1,low_debt,1,-0.000191898724171358,-0.000191898724171358,raw_and_relative_to_steady_state
22,emp,xloc1,low_debt,1,-0.000184740839319075,-0.000184740839319075,raw_and_relative_to_steady_state
23,emp,xloc1,low_debt,1,-0.000178465713658316,-0.000178465713658316,raw_and_relative_to_steady_state
24,emp,xloc1,low_debt,1,-0.000172992813323725,-0.000172992813323725,raw_and_relative_to_steady_state
25,emp,xloc1,low_debt,1,-0.000168249154478661,-0.000168249154478661,raw_and_relative_to_steady_state
26,emp,xloc1,low_debt,1,-0.00016416635579386,-0.00016416635579386,raw_and_relative_to_steady_state
27,emp,xloc1,low_debt,1,-0.000160679120126739,-0.000160679120126739,raw_and_relative_to_steady_state
28,emp,xloc1,low_debt,1,-0.000157724595299502,-0.000157724595299502,raw_and_relative_to_steady_state
29,emp,xloc1,low_debt,1,-0.000155242247965925,-0.000155242247965925,raw_and_relative_to_steady_state
30,emp,xloc1,low_debt,1,-0.000153174011892854,-0.000153174011892854,raw_and_relative_to_steady_state
31,emp,xloc1,low_debt,1,-0.00015146455886994,-0.00015146455886994,raw_and_relative_to_steady_state
32,emp,xloc1,low_debt,1,-0.000150061598937046,-0.000150061598937046,raw_and_relative_to_steady_state
33,emp,xloc1,low_debt,1,-0.000148916155424561,-0.000148916155424561,raw_and_relative_to_steady_state
34,emp,xloc1,low_debt,1,-0.000147982785637324,-0.000147982785637324,raw_and_relative_to_steady_state
35,emp,xloc1,low_debt,1,-0.000147219734225823,-0.000147219734225823,raw_and_relative_to_steady_state
36,emp,xloc1,low_debt,1,-0.0001465890163862,-0.0001465890163862,raw_and_relative_to_steady_state
37,emp,xloc1,low_debt,1,-0.000146056434075947,-0.000146056434075947,raw_and_relative_to_steady_state
38,emp,xloc1,low_debt,1,-0.000145591531818368,-0.000145591531818368,raw_and_relative_to_steady_state
39,emp,xloc1,low_debt,1,-0.000145167500340326,-0.000145167500340326,raw_and_relative_to_steady_state
40,emp,xloc1,low_debt,1,-0.000144761036868779,-0.000144761036868779,raw_and_relative_to_steady_state
1,emp,xloc2,high_debt,1,-0.00236198558915357,-0.00236198558915357,raw_and_relative_to_steady_state
2,emp,xloc2,high_debt,1,-0.00214238924634624,-0.00214238924634624,raw_and_relative_to_steady_state
3,emp,xloc2,high_debt,1,-0.00190160124813499,-0.00190160124813499,raw_and_relative_to_steady_state
4,emp,xloc2,high_debt,1,-0.00167844166306064,-0.00167844166306064,raw_and_relative_to_steady_state
5,emp,xloc2,high_debt,1,-0.00148617349049784,-0.00148617349049784,raw_and_relative_to_steady_state
6,emp,xloc2,high_debt,1,-0.00132592414718025,-0.00132592414718025,raw_and_relative_to_steady_state
7,emp,xloc2,high_debt,1,-0.00119381447191325,-0.00119381447191325,raw_and_relative_to_steady_state
8,emp,xloc2,high_debt,1,-0.00108454089979759,-0.00108454089979759,raw_and_relative_to_steady_state
9,emp,xloc2,high_debt,1,-0.000993018498727016,-0.000993018498727016,raw_and_relative_to_steady_state
10,emp,xloc2,high_debt,1,-0.000915007568615733,-0.000915007568615733,raw_and_relative_to_steady_state
11,emp,xloc2,high_debt,1,-0.000847240243830538,-0.000847240243830538,raw_and_relative_to_steady_state
12,emp,xloc2,high_debt,1,-0.000787326749128958,-0.000787326749128958,raw_and_relative_to_steady_state
13,emp,xloc2,high_debt,1,-0.000733585833283534,-0.000733585833283534,raw_and_relative_to_steady_state
14,emp,xloc2,high_debt,1,-0.000684868833832342,-0.000684868833832342,raw_and_relative_to_steady_state
15,emp,xloc2,high_debt,1,-0.000640406590967646,-0.000640406590967646,raw_and_relative_to_steady_state
16,emp,xloc2,high_debt,1,-0.000599687952485328,-0.000599687952485328,raw_and_relative_to_steady_state
17,emp,xloc2,high_debt,1,-0.000562369026232634,-0.000562369026232634,raw_and_relative_to_steady_state
18,emp,xloc2,high_debt,1,-0.000528208523290941,-0.000528208523290941,raw_and_relative_to_steady_state
19,emp,xloc2,high_debt,1,-0.000497023609600356,-0.000497023609600356,raw_and_relative_to_steady_state
20,emp,xloc2,high_debt,1,-0.000468661069583765,-0.000468661069583765,raw_and_relative_to_steady_state
21,emp,xloc2,high_debt,1,-0.000442979457268122,-0.000442979457268122,raw_and_relative_to_steady_state
22,emp,xloc2,high_debt,1,-0.000419838863534139,-0.000419838863534139,raw_and_relative_to_steady_state
23,emp,xloc2,high_debt,1,-0.00039909578509234,-0.00039909578509234,raw_and_relative_to_steady_state
24,emp,xloc2,high_debt,1,-0.000380601281790072,-0.000380601281790072,raw_and_relative_to_steady_state
25,emp,xloc2,high_debt,1,-0.000364201150463539,-0.000364201150463539,raw_and_relative_to_steady_state
26,emp,xloc2,high_debt,1,-0.000349737245974646,-0.000349737245974646,raw_and_relative_to_steady_state
27,emp,xloc2,high_debt,1,-0.000337049370470743,-0.000337049370470743,raw_and_relative_to_steady_state
28,emp,xloc2,high_debt,1,-0.000325977356613993,-0.000325977356613993,raw_and_relative_to_steady_state
29,emp,xloc2,high_debt,1,-0.000316363111966145,-0.000316363111966145,raw_and_relative_to_steady_state
30,emp,xloc2,high_debt,1,-0.000308052487652422,-0.000308052487652422,raw_and_relative_to_steady_state
31,emp,xloc2,high_debt,1,-0.000300896898314806,-0.000300896898314806,raw_and_relative_to_steady_state
32,emp,xloc2,high_debt,1,-0.000294754662057528,-0.000294754662057528,raw_and_relative_to_steady_state
33,emp,xloc2,high_debt,1,-0.000289492055622342,-0.000289492055622342,raw_and_relative_to_steady_state
34,emp,xloc2,high_debt,1,-0.000284984096356578,-0.000284984096356578,raw_and_relative_to_steady_state
35,emp,xloc2,high_debt,1,-0.000281115072049976,-0.000281115072049976,raw_and_relative_to_steady_state
36,emp,xloc2,high_debt,1,-0.000277778844748333,-0.000277778844748333,raw_and_relative_to_steady_state
37,emp,xloc2,high_debt,1,-0.000274878956766367,-0.000274878956766367,raw_and_relative_to_steady_state
38,emp,xloc2,high_debt,1,-0.000272328567365809,-0.000272328567365809,raw_and_relative_to_steady_state
39,emp,xloc2,high_debt,1,-0.000270050247639264,-0.000270050247639264,raw_and_relative_to_steady_state
40,emp,xloc2,high_debt,1,-0.000267975659497655,-0.000267975659497655,raw_and_relative_to_steady_state
1,emp,k1,low_debt,10.6834532374101,-0.000709415412739389,-6.64031935156736e-05,raw_and_relative_to_steady_state
2,emp,k1,low_debt,10.6834532374101,-0.00154464293158618,-0.000144582739050828,raw_and_relative_to_steady_state
3,emp,k1,low_debt,10.6834532374101,-0.00224213792475325,-0.000209870149185658,raw_and_relative_to_steady_state
4,emp,k1,low_debt,10.6834532374101,-0.00270901482660868,-0.000253571084780207,raw_and_relative_to_steady_state
5,emp,k1,low_debt,10.6834532374101,-0.00293781389253667,-0.000274987293644847,raw_and_relative_to_steady_state
6,emp,k1,low_debt,10.6834532374101,-0.00295930004528699,-0.000276998455417436,raw_and_relative_to_steady_state
7,emp,k1,low_debt,10.6834532374101,-0.00281738701129086,-0.000263715013178068,raw_and_relative_to_steady_state
8,emp,k1,low_debt,10.6834532374101,-0.00255663745035761,-0.000239308151918996,raw_and_relative_to_steady_state
9,emp,k1,low_debt,10.6834532374101,-0.00221669730507656,-0.000207488838656999,raw_and_relative_to_steady_state
10,emp,k1,low_debt,10.6834532374101,-0.00183039454669398,-0.000171329859926238,raw_and_relative_to_steady_state
11,emp,k1,low_debt,10.6834532374101,-0.00142365214275664,-0.000133257675315268,raw_and_relative_to_steady_state
12,emp,k1,low_debt,10.6834532374101,-0.00101620087681908,-9.51191393116855e-05,raw_and_relative_to_steady_state
13,emp,k1,low_debt,10.6834532374101,-0.000622560033596287,-5.8273296073996e-05,raw_and_relative_to_steady_state
14,emp,k1,low_debt,10.6834532374101,-0.000253025484271419,-2.36838668779308e-05,raw_and_relative_to_steady_state
15,emp,k1,low_debt,10.6834532374101,8.54474560476604e-05,7.99811204755879e-06,raw_and_relative_to_steady_state
16,emp,k1,low_debt,10.6834532374101,0.000388502251880141,3.63648572466934e-05,raw_and_relative_to_steady_state
17,emp,k1,low_debt,10.6834532374101,0.000653779299089052,6.11955034164164e-05,raw_and_relative_to_steady_state
18,emp,k1,low_debt,10.6834532374101,0.000880437329540129,8.24113055933186e-05,raw_and_relative_to_steady_state
19,emp,k1,low_debt,10.6834532374101,0.00106877689880491,0.000100040396588474,raw_and_relative_to_steady_state
20,emp,k1,low_debt,10.6834532374101,0.00121994550445592,0.000114190185265571,raw_and_relative_to_steady_state
21,emp,k1,low_debt,10.6834532374101,0.00133570669710004,0.000125025744711721,raw_and_relative_to_steady_state
22,emp,k1,low_debt,10.6834532374101,0.00141825887991587,0.000132752851386065,raw_and_relative_to_steady_state
23,emp,k1,low_debt,10.6834532374101,0.00147009261613462,0.000137604628715631,raw_and_relative_to_steady_state
24,emp,k1,low_debt,10.6834532374101,0.00149387789934963,0.000139830995292659,raw_and_relative_to_steady_state
25,emp,k1,low_debt,10.6834532374101,0.00149237493571341,0.000139690313847923,raw_and_relative_to_steady_state
26,emp,k1,low_debt,10.6834532374101,0.00146836358826441,0.000137442787049666,raw_and_relative_to_steady_state
27,emp,k1,low_debt,10.6834532374101,0.00142458782623933,0.000133345257809608,raw_and_relative_to_steady_state
28,emp,k1,low_debt,10.6834532374101,0.00136371239503852,0.000127647153474986,raw_and_relative_to_steady_state
29,emp,k1,low_debt,10.6834532374101,0.00128828955448057,0.000120587372439596,raw_and_relative_to_steady_state
30,emp,k1,low_debt,10.6834532374101,0.00120073418855071,0.000112391954349191,raw_and_relative_to_steady_state
31,emp,k1,low_debt,10.6834532374101,0.00110330591928509,0.000103272405912881,raw_and_relative_to_steady_state
32,emp,k1,low_debt,10.6834532374101,0.000998097097879125,9.34245768385176e-05,raw_and_relative_to_steady_state
33,emp,k1,low_debt,10.6834532374101,0.000887025725102575,8.30279971644836e-05,raw_and_relative_to_steady_state
34,emp,k1,low_debt,10.6834532374101,0.000771832489618873,7.22456000383997e-05,raw_and_relative_to_steady_state
35,emp,k1,low_debt,10.6834532374101,0.000654081220522684,6.12237640758608e-05,raw_and_relative_to_steady_state
36,emp,k1,low_debt,10.6834532374101,0.000535162138287859,5.00926176579209e-05,raw_and_relative_to_steady_state
37,emp,k1,low_debt,10.6834532374101,0.000416297362596296,3.89665544787106e-05,raw_and_relative_to_steady_state
38,emp,k1,low_debt,10.6834532374101,0.000298548200159843,2.79449157051975e-05,raw_and_relative_to_steady_state
39,emp,k1,low_debt,10.6834532374101,0.000182823793178244,1.71127994961454e-05,raw_and_relative_to_steady_state
40,emp,k1,low_debt,10.6834532374101,6.98907612335375e-05,6.54196350940184e-06,raw_and_relative_to_steady_state
1,emp,k2,high_debt,10.6834532374101,-0.00075090668354072,-7.02868882236769e-05,raw_and_relative_to_steady_state
2,emp,k2,high_debt,10.6834532374101,-0.00163826733172812,-0.00015334623509105,raw_and_relative_to_steady_state
3,emp,k2,high_debt,10.6834532374101,-0.0023766599744981,-0.000222461775390731,raw_and_relative_to_steady_state
4,emp,k2,high_debt,10.6834532374101,-0.00285936187637148,-0.000267643973613223,raw_and_relative_to_steady_state
5,emp,k2,high_debt,10.6834532374101,-0.00307176867507231,-0.000287525822111146,raw_and_relative_to_steady_state
6,emp,k2,high_debt,10.6834532374101,-0.00304273241194863,-0.000284807949670613,raw_and_relative_to_steady_state
7,emp,k2,high_debt,10.6834532374101,-0.00281809118761522,-0.000263780925978799,raw_and_relative_to_steady_state
8,emp,k2,high_debt,10.6834532374101,-0.00244693677158203,-0.000229039872895558,raw_and_relative_to_steady_state
9,emp,k2,high_debt,10.6834532374101,-0.00197501908213482,-0.000184867106004539,raw_and_relative_to_steady_state
10,emp,k2,high_debt,10.6834532374101,-0.00144202422973194,-0.000134977352143259,raw_and_relative_to_steady_state
11,emp,k2,high_debt,10.6834532374101,-0.000880862688338979,-8.24511203226386e-05,raw_and_relative_to_steady_state
12,emp,k2,high_debt,10.6834532374101,-0.000317929829622088,-2.97590884292729e-05,raw_and_relative_to_steady_state
13,emp,k2,high_debt,10.6834532374101,0.000226220492150375,2.11748474134022e-05,raw_and_relative_to_steady_state
14,emp,k2,high_debt,10.6834532374101,0.000736077235925947,6.88988119822942e-05,raw_and_relative_to_steady_state
15,emp,k2,high_debt,10.6834532374101,0.00120038644162435,0.000112359404300192,raw_and_relative_to_steady_state
16,emp,k2,high_debt,10.6834532374101,0.00161143672507791,0.000150834818037596,raw_and_relative_to_steady_state
17,emp,k2,high_debt,10.6834532374101,0.00196443381761391,0.000183876296732885,raw_and_relative_to_steady_state
18,emp,k2,high_debt,10.6834532374101,0.00225696305579071,0.000211257821383777,raw_and_relative_to_steady_state
19,emp,k2,high_debt,10.6834532374101,0.0024885311126841,0.00023293321526134,raw_and_relative_to_steady_state
20,emp,k2,high_debt,10.6834532374101,0.00266017623844661,0.000248999661376484,raw_and_relative_to_steady_state
21,emp,k2,high_debt,10.6834532374101,0.00277413676290195,0.00025966667342988,raw_and_relative_to_steady_state
22,emp,k2,high_debt,10.6834532374101,0.00283356901763021,0.000265229692559327,raw_and_relative_to_steady_state
23,emp,k2,high_debt,10.6834532374101,0.00284230739561941,0.000266047628276835,raw_and_relative_to_steady_state
24,emp,k2,high_debt,10.6834532374101,0.00280466065962592,0.000262523792382494,raw_and_relative_to_steady_state
25,emp,k2,high_debt,10.6834532374101,0.00272523973472261,0.000255089779883127,raw_and_relative_to_steady_state
26,emp,k2,high_debt,10.6834532374101,0.00260881307827177,0.000244191931232172,raw_and_relative_to_steady_state
27,emp,k2,high_debt,10.6834532374101,0.00246018635458611,0.000230280069553852,raw_and_relative_to_steady_state
28,emp,k2,high_debt,10.6834532374101,0.00228410360418074,0.000213798249818939,raw_and_relative_to_steady_state
29,emp,k2,high_debt,10.6834532374101,0.00208516743693288,0.000195177288709542,raw_and_relative_to_steady_state
30,emp,k2,high_debt,10.6834532374101,0.00186777603361676,0.000174828867793085,raw_and_relative_to_steady_state
31,emp,k2,high_debt,10.6834532374101,0.00163607494046758,0.000153141021363632,raw_and_relative_to_steady_state
32,emp,k2,high_debt,10.6834532374101,0.00139392180706466,0.000130474835812786,raw_and_relative_to_steady_state
33,emp,k2,high_debt,10.6834532374101,0.00114486236285671,0.000107162200967733,raw_and_relative_to_steady_state
34,emp,k2,high_debt,10.6834532374101,0.000892116060667192,8.35044662846733e-05,raw_and_relative_to_steady_state
35,emp,k2,high_debt,10.6834532374101,0.000638569941557421,5.97718665834893e-05,raw_and_relative_to_steady_state
36,emp,k2,high_debt,10.6834532374101,0.000386779397317127,3.62035934189096e-05,raw_and_relative_to_steady_state
37,emp,k2,high_debt,10.6834532374101,0.00013897462539525,1.30083992794207e-05,raw_and_relative_to_steady_state
38,emp,k2,high_debt,10.6834532374101,-0.000102928313262751,-9.63436736937538e-06,raw_and_relative_to_steady_state
39,emp,k2,high_debt,10.6834532374101,-0.000337312810868795,-3.15733876840152e-05,raw_and_relative_to_steady_state
40,emp,k2,high_debt,10.6834532374101,-0.000562844273208185,-5.26837400511366e-05,raw_and_relative_to_steady_state
1,emp,inv1,low_debt,0.267086330935251,-0.000709415412740166,-0.00265612774062985,raw_and_relative_to_steady_state
2,emp,inv1,low_debt,0.267086330935251,-0.00085296290416137,-0.00319358501490722,raw_and_relative_to_steady_state
3,emp,inv1,low_debt,0.267086330935251,-0.000736111066454381,-0.00275607914443526,raw_and_relative_to_steady_state
4,emp,inv1,low_debt,0.267086330935251,-0.000522930349971196,-0.00195790757295613,raw_and_relative_to_steady_state
5,emp,inv1,low_debt,0.267086330935251,-0.000296524436590284,-0.00111021943935487,raw_and_relative_to_steady_state
6,emp,inv1,low_debt,0.267086330935251,-9.49315000606243e-05,-0.000355433764536749,raw_and_relative_to_steady_state
7,emp,inv1,low_debt,0.267086330935251,6.79305328669666e-05,0.000254339234168576,raw_and_relative_to_steady_state
8,emp,inv1,low_debt,0.267086330935251,0.000190314885653575,0.000712559437194532,raw_and_relative_to_steady_state
9,emp,inv1,low_debt,0.267086330935251,0.000276024209023562,0.00103346437856634,raw_and_relative_to_steady_state
10,emp,inv1,low_debt,0.267086330935251,0.000330885325757924,0.00123887031058186,raw_and_relative_to_steady_state
11,emp,inv1,low_debt,0.267086330935251,0.000360982540272836,0.00135155752452321,raw_and_relative_to_steady_state
12,emp,inv1,low_debt,0.267086330935251,0.000371859962370047,0.00139228376483331,raw_and_relative_to_steady_state
13,emp,inv1,low_debt,0.267086330935251,0.000368235821303853,0.00137871459020163,raw_and_relative_to_steady_state
14,emp,inv1,low_debt,0.267086330935251,0.000353970548487625,0.00132530387177859,raw_and_relative_to_steady_state
15,emp,inv1,low_debt,0.267086330935251,0.000332147303214125,0.00124359529014851,raw_and_relative_to_steady_state
16,emp,inv1,low_debt,0.267086330935251,0.000305190982234915,0.0011426679200176,raw_and_relative_to_steady_state
17,emp,inv1,low_debt,0.267086330935251,0.000274989603507469,0.00102959070404144,raw_and_relative_to_steady_state
18,emp,inv1,low_debt,0.267086330935251,0.000243002512929247,0.000909827590496037,raw_and_relative_to_steady_state
19,emp,inv1,low_debt,0.267086330935251,0.000210350502504453,0.000787574945403878,raw_and_relative_to_steady_state
20,emp,inv1,low_debt,0.267086330935251,0.000177888028123185,0.000666031943680076,raw_and_relative_to_steady_state
21,emp,inv1,low_debt,0.267086330935251,0.00014625983025679,0.000547612563116331,raw_and_relative_to_steady_state
22,emp,inv1,low_debt,0.267086330935251,0.000115944850244021,0.000434110011688052,raw_and_relative_to_steady_state
23,emp,inv1,low_debt,0.267086330935251,8.72902082182936e-05,0.000326823944574891,raw_and_relative_to_steady_state
24,emp,inv1,low_debt,0.267086330935251,6.0537598619681e-05,0.000226659291801634,raw_and_relative_to_steady_state
25,emp,inv1,low_debt,0.267086330935251,3.5843983848316e-05,0.000134203737506153,raw_and_relative_to_steady_state
26,emp,inv1,low_debt,0.267086330935251,1.32980259446858e-05,4.97892419208438e-05,raw_and_relative_to_steady_state
27,emp,inv1,low_debt,0.267086330935251,-7.06667231836766e-06,-2.64583825522722e-05,raw_and_relative_to_steady_state
28,emp,inv1,low_debt,0.267086330935251,-2.52607355433754e-05,-9.45789155698097e-05,raw_and_relative_to_steady_state
29,emp,inv1,low_debt,0.267086330935251,-4.13300306821851e-05,-0.00015474408794138,raw_and_relative_to_steady_state
30,emp,inv1,low_debt,0.267086330935251,-5.53481270663125e-05,-0.000207229351170841,raw_and_relative_to_steady_state
31,emp,inv1,low_debt,0.267086330935251,-6.74099145513973e-05,-0.000252389983101529,raw_and_relative_to_steady_state
32,emp,inv1,low_debt,0.267086330935251,-7.76261734233286e-05,-0.000290640757059736,raw_and_relative_to_steady_state
33,emp,inv1,low_debt,0.267086330935251,-8.61189453297273e-05,-0.000322438610123424,raw_and_relative_to_steady_state
34,emp,inv1,low_debt,0.267086330935251,-9.301759235536e-05,-0.000348267887875961,raw_and_relative_to_steady_state
35,emp,inv1,low_debt,0.267086330935251,-9.84554568541629e-05,-0.000368627838457338,raw_and_relative_to_steady_state
36,emp,inv1,low_debt,0.267086330935251,-0.000102567051721125,-0.000384022092639365,raw_and_relative_to_steady_state
37,emp,inv1,low_debt,0.267086330935251,-0.000105485722233678,-0.000394949909507913,raw_and_relative_to_steady_state
38,emp,inv1,low_debt,0.267086330935251,-0.000107341728372123,-0.000401898996463978,raw_and_relative_to_steady_state
39,emp,inv1,low_debt,0.267086330935251,-0.000108260701976726,-0.0004053397326536,raw_and_relative_to_steady_state
40,emp,inv1,low_debt,0.267086330935251,-0.000108362437113985,-0.000405720639968859,raw_and_relative_to_steady_state
1,emp,inv2,high_debt,0.267086330935251,-0.00075090668354072,-0.00281147552894708,raw_and_relative_to_steady_state
2,emp,inv2,high_debt,0.267086330935251,-0.000906133315275282,-0.00339266076291621,raw_and_relative_to_steady_state
3,emp,inv2,high_debt,0.267086330935251,-0.000779349326062495,-0.00291796784707574,raw_and_relative_to_steady_state
4,emp,inv2,high_debt,0.267086330935251,-0.00054211840123608,-0.00202974970429132,raw_and_relative_to_steady_state
5,emp,inv2,high_debt,0.267086330935251,-0.000283890845610479,-0.00106291791353149,raw_and_relative_to_steady_state
6,emp,inv2,high_debt,0.267086330935251,-4.77579537535022e-05,-0.000178810924491228,raw_and_relative_to_steady_state
7,emp,inv2,high_debt,0.267086330935251,0.000148572914033696,0.000556272997998215,raw_and_relative_to_steady_state
8,emp,inv2,high_debt,0.267086330935251,0.000300702136343534,0.00112586119735357,raw_and_relative_to_steady_state
9,emp,inv2,high_debt,0.267086330935251,0.000410744270157082,0.00153787080274302,raw_and_relative_to_steady_state
10,emp,inv2,high_debt,0.267086330935251,0.000483619375348576,0.00181072304844316,raw_and_relative_to_steady_state
11,emp,inv2,high_debt,0.267086330935251,0.000525110935648998,0.00196607192067908,raw_and_relative_to_steady_state
12,emp,inv2,high_debt,0.267086330935251,0.000540911291507462,0.00202523015540841,raw_and_relative_to_steady_state
13,emp,inv2,high_debt,0.267086330935251,0.000536202076030334,0.00200759834527183,raw_and_relative_to_steady_state
14,emp,inv2,high_debt,0.267086330935251,0.000515512256077266,0.00193013343016135,raw_and_relative_to_steady_state
15,emp,inv2,high_debt,0.267086330935251,0.000482711136596203,0.0018073225046969,raw_and_relative_to_steady_state
16,emp,inv2,high_debt,0.267086330935251,0.000441059944493172,0.00165137595379262,raw_and_relative_to_steady_state
17,emp,inv2,high_debt,0.267086330935251,0.000393283010660994,0.00147249396584184,raw_and_relative_to_steady_state
18,emp,inv2,high_debt,0.267086330935251,0.000341640083615424,0.00127913728276213,raw_and_relative_to_steady_state
19,emp,inv2,high_debt,0.267086330935251,0.000287992133287174,0.00107827357648262,raw_and_relative_to_steady_state
20,emp,inv2,high_debt,0.267086330935251,0.000233858403577591,0.000875591059859536,raw_and_relative_to_steady_state
21,emp,inv2,high_debt,0.267086330935251,0.000180464930415181,0.000675680143507344,raw_and_relative_to_steady_state
22,emp,inv2,high_debt,0.267086330935251,0.000128785673800202,0.000482187438605473,raw_and_relative_to_steady_state
23,emp,inv2,high_debt,0.267086330935251,7.95776034285267e-05,0.000297947121254282,raw_and_relative_to_steady_state
24,emp,inv2,high_debt,0.267086330935251,3.34109488955847e-05,0.000125094192497947,raw_and_relative_to_steady_state
25,emp,inv2,high_debt,0.267086330935251,-9.30440841384605e-06,-3.48367075966223e-05,raw_and_relative_to_steady_state
26,emp,inv2,high_debt,0.267086330935251,-4.82956630843412e-05,-0.000180824166160901,raw_and_relative_to_steady_state
27,emp,inv2,high_debt,0.267086330935251,-8.34063967307119e-05,-0.000312282535907582,raw_and_relative_to_steady_state
28,emp,inv2,high_debt,0.267086330935251,-0.000114578091541306,-0.000428992719844892,raw_and_relative_to_steady_state
29,emp,inv2,high_debt,0.267086330935251,-0.000141833577145534,-0.000531040194565097,raw_and_relative_to_steady_state
30,emp,inv2,high_debt,0.267086330935251,-0.000165262217394713,-0.000618759547955962,raw_and_relative_to_steady_state
31,emp,inv2,high_debt,0.267086330935251,-0.000185006692309975,-0.000692684989389536,raw_and_relative_to_steady_state
32,emp,inv2,high_debt,0.267086330935251,-0.00020125125989251,-0.000753506400674988,raw_and_relative_to_steady_state
33,emp,inv2,high_debt,0.267086330935251,-0.000214211399031272,-0.000802030557989142,raw_and_relative_to_steady_state
34,emp,inv2,high_debt,0.267086330935251,-0.000224124743120446,-0.000839147186363423,raw_and_relative_to_steady_state
35,emp,inv2,high_debt,0.267086330935251,-0.000231243217594101,-0.000865799521766469,raw_and_relative_to_steady_state
36,emp,inv2,high_debt,0.267086330935251,-0.000235826295701957,-0.000882959060001943,raw_and_relative_to_steady_state
37,emp,inv2,high_debt,0.267086330935251,-0.000238135286989793,-0.000891604172163807,raw_and_relative_to_steady_state
38,emp,inv2,high_debt,0.267086330935251,-0.000238428573024585,-0.000892702266677909,raw_and_relative_to_steady_state
39,emp,inv2,high_debt,0.267086330935251,-0.000236957705438301,-0.000887195179957546,raw_and_relative_to_steady_state
40,emp,inv2,high_debt,0.267086330935251,-0.000233964282611965,-0.000875987482372072,raw_and_relative_to_steady_state
1,emp,qk1,low_debt,1,-0.00531011259771241,-0.00531011259771241,raw_and_relative_to_steady_state
2,emp,qk1,low_debt,1,-0.00242647021513764,-0.00242647021513764,raw_and_relative_to_steady_state
3,emp,qk1,low_debt,1,-0.000881709963255317,-0.000881709963255317,raw_and_relative_to_steady_state
4,emp,qk1,low_debt,1,-0.000102599201989517,-0.000102599201989517,raw_and_relative_to_steady_state
5,emp,qk1,low_debt,1,0.000251125788804707,0.000251125788804707,raw_and_relative_to_steady_state
6,emp,qk1,low_debt,1,0.000377776015227038,0.000377776015227038,raw_and_relative_to_steady_state
7,emp,qk1,low_debt,1,0.000390337494251991,0.000390337494251991,raw_and_relative_to_steady_state
8,emp,qk1,low_debt,1,0.000351310777649161,0.000351310777649161,raw_and_relative_to_steady_state
9,emp,qk1,low_debt,1,0.000293882671670076,0.000293882671670076,raw_and_relative_to_steady_state
10,emp,qk1,low_debt,1,0.000234613975513609,0.000234613975513609,raw_and_relative_to_steady_state
11,emp,qk1,low_debt,1,0.000180920590067135,0.000180920590067135,raw_and_relative_to_steady_state
12,emp,qk1,low_debt,1,0.000135399307970019,0.000135399307970019,raw_and_relative_to_steady_state
13,emp,qk1,low_debt,1,9.82685914996395e-05,9.82685914996395e-05,raw_and_relative_to_steady_state
14,emp,qk1,low_debt,1,6.8701943459093e-05,6.8701943459093e-05,raw_and_relative_to_steady_state
15,emp,qk1,low_debt,1,4.55237869814162e-05,4.55237869814162e-05,raw_and_relative_to_steady_state
16,emp,qk1,low_debt,1,2.75476841971045e-05,2.75476841971045e-05,raw_and_relative_to_steady_state
17,emp,qk1,low_debt,1,1.37206660686395e-05,1.37206660686395e-05,raw_and_relative_to_steady_state
18,emp,qk1,low_debt,1,3.16751272322335e-06,3.16751272322335e-06,raw_and_relative_to_steady_state
19,emp,qk1,low_debt,1,-4.81268347907182e-06,-4.81268347907182e-06,raw_and_relative_to_steady_state
20,emp,qk1,low_debt,1,-1.07695374286232e-05,-1.07695374286232e-05,raw_and_relative_to_steady_state
21,emp,qk1,low_debt,1,-1.51296366394105e-05,-1.51296366394105e-05,raw_and_relative_to_steady_state
22,emp,qk1,low_debt,1,-1.82233624791417e-05,-1.82233624791417e-05,raw_and_relative_to_steady_state
23,emp,qk1,low_debt,1,-2.03076521827494e-05,-2.03076521827494e-05,raw_and_relative_to_steady_state
24,emp,qk1,low_debt,1,-2.15841350654777e-05,-2.15841350654777e-05,raw_and_relative_to_steady_state
25,emp,qk1,low_debt,1,-2.22130091772632e-05,-2.22130091772632e-05,raw_and_relative_to_steady_state
26,emp,qk1,low_debt,1,-2.23233684051305e-05,-2.23233684051305e-05,raw_and_relative_to_steady_state
27,emp,qk1,low_debt,1,-2.20207419758811e-05,-2.20207419758811e-05,raw_and_relative_to_steady_state
28,emp,qk1,low_debt,1,-2.13925309363594e-05,-2.13925309363594e-05,raw_and_relative_to_steady_state
29,emp,qk1,low_debt,1,-2.05119044476287e-05,-2.05119044476287e-05,raw_and_relative_to_steady_state
30,emp,qk1,low_debt,1,-1.94405940561193e-05,-1.94405940561193e-05,raw_and_relative_to_steady_state
31,emp,qk1,low_debt,1,-1.82309142908732e-05,-1.82309142908732e-05,raw_and_relative_to_steady_state
32,emp,qk1,low_debt,1,-1.6927248573162e-05,-1.6927248573162e-05,raw_and_relative_to_steady_state
33,emp,qk1,low_debt,1,-1.55671702318783e-05,-1.55671702318783e-05,raw_and_relative_to_steady_state
34,emp,qk1,low_debt,1,-1.41823167022492e-05,-1.41823167022492e-05,raw_and_relative_to_steady_state
35,emp,qk1,low_debt,1,-1.27990973627368e-05,-1.27990973627368e-05,raw_and_relative_to_steady_state
36,emp,qk1,low_debt,1,-1.14392887147208e-05,-1.14392887147208e-05,raw_and_relative_to_steady_state
37,emp,qk1,low_debt,1,-1.01205519642544e-05,-1.01205519642544e-05,raw_and_relative_to_steady_state
38,emp,qk1,low_debt,1,-8.85689532947875e-06,-8.85689532947875e-06,raw_and_relative_to_steady_state
39,emp,qk1,low_debt,1,-7.6590948777655e-06,-7.6590948777655e-06,raw_and_relative_to_steady_state
40,emp,qk1,low_debt,1,-6.53508212322684e-06,-6.53508212322684e-06,raw_and_relative_to_steady_state
1,emp,qk2,high_debt,1,-0.00559025536830171,-0.00559025536830171,raw_and_relative_to_steady_state
2,emp,qk2,high_debt,1,-0.00262782805162121,-0.00262782805162121,raw_and_relative_to_steady_state
3,emp,qk2,high_debt,1,-0.00101160761378394,-0.00101160761378394,raw_and_relative_to_steady_state
4,emp,qk2,high_debt,1,-0.000172363325164127,-0.000172363325164127,raw_and_relative_to_steady_state
5,emp,qk2,high_debt,1,0.000228914679030412,0.000228914679030412,raw_and_relative_to_steady_state
6,emp,qk2,high_debt,1,0.000390934764444406,0.000390934764444406,raw_and_relative_to_steady_state
7,emp,qk2,high_debt,1,0.000427979012823432,0.000427979012823432,raw_and_relative_to_steady_state
8,emp,qk2,high_debt,1,0.000404246725054458,0.000404246725054458,raw_and_relative_to_steady_state
9,emp,qk2,high_debt,1,0.000354714705370851,0.000354714705370851,raw_and_relative_to_steady_state
10,emp,qk2,high_debt,1,0.000297642155470346,0.000297642155470346,raw_and_relative_to_steady_state
11,emp,qk2,high_debt,1,0.000241955549639572,0.000241955549639572,raw_and_relative_to_steady_state
12,emp,qk2,high_debt,1,0.000191534316916098,0.000191534316916098,raw_and_relative_to_steady_state
13,emp,qk2,high_debt,1,0.000147646139561308,0.000147646139561308,raw_and_relative_to_steady_state
14,emp,qk2,high_debt,1,0.000110294752752704,0.000110294752752704,raw_and_relative_to_steady_state
15,emp,qk2,high_debt,1,7.89403998306959e-05,7.89403998306959e-05,raw_and_relative_to_steady_state
16,emp,qk2,high_debt,1,5.28665429218034e-05,5.28665429218034e-05,raw_and_relative_to_steady_state
17,emp,qk2,high_debt,1,3.13528207496194e-05,3.13528207496194e-05,raw_and_relative_to_steady_state
18,emp,qk2,high_debt,1,1.37459653464234e-05,1.37459653464234e-05,raw_and_relative_to_steady_state
19,emp,qk2,high_debt,1,-5.20037052975653e-07,-5.20037052975653e-07,raw_and_relative_to_steady_state
20,emp,qk2,high_debt,1,-1.19267735826378e-05,-1.19267735826378e-05,raw_and_relative_to_steady_state
21,emp,qk2,high_debt,1,-2.08828462450183e-05,-2.08828462450183e-05,raw_and_relative_to_steady_state
22,emp,qk2,high_debt,1,-2.77369768069136e-05,-2.77369768069136e-05,raw_and_relative_to_steady_state
23,emp,qk2,high_debt,1,-3.27897947026701e-05,-3.27897947026701e-05,raw_and_relative_to_steady_state
24,emp,qk2,high_debt,1,-3.63033441538319e-05,-3.63033441538319e-05,raw_and_relative_to_steady_state
25,emp,qk2,high_debt,1,-3.85082902865097e-05,-3.85082902865097e-05,raw_and_relative_to_steady_state
26,emp,qk2,high_debt,1,-3.96091812855381e-05,-3.96091812855381e-05,raw_and_relative_to_steady_state
27,emp,qk2,high_debt,1,-3.97882191187637e-05,-3.97882191187637e-05,raw_and_relative_to_steady_state
28,emp,qk2,high_debt,1,-3.92079599084161e-05,-3.92079599084161e-05,raw_and_relative_to_steady_state
29,emp,qk2,high_debt,1,-3.80132871556915e-05,-3.80132871556915e-05,raw_and_relative_to_steady_state
30,emp,qk2,high_debt,1,-3.63329159267511e-05,-3.63329159267511e-05,raw_and_relative_to_steady_state
31,emp,qk2,high_debt,1,-3.42806106505833e-05,-3.42806106505833e-05,raw_and_relative_to_steady_state
32,emp,qk2,high_debt,1,-3.19562388593209e-05,-3.19562388593209e-05,raw_and_relative_to_steady_state
33,emp,qk2,high_debt,1,-2.94467380564933e-05,-2.94467380564933e-05,raw_and_relative_to_steady_state
34,emp,qk2,high_debt,1,-2.68270408116944e-05,-2.68270408116944e-05,raw_and_relative_to_steady_state
35,emp,qk2,high_debt,1,-2.41609813734778e-05,-2.41609813734778e-05,raw_and_relative_to_steady_state
36,emp,qk2,high_debt,1,-2.15021929859116e-05,-2.15021929859116e-05,raw_and_relative_to_steady_state
37,emp,qk2,high_debt,1,-1.88949964815555e-05,-1.88949964815555e-05,raw_and_relative_to_steady_state
38,emp,qk2,high_debt,1,-1.63752759161362e-05,-1.63752759161362e-05,raw_and_relative_to_steady_state
39,emp,qk2,high_debt,1,-1.39713347223624e-05,-1.39713347223624e-05,raw_and_relative_to_steady_state
40,emp,qk2,high_debt,1,-1.17047252028435e-05,-1.17047252028435e-05,raw_and_relative_to_steady_state
1,emp,n1,low_debt,0.108259193121186,-0.00043102131201106,-0.0039813830085411,raw_and_relative_to_steady_state
2,emp,n1,low_debt,0.108259193121186,-0.000356550157588953,-0.00329348619095866,raw_and_relative_to_steady_state
3,emp,n1,low_debt,0.108259193121186,-0.000283771527500754,-0.00262122337437983,raw_and_relative_to_steady_state
4,emp,n1,low_debt,0.108259193121186,-0.0002210415302355,-0.00204178069189989,raw_and_relative_to_steady_state
5,emp,n1,low_debt,0.108259193121186,-0.000170495491238751,-0.00157488233861024,raw_and_relative_to_steady_state
6,emp,n1,low_debt,0.108259193121186,-0.000131404179164518,-0.00121379233833217,raw_and_relative_to_steady_state
7,emp,n1,low_debt,0.108259193121186,-0.000101947783362297,-0.000941700934794292,raw_and_relative_to_steady_state
8,emp,n1,low_debt,0.108259193121186,-8.00972992599652e-05,-0.000739866028470245,raw_and_relative_to_steady_state
9,emp,n1,low_debt,0.108259193121186,-6.40081642123147e-05,-0.000591249226665337,raw_and_relative_to_steady_state
10,emp,n1,low_debt,0.108259193121186,-5.21590143710698e-05,-0.000481797553328175,raw_and_relative_to_steady_state
11,emp,n1,low_debt,0.108259193121186,-4.33661234392063e-05,-0.000400576821135753,raw_and_relative_to_steady_state
12,emp,n1,low_debt,0.108259193121186,-3.67442704488768e-05,-0.000339410163603797,raw_and_relative_to_steady_state
13,emp,n1,low_debt,0.108259193121186,-3.16505506687964e-05,-0.000292359011334645,raw_and_relative_to_steady_state
14,emp,n1,low_debt,0.108259193121186,-2.76285753586514e-05,-0.000255207660080412,raw_and_relative_to_steady_state
15,emp,n1,low_debt,0.108259193121186,-2.43602659925901e-05,-0.00022501798960686,raw_and_relative_to_steady_state
16,emp,n1,low_debt,0.108259193121186,-2.16272345763407e-05,-0.000199772730174804,raw_and_relative_to_steady_state
17,emp,n1,low_debt,0.108259193121186,-1.92813080319015e-05,-0.000178103193604241,raw_and_relative_to_steady_state
18,emp,n1,low_debt,0.108259193121186,-1.72227996871471e-05,-0.000159088565050248,raw_and_relative_to_steady_state
19,emp,n1,low_debt,0.108259193121186,-1.5384917745026e-05,-0.000142111882616787,raw_and_relative_to_steady_state
20,emp,n1,low_debt,0.108259193121186,-1.37228245422338e-05,-0.000126758976735328,raw_and_relative_to_steady_state
21,emp,n1,low_debt,0.108259193121186,-1.22061084616015e-05,-0.000112748932535807,raw_and_relative_to_steady_state
22,emp,n1,low_debt,0.108259193121186,-1.0813697450901e-05,-9.98871055578261e-05,raw_and_relative_to_steady_state
23,emp,n1,low_debt,0.108259193121186,-9.53048292751113e-06,-8.80339364514073e-05,raw_and_relative_to_steady_state
24,emp,n1,low_debt,0.108259193121186,-8.34511970079777e-06,-7.70846286601839e-05,raw_and_relative_to_steady_state
25,emp,n1,low_debt,0.108259193121186,-7.24862052786657e-06,-6.69561662052331e-05,raw_and_relative_to_steady_state
26,emp,n1,low_debt,0.108259193121186,-6.23347843048405e-06,-5.75792064467565e-05,raw_and_relative_to_steady_state
27,emp,n1,low_debt,0.108259193121186,-5.29313325195457e-06,-4.88931526214998e-05,raw_and_relative_to_steady_state
28,emp,n1,low_debt,0.108259193121186,-4.4216582735096e-06,-4.08432590898767e-05,raw_and_relative_to_steady_state
29,emp,n1,low_debt,0.108259193121186,-3.61358417966251e-06,-3.33790052879614e-05,raw_and_relative_to_steady_state
30,emp,n1,low_debt,0.108259193121186,-2.86380617775528e-06,-2.64532377823056e-05,raw_and_relative_to_steady_state
31,emp,n1,low_debt,0.108259193121186,-2.16753939503989e-06,-2.00217582687276e-05,raw_and_relative_to_steady_state
32,emp,n1,low_debt,0.108259193121186,-1.52030057741503e-06,-1.40431545218816e-05,raw_and_relative_to_steady_state
33,emp,n1,low_debt,0.108259193121186,-9.17902606256682e-07,-8.4787497467229e-06,raw_and_relative_to_steady_state
34,emp,n1,low_debt,0.108259193121186,-3.56453853683769e-07,-3.29259662303923e-06,raw_and_relative_to_steady_state
35,emp,n1,low_debt,0.108259193121186,1.67642097467779e-07,1.54852528117515e-06,raw_and_relative_to_steady_state
36,emp,n1,low_debt,0.108259193121186,6.57688656841016e-07,6.07512986084049e-06,raw_and_relative_to_steady_state
37,emp,n1,low_debt,0.108259193121186,1.11670131358599e-06,1.03150714631315e-05,raw_and_relative_to_steady_state
38,emp,n1,low_debt,0.108259193121186,1.54741579390383e-06,1.42936202394529e-05,raw_and_relative_to_steady_state
39,emp,n1,low_debt,0.108259193121186,1.95229904899341e-06,1.8033563642101e-05,raw_and_relative_to_steady_state
40,emp,n1,low_debt,0.108259193121186,2.33356262346884e-06,2.15553299095499e-05,raw_and_relative_to_steady_state
1,emp,n2,high_debt,0.108259193121186,-0.000461741657557566,-0.00426514963067098,raw_and_relative_to_steady_state
2,emp,n2,high_debt,0.108259193121186,-0.000407481975003857,-0.00376394801453691,raw_and_relative_to_steady_state
3,emp,n2,high_debt,0.108259193121186,-0.000346977075187868,-0.00320505875930056,raw_and_relative_to_steady_state
4,emp,n2,high_debt,0.108259193121186,-0.000290692917174262,-0.00268515687946111,raw_and_relative_to_steady_state
5,emp,n2,high_debt,0.108259193121186,-0.000242431607372043,-0.00223936277726237,raw_and_relative_to_steady_state
6,emp,n2,high_debt,0.108259193121186,-0.000202743298536881,-0.00187275826367862,raw_and_relative_to_steady_state
7,emp,n2,high_debt,0.108259193121186,-0.00017076739864065,-0.00157739397197883,raw_and_relative_to_steady_state
8,emp,n2,high_debt,0.108259193121186,-0.000145179451070829,-0.00134103577613325,raw_and_relative_to_steady_state
9,emp,n2,high_debt,0.108259193121186,-0.000124642511859202,-0.0011513342032734,raw_and_relative_to_steady_state
10,emp,n2,high_debt,0.108259193121186,-0.000107993905780618,-0.000997549516739227,raw_and_relative_to_steady_state
11,emp,n2,high_debt,0.108259193121186,-9.42980225485807e-05,-0.000871039399333254,raw_and_relative_to_steady_state
12,emp,n2,high_debt,0.108259193121186,-8.28369656503264e-05,-0.000765172575760823,raw_and_relative_to_steady_state
13,emp,n2,high_debt,0.108259193121186,-7.30769723694125e-05,-0.0006750186313287,raw_and_relative_to_steady_state
14,emp,n2,high_debt,0.108259193121186,-6.46294661541674e-05,-0.00059698824913484,raw_and_relative_to_steady_state
15,emp,n2,high_debt,0.108259193121186,-5.72152187893749e-05,-0.000528502172793102,raw_and_relative_to_steady_state
16,emp,n2,high_debt,0.108259193121186,-5.06346848277578e-05,-0.000467717182882353,raw_and_relative_to_steady_state
17,emp,n2,high_debt,0.108259193121186,-4.47449301563679e-05,-0.000413312984018643,raw_and_relative_to_steady_state
18,emp,n2,high_debt,0.108259193121186,-3.94424335144888e-05,-0.000364333340913937,raw_and_relative_to_steady_state
19,emp,n2,high_debt,0.108259193121186,-3.46506669624547e-05,-0.000320071358038541,raw_and_relative_to_steady_state
20,emp,n2,high_debt,0.108259193121186,-3.03113556401197e-05,-0.000279988745216205,raw_and_relative_to_steady_state
21,emp,n2,high_debt,0.108259193121186,-2.63784633106057e-05,-0.000243660261545432,raw_and_relative_to_steady_state
22,emp,n2,high_debt,0.108259193121186,-2.28141390979653e-05,-0.000210736275047117,raw_and_relative_to_steady_state
23,emp,n2,high_debt,0.108259193121186,-1.95860418723687e-05,-0.00018091804776749,raw_and_relative_to_steady_state
24,emp,n2,high_debt,0.108259193121186,-1.66656121498715e-05,-0.000153941773159309,raw_and_relative_to_steady_state
25,emp,n2,high_debt,0.108259193121186,-1.40269827542672e-05,-0.00012956851376645,raw_and_relative_to_steady_state
26,emp,n2,high_debt,0.108259193121186,-1.16463113452731e-05,-0.000107578035726131,raw_and_relative_to_steady_state
27,emp,n2,high_debt,0.108259193121186,-9.50138525888933e-06,-8.7765158643418e-05,raw_and_relative_to_steady_state
28,emp,n2,high_debt,0.108259193121186,-7.57139729658241e-06,-6.99376845355473e-05,raw_and_relative_to_steady_state
29,emp,n2,high_debt,0.108259193121186,-5.83682492112658e-06,-5.39152819529405e-05,raw_and_relative_to_steady_state
30,emp,n2,high_debt,0.108259193121186,-4.27936866916057e-06,-3.95289170903963e-05,raw_and_relative_to_steady_state
31,emp,n2,high_debt,0.108259193121186,-2.8819214825393e-06,-2.66205704980015e-05,raw_and_relative_to_steady_state
32,emp,n2,high_debt,0.108259193121186,-1.62855133276074e-06,-1.50430765813831e-05,raw_and_relative_to_steady_state
33,emp,n2,high_debt,0.108259193121186,-5.04486583077779e-07,-4.65998839020584e-06,raw_and_relative_to_steady_state
34,emp,n2,high_debt,0.108259193121186,5.03901847720423e-07,4.65458713659866e-06,raw_and_relative_to_steady_state
35,emp,n2,high_debt,0.108259193121186,1.40912448935715e-06,1.30162108984109e-05,raw_and_relative_to_steady_state
36,emp,n2,high_debt,0.108259193121186,2.22260459711854e-06,2.05304005418786e-05,raw_and_relative_to_steady_state
37,emp,n2,high_debt,0.108259193121186,2.95471667116631e-06,2.72929862673074e-05,raw_and_relative_to_steady_state
38,emp,n2,high_debt,0.108259193121186,3.61483152866438e-06,3.33905271639879e-05,raw_and_relative_to_steady_state
39,emp,n2,high_debt,0.108259193121186,4.21136689021662e-06,3.89007784817164e-05,raw_and_relative_to_steady_state
40,emp,n2,high_debt,0.108259193121186,4.7518422907622e-06,4.38931988477224e-05,raw_and_relative_to_steady_state
1,emp,w1,low_debt,4.23366663023501,-0.0281097538785806,-0.00663957659722968,raw_and_relative_to_steady_state
2,emp,w1,low_debt,4.23366663023501,-0.0150872794964192,-0.00356364371929343,raw_and_relative_to_steady_state
3,emp,w1,low_debt,4.23366663023501,-0.00762378379198303,-0.00180075203312827,raw_and_relative_to_steady_state
4,emp,w1,low_debt,4.23366663023501,-0.00347383695874814,-0.000820526806229736,raw_and_relative_to_steady_state
5,emp,w1,low_debt,4.23366663023501,-0.00126316921482772,-0.00029836293812241,raw_and_relative_to_steady_state
6,emp,w1,low_debt,4.23366663023501,-0.000161929375107839,-3.82480221639109e-05,raw_and_relative_to_steady_state
7,emp,w1,low_debt,4.23366663023501,0.000323239052645086,7.63496705991569e-05,raw_and_relative_to_steady_state
8,emp,w1,low_debt,4.23366663023501,0.000480215166805742,0.000113427723235517,raw_and_relative_to_steady_state
9,emp,w1,low_debt,4.23366663023501,0.000473107664535455,0.000111748917866306,raw_and_relative_to_steady_state
10,emp,w1,low_debt,4.23366663023501,0.000392646515191331,9.27438434540923e-05,raw_and_relative_to_steady_state
11,emp,w1,low_debt,4.23366663023501,0.00028688273224553,6.77622395199325e-05,raw_and_relative_to_steady_state
12,emp,w1,low_debt,4.23366663023501,0.000179633614432184,4.24297967037175e-05,raw_and_relative_to_steady_state
13,emp,w1,low_debt,4.23366663023501,8.13870040277109e-05,1.92237630252888e-05,raw_and_relative_to_steady_state
14,emp,w1,low_debt,4.23366663023501,-4.3776225808756e-06,-1.03400266558838e-06,raw_and_relative_to_steady_state
15,emp,w1,low_debt,4.23366663023501,-7.76145296796926e-05,-1.83326975074994e-05,raw_and_relative_to_steady_state
16,emp,w1,low_debt,4.23366663023501,-0.000139755909520645,-3.30106079969945e-05,raw_and_relative_to_steady_state
17,emp,w1,low_debt,4.23366663023501,-0.000192691222545172,-4.55140282347822e-05,raw_and_relative_to_steady_state
18,emp,w1,low_debt,4.23366663023501,-0.000238273125336974,-5.62805591813325e-05,raw_and_relative_to_steady_state
19,emp,w1,low_debt,4.23366663023501,-0.000278109919312541,-6.5690084648234e-05,raw_and_relative_to_steady_state
20,emp,w1,low_debt,4.23366663023501,-0.000313506347192849,-7.40507873137489e-05,raw_and_relative_to_steady_state
21,emp,w1,low_debt,4.23366663023501,-0.000345475284505348,-8.16019102775152e-05,raw_and_relative_to_steady_state
22,emp,w1,low_debt,4.23366663023501,-0.000374778435094925,-8.8523369416576e-05,raw_and_relative_to_steady_state
23,emp,w1,low_debt,4.23366663023501,-0.000401974527929561,-9.49471375612885e-05,raw_and_relative_to_steady_state
24,emp,w1,low_debt,4.23366663023501,-0.000427464885431661,-0.000100968007820666,raw_and_relative_to_steady_state
25,emp,w1,low_debt,4.23366663023501,-0.000451532344671435,-0.000106652786841266,raw_and_relative_to_steady_state
26,emp,w1,low_debt,4.23366663023501,-0.000474372619639674,-0.000112047702634853,raw_and_relative_to_steady_state
27,emp,w1,low_debt,4.23366663023501,-0.000496118632577591,-0.000117184151684152,raw_and_relative_to_steady_state
28,emp,w1,low_debt,4.23366663023501,-0.000516858892702032,-0.000122083040032215,raw_and_relative_to_steady_state
29,emp,w1,low_debt,4.23366663023501,-0.000536651103663743,-0.000126757997389595,raw_and_relative_to_steady_state
30,emp,w1,low_debt,4.23366663023501,-0.00055553208060477,-0.000131217719561904,raw_and_relative_to_steady_state
31,emp,w1,low_debt,4.23366663023501,-0.000573524882963916,-0.000135467653231846,raw_and_relative_to_steady_state
32,emp,w1,low_debt,4.23366663023501,-0.000590643884255115,-0.000139511193450375,raw_and_relative_to_steady_state
33,emp,w1,low_debt,4.23366663023501,-0.000606898333675332,-0.000143350524895165,raw_and_relative_to_steady_state
34,emp,w1,low_debt,4.23366663023501,-0.000622294826223779,-0.0001469872053174,raw_and_relative_to_steady_state
35,emp,w1,low_debt,4.23366663023501,-0.000636838988936184,-0.000150422563833476,raw_and_relative_to_steady_state
36,emp,w1,low_debt,4.23366663023501,-0.000650536607381014,-0.000153657967005518,raw_and_relative_to_steady_state
37,emp,w1,low_debt,4.23366663023501,-0.000663394354262437,-0.000156694990938767,raw_and_relative_to_steady_state
38,emp,w1,low_debt,4.23366663023501,-0.000675420236257551,-0.000159535526825375,raw_and_relative_to_steady_state
39,emp,w1,low_debt,4.23366663023501,-0.000686623842063305,-0.000162181839533547,raw_and_relative_to_steady_state
40,emp,w1,low_debt,4.23366663023501,-0.000697016450849297,-0.000164636593224301,raw_and_relative_to_steady_state
1,emp,w2,high_debt,4.23366663023501,-0.028391298130293,-0.00670607787763321,raw_and_relative_to_steady_state
2,emp,w2,high_debt,4.23366663023501,-0.0154832566157195,-0.00365717425768594,raw_and_relative_to_steady_state
3,emp,w2,high_debt,4.23366663023501,-0.00803707096382489,-0.00189837123840305,raw_and_relative_to_steady_state
4,emp,w2,high_debt,4.23366663023501,-0.00385433641253652,-0.000910401490993769,raw_and_relative_to_steady_state
5,emp,w2,high_debt,4.23366663023501,-0.00159082550771217,-0.000375755969152408,raw_and_relative_to_steady_state
6,emp,w2,high_debt,4.23366663023501,-0.000434684675485464,-0.000102673335774984,raw_and_relative_to_steady_state
7,emp,w2,high_debt,4.23366663023501,9.76492235880144e-05,2.30649297917427e-05,raw_and_relative_to_steady_state
8,emp,w2,high_debt,4.23366663023501,0.000289611132506806,6.8406692779854e-05,raw_and_relative_to_steady_state
9,emp,w2,high_debt,4.23366663023501,0.000304172205845887,7.18460456176736e-05,raw_and_relative_to_steady_state
10,emp,w2,high_debt,4.23366663023501,0.000232822323115833,5.49930694715349e-05,raw_and_relative_to_steady_state
11,emp,w2,high_debt,4.23366663023501,0.000125334124187582,2.96041552474868e-05,raw_and_relative_to_steady_state
12,emp,w2,high_debt,4.23366663023501,7.61400422888414e-06,1.79844208197883e-06,raw_and_relative_to_steady_state
13,emp,w2,high_debt,4.23366663023501,-0.000107749548370784,-2.54506454526398e-05,raw_and_relative_to_steady_state
14,emp,w2,high_debt,4.23366663023501,-0.000215359971864615,-5.0868429348359e-05,raw_and_relative_to_steady_state
15,emp,w2,high_debt,4.23366663023501,-0.00031352864937606,-7.40560551312601e-05,raw_and_relative_to_steady_state
16,emp,w2,high_debt,4.23366663023501,-0.000402345004245852,-9.50346447621734e-05,raw_and_relative_to_steady_state
17,emp,w2,high_debt,4.23366663023501,-0.000482644198408266,-0.000114001465056656,raw_and_relative_to_steady_state
18,emp,w2,high_debt,4.23366663023501,-0.000555481870064156,-0.000131205859738021,raw_and_relative_to_steady_state
19,emp,w2,high_debt,4.23366663023501,-0.000621887308517977,-0.000146890948870827,raw_and_relative_to_steady_state
20,emp,w2,high_debt,4.23366663023501,-0.000682763830778477,-0.000161270097627072,raw_and_relative_to_steady_state
21,emp,w2,high_debt,4.23366663023501,-0.000738862798069562,-0.000174520778937322,raw_and_relative_to_steady_state
22,emp,w2,high_debt,4.23366663023501,-0.00079079128798476,-0.000186786385667986,raw_and_relative_to_steady_state
23,emp,w2,high_debt,4.23366663023501,-0.000839032585949973,-0.000198181070743257,raw_and_relative_to_steady_state
24,emp,w2,high_debt,4.23366663023501,-0.000883969299659171,-0.000208795206818186,raw_and_relative_to_steady_state
25,emp,w2,high_debt,4.23366663023501,-0.000925904614912376,-0.000218700406947483,raw_and_relative_to_steady_state
26,emp,w2,high_debt,4.23366663023501,-0.000965080137600438,-0.000227953738895796,raw_and_relative_to_steady_state
27,emp,w2,high_debt,4.23366663023501,-0.00100169015837714,-0.000236601094480021,raw_and_relative_to_steady_state
28,emp,w2,high_debt,4.23366663023501,-0.00103589275529181,-0.000244679812031943,raw_and_relative_to_steady_state
29,emp,w2,high_debt,4.23366663023501,-0.00106781832075242,-0.000252220690482932,raw_and_relative_to_steady_state
30,emp,w2,high_debt,4.23366663023501,-0.00109757608324745,-0.000259249529806868,raw_and_relative_to_steady_state
31,emp,w2,high_debt,4.23366663023501,-0.00112525910650696,-0.000265788311831368,raw_and_relative_to_steady_state
32,emp,w2,high_debt,4.23366663023501,-0.00115094814555228,-0.00027185611104396,raw_and_relative_to_steady_state
33,emp,w2,high_debt,4.23366663023501,-0.00117471464495367,-0.000277469802786163,raw_and_relative_to_steady_state
34,emp,w2,high_debt,4.23366663023501,-0.00119662308817148,-0.000282644618172275,raw_and_relative_to_steady_state
35,emp,w2,high_debt,4.23366663023501,-0.00121673284867185,-0.000287394581326379,raw_and_relative_to_steady_state
36,emp,w2,high_debt,4.23366663023501,-0.00123509965125734,-0.000291732854551371,raw_and_relative_to_steady_state
37,emp,w2,high_debt,4.23366663023501,-0.00125177672224375,-0.00029567201000289,raw_and_relative_to_steady_state
38,emp,w2,high_debt,4.23366663023501,-0.00126681568663223,-0.000299224241603054,raw_and_relative_to_steady_state
39,emp,w2,high_debt,4.23366663023501,-0.00128026725648489,-0.000302401527636063,raw_and_relative_to_steady_state
40,emp,w2,high_debt,4.23366663023501,-0.00129218174528578,-0.000305215752241232,raw_and_relative_to_steady_state
1,emp,rk1,low_debt,0.0351010101010102,-0.000372806410404582,-0.0106209596057708,raw_and_relative_to_steady_state
2,emp,rk1,low_debt,0.0351010101010102,-0.000238361367076889,-0.00679072671672287,raw_and_relative_to_steady_state
3,emp,rk1,low_debt,0.0351010101010102,-0.000150140803261478,-0.00427739266845649,raw_and_relative_to_steady_state
4,emp,rk1,low_debt,0.0351010101010102,-9.31032301777004e-05,-0.00265243734894743,raw_and_relative_to_steady_state
5,emp,rk1,low_debt,0.0351010101010102,-5.68522001721875e-05,-0.00161967419195584,raw_and_relative_to_steady_state
6,emp,rk1,low_debt,0.0351010101010102,-3.42955495688038e-05,-0.000977053066852251,raw_and_relative_to_steady_state
7,emp,rk1,low_debt,0.0351010101010102,-2.06517778837956e-05,-0.000588352808775758,raw_and_relative_to_steady_state
8,emp,rk1,low_debt,0.0351010101010102,-1.27319539381665e-05,-0.000362723292051362,raw_and_relative_to_steady_state
9,emp,rk1,low_debt,0.0351010101010102,-8.4309873245314e-06,-0.000240192156871542,raw_and_relative_to_steady_state
10,emp,rk1,low_debt,0.0351010101010102,-6.37311037818278e-06,-0.000181564871205782,raw_and_relative_to_steady_state
11,emp,rk1,low_debt,0.0351010101010102,-5.66827684669868e-06,-0.000161484721675732,raw_and_relative_to_steady_state
12,emp,rk1,low_debt,0.0351010101010102,-5.74683185052688e-06,-0.000163722691568967,raw_and_relative_to_steady_state
13,emp,rk1,low_debt,0.0351010101010102,-6.24854523945118e-06,-0.000178016108980048,raw_and_relative_to_steady_state
14,emp,rk1,low_debt,0.0351010101010102,-6.94888963755774e-06,-0.000197968366652724,raw_and_relative_to_steady_state
15,emp,rk1,low_debt,0.0351010101010102,-7.71052727525923e-06,-0.000219666820216018,raw_and_relative_to_steady_state
16,emp,rk1,low_debt,0.0351010101010102,-8.45167211554337e-06,-0.000240781450198214,raw_and_relative_to_steady_state
17,emp,rk1,low_debt,0.0351010101010102,-9.12563358329566e-06,-0.000259982079063674,raw_and_relative_to_steady_state
18,emp,rk1,low_debt,0.0351010101010102,-9.70769778786684e-06,-0.000276564627625558,raw_and_relative_to_steady_state
19,emp,rk1,low_debt,0.0351010101010102,-1.01867790212387e-05,-0.000290213272835289,raw_and_relative_to_steady_state
20,emp,rk1,low_debt,0.0351010101010102,-1.05601445266196e-05,-0.000300850160614485,raw_and_relative_to_steady_state
21,emp,rk1,low_debt,0.0351010101010102,-1.08301017423679e-05,-0.000308541028055947,raw_and_relative_to_steady_state
22,emp,rk1,low_debt,0.0351010101010102,-1.10019279124171e-05,-0.000313436219663106,raw_and_relative_to_steady_state
23,emp,rk1,low_debt,0.0351010101010102,-1.10825797038638e-05,-0.000315733925376264,raw_and_relative_to_steady_state
24,emp,rk1,low_debt,0.0351010101010102,-1.10798888533353e-05,-0.000315657265174157,raw_and_relative_to_steady_state
25,emp,rk1,low_debt,0.0351010101010102,-1.10020587919465e-05,-0.000313439948317325,raw_and_relative_to_steady_state
26,emp,rk1,low_debt,0.0351010101010102,-1.08573469657092e-05,-0.000309317222907973,raw_and_relative_to_steady_state
27,emp,rk1,low_debt,0.0351010101010102,-1.06538617917831e-05,-0.000303520091334252,raw_and_relative_to_steady_state
28,emp,rk1,low_debt,0.0351010101010102,-1.03994309117866e-05,-0.000296271556911331,raw_and_relative_to_steady_state
29,emp,rk1,low_debt,0.0351010101010102,-1.01015145713215e-05,-0.000287784156132613,raw_and_relative_to_steady_state
30,emp,rk1,low_debt,0.0351010101010102,-9.76714844375115e-06,-0.000278258329764421,raw_and_relative_to_steady_state
31,emp,rk1,low_debt,0.0351010101010102,-9.40290652790693e-06,-0.000267881365831017,raw_and_relative_to_steady_state
32,emp,rk1,low_debt,0.0351010101010102,-9.01487848169874e-06,-0.0002568267538671,raw_and_relative_to_steady_state
33,emp,rk1,low_debt,0.0351010101010102,-8.60865791750542e-06,-0.000245253851462744,raw_and_relative_to_steady_state
34,emp,rk1,low_debt,0.0351010101010102,-8.18933941242744e-06,-0.000233307799087861,raw_and_relative_to_steady_state
35,emp,rk1,low_debt,0.0351010101010102,-7.76152266712682e-06,-0.00022111963857426,raw_and_relative_to_steady_state
36,emp,rk1,low_debt,0.0351010101010102,-7.32932261805069e-06,-0.000208806601204897,raw_and_relative_to_steady_state
37,emp,rk1,low_debt,0.0351010101010102,-6.89638450996483e-06,-0.000196472537118422,raw_and_relative_to_steady_state
38,emp,rk1,low_debt,0.0351010101010102,-6.46590305200534e-06,-0.000184208461049936,raw_and_relative_to_steady_state
39,emp,rk1,low_debt,0.0351010101010102,-6.04064485604933e-06,-0.000172093191582412,raw_and_relative_to_steady_state
40,emp,rk1,low_debt,0.0351010101010102,-5.62297341636514e-06,-0.000160194062797165,raw_and_relative_to_steady_state
1,emp,rk2,high_debt,0.0351010101010102,-0.000385101167589469,-0.0109712275083043,raw_and_relative_to_steady_state
2,emp,rk2,high_debt,0.0351010101010102,-0.000258021747065289,-0.00735083538401828,raw_and_relative_to_steady_state
3,emp,rk2,high_debt,0.0351010101010102,-0.000173752940152469,-0.00495008376261709,raw_and_relative_to_steady_state
4,emp,rk2,high_debt,0.0351010101010102,-0.000118399097654931,-0.00337309659506134,raw_and_relative_to_steady_state
5,emp,rk2,high_debt,0.0351010101010102,-8.23987357117598e-05,-0.00234747477279545,raw_and_relative_to_steady_state
6,emp,rk2,high_debt,0.0351010101010102,-5.9247197739809e-05,-0.00168790577733556,raw_and_relative_to_steady_state
7,emp,rk2,high_debt,0.0351010101010102,-4.45614726916274e-05,-0.00126952109250967,raw_and_relative_to_steady_state
8,emp,rk2,high_debt,0.0351010101010102,-3.5411589362197e-05,-0.00100884815736906,raw_and_relative_to_steady_state
9,emp,rk2,high_debt,0.0351010101010102,-2.98515938336116e-05,-0.000850448284756128,raw_and_relative_to_steady_state
10,emp,rk2,high_debt,0.0351010101010102,-2.65956612210058e-05,-0.000757689341260308,raw_and_relative_to_steady_state
11,emp,rk2,high_debt,0.0351010101010102,-2.47973856009678e-05,-0.000706457891941241,raw_and_relative_to_steady_state
12,emp,rk2,high_debt,0.0351010101010102,-2.39010855698288e-05,-0.000680923013356272,raw_and_relative_to_steady_state
13,emp,rk2,high_debt,0.0351010101010102,-2.35426050962453e-05,-0.000670710188353463,raw_and_relative_to_steady_state
14,emp,rk2,high_debt,0.0351010101010102,-2.3483682348481e-05,-0.00066903152589917,raw_and_relative_to_steady_state
15,emp,rk2,high_debt,0.0351010101010102,-2.35688203402834e-05,-0.000671457039910231,raw_and_relative_to_steady_state
16,emp,rk2,high_debt,0.0351010101010102,-2.36970861719615e-05,-0.000675111231949406,raw_and_relative_to_steady_state
17,emp,rk2,high_debt,0.0351010101010102,-2.38037242751149e-05,-0.00067814926711838,raw_and_relative_to_steady_state
18,emp,rk2,high_debt,0.0351010101010102,-2.38481702367135e-05,-0.000679415497391262,raw_and_relative_to_steady_state
19,emp,rk2,high_debt,0.0351010101010102,-2.38062115741691e-05,-0.000678220128300069,raw_and_relative_to_steady_state
20,emp,rk2,high_debt,0.0351010101010102,-2.36648222418159e-05,-0.000674192058112165,raw_and_relative_to_steady_state
21,emp,rk2,high_debt,0.0351010101010102,-2.34187165554373e-05,-0.000667180701867132,raw_and_relative_to_steady_state
22,emp,rk2,high_debt,0.0351010101010102,-2.30680094563881e-05,-0.000657189334153215,raw_and_relative_to_steady_state
23,emp,rk2,high_debt,0.0351010101010102,-2.26165921060409e-05,-0.000644328811078574,raw_and_relative_to_steady_state
24,emp,rk2,high_debt,0.0351010101010102,-2.20709748860043e-05,-0.000628784608263143,raw_and_relative_to_steady_state
25,emp,rk2,high_debt,0.0351010101010102,-2.14394411923377e-05,-0.000610792713105447,raw_and_relative_to_steady_state
26,emp,rk2,high_debt,0.0351010101010102,-2.07314131508776e-05,-0.00059062155451421,raw_and_relative_to_steady_state
27,emp,rk2,high_debt,0.0351010101010102,-1.99569665724e-05,-0.000568558184364777,raw_and_relative_to_steady_state
28,emp,rk2,high_debt,0.0351010101010102,-1.91264549727552e-05,-0.00054489756613029,raw_and_relative_to_steady_state
29,emp,rk2,high_debt,0.0351010101010102,-1.82502163875442e-05,-0.000519934222263848,raw_and_relative_to_steady_state
30,emp,rk2,high_debt,0.0351010101010102,-1.73383452652942e-05,-0.000493955735615575,raw_and_relative_to_steady_state
31,emp,rk2,high_debt,0.0351010101010102,-1.64005169869252e-05,-0.000467237750131107,raw_and_relative_to_steady_state
32,emp,rk2,high_debt,0.0351010101010102,-1.54458558208753e-05,-0.000440040208997598,raw_and_relative_to_steady_state
33,emp,rk2,high_debt,0.0351010101010102,-1.44828391799648e-05,-0.000412604626997557,raw_and_relative_to_steady_state
34,emp,rk2,high_debt,0.0351010101010102,-1.35192323862596e-05,-0.000385152232011423,raw_and_relative_to_steady_state
35,emp,rk2,high_debt,0.0351010101010102,-1.25620490667028e-05,-0.000357882836720452,raw_and_relative_to_steady_state
36,emp,rk2,high_debt,0.0351010101010102,-1.16175329705759e-05,-0.000330974320600579,raw_and_relative_to_steady_state
37,emp,rk2,high_debt,0.0351010101010102,-1.06911575215932e-05,-0.000304582617161934,raw_and_relative_to_steady_state
38,emp,rk2,high_debt,0.0351010101010102,-9.78763985046843e-06,-0.000278842113725575,raw_and_relative_to_steady_state
39,emp,rk2,high_debt,0.0351010101010102,-8.91096643157452e-06,-0.000253866381791619,raw_and_relative_to_steady_state
40,emp,rk2,high_debt,0.0351010101010102,-8.0644277864958e-06,-0.000229749165715995,raw_and_relative_to_steady_state
1,emp,muR_1,low_debt,-0.167717916947058,0.000264358966247102,NaN,raw_level_only
2,emp,muR_1,low_debt,-0.167717916947058,0.000229368940042773,NaN,raw_level_only
3,emp,muR_1,low_debt,-0.167717916947058,0.000181485662714725,NaN,raw_level_only
4,emp,muR_1,low_debt,-0.167717916947058,0.000134461317979062,NaN,raw_level_only
5,emp,muR_1,low_debt,-0.167717916947058,9.38642091773689e-05,NaN,raw_level_only
6,emp,muR_1,low_debt,-0.167717916947058,6.11329351396794e-05,NaN,raw_level_only
7,emp,muR_1,low_debt,-0.167717916947058,3.58073465769881e-05,NaN,raw_level_only
8,emp,muR_1,low_debt,-0.167717916947058,1.67063109210164e-05,NaN,raw_level_only
9,emp,muR_1,low_debt,-0.167717916947058,2.5117839938249e-06,NaN,raw_level_only
10,emp,muR_1,low_debt,-0.167717916947058,-7.97120534148932e-06,NaN,raw_level_only
11,emp,muR_1,low_debt,-0.167717916947058,-1.57236698378194e-05,NaN,raw_level_only
12,emp,muR_1,low_debt,-0.167717916947058,-2.15040516687026e-05,NaN,raw_level_only
13,emp,muR_1,low_debt,-0.167717916947058,-2.587488741293e-05,NaN,raw_level_only
14,emp,muR_1,low_debt,-0.167717916947058,-2.924053611289e-05,NaN,raw_level_only
15,emp,muR_1,low_debt,-0.167717916947058,-3.18844357289905e-05,NaN,raw_level_only
16,emp,muR_1,low_debt,-0.167717916947058,-3.40011543721874e-05,NaN,raw_level_only
17,emp,muR_1,low_debt,-0.167717916947058,-3.57219592073132e-05,NaN,raw_level_only
18,emp,muR_1,low_debt,-0.167717916947058,-3.71342338507386e-05,NaN,raw_level_only
19,emp,muR_1,low_debt,-0.167717916947058,-3.82957010681972e-05,NaN,raw_level_only
20,emp,muR_1,low_debt,-0.167717916947058,-3.92445419552245e-05,NaN,raw_level_only
21,emp,muR_1,low_debt,-0.167717916947058,-4.00064145778534e-05,NaN,raw_level_only
22,emp,muR_1,low_debt,-0.167717916947058,-4.05992056739801e-05,NaN,raw_level_only
23,emp,muR_1,low_debt,-0.167717916947058,-4.10361680859839e-05,NaN,raw_level_only
24,emp,muR_1,low_debt,-0.167717916947058,-4.13279346645479e-05,NaN,raw_level_only
25,emp,muR_1,low_debt,-0.167717916947058,-4.14837666916634e-05,NaN,raw_level_only
26,emp,muR_1,low_debt,-0.167717916947058,-4.15122918522859e-05,NaN,raw_level_only
27,emp,muR_1,low_debt,-0.167717916947058,-4.14219097210622e-05,NaN,raw_level_only
28,emp,muR_1,low_debt,-0.167717916947058,-4.12209866635094e-05,NaN,raw_level_only
29,emp,muR_1,low_debt,-0.167717916947058,-4.09179221538547e-05,NaN,raw_level_only
30,emp,muR_1,low_debt,-0.167717916947058,-4.05211406456774e-05,NaN,raw_level_only
31,emp,muR_1,low_debt,-0.167717916947058,-4.00390439883047e-05,NaN,raw_level_only
32,emp,muR_1,low_debt,-0.167717916947058,-3.94799464328022e-05,NaN,raw_level_only
33,emp,muR_1,low_debt,-0.167717916947058,-3.88520056477659e-05,NaN,raw_level_only
34,emp,muR_1,low_debt,-0.167717916947058,-3.81631575115671e-05,NaN,raw_level_only
35,emp,muR_1,low_debt,-0.167717916947058,-3.74210588124646e-05,NaN,raw_level_only
36,emp,muR_1,low_debt,-0.167717916947058,-3.66330396997239e-05,NaN,raw_level_only
37,emp,muR_1,low_debt,-0.167717916947058,-3.58060663321613e-05,NaN,raw_level_only
38,emp,muR_1,low_debt,-0.167717916947058,-3.49467133538284e-05,NaN,raw_level_only
39,emp,muR_1,low_debt,-0.167717916947058,-3.40611453813477e-05,NaN,raw_level_only
40,emp,muR_1,low_debt,-0.167717916947058,-3.3155106476751e-05,NaN,raw_level_only
1,emp,muK_1,low_debt,0,0.00246073180250567,NaN,raw_level_only
2,emp,muK_1,low_debt,0,0.00194012365174095,NaN,raw_level_only
3,emp,muK_1,low_debt,0,0.00152931456763427,NaN,raw_level_only
4,emp,muK_1,low_debt,0,0.00120593278657488,NaN,raw_level_only
5,emp,muK_1,low_debt,0,0.000950508596053835,NaN,raw_level_only
6,emp,muK_1,low_debt,0,0.000747289668896576,NaN,raw_level_only
7,emp,muK_1,low_debt,0,0.0005840781054518,NaN,raw_level_only
8,emp,muK_1,low_debt,0,0.000451685131923493,NaN,raw_level_only
9,emp,muK_1,low_debt,0,0.000343301508010491,NaN,raw_level_only
10,emp,muK_1,low_debt,0,0.000253918406116951,NaN,raw_level_only
11,emp,muK_1,low_debt,0,0.000179847806193078,NaN,raw_level_only
12,emp,muK_1,low_debt,0,0.000118349331384703,NaN,raw_level_only
13,emp,muK_1,low_debt,0,6.73520365171288e-05,NaN,raw_level_only
14,emp,muK_1,low_debt,0,2.52535454252613e-05,NaN,raw_level_only
15,emp,muK_1,low_debt,0,-9.22125745764833e-06,NaN,raw_level_only
16,emp,muK_1,low_debt,0,-3.71174755796379e-05,NaN,raw_level_only
17,emp,muK_1,low_debt,0,-5.93158508145824e-05,NaN,raw_level_only
18,emp,muK_1,low_debt,0,-7.65763427901703e-05,NaN,raw_level_only
19,emp,muK_1,low_debt,0,-8.95666581374593e-05,NaN,raw_level_only
20,emp,muK_1,low_debt,0,-9.88807569017335e-05,NaN,raw_level_only
21,emp,muK_1,low_debt,0,-0.000105050847863278,NaN,raw_level_only
22,emp,muK_1,low_debt,0,-0.000108555270484651,NaN,raw_level_only
23,emp,muK_1,low_debt,0,-0.000109823863584401,NaN,raw_level_only
24,emp,muK_1,low_debt,0,-0.000109241862392467,NaN,raw_level_only
25,emp,muK_1,low_debt,0,-0.000107152982529888,NaN,raw_level_only
26,emp,muK_1,low_debt,0,-0.00010386209181538,NaN,raw_level_only
27,emp,muK_1,low_debt,0,-9.96377011604911e-05,NaN,raw_level_only
28,emp,muK_1,low_debt,0,-9.47143967964586e-05,NaN,raw_level_only
29,emp,muK_1,low_debt,0,-8.92952681184644e-05,NaN,raw_level_only
30,emp,muK_1,low_debt,0,-8.35543448161296e-05,NaN,raw_level_only
31,emp,muK_1,low_debt,0,-7.76390342110589e-05,NaN,raw_level_only
32,emp,muK_1,low_debt,0,-7.16725383997121e-05,NaN,raw_level_only
33,emp,muK_1,low_debt,0,-6.57562265805008e-05,NaN,raw_level_only
34,emp,muK_1,low_debt,0,-5.99719379694842e-05,NaN,raw_level_only
35,emp,muK_1,low_debt,0,-5.43841931185207e-05,NaN,raw_level_only
36,emp,muK_1,low_debt,0,-4.90422950535354e-05,NaN,raw_level_only
37,emp,muK_1,low_debt,0,-4.39823057056751e-05,NaN,raw_level_only
38,emp,muK_1,low_debt,0,-3.92288871650787e-05,NaN,raw_level_only
39,emp,muK_1,low_debt,0,-3.47970010870018e-05,NaN,raw_level_only
40,emp,muK_1,low_debt,0,-3.06934629863782e-05,NaN,raw_level_only
1,emp,muQ_1,low_debt,-94.3689320388348,-0.433407227790894,NaN,raw_level_only
2,emp,muQ_1,low_debt,-94.3689320388348,-0.169861761711218,NaN,raw_level_only
3,emp,muQ_1,low_debt,-94.3689320388348,-0.0311696270069888,NaN,raw_level_only
4,emp,muQ_1,low_debt,-94.3689320388348,0.0357131171344065,NaN,raw_level_only
5,emp,muQ_1,low_debt,-94.3689320388348,0.0624178522533043,NaN,raw_level_only
6,emp,muQ_1,low_debt,-94.3689320388348,0.067500307708741,NaN,raw_level_only
7,emp,muQ_1,low_debt,-94.3689320388348,0.0616330015365492,NaN,raw_level_only
8,emp,muQ_1,low_debt,-94.3689320388348,0.0508040614526948,NaN,raw_level_only
9,emp,muQ_1,low_debt,-94.3689320388348,0.038264512783357,NaN,raw_level_only
10,emp,muQ_1,low_debt,-94.3689320388348,0.0256980306180594,NaN,raw_level_only
11,emp,muQ_1,low_debt,-94.3689320388348,0.0139130122252737,NaN,raw_level_only
12,emp,muQ_1,low_debt,-94.3689320388348,0.00324477642112697,NaN,raw_level_only
13,emp,muQ_1,low_debt,-94.3689320388348,-0.00621571982667035,NaN,raw_level_only
14,emp,muQ_1,low_debt,-94.3689320388348,-0.0144953370346741,NaN,raw_level_only
15,emp,muQ_1,low_debt,-94.3689320388348,-0.0216712404488106,NaN,raw_level_only
16,emp,muQ_1,low_debt,-94.3689320388348,-0.0278366935302046,NaN,raw_level_only
17,emp,muQ_1,low_debt,-94.3689320388348,-0.0330850739126731,NaN,raw_level_only
18,emp,muQ_1,low_debt,-94.3689320388348,-0.0375034465744761,NaN,raw_level_only
19,emp,muQ_1,low_debt,-94.3689320388348,-0.0411708430470838,NaN,raw_level_only
20,emp,muQ_1,low_debt,-94.3689320388348,-0.0441586223615928,NaN,raw_level_only
21,emp,muQ_1,low_debt,-94.3689320388348,-0.0465315618327651,NaN,raw_level_only
22,emp,muQ_1,low_debt,-94.3689320388348,-0.0483490329474421,NaN,raw_level_only
23,emp,muQ_1,low_debt,-94.3689320388348,-0.049665996130841,NaN,raw_level_only
24,emp,muQ_1,low_debt,-94.3689320388348,-0.0505337398483761,NaN,raw_level_only
25,emp,muQ_1,low_debt,-94.3689320388348,-0.051000378065865,NaN,raw_level_only
26,emp,muQ_1,low_debt,-94.3689320388348,-0.0511111540066906,NaN,raw_level_only
27,emp,muQ_1,low_debt,-94.3689320388348,-0.0509086048206484,NaN,raw_level_only
28,emp,muQ_1,low_debt,-94.3689320388348,-0.0504326362445511,NaN,raw_level_only
29,emp,muQ_1,low_debt,-94.3689320388348,-0.0497205464756263,NaN,raw_level_only
30,emp,muQ_1,low_debt,-94.3689320388348,-0.0488070281672037,NaN,raw_level_only
31,emp,muQ_1,low_debt,-94.3689320388348,-0.0477241683774992,NaN,raw_level_only
32,emp,muQ_1,low_debt,-94.3689320388348,-0.046501459003494,NaN,raw_level_only
33,emp,muQ_1,low_debt,-94.3689320388348,-0.0451658247147151,NaN,raw_level_only
34,emp,muQ_1,low_debt,-94.3689320388348,-0.0437416714327838,NaN,raw_level_only
35,emp,muQ_1,low_debt,-94.3689320388348,-0.0422509556835138,NaN,raw_level_only
36,emp,muQ_1,low_debt,-94.3689320388348,-0.0407132733869418,NaN,raw_level_only
37,emp,muQ_1,low_debt,-94.3689320388348,-0.0391459655988058,NaN,raw_level_only
38,emp,muQ_1,low_debt,-94.3689320388348,-0.0375642381708587,NaN,raw_level_only
39,emp,muQ_1,low_debt,-94.3689320388348,-0.0359812921039833,NaN,raw_level_only
40,emp,muQ_1,low_debt,-94.3689320388348,-0.0344084614094271,NaN,raw_level_only
1,emp,muI_1,low_debt,-2.35922330097087,-0.00566466443193203,NaN,raw_level_only
2,emp,muI_1,low_debt,-2.35922330097087,0.00134119010254308,NaN,raw_level_only
3,emp,muI_1,low_debt,-2.35922330097087,0.00316979305540777,NaN,raw_level_only
4,emp,muI_1,low_debt,-2.35922330097087,0.00257044206447699,NaN,raw_level_only
5,emp,muI_1,low_debt,-2.35922330097087,0.00103300837751119,NaN,raw_level_only
6,emp,muI_1,low_debt,-2.35922330097087,-0.000678303017017434,NaN,raw_level_only
7,emp,muI_1,low_debt,-2.35922330097087,-0.00220637341779417,NaN,raw_level_only
8,emp,muI_1,low_debt,-2.35922330097087,-0.00341427039704278,NaN,raw_level_only
9,emp,muI_1,low_debt,-2.35922330097087,-0.0042778864161197,NaN,raw_level_only
10,emp,muI_1,low_debt,-2.35922330097087,-0.0048259096921579,NaN,raw_level_only
11,emp,muI_1,low_debt,-2.35922330097087,-0.00510746956926722,NaN,raw_level_only
12,emp,muI_1,low_debt,-2.35922330097087,-0.00517561664138055,NaN,raw_level_only
13,emp,muI_1,low_debt,-2.35922330097087,-0.00507961502950449,NaN,raw_level_only
14,emp,muI_1,low_debt,-2.35922330097087,-0.00486195657871979,NaN,raw_level_only
15,emp,muI_1,low_debt,-2.35922330097087,-0.0045577675724604,NaN,raw_level_only
16,emp,muI_1,low_debt,-2.35922330097087,-0.00419531933991735,NaN,raw_level_only
17,emp,muI_1,low_debt,-2.35922330097087,-0.00379695779226541,NaN,raw_level_only
18,emp,muI_1,low_debt,-2.35922330097087,-0.00338010891559737,NaN,raw_level_only
19,emp,muI_1,low_debt,-2.35922330097087,-0.00295820513640299,NaN,raw_level_only
20,emp,muI_1,low_debt,-2.35922330097087,-0.00254147637438562,NaN,raw_level_only
21,emp,muI_1,low_debt,-2.35922330097087,-0.00213759836258198,NaN,raw_level_only
22,emp,muI_1,low_debt,-2.35922330097087,-0.00175221224405098,NaN,raw_level_only
23,emp,muI_1,low_debt,-2.35922330097087,-0.00138933665255037,NaN,raw_level_only
24,emp,muI_1,low_debt,-2.35922330097087,-0.00105169379153303,NaN,raw_level_only
25,emp,muI_1,low_debt,-2.35922330097087,-0.000740968411591769,NaN,raw_level_only
26,emp,muI_1,low_debt,-2.35922330097087,-0.000458015093549147,NaN,raw_level_only
27,emp,muI_1,low_debt,-2.35922330097087,-0.000203025841898352,NaN,raw_level_only
28,emp,muI_1,low_debt,-2.35922330097087,2.43329252174185e-05,NaN,raw_level_only
29,emp,muI_1,low_debt,-2.35922330097087,0.000224807236728353,NaN,raw_level_only
30,emp,muI_1,low_debt,-2.35922330097087,0.0003994613101308,NaN,raw_level_only
31,emp,muI_1,low_debt,-2.35922330097087,0.000549598523018613,NaN,raw_level_only
32,emp,muI_1,low_debt,-2.35922330097087,0.000676694917036258,NaN,raw_level_only
33,emp,muI_1,low_debt,-2.35922330097087,0.000782343212987424,NaN,raw_level_only
34,emp,muI_1,low_debt,-2.35922330097087,0.000868205789640086,NaN,raw_level_only
35,emp,muI_1,low_debt,-2.35922330097087,0.000935975408113965,NaN,raw_level_only
36,emp,muI_1,low_debt,-2.35922330097087,0.00098734269244849,NaN,raw_level_only
37,emp,muI_1,low_debt,-2.35922330097087,0.00102396953690853,NaN,raw_level_only
38,emp,muI_1,low_debt,-2.35922330097087,0.00104746772458908,NaN,raw_level_only
39,emp,muI_1,low_debt,-2.35922330097087,0.00105938212569212,NaN,raw_level_only
40,emp,muI_1,low_debt,-2.35922330097087,0.00106117790831739,NaN,raw_level_only
1,emp,muR_2,high_debt,-0.167717916947058,0.000170980107105673,NaN,raw_level_only
2,emp,muR_2,high_debt,-0.167717916947058,0.000157579607690445,NaN,raw_level_only
3,emp,muR_2,high_debt,-0.167717916947058,0.000126731364643445,NaN,raw_level_only
4,emp,muR_2,high_debt,-0.167717916947058,9.22849164209372e-05,NaN,raw_level_only
5,emp,muR_2,high_debt,-0.167717916947058,6.03636996722168e-05,NaN,raw_level_only
6,emp,muR_2,high_debt,-0.167717916947058,3.31099996514206e-05,NaN,raw_level_only
7,emp,muR_2,high_debt,-0.167717916947058,1.07589817109621e-05,NaN,raw_level_only
8,emp,muR_2,high_debt,-0.167717916947058,-7.25400346268668e-06,NaN,raw_level_only
9,emp,muR_2,high_debt,-0.167717916947058,-2.173282331e-05,NaN,raw_level_only
10,emp,muR_2,high_debt,-0.167717916947058,-3.34601859137973e-05,NaN,raw_level_only
11,emp,muR_2,high_debt,-0.167717916947058,-4.30956120309467e-05,NaN,raw_level_only
12,emp,muR_2,high_debt,-0.167717916947058,-5.11520560191325e-05,NaN,raw_level_only
13,emp,muR_2,high_debt,-0.167717916947058,-5.80077981713056e-05,NaN,raw_level_only
14,emp,muR_2,high_debt,-0.167717916947058,-6.3931023587066e-05,NaN,raw_level_only
15,emp,muR_2,high_debt,-0.167717916947058,-6.91061022207173e-05,NaN,raw_level_only
16,emp,muR_2,high_debt,-0.167717916947058,-7.3656837878161e-05,NaN,raw_level_only
17,emp,muR_2,high_debt,-0.167717916947058,-7.76651641757331e-05,NaN,raw_level_only
18,emp,muR_2,high_debt,-0.167717916947058,-8.11852908538524e-05,NaN,raw_level_only
19,emp,muR_2,high_debt,-0.167717916947058,-8.42539302833289e-05,NaN,raw_level_only
20,emp,muR_2,high_debt,-0.167717916947058,-8.68974061024042e-05,NaN,raw_level_only
21,emp,muR_2,high_debt,-0.167717916947058,-8.91364078587364e-05,NaN,raw_level_only
22,emp,muR_2,high_debt,-0.167717916947058,-9.0989036115624e-05,NaN,raw_level_only
23,emp,muR_2,high_debt,-0.167717916947058,-9.24726456812686e-05,NaN,raw_level_only
24,emp,muR_2,high_debt,-0.167717916947058,-9.36048690991231e-05,NaN,raw_level_only
25,emp,muR_2,high_debt,-0.167717916947058,-9.44040985733641e-05,NaN,raw_level_only
26,emp,muR_2,high_debt,-0.167717916947058,-9.48896234217733e-05,NaN,raw_level_only
27,emp,muR_2,high_debt,-0.167717916947058,-9.50815594154553e-05,NaN,raw_level_only
28,emp,muR_2,high_debt,-0.167717916947058,-9.50006622018884e-05,NaN,raw_level_only
29,emp,muR_2,high_debt,-0.167717916947058,-9.4668085632521e-05,NaN,raw_level_only
30,emp,muR_2,high_debt,-0.167717916947058,-9.41051239556623e-05,NaN,raw_level_only
31,emp,muR_2,high_debt,-0.167717916947058,-9.33329618661161e-05,NaN,raw_level_only
32,emp,muR_2,high_debt,-0.167717916947058,-9.2372446322625e-05,NaN,raw_level_only
33,emp,muR_2,high_debt,-0.167717916947058,-9.12438873732768e-05,NaN,raw_level_only
34,emp,muR_2,high_debt,-0.167717916947058,-8.99668909032925e-05,NaN,raw_level_only
35,emp,muR_2,high_debt,-0.167717916947058,-8.85602234870497e-05,NaN,raw_level_only
36,emp,muR_2,high_debt,-0.167717916947058,-8.70417078643604e-05,NaN,raw_level_only
37,emp,muR_2,high_debt,-0.167717916947058,-8.54281466084739e-05,NaN,raw_level_only
38,emp,muR_2,high_debt,-0.167717916947058,-8.37352710704176e-05,NaN,raw_level_only
39,emp,muR_2,high_debt,-0.167717916947058,-8.19777125007637e-05,NaN,raw_level_only
40,emp,muR_2,high_debt,-0.167717916947058,-8.01689922606541e-05,NaN,raw_level_only
1,emp,muK_2,high_debt,0,0.00443000856147608,NaN,raw_level_only
2,emp,muK_2,high_debt,0,0.00369792153796622,NaN,raw_level_only
3,emp,muK_2,high_debt,0,0.00307020224678975,NaN,raw_level_only
4,emp,muK_2,high_debt,0,0.00253485941281313,NaN,raw_level_only
5,emp,muK_2,high_debt,0,0.00207874676777831,NaN,raw_level_only
6,emp,muK_2,high_debt,0,0.00168973825474117,NaN,raw_level_only
7,emp,muK_2,high_debt,0,0.00135747333660628,NaN,raw_level_only
8,emp,muK_2,high_debt,0,0.00107341992903769,NaN,raw_level_only
9,emp,muK_2,high_debt,0,0.000830653522977097,NaN,raw_level_only
10,emp,muK_2,high_debt,0,0.000623553836770728,NaN,raw_level_only
11,emp,muK_2,high_debt,0,0.000447512129406181,NaN,raw_level_only
12,emp,muK_2,high_debt,0,0.000298685310694474,NaN,raw_level_only
13,emp,muK_2,high_debt,0,0.000173804741865971,NaN,raw_level_only
14,emp,muK_2,high_debt,0,7.00350126222939e-05,NaN,raw_level_only
15,emp,muK_2,high_debt,0,-1.51264979918628e-05,NaN,raw_level_only
16,emp,muK_2,high_debt,0,-8.39190043199093e-05,NaN,raw_level_only
17,emp,muK_2,high_debt,0,-0.000138365212626761,NaN,raw_level_only
18,emp,muK_2,high_debt,0,-0.000180302617746805,NaN,raw_level_only
19,emp,muK_2,high_debt,0,-0.000211404403082244,NaN,raw_level_only
20,emp,muK_2,high_debt,0,-0.000233193708393486,NaN,raw_level_only
21,emp,muK_2,high_debt,0,-0.000247053885287672,NaN,raw_level_only
22,emp,muK_2,high_debt,0,-0.000254236496614088,NaN,raw_level_only
23,emp,muK_2,high_debt,0,-0.000255868188721724,NaN,raw_level_only
24,emp,muK_2,high_debt,0,-0.000252957124370204,NaN,raw_level_only
25,emp,muK_2,high_debt,0,-0.000246399362972633,NaN,raw_level_only
26,emp,muK_2,high_debt,0,-0.000236985375716309,NaN,raw_level_only
27,emp,muK_2,high_debt,0,-0.000225406756282011,NaN,raw_level_only
28,emp,muK_2,high_debt,0,-0.000212263111138916,NaN,raw_level_only
29,emp,muK_2,high_debt,0,-0.000198069070560525,NaN,raw_level_only
30,emp,muK_2,high_debt,0,-0.000183261341088032,NaN,raw_level_only
31,emp,muK_2,high_debt,0,-0.000168205714136842,NaN,raw_level_only
32,emp,muK_2,high_debt,0,-0.000153203948292377,NaN,raw_level_only
33,emp,muK_2,high_debt,0,-0.000138500450852998,NaN,raw_level_only
34,emp,muK_2,high_debt,0,-0.000124288694879242,NaN,raw_level_only
35,emp,muK_2,high_debt,0,-0.000110717319788414,NaN,raw_level_only
36,emp,muK_2,high_debt,0,-9.789587536701e-05,NaN,raw_level_only
37,emp,muK_2,high_debt,0,-8.59001803311157e-05,NaN,raw_level_only
38,emp,muK_2,high_debt,0,-7.47772768820504e-05,NaN,raw_level_only
39,emp,muK_2,high_debt,0,-6.45499718914917e-05,NaN,raw_level_only
40,emp,muK_2,high_debt,0,-5.52209633321557e-05,NaN,raw_level_only
1,emp,muQ_2,high_debt,-94.3689320388348,-0.426921412511547,NaN,raw_level_only
2,emp,muQ_2,high_debt,-94.3689320388348,-0.158418539221231,NaN,raw_level_only
3,emp,muQ_2,high_debt,-94.3689320388348,-0.0167292167719637,NaN,raw_level_only
4,emp,muQ_2,high_debt,-94.3689320388348,0.0511139219827896,NaN,raw_level_only
5,emp,muQ_2,high_debt,-94.3689320388348,0.0768846246164117,NaN,raw_level_only
6,emp,muQ_2,high_debt,-94.3689320388348,0.0794028608457751,NaN,raw_level_only
7,emp,muQ_2,high_debt,-94.3689320388348,0.0696606465001111,NaN,raw_level_only
8,emp,muQ_2,high_debt,-94.3689320388348,0.0539770483904221,NaN,raw_level_only
9,emp,muQ_2,high_debt,-94.3689320388348,0.0359182101020963,NaN,raw_level_only
10,emp,muQ_2,high_debt,-94.3689320388348,0.0174515124544428,NaN,raw_level_only
11,emp,muQ_2,high_debt,-94.3689320388348,-0.000369967409469041,NaN,raw_level_only
12,emp,muQ_2,high_debt,-94.3689320388348,-0.0170076060288125,NaN,raw_level_only
13,emp,muQ_2,high_debt,-94.3689320388348,-0.0322075483719004,NaN,raw_level_only
14,emp,muQ_2,high_debt,-94.3689320388348,-0.045871237855394,NaN,raw_level_only
15,emp,muQ_2,high_debt,-94.3689320388348,-0.0579839485001088,NaN,raw_level_only
16,emp,muQ_2,high_debt,-94.3689320388348,-0.0685762072643712,NaN,raw_level_only
17,emp,muQ_2,high_debt,-94.3689320388348,-0.0777034134995631,NaN,raw_level_only
18,emp,muQ_2,high_debt,-94.3689320388348,-0.0854352264339582,NaN,raw_level_only
19,emp,muQ_2,high_debt,-94.3689320388348,-0.0918500008328067,NaN,raw_level_only
20,emp,muQ_2,high_debt,-94.3689320388348,-0.0970317085700287,NaN,raw_level_only
21,emp,muQ_2,high_debt,-94.3689320388348,-0.101068011894924,NaN,raw_level_only
22,emp,muQ_2,high_debt,-94.3689320388348,-0.104048834146894,NaN,raw_level_only
23,emp,muQ_2,high_debt,-94.3689320388348,-0.106065136537808,NaN,raw_level_only
24,emp,muQ_2,high_debt,-94.3689320388348,-0.107207793264706,NaN,raw_level_only
25,emp,muQ_2,high_debt,-94.3689320388348,-0.107566542595251,NaN,raw_level_only
26,emp,muQ_2,high_debt,-94.3689320388348,-0.107229025282294,NaN,raw_level_only
27,emp,muQ_2,high_debt,-94.3689320388348,-0.106279929878525,NaN,raw_level_only
28,emp,muQ_2,high_debt,-94.3689320388348,-0.104800261449626,NaN,raw_level_only
29,emp,muQ_2,high_debt,-94.3689320388348,-0.102866743202469,NaN,raw_level_only
30,emp,muQ_2,high_debt,-94.3689320388348,-0.100551353208246,NaN,raw_level_only
31,emp,muQ_2,high_debt,-94.3689320388348,-0.0979209922163591,NaN,raw_level_only
32,emp,muQ_2,high_debt,-94.3689320388348,-0.0950372739751657,NaN,raw_level_only
33,emp,muQ_2,high_debt,-94.3689320388348,-0.0919564264565196,NaN,raw_level_only
34,emp,muQ_2,high_debt,-94.3689320388348,-0.088729290681286,NaN,raw_level_only
35,emp,muQ_2,high_debt,-94.3689320388348,-0.0854014031671966,NaN,raw_level_only
36,emp,muQ_2,high_debt,-94.3689320388348,-0.0820131480931252,NaN,raw_level_only
37,emp,muQ_2,high_debt,-94.3689320388348,-0.0785999658644698,NaN,raw_level_only
38,emp,muQ_2,high_debt,-94.3689320388348,-0.0751926056881587,NaN,raw_level_only
39,emp,muQ_2,high_debt,-94.3689320388348,-0.0718174108877179,NaN,raw_level_only
40,emp,muQ_2,high_debt,-94.3689320388348,-0.0684966269055849,NaN,raw_level_only
1,emp,muI_2,high_debt,-2.35922330097087,-0.00611472783780087,NaN,raw_level_only
2,emp,muI_2,high_debt,-2.35922330097087,0.000358811296131023,NaN,raw_level_only
3,emp,muI_2,high_debt,-2.35922330097087,0.00161352423282546,NaN,raw_level_only
4,emp,muI_2,high_debt,-2.35922330097087,0.00044010990273069,NaN,raw_level_only
5,emp,muI_2,high_debt,-2.35922330097087,-0.00163533530918203,NaN,raw_level_only
6,emp,muI_2,high_debt,-2.35922330097087,-0.00382031445518116,NaN,raw_level_only
7,emp,muI_2,high_debt,-2.35922330097087,-0.00573809279103221,NaN,raw_level_only
8,emp,muI_2,high_debt,-2.35922330097087,-0.00724033997454132,NaN,raw_level_only
9,emp,muI_2,high_debt,-2.35922330097087,-0.00829867269839646,NaN,raw_level_only
10,emp,muI_2,high_debt,-2.35922330097087,-0.00894326286032499,NaN,raw_level_only
11,emp,muI_2,high_debt,-2.35922330097087,-0.0092290859221329,NaN,raw_level_only
12,emp,muI_2,high_debt,-2.35922330097087,-0.00921810443399496,NaN,raw_level_only
13,emp,muI_2,high_debt,-2.35922330097087,-0.00897043280196907,NaN,raw_level_only
14,emp,muI_2,high_debt,-2.35922330097087,-0.00854041893056934,NaN,raw_level_only
15,emp,muI_2,high_debt,-2.35922330097087,-0.00797531292808262,NaN,raw_level_only
16,emp,muI_2,high_debt,-2.35922330097087,-0.00731521894641585,NaN,raw_level_only
17,emp,muI_2,high_debt,-2.35922330097087,-0.00659362256004181,NaN,raw_level_only
18,emp,muI_2,high_debt,-2.35922330097087,-0.00583812558014207,NaN,raw_level_only
19,emp,muI_2,high_debt,-2.35922330097087,-0.00507120850080023,NaN,raw_level_only
20,emp,muI_2,high_debt,-2.35922330097087,-0.0043109417034719,NaN,raw_level_only
21,emp,muI_2,high_debt,-2.35922330097087,-0.00357161811049478,NaN,raw_level_only
22,emp,muI_2,high_debt,-2.35922330097087,-0.00286430444246211,NaN,raw_level_only
23,emp,muI_2,high_debt,-2.35922330097087,-0.00219731838611725,NaN,raw_level_only
24,emp,muI_2,high_debt,-2.35922330097087,-0.00157664198682994,NaN,raw_level_only
25,emp,muI_2,high_debt,-2.35922330097087,-0.00100628133441072,NaN,raw_level_only
26,emp,muI_2,high_debt,-2.35922330097087,-0.000488581134756139,NaN,raw_level_only
27,emp,muI_2,high_debt,-2.35922330097087,-2.45010348125518e-05,NaN,raw_level_only
28,emp,muI_2,high_debt,-2.35922330097087,0.000386140980952021,NaN,raw_level_only
29,emp,muI_2,high_debt,-2.35922330097087,0.000744454038259512,NaN,raw_level_only
30,emp,muI_2,high_debt,-2.35922330097087,0.00105228549351244,NaN,raw_level_only
31,emp,muI_2,high_debt,-2.35922330097087,0.00131205519637767,NaN,raw_level_only
32,emp,muI_2,high_debt,-2.35922330097087,0.0015266107956009,NaN,raw_level_only
33,emp,muI_2,high_debt,-2.35922330097087,0.00169910227155423,NaN,raw_level_only
34,emp,muI_2,high_debt,-2.35922330097087,0.00183287406085775,NaN,raw_level_only
35,emp,muI_2,high_debt,-2.35922330097087,0.00193137325682669,NaN,raw_level_only
36,emp,muI_2,high_debt,-2.35922330097087,0.00199807245100114,NaN,raw_level_only
37,emp,muI_2,high_debt,-2.35922330097087,0.00203640584356135,NaN,raw_level_only
38,emp,muI_2,high_debt,-2.35922330097087,0.00204971730552828,NaN,raw_level_only
39,emp,muI_2,high_debt,-2.35922330097087,0.00204121913012001,NaN,raw_level_only
40,emp,muI_2,high_debt,-2.35922330097087,0.00201396026807865,NaN,raw_level_only
1,emp,pinf_gap_2_minus_1,high_minus_low,0,-7.53820306613751e-05,NaN,raw_level_gap
2,emp,pinf_gap_2_minus_1,high_minus_low,0,-6.63183427347391e-05,NaN,raw_level_gap
3,emp,pinf_gap_2_minus_1,high_minus_low,0,-5.2598113788771e-05,NaN,raw_level_gap
4,emp,pinf_gap_2_minus_1,high_minus_low,0,-3.75149218311277e-05,NaN,raw_level_gap
5,emp,pinf_gap_2_minus_1,high_minus_low,0,-2.30337792795909e-05,NaN,raw_level_gap
6,emp,pinf_gap_2_minus_1,high_minus_low,0,-1.02104607663245e-05,NaN,raw_level_gap
7,emp,pinf_gap_2_minus_1,high_minus_low,0,4.95871277150783e-07,NaN,raw_level_gap
8,emp,pinf_gap_2_minus_1,high_minus_low,0,8.99793440911623e-06,NaN,raw_level_gap
9,emp,pinf_gap_2_minus_1,high_minus_low,0,1.54242273204819e-05,NaN,raw_level_gap
10,emp,pinf_gap_2_minus_1,high_minus_low,0,2.00144083324361e-05,NaN,raw_level_gap
11,emp,pinf_gap_2_minus_1,high_minus_low,0,2.30520028967618e-05,NaN,raw_level_gap
12,emp,pinf_gap_2_minus_1,high_minus_low,0,2.48233533699516e-05,NaN,raw_level_gap
13,emp,pinf_gap_2_minus_1,high_minus_low,0,2.55944499378824e-05,NaN,raw_level_gap
14,emp,pinf_gap_2_minus_1,high_minus_low,0,2.55995336750914e-05,NaN,raw_level_gap
15,emp,pinf_gap_2_minus_1,high_minus_low,0,2.50371338750277e-05,NaN,raw_level_gap
16,emp,pinf_gap_2_minus_1,high_minus_low,0,2.40705443812494e-05,NaN,raw_level_gap
17,emp,pinf_gap_2_minus_1,high_minus_low,0,2.28307312033493e-05,NaN,raw_level_gap
18,emp,pinf_gap_2_minus_1,high_minus_low,0,2.14203710104943e-05,NaN,raw_level_gap
19,emp,pinf_gap_2_minus_1,high_minus_low,0,1.99182138871379e-05,NaN,raw_level_gap
20,emp,pinf_gap_2_minus_1,high_minus_low,0,1.83832995612754e-05,NaN,raw_level_gap
21,emp,pinf_gap_2_minus_1,high_minus_low,0,1.68587780824403e-05,NaN,raw_level_gap
22,emp,pinf_gap_2_minus_1,high_minus_low,0,1.53752273521768e-05,NaN,raw_level_gap
23,emp,pinf_gap_2_minus_1,high_minus_low,0,1.39534460172897e-05,NaN,raw_level_gap
24,emp,pinf_gap_2_minus_1,high_minus_low,0,1.26067492243198e-05,NaN,raw_level_gap
25,emp,pinf_gap_2_minus_1,high_minus_low,0,1.13428195780418e-05,NaN,raw_level_gap
26,emp,pinf_gap_2_minus_1,high_minus_low,0,1.01651752961729e-05,NaN,raw_level_gap
27,emp,pinf_gap_2_minus_1,high_minus_low,0,9.07431816399296e-06,NaN,raw_level_gap
28,emp,pinf_gap_2_minus_1,high_minus_low,0,8.06861949209647e-06,NaN,raw_level_gap
29,emp,pinf_gap_2_minus_1,high_minus_low,0,7.14499548415404e-06,NaN,raw_level_gap
30,emp,pinf_gap_2_minus_1,high_minus_low,0,6.29941583007998e-06,NaN,raw_level_gap
31,emp,pinf_gap_2_minus_1,high_minus_low,0,5.52728189440188e-06,NaN,raw_level_gap
32,emp,pinf_gap_2_minus_1,high_minus_low,0,4.82370407905997e-06,NaN,raw_level_gap
33,emp,pinf_gap_2_minus_1,high_minus_low,0,4.18370200572227e-06,NaN,raw_level_gap
34,emp,pinf_gap_2_minus_1,high_minus_low,0,3.60234616558763e-06,NaN,raw_level_gap
35,emp,pinf_gap_2_minus_1,high_minus_low,0,3.0748555668314e-06,NaN,raw_level_gap
36,emp,pinf_gap_2_minus_1,high_minus_low,0,2.59666258539681e-06,NaN,raw_level_gap
37,emp,pinf_gap_2_minus_1,high_minus_low,0,2.16345358028391e-06,NaN,raw_level_gap
38,emp,pinf_gap_2_minus_1,high_minus_low,0,1.77119177369178e-06,NaN,raw_level_gap
39,emp,pinf_gap_2_minus_1,high_minus_low,0,1.4161272825497e-06,NaN,raw_level_gap
40,emp,pinf_gap_2_minus_1,high_minus_low,0,1.09479796384093e-06,NaN,raw_level_gap
1,emp,rb_gap_2_minus_1,high_minus_low,0,0,NaN,raw_level_gap
2,emp,rb_gap_2_minus_1,high_minus_low,0,0,NaN,raw_level_gap
3,emp,rb_gap_2_minus_1,high_minus_low,0,0,NaN,raw_level_gap
4,emp,rb_gap_2_minus_1,high_minus_low,0,0,NaN,raw_level_gap
5,emp,rb_gap_2_minus_1,high_minus_low,0,0,NaN,raw_level_gap
6,emp,rb_gap_2_minus_1,high_minus_low,0,0,NaN,raw_level_gap
7,emp,rb_gap_2_minus_1,high_minus_low,0,2.22044604925031e-16,NaN,raw_level_gap
8,emp,rb_gap_2_minus_1,high_minus_low,0,0,NaN,raw_level_gap
9,emp,rb_gap_2_minus_1,high_minus_low,0,0,NaN,raw_level_gap
10,emp,rb_gap_2_minus_1,high_minus_low,0,0,NaN,raw_level_gap
11,emp,rb_gap_2_minus_1,high_minus_low,0,0,NaN,raw_level_gap
12,emp,rb_gap_2_minus_1,high_minus_low,0,0,NaN,raw_level_gap
13,emp,rb_gap_2_minus_1,high_minus_low,0,2.22044604925031e-16,NaN,raw_level_gap
14,emp,rb_gap_2_minus_1,high_minus_low,0,0,NaN,raw_level_gap
15,emp,rb_gap_2_minus_1,high_minus_low,0,2.22044604925031e-16,NaN,raw_level_gap
16,emp,rb_gap_2_minus_1,high_minus_low,0,0,NaN,raw_level_gap
17,emp,rb_gap_2_minus_1,high_minus_low,0,2.22044604925031e-16,NaN,raw_level_gap
18,emp,rb_gap_2_minus_1,high_minus_low,0,0,NaN,raw_level_gap
19,emp,rb_gap_2_minus_1,high_minus_low,0,0,NaN,raw_level_gap
20,emp,rb_gap_2_minus_1,high_minus_low,0,2.22044604925031e-16,NaN,raw_level_gap
21,emp,rb_gap_2_minus_1,high_minus_low,0,0,NaN,raw_level_gap
22,emp,rb_gap_2_minus_1,high_minus_low,0,2.22044604925031e-16,NaN,raw_level_gap
23,emp,rb_gap_2_minus_1,high_minus_low,0,0,NaN,raw_level_gap
24,emp,rb_gap_2_minus_1,high_minus_low,0,2.22044604925031e-16,NaN,raw_level_gap
25,emp,rb_gap_2_minus_1,high_minus_low,0,0,NaN,raw_level_gap
26,emp,rb_gap_2_minus_1,high_minus_low,0,2.22044604925031e-16,NaN,raw_level_gap
27,emp,rb_gap_2_minus_1,high_minus_low,0,0,NaN,raw_level_gap
28,emp,rb_gap_2_minus_1,high_minus_low,0,0,NaN,raw_level_gap
29,emp,rb_gap_2_minus_1,high_minus_low,0,0,NaN,raw_level_gap
30,emp,rb_gap_2_minus_1,high_minus_low,0,0,NaN,raw_level_gap
31,emp,rb_gap_2_minus_1,high_minus_low,0,0,NaN,raw_level_gap
32,emp,rb_gap_2_minus_1,high_minus_low,0,0,NaN,raw_level_gap
33,emp,rb_gap_2_minus_1,high_minus_low,0,0,NaN,raw_level_gap
34,emp,rb_gap_2_minus_1,high_minus_low,0,0,NaN,raw_level_gap
35,emp,rb_gap_2_minus_1,high_minus_low,0,0,NaN,raw_level_gap
36,emp,rb_gap_2_minus_1,high_minus_low,0,0,NaN,raw_level_gap
37,emp,rb_gap_2_minus_1,high_minus_low,0,0,NaN,raw_level_gap
38,emp,rb_gap_2_minus_1,high_minus_low,0,0,NaN,raw_level_gap
39,emp,rb_gap_2_minus_1,high_minus_low,0,0,NaN,raw_level_gap
40,emp,rb_gap_2_minus_1,high_minus_low,0,0,NaN,raw_level_gap
1,emp,dann_gap_2_minus_1,high_minus_low,0.6,0.00250800158248193,NaN,raw_level_gap
2,emp,dann_gap_2_minus_1,high_minus_low,0.6,0.00404714559665004,NaN,raw_level_gap
3,emp,dann_gap_2_minus_1,high_minus_low,0.6,0.00472557940046847,NaN,raw_level_gap
4,emp,dann_gap_2_minus_1,high_minus_low,0.6,0.00491471860187354,NaN,raw_level_gap
5,emp,dann_gap_2_minus_1,high_minus_low,0.6,0.00483267917432229,NaN,raw_level_gap
6,emp,dann_gap_2_minus_1,high_minus_low,0.6,0.00460603291389206,NaN,raw_level_gap
7,emp,dann_gap_2_minus_1,high_minus_low,0.6,0.00430736307374535,NaN,raw_level_gap
8,emp,dann_gap_2_minus_1,high_minus_low,0.6,0.00397782869111835,NaN,raw_level_gap
9,emp,dann_gap_2_minus_1,high_minus_low,0.6,0.00364054347549408,NaN,raw_level_gap
10,emp,dann_gap_2_minus_1,high_minus_low,0.6,0.00330839319118237,NaN,raw_level_gap
11,emp,dann_gap_2_minus_1,high_minus_low,0.6,0.0029885296760353,NaN,raw_level_gap
12,emp,dann_gap_2_minus_1,high_minus_low,0.6,0.00268490809374533,NaN,raw_level_gap
13,emp,dann_gap_2_minus_1,high_minus_low,0.6,0.00239969147059671,NaN,raw_level_gap
14,emp,dann_gap_2_minus_1,high_minus_low,0.6,0.00213401247772471,NaN,raw_level_gap
15,emp,dann_gap_2_minus_1,high_minus_low,0.6,0.00188837910466327,NaN,raw_level_gap
16,emp,dann_gap_2_minus_1,high_minus_low,0.6,0.00166288874566561,NaN,raw_level_gap
17,emp,dann_gap_2_minus_1,high_minus_low,0.6,0.00145734294536942,NaN,raw_level_gap
18,emp,dann_gap_2_minus_1,high_minus_low,0.6,0.0012713130122412,NaN,raw_level_gap
19,emp,dann_gap_2_minus_1,high_minus_low,0.6,0.0011041827634875,NaN,raw_level_gap
20,emp,dann_gap_2_minus_1,high_minus_low,0.6,0.000955181380164705,NaN,raw_level_gap
21,emp,dann_gap_2_minus_1,high_minus_low,0.6,0.000823412232226928,NaN,raw_level_gap
22,emp,dann_gap_2_minus_1,high_minus_low,0.6,0.000707879901517161,NaN,raw_level_gap
23,emp,dann_gap_2_minus_1,high_minus_low,0.6,0.000607515915262147,NaN,raw_level_gap
24,emp,dann_gap_2_minus_1,high_minus_low,0.6,0.000521202999858139,NaN,raw_level_gap
25,emp,dann_gap_2_minus_1,high_minus_low,0.6,0.000447797467197752,NaN,raw_level_gap
26,emp,dann_gap_2_minus_1,high_minus_low,0.6,0.000386149377276046,NaN,raw_level_gap
27,emp,dann_gap_2_minus_1,high_minus_low,0.6,0.000335120237367648,NaN,raw_level_gap
28,emp,dann_gap_2_minus_1,high_minus_low,0.6,0.000293598129370964,NaN,raw_level_gap
29,emp,dann_gap_2_minus_1,high_minus_low,0.6,0.000260510272399483,NaN,raw_level_gap
30,emp,dann_gap_2_minus_1,high_minus_low,0.6,0.000234833117144673,NaN,raw_level_gap
31,emp,dann_gap_2_minus_1,high_minus_low,0.6,0.000215600131450888,NaN,raw_level_gap
32,emp,dann_gap_2_minus_1,high_minus_low,0.6,0.000201907476496843,NaN,raw_level_gap
33,emp,dann_gap_2_minus_1,high_minus_low,0.6,0.00019291779466496,NaN,raw_level_gap
34,emp,dann_gap_2_minus_1,high_minus_low,0.6,0.000187862338159928,NaN,raw_level_gap
35,emp,dann_gap_2_minus_1,high_minus_low,0.6,0.000186041665590053,NaN,raw_level_gap
36,emp,dann_gap_2_minus_1,high_minus_low,0.6,0.000186825125128076,NaN,raw_level_gap
37,emp,dann_gap_2_minus_1,high_minus_low,0.6,0.000189649329840391,NaN,raw_level_gap
38,emp,dann_gap_2_minus_1,high_minus_low,0.6,0.000194015815083548,NaN,raw_level_gap
39,emp,dann_gap_2_minus_1,high_minus_low,0.6,0.000199488050727059,NaN,raw_level_gap
40,emp,dann_gap_2_minus_1,high_minus_low,0.6,0.00020568796328313,NaN,raw_level_gap
1,emp,ds_gap_2_minus_1,high_minus_low,0.0242424242424244,0.00437848366673083,NaN,raw_level_gap
2,emp,ds_gap_2_minus_1,high_minus_low,0.0242424242424244,0.00698919389274979,NaN,raw_level_gap
3,emp,ds_gap_2_minus_1,high_minus_low,0.0242424242424244,0.00383058650805284,NaN,raw_level_gap
4,emp,ds_gap_2_minus_1,high_minus_low,0.0242424242424244,0.00201208483439526,NaN,raw_level_gap
5,emp,ds_gap_2_minus_1,high_minus_low,0.0242424242424244,0.000987513401473829,NaN,raw_level_gap
6,emp,ds_gap_2_minus_1,high_minus_low,0.0242424242424244,0.000425825621653369,NaN,raw_level_gap
7,emp,ds_gap_2_minus_1,high_minus_low,0.0242424242424244,0.000128960598740215,NaN,raw_level_gap
8,emp,ds_gap_2_minus_1,high_minus_low,0.0242424242424244,-1.98475249259672e-05,NaN,raw_level_gap
9,emp,ds_gap_2_minus_1,high_minus_low,0.0242424242424244,-8.82703706427297e-05,NaN,raw_level_gap
10,emp,ds_gap_2_minus_1,high_minus_low,0.0242424242424244,-0.000114731886034773,NaN,raw_level_gap
11,emp,ds_gap_2_minus_1,high_minus_low,0.0242424242424244,-0.000120500633529502,NaN,raw_level_gap
12,emp,ds_gap_2_minus_1,high_minus_low,0.0242424242424244,-0.000116964863241517,NaN,raw_level_gap
13,emp,ds_gap_2_minus_1,high_minus_low,0.0242424242424244,-0.000109947552560431,NaN,raw_level_gap
14,emp,ds_gap_2_minus_1,high_minus_low,0.0242424242424244,-0.000102224066491553,NaN,raw_level_gap
15,emp,ds_gap_2_minus_1,high_minus_low,0.0242424242424244,-9.4962688463384e-05,NaN,raw_level_gap
16,emp,ds_gap_2_minus_1,high_minus_low,0.0242424242424244,-8.85292171348279e-05,NaN,raw_level_gap
17,emp,ds_gap_2_minus_1,high_minus_low,0.0242424242424244,-8.2922587359549e-05,NaN,raw_level_gap
18,emp,ds_gap_2_minus_1,high_minus_low,0.0242424242424244,-7.80008446606278e-05,NaN,raw_level_gap
19,emp,ds_gap_2_minus_1,high_minus_low,0.0242424242424244,-7.35910839450259e-05,NaN,raw_level_gap
20,emp,ds_gap_2_minus_1,high_minus_low,0.0242424242424244,-6.95373430592977e-05,NaN,raw_level_gap
21,emp,ds_gap_2_minus_1,high_minus_low,0.0242424242424244,-6.57168960567847e-05,NaN,raw_level_gap
22,emp,ds_gap_2_minus_1,high_minus_low,0.0242424242424244,-6.20416283009101e-05,NaN,raw_level_gap
23,emp,ds_gap_2_minus_1,high_minus_low,0.0242424242424244,-5.84532884951028e-05,NaN,raw_level_gap
24,emp,ds_gap_2_minus_1,high_minus_low,0.0242424242424244,-5.49170020050435e-05,NaN,raw_level_gap
25,emp,ds_gap_2_minus_1,high_minus_low,0.0242424242424244,-5.14150400241914e-05,NaN,raw_level_gap
26,emp,ds_gap_2_minus_1,high_minus_low,0.0242424242424244,-4.79415995066172e-05,NaN,raw_level_gap
27,emp,ds_gap_2_minus_1,high_minus_low,0.0242424242424244,-4.44987465880245e-05,NaN,raw_level_gap
28,emp,ds_gap_2_minus_1,high_minus_low,0.0242424242424244,-4.10934150541394e-05,NaN,raw_level_gap
29,emp,ds_gap_2_minus_1,high_minus_low,0.0242424242424244,-3.77352638487455e-05,NaN,raw_level_gap
30,emp,ds_gap_2_minus_1,high_minus_low,0.0242424242424244,-3.44351917576126e-05,NaN,raw_level_gap
31,emp,ds_gap_2_minus_1,high_minus_low,0.0242424242424244,-3.12043347882769e-05,NaN,raw_level_gap
32,emp,ds_gap_2_minus_1,high_minus_low,0.0242424242424244,-2.80534082527165e-05,NaN,raw_level_gap
33,emp,ds_gap_2_minus_1,high_minus_low,0.0242424242424244,-2.49922902236487e-05,NaN,raw_level_gap
34,emp,ds_gap_2_minus_1,high_minus_low,0.0242424242424244,-2.2029771808818e-05,NaN,raw_level_gap
35,emp,ds_gap_2_minus_1,high_minus_low,0.0242424242424244,-1.91734218326842e-05,NaN,raw_level_gap
36,emp,ds_gap_2_minus_1,high_minus_low,0.0242424242424244,-1.64295297292276e-05,NaN,raw_level_gap
37,emp,ds_gap_2_minus_1,high_minus_low,0.0242424242424244,-1.3803101898708e-05,NaN,raw_level_gap
38,emp,ds_gap_2_minus_1,high_minus_low,0.0242424242424244,-1.12978946468258e-05,NaN,raw_level_gap
39,emp,ds_gap_2_minus_1,high_minus_low,0.0242424242424244,-8.91647211579208e-06,NaN,raw_level_gap
40,emp,ds_gap_2_minus_1,high_minus_low,0.0242424242424244,-6.66028112610018e-06,NaN,raw_level_gap
1,emp,fs_gap_2_minus_1,high_minus_low,0,-0.00433324917156953,NaN,raw_level_gap
2,emp,fs_gap_2_minus_1,high_minus_low,0,-0.00695812498384218,NaN,raw_level_gap
3,emp,fs_gap_2_minus_1,high_minus_low,0,-0.00381156559665968,NaN,raw_level_gap
4,emp,fs_gap_2_minus_1,high_minus_low,0,-0.00200257398094915,NaN,raw_level_gap
5,emp,fs_gap_2_minus_1,high_minus_low,0,-0.000985111728423221,NaN,raw_level_gap
6,emp,fs_gap_2_minus_1,high_minus_low,0,-0.000428491952488938,NaN,raw_level_gap
7,emp,fs_gap_2_minus_1,high_minus_low,0,-0.000135065052765393,NaN,raw_level_gap
8,emp,fs_gap_2_minus_1,high_minus_low,0,1.15516879281158e-05,NaN,raw_level_gap
9,emp,fs_gap_2_minus_1,high_minus_low,0,7.87056944803743e-05,NaN,raw_level_gap
10,emp,fs_gap_2_minus_1,high_minus_low,0,0.000104561676812942,NaN,raw_level_gap
11,emp,fs_gap_2_minus_1,high_minus_low,0,0.000110188577623987,NaN,raw_level_gap
12,emp,fs_gap_2_minus_1,high_minus_low,0,0.000106825095727514,NaN,raw_level_gap
13,emp,fs_gap_2_minus_1,high_minus_low,0,0.000100184544896922,NaN,raw_level_gap
14,emp,fs_gap_2_minus_1,high_minus_low,0,9.29633104203714e-05,NaN,raw_level_gap
15,emp,fs_gap_2_minus_1,high_minus_low,0,8.62737201614144e-05,NaN,raw_level_gap
16,emp,fs_gap_2_minus_1,high_minus_low,0,8.04425776427392e-05,NaN,raw_level_gap
17,emp,fs_gap_2_minus_1,high_minus_low,0,7.54421408318412e-05,NaN,raw_level_gap
18,emp,fs_gap_2_minus_1,high_minus_low,0,7.11126263952672e-05,NaN,raw_level_gap
19,emp,fs_gap_2_minus_1,high_minus_low,0,6.72695993954309e-05,NaN,raw_level_gap
20,emp,fs_gap_2_minus_1,high_minus_low,0,6.37500188073459e-05,NaN,raw_level_gap
21,emp,fs_gap_2_minus_1,high_minus_low,0,6.04272037767056e-05,NaN,raw_level_gap
22,emp,fs_gap_2_minus_1,high_minus_low,0,5.7211262234666e-05,NaN,raw_level_gap
23,emp,fs_gap_2_minus_1,high_minus_low,0,5.40436706441827e-05,NaN,raw_level_gap
24,emp,fs_gap_2_minus_1,high_minus_low,0,5.08903106473529e-05,NaN,raw_level_gap
25,emp,fs_gap_2_minus_1,high_minus_low,0,4.77349000897326e-05,NaN,raw_level_gap
26,emp,fs_gap_2_minus_1,high_minus_low,0,4.45735324803159e-05,NaN,raw_level_gap
27,emp,fs_gap_2_minus_1,high_minus_low,0,4.14104486784889e-05,NaN,raw_level_gap
28,emp,fs_gap_2_minus_1,high_minus_low,0,3.82549120679365e-05,NaN,raw_level_gap
29,emp,fs_gap_2_minus_1,high_minus_low,0,3.51189770632643e-05,NaN,raw_level_gap
30,emp,fs_gap_2_minus_1,high_minus_low,0,3.20159392683678e-05,NaN,raw_level_gap
31,emp,fs_gap_2_minus_1,high_minus_low,0,2.8959286007102e-05,NaN,raw_level_gap
32,emp,fs_gap_2_minus_1,high_minus_low,0,2.59620045155035e-05,NaN,raw_level_gap
33,emp,fs_gap_2_minus_1,high_minus_low,0,2.3036141175603e-05,NaN,raw_level_gap
34,emp,fs_gap_2_minus_1,high_minus_low,0,2.01925349149756e-05,NaN,raw_level_gap
35,emp,fs_gap_2_minus_1,high_minus_low,0,1.74406707000724e-05,NaN,raw_level_gap
36,emp,fs_gap_2_minus_1,high_minus_low,0,1.4788615710512e-05,NaN,raw_level_gap
37,emp,fs_gap_2_minus_1,high_minus_low,0,1.22430125334277e-05,NaN,raw_level_gap
38,emp,fs_gap_2_minus_1,high_minus_low,0,9.80911178841137e-06,NaN,raw_level_gap
39,emp,fs_gap_2_minus_1,high_minus_low,0,7.49083202897238e-06,NaN,raw_level_gap
40,emp,fs_gap_2_minus_1,high_minus_low,0,5.2908383764011e-06,NaN,raw_level_gap
1,emp,lamg_gap_2_minus_1,high_minus_low,0,0.0426240947164231,NaN,raw_level_gap
2,emp,lamg_gap_2_minus_1,high_minus_low,0,0.0414470601661598,NaN,raw_level_gap
3,emp,lamg_gap_2_minus_1,high_minus_low,0,0.0389183671443707,NaN,raw_level_gap
4,emp,lamg_gap_2_minus_1,high_minus_low,0,0.0357705305536733,NaN,raw_level_gap
5,emp,lamg_gap_2_minus_1,high_minus_low,0,0.032426145706304,NaN,raw_level_gap
6,emp,lamg_gap_2_minus_1,high_minus_low,0,0.029122072723152,NaN,raw_level_gap
7,emp,lamg_gap_2_minus_1,high_minus_low,0,0.0259852790320689,NaN,raw_level_gap
8,emp,lamg_gap_2_minus_1,high_minus_low,0,0.0230786317059737,NaN,raw_level_gap
9,emp,lamg_gap_2_minus_1,high_minus_low,0,0.0204282082668614,NaN,raw_level_gap
10,emp,lamg_gap_2_minus_1,high_minus_low,0,0.0180393710200448,NaN,raw_level_gap
11,emp,lamg_gap_2_minus_1,high_minus_low,0,0.0159060954143309,NaN,raw_level_gap
12,emp,lamg_gap_2_minus_1,high_minus_low,0,0.0140163046621833,NaN,raw_level_gap
13,emp,lamg_gap_2_minus_1,high_minus_low,0,0.0123548768131396,NaN,raw_level_gap
14,emp,lamg_gap_2_minus_1,high_minus_low,0,0.0109053191041966,NaN,raw_level_gap
15,emp,lamg_gap_2_minus_1,high_minus_low,0,0.00965069416395536,NaN,raw_level_gap
16,emp,lamg_gap_2_minus_1,high_minus_low,0,0.00857413518543115,NaN,raw_level_gap
17,emp,lamg_gap_2_minus_1,high_minus_low,0,0.00765914011303881,NaN,raw_level_gap
18,emp,lamg_gap_2_minus_1,high_minus_low,0,0.00688974900512207,NaN,raw_level_gap
19,emp,lamg_gap_2_minus_1,high_minus_low,0,0.00625065964490013,NaN,raw_level_gap
20,emp,lamg_gap_2_minus_1,high_minus_low,0,0.00572730917231912,NaN,raw_level_gap
21,emp,lamg_gap_2_minus_1,high_minus_low,0,0.00530593487236342,NaN,raw_level_gap
22,emp,lamg_gap_2_minus_1,high_minus_low,0,0.00497361980917699,NaN,raw_level_gap
23,emp,lamg_gap_2_minus_1,high_minus_low,0,0.00471832550892159,NaN,raw_level_gap
24,emp,lamg_gap_2_minus_1,high_minus_low,0,0.00452891249672494,NaN,raw_level_gap
25,emp,lamg_gap_2_minus_1,high_minus_low,0,0.00439514912686256,NaN,raw_level_gap
26,emp,lamg_gap_2_minus_1,high_minus_low,0,0.0043077092318704,NaN,raw_level_gap
27,emp,lamg_gap_2_minus_1,high_minus_low,0,0.00425815935369567,NaN,raw_level_gap
28,emp,lamg_gap_2_minus_1,high_minus_low,0,0.00423893656171437,NaN,raw_level_gap
29,emp,lamg_gap_2_minus_1,high_minus_low,0,0.00424331804704448,NaN,raw_level_gap
30,emp,lamg_gap_2_minus_1,high_minus_low,0,0.00426538379226393,NaN,raw_level_gap
31,emp,lamg_gap_2_minus_1,high_minus_low,0,0.00429997365410806,NaN,raw_level_gap
32,emp,lamg_gap_2_minus_1,high_minus_low,0,0.00434264017579622,NaN,raw_level_gap
33,emp,lamg_gap_2_minus_1,high_minus_low,0,0.00438959838007946,NaN,raw_level_gap
34,emp,lamg_gap_2_minus_1,high_minus_low,0,0.00443767369721826,NaN,raw_level_gap
35,emp,lamg_gap_2_minus_1,high_minus_low,0,0.00448424906575973,NaN,raw_level_gap
36,emp,lamg_gap_2_minus_1,high_minus_low,0,0.00452721211733742,NaN,raw_level_gap
37,emp,lamg_gap_2_minus_1,high_minus_low,0,0.00456490322691838,NaN,raw_level_gap
38,emp,lamg_gap_2_minus_1,high_minus_low,0,0.00459606508220656,NaN,raw_level_gap
39,emp,lamg_gap_2_minus_1,high_minus_low,0,0.00461979430392478,NaN,raw_level_gap
40,emp,lamg_gap_2_minus_1,high_minus_low,0,0.00463549553492903,NaN,raw_level_gap
1,emp,qg_gap_2_minus_1,high_minus_low,0,0.00698402579290125,NaN,raw_level_gap
2,emp,qg_gap_2_minus_1,high_minus_low,0,0.00719623871923858,NaN,raw_level_gap
3,emp,qg_gap_2_minus_1,high_minus_low,0,0.00742494829217044,NaN,raw_level_gap
4,emp,qg_gap_2_minus_1,high_minus_low,0,0.00765685487582957,NaN,raw_level_gap
5,emp,qg_gap_2_minus_1,high_minus_low,0,0.00788142060121544,NaN,raw_level_gap
6,emp,qg_gap_2_minus_1,high_minus_low,0,0.00809064919024749,NaN,raw_level_gap
7,emp,qg_gap_2_minus_1,high_minus_low,0,0.00827875395303668,NaN,raw_level_gap
8,emp,qg_gap_2_minus_1,high_minus_low,0,0.00844180092662228,NaN,raw_level_gap
9,emp,qg_gap_2_minus_1,high_minus_low,0,0.0085773705949217,NaN,raw_level_gap
10,emp,qg_gap_2_minus_1,high_minus_low,0,0.00868425698555964,NaN,raw_level_gap
11,emp,qg_gap_2_minus_1,high_minus_low,0,0.00876220960635354,NaN,raw_level_gap
12,emp,qg_gap_2_minus_1,high_minus_low,0,0.00881171696383909,NaN,raw_level_gap
13,emp,qg_gap_2_minus_1,high_minus_low,0,0.00883382743011474,NaN,raw_level_gap
14,emp,qg_gap_2_minus_1,high_minus_low,0,0.00883000227522857,NaN,raw_level_gap
15,emp,qg_gap_2_minus_1,high_minus_low,0,0.00880199575664253,NaN,raw_level_gap
16,emp,qg_gap_2_minus_1,high_minus_low,0,0.00875175768692138,NaN,raw_level_gap
17,emp,qg_gap_2_minus_1,high_minus_low,0,0.00868135457834196,NaN,raw_level_gap
18,emp,qg_gap_2_minus_1,high_minus_low,0,0.00859290613361274,NaN,raw_level_gap
19,emp,qg_gap_2_minus_1,high_minus_low,0,0.00848853444664144,NaN,raw_level_gap
20,emp,qg_gap_2_minus_1,high_minus_low,0,0.00837032377416946,NaN,raw_level_gap
21,emp,qg_gap_2_minus_1,high_minus_low,0,0.00824028913948638,NaN,raw_level_gap
22,emp,qg_gap_2_minus_1,high_minus_low,0,0.00810035234530293,NaN,raw_level_gap
23,emp,qg_gap_2_minus_1,high_minus_low,0,0.00795232421909464,NaN,raw_level_gap
24,emp,qg_gap_2_minus_1,high_minus_low,0,0.00779789210587367,NaN,raw_level_gap
25,emp,qg_gap_2_minus_1,high_minus_low,0,0.00763861177313885,NaN,raw_level_gap
26,emp,qg_gap_2_minus_1,high_minus_low,0,0.00747590301145173,NaN,raw_level_gap
27,emp,qg_gap_2_minus_1,high_minus_low,0,0.00731104830976381,NaN,raw_level_gap
28,emp,qg_gap_2_minus_1,high_minus_low,0,0.00714519406358516,NaN,raw_level_gap
29,emp,qg_gap_2_minus_1,high_minus_low,0,0.00697935384086001,NaN,raw_level_gap
30,emp,qg_gap_2_minus_1,high_minus_low,0,0.00681441328809473,NaN,raw_level_gap
31,emp,qg_gap_2_minus_1,high_minus_low,0,0.00665113631031122,NaN,raw_level_gap
32,emp,qg_gap_2_minus_1,high_minus_low,0,0.00649017220406467,NaN,raw_level_gap
33,emp,qg_gap_2_minus_1,high_minus_low,0,0.00633206346424942,NaN,raw_level_gap
34,emp,qg_gap_2_minus_1,high_minus_low,0,0.00617725402321589,NaN,raw_level_gap
35,emp,qg_gap_2_minus_1,high_minus_low,0,0.0060260977153952,NaN,raw_level_gap
36,emp,qg_gap_2_minus_1,high_minus_low,0,0.00587886679224958,NaN,raw_level_gap
37,emp,qg_gap_2_minus_1,high_minus_low,0,0.00573576034131129,NaN,raw_level_gap
38,emp,qg_gap_2_minus_1,high_minus_low,0,0.00559691248930871,NaN,raw_level_gap
39,emp,qg_gap_2_minus_1,high_minus_low,0,0.00546240029302947,NaN,raw_level_gap
40,emp,qg_gap_2_minus_1,high_minus_low,0,0.00533225124284797,NaN,raw_level_gap
1,emp,ig_gap_2_minus_1,high_minus_low,0,-0.000271413418395122,NaN,raw_level_gap
2,emp,ig_gap_2_minus_1,high_minus_low,0,-0.000496128290859973,NaN,raw_level_gap
3,emp,ig_gap_2_minus_1,high_minus_low,0,-0.000675600086493977,NaN,raw_level_gap
4,emp,ig_gap_2_minus_1,high_minus_low,0,-0.000813196888255194,NaN,raw_level_gap
5,emp,ig_gap_2_minus_1,high_minus_low,0,-0.000913184114346391,NaN,raw_level_gap
6,emp,ig_gap_2_minus_1,high_minus_low,0,-0.000980132737525063,NaN,raw_level_gap
7,emp,ig_gap_2_minus_1,high_minus_low,0,-0.00101858270539729,NaN,raw_level_gap
8,emp,ig_gap_2_minus_1,high_minus_low,0,-0.00103285846980507,NaN,raw_level_gap
9,emp,ig_gap_2_minus_1,high_minus_low,0,-0.00102697414334464,NaN,raw_level_gap
10,emp,ig_gap_2_minus_1,high_minus_low,0,-0.00100459083338181,NaN,raw_level_gap
11,emp,ig_gap_2_minus_1,high_minus_low,0,-0.000969003964792436,NaN,raw_level_gap
12,emp,ig_gap_2_minus_1,high_minus_low,0,-0.000923147596005564,NaN,raw_level_gap
13,emp,ig_gap_2_minus_1,high_minus_low,0,-0.000869608199481092,NaN,raw_level_gap
14,emp,ig_gap_2_minus_1,high_minus_low,0,-0.000810643582298751,NaN,raw_level_gap
15,emp,ig_gap_2_minus_1,high_minus_low,0,-0.000748204472237321,NaN,raw_level_gap
16,emp,ig_gap_2_minus_1,high_minus_low,0,-0.000683957345091704,NaN,raw_level_gap
17,emp,ig_gap_2_minus_1,high_minus_low,0,-0.000619307655956733,NaN,raw_level_gap
18,emp,ig_gap_2_minus_1,high_minus_low,0,-0.000555422961071875,NaN,raw_level_gap
19,emp,ig_gap_2_minus_1,high_minus_low,0,-0.00049325559498252,NaN,raw_level_gap
20,emp,ig_gap_2_minus_1,high_minus_low,0,-0.000433564667681116,NaN,raw_level_gap
21,emp,ig_gap_2_minus_1,high_minus_low,0,-0.000376937205814151,NaN,raw_level_gap
22,emp,ig_gap_2_minus_1,high_minus_low,0,-0.000323808301430084,NaN,raw_level_gap
23,emp,ig_gap_2_minus_1,high_minus_low,0,-0.000274480161664536,NaN,raw_level_gap
24,emp,ig_gap_2_minus_1,high_minus_low,0,-0.000229139978293769,NaN,raw_level_gap
25,emp,ig_gap_2_minus_1,high_minus_low,0,-0.000187876559397143,NaN,raw_level_gap
26,emp,ig_gap_2_minus_1,high_minus_low,0,-0.000150695687145389,NaN,raw_level_gap
27,emp,ig_gap_2_minus_1,high_minus_low,0,-0.00011753418600606,NaN,raw_level_gap
28,emp,ig_gap_2_minus_1,high_minus_low,0,-8.82727042149783e-05,NaN,raw_level_gap
29,emp,ig_gap_2_minus_1,high_minus_low,0,-6.27472279637886e-05,NaN,raw_level_gap
30,emp,ig_gap_2_minus_1,high_minus_low,0,-4.07593622117619e-05,NaN,raw_level_gap
31,emp,ig_gap_2_minus_1,high_minus_low,0,-2.20854242542617e-05,NaN,raw_level_gap
32,emp,ig_gap_2_minus_1,high_minus_low,0,-6.48440616353441e-06,NaN,raw_level_gap
33,emp,ig_gap_2_minus_1,high_minus_low,0,6.29512996989934e-06,NaN,raw_level_gap
34,emp,ig_gap_2_minus_1,high_minus_low,0,1.65091542978363e-05,NaN,raw_level_gap
35,emp,ig_gap_2_minus_1,high_minus_low,0,2.4413195389178e-05,NaN,raw_level_gap
36,emp,ig_gap_2_minus_1,high_minus_low,0,3.02582145265684e-05,NaN,raw_level_gap
37,emp,ig_gap_2_minus_1,high_minus_low,0,3.42872516148202e-05,NaN,raw_level_gap
38,emp,ig_gap_2_minus_1,high_minus_low,0,3.67327667508272e-05,NaN,raw_level_gap
39,emp,ig_gap_2_minus_1,high_minus_low,0,3.78146031452115e-05,NaN,raw_level_gap
40,emp,ig_gap_2_minus_1,high_minus_low,0,3.77384996127356e-05,NaN,raw_level_gap
1,emp,kg_gap_2_minus_1,high_minus_low,0,-0.000271413418394317,NaN,raw_level_gap
2,emp,kg_gap_2_minus_1,high_minus_low,0,-0.00076075637379347,NaN,raw_level_gap
3,emp,kg_gap_2_minus_1,high_minus_low,0,-0.00141733755094009,NaN,raw_level_gap
4,emp,kg_gap_2_minus_1,high_minus_low,0,-0.00219510100041909,NaN,raw_level_gap
5,emp,kg_gap_2_minus_1,high_minus_low,0,-0.00305340758975259,NaN,raw_level_gap
6,emp,kg_gap_2_minus_1,high_minus_low,0,-0.0039572051375325,NaN,raw_level_gap
7,emp,kg_gap_2_minus_1,high_minus_low,0,-0.00487685771448909,NaN,raw_level_gap
8,emp,kg_gap_2_minus_1,high_minus_low,0,-0.00578779474143154,NaN,raw_level_gap
9,emp,kg_gap_2_minus_1,high_minus_low,0,-0.0066700740162382,NaN,raw_level_gap
10,emp,kg_gap_2_minus_1,high_minus_low,0,-0.00750791299921261,NaN,raw_level_gap
11,emp,kg_gap_2_minus_1,high_minus_low,0,-0.00828921913902381,NaN,raw_level_gap
12,emp,kg_gap_2_minus_1,high_minus_low,0,-0.00900513625655197,NaN,raw_level_gap
13,emp,kg_gap_2_minus_1,high_minus_low,0,-0.009649616049618,NaN,raw_level_gap
14,emp,kg_gap_2_minus_1,high_minus_low,0,-0.010219019230675,NaN,raw_level_gap
15,emp,kg_gap_2_minus_1,high_minus_low,0,-0.0107117482221453,NaN,raw_level_gap
16,emp,kg_gap_2_minus_1,high_minus_low,0,-0.0111279118616814,NaN,raw_level_gap
17,emp,kg_gap_2_minus_1,high_minus_low,0,-0.0114690217210951,NaN,raw_level_gap
18,emp,kg_gap_2_minus_1,high_minus_low,0,-0.0117377191391386,NaN,raw_level_gap
19,emp,kg_gap_2_minus_1,high_minus_low,0,-0.0119375317556418,NaN,raw_level_gap
20,emp,kg_gap_2_minus_1,high_minus_low,0,-0.0120726581294317,NaN,raw_level_gap
21,emp,kg_gap_2_minus_1,high_minus_low,0,-0.0121477788820092,NaN,raw_level_gap
22,emp,kg_gap_2_minus_1,high_minus_low,0,-0.0121678927113882,NaN,raw_level_gap
23,emp,kg_gap_2_minus_1,high_minus_low,0,-0.0121381755552674,NaN,raw_level_gap
24,emp,kg_gap_2_minus_1,high_minus_low,0,-0.0120638611446786,NaN,raw_level_gap
25,emp,kg_gap_2_minus_1,high_minus_low,0,-0.0119501411754577,NaN,raw_level_gap
26,emp,kg_gap_2_minus_1,high_minus_low,0,-0.0118020833332162,NaN,raw_level_gap
27,emp,kg_gap_2_minus_1,high_minus_low,0,-0.0116245654358913,NaN,raw_level_gap
28,emp,kg_gap_2_minus_1,high_minus_low,0,-0.0114222240042077,NaN,raw_level_gap
29,emp,kg_gap_2_minus_1,high_minus_low,0,-0.0111994156320661,NaN,raw_level_gap
30,emp,kg_gap_2_minus_1,high_minus_low,0,-0.0109601896034759,NaN,raw_level_gap
31,emp,kg_gap_2_minus_1,high_minus_low,0,-0.0107082702876422,NaN,raw_level_gap
32,emp,kg_gap_2_minus_1,high_minus_low,0,-0.0104470479366139,NaN,raw_level_gap
33,emp,kg_gap_2_minus_1,high_minus_low,0,-0.0101795766082278,NaN,raw_level_gap
34,emp,kg_gap_2_minus_1,high_minus_low,0,-0.00990857803872469,NaN,raw_level_gap
35,emp,kg_gap_2_minus_1,high_minus_low,0,-0.00963645039236649,NaN,raw_level_gap
36,emp,kg_gap_2_minus_1,high_minus_low,0,-0.00936528091803002,NaN,raw_level_gap
37,emp,kg_gap_2_minus_1,high_minus_low,0,-0.00909686164346457,NaN,raw_level_gap
38,emp,kg_gap_2_minus_1,high_minus_low,0,-0.00883270733562558,NaN,raw_level_gap
39,emp,kg_gap_2_minus_1,high_minus_low,0,-0.00857407504908991,NaN,raw_level_gap
40,emp,kg_gap_2_minus_1,high_minus_low,0,-0.00832198467324918,NaN,raw_level_gap
1,emp,xloc_gap_2_minus_1,high_minus_low,0,-0.00018837822674056,NaN,raw_level_gap
2,emp,xloc_gap_2_minus_1,high_minus_low,0,-0.000326884843256048,NaN,raw_level_gap
3,emp,xloc_gap_2_minus_1,high_minus_low,0,-0.000424172906265952,NaN,raw_level_gap
4,emp,xloc_gap_2_minus_1,high_minus_low,0,-0.0004883996044589,NaN,raw_level_gap
5,emp,xloc_gap_2_minus_1,high_minus_low,0,-0.000526748535630617,NaN,raw_level_gap
6,emp,xloc_gap_2_minus_1,high_minus_low,0,-0.000545282390182589,NaN,raw_level_gap
7,emp,xloc_gap_2_minus_1,high_minus_low,0,-0.000548970835614782,NaN,raw_level_gap
8,emp,xloc_gap_2_minus_1,high_minus_low,0,-0.000541801585807078,NaN,raw_level_gap
9,emp,xloc_gap_2_minus_1,high_minus_low,0,-0.000526922046996559,NaN,raw_level_gap
10,emp,xloc_gap_2_minus_1,high_minus_low,0,-0.000506783050259307,NaN,raw_level_gap
11,emp,xloc_gap_2_minus_1,high_minus_low,0,-0.000483270588582219,NaN,raw_level_gap
12,emp,xloc_gap_2_minus_1,high_minus_low,0,-0.000457819807246018,NaN,raw_level_gap
13,emp,xloc_gap_2_minus_1,high_minus_low,0,-0.000431510088381049,NaN,raw_level_gap
14,emp,xloc_gap_2_minus_1,high_minus_low,0,-0.000405142413329673,NaN,raw_level_gap
15,emp,xloc_gap_2_minus_1,high_minus_low,0,-0.000379301215224448,NaN,raw_level_gap
16,emp,xloc_gap_2_minus_1,high_minus_low,0,-0.000354403227164957,NaN,raw_level_gap
17,emp,xloc_gap_2_minus_1,high_minus_low,0,-0.000330735738797827,NaN,raw_level_gap
18,emp,xloc_gap_2_minus_1,high_minus_low,0,-0.000308486402558428,NaN,raw_level_gap
19,emp,xloc_gap_2_minus_1,high_minus_low,0,-0.000287766397697786,NaN,raw_level_gap
20,emp,xloc_gap_2_minus_1,high_minus_low,0,-0.000268628428472306,NaN,raw_level_gap
21,emp,xloc_gap_2_minus_1,high_minus_low,0,-0.000251080733096765,NaN,raw_level_gap
22,emp,xloc_gap_2_minus_1,high_minus_low,0,-0.000235098024215064,NaN,raw_level_gap
23,emp,xloc_gap_2_minus_1,high_minus_low,0,-0.000220630071434025,NaN,raw_level_gap
24,emp,xloc_gap_2_minus_1,high_minus_low,0,-0.000207608468466347,NaN,raw_level_gap
25,emp,xloc_gap_2_minus_1,high_minus_low,0,-0.000195951995984878,NaN,raw_level_gap
26,emp,xloc_gap_2_minus_1,high_minus_low,0,-0.000185570890180786,NaN,raw_level_gap
27,emp,xloc_gap_2_minus_1,high_minus_low,0,-0.000176370250344005,NaN,raw_level_gap
28,emp,xloc_gap_2_minus_1,high_minus_low,0,-0.000168252761314491,NaN,raw_level_gap
29,emp,xloc_gap_2_minus_1,high_minus_low,0,-0.000161120864000219,NaN,raw_level_gap
30,emp,xloc_gap_2_minus_1,high_minus_low,0,-0.000154878475759568,NaN,raw_level_gap
31,emp,xloc_gap_2_minus_1,high_minus_low,0,-0.000149432339444866,NaN,raw_level_gap
32,emp,xloc_gap_2_minus_1,high_minus_low,0,-0.000144693063120482,NaN,raw_level_gap
33,emp,xloc_gap_2_minus_1,high_minus_low,0,-0.000140575900197781,NaN,raw_level_gap
34,emp,xloc_gap_2_minus_1,high_minus_low,0,-0.000137001310719254,NaN,raw_level_gap
35,emp,xloc_gap_2_minus_1,high_minus_low,0,-0.000133895337824153,NaN,raw_level_gap
36,emp,xloc_gap_2_minus_1,high_minus_low,0,-0.000131189828362133,NaN,raw_level_gap
37,emp,xloc_gap_2_minus_1,high_minus_low,0,-0.000128822522690419,NaN,raw_level_gap
38,emp,xloc_gap_2_minus_1,high_minus_low,0,-0.000126737035547442,NaN,raw_level_gap
39,emp,xloc_gap_2_minus_1,high_minus_low,0,-0.000124882747298938,NaN,raw_level_gap
40,emp,xloc_gap_2_minus_1,high_minus_low,0,-0.000123214622628876,NaN,raw_level_gap
1,emp,k_gap_2_minus_1,high_minus_low,0,-4.14912708013304e-05,NaN,raw_level_gap
2,emp,k_gap_2_minus_1,high_minus_low,0,-9.3624400141934e-05,NaN,raw_level_gap
3,emp,k_gap_2_minus_1,high_minus_low,0,-0.000134522049744845,NaN,raw_level_gap
4,emp,k_gap_2_minus_1,high_minus_low,0,-0.0001503470497628,NaN,raw_level_gap
5,emp,k_gap_2_minus_1,high_minus_low,0,-0.000133954782535639,NaN,raw_level_gap
6,emp,k_gap_2_minus_1,high_minus_low,0,-8.34323666616399e-05,NaN,raw_level_gap
7,emp,k_gap_2_minus_1,high_minus_low,0,-7.04176324362038e-07,NaN,raw_level_gap
8,emp,k_gap_2_minus_1,high_minus_low,0,0.000109700678775582,NaN,raw_level_gap
9,emp,k_gap_2_minus_1,high_minus_low,0,0.000241678222941744,NaN,raw_level_gap
10,emp,k_gap_2_minus_1,high_minus_low,0,0.000388370316962039,NaN,raw_level_gap
11,emp,k_gap_2_minus_1,high_minus_low,0,0.000542789454417658,NaN,raw_level_gap
12,emp,k_gap_2_minus_1,high_minus_low,0,0.000698271047196997,NaN,raw_level_gap
13,emp,k_gap_2_minus_1,high_minus_low,0,0.000848780525746662,NaN,raw_level_gap
14,emp,k_gap_2_minus_1,high_minus_low,0,0.000989102720197366,NaN,raw_level_gap
15,emp,k_gap_2_minus_1,high_minus_low,0,0.00111493898557669,NaN,raw_level_gap
16,emp,k_gap_2_minus_1,high_minus_low,0,0.00122293447319777,NaN,raw_level_gap
17,emp,k_gap_2_minus_1,high_minus_low,0,0.00131065451852486,NaN,raw_level_gap
18,emp,k_gap_2_minus_1,high_minus_low,0,0.00137652572625058,NaN,raw_level_gap
19,emp,k_gap_2_minus_1,high_minus_low,0,0.00141975421387919,NaN,raw_level_gap
20,emp,k_gap_2_minus_1,high_minus_low,0,0.00144023073399069,NaN,raw_level_gap
21,emp,k_gap_2_minus_1,high_minus_low,0,0.00143843006580191,NaN,raw_level_gap
22,emp,k_gap_2_minus_1,high_minus_low,0,0.00141531013771434,NaN,raw_level_gap
23,emp,k_gap_2_minus_1,high_minus_low,0,0.00137221477948479,NaN,raw_level_gap
24,emp,k_gap_2_minus_1,high_minus_low,0,0.0013107827602763,NaN,raw_level_gap
25,emp,k_gap_2_minus_1,high_minus_low,0,0.00123286479900919,NaN,raw_level_gap
26,emp,k_gap_2_minus_1,high_minus_low,0,0.00114044949000736,NaN,raw_level_gap
27,emp,k_gap_2_minus_1,high_minus_low,0,0.00103559852834678,NaN,raw_level_gap
28,emp,k_gap_2_minus_1,high_minus_low,0,0.000920391209142224,NaN,raw_level_gap
29,emp,k_gap_2_minus_1,high_minus_low,0,0.000796877882452307,NaN,raw_level_gap
30,emp,k_gap_2_minus_1,high_minus_low,0,0.000667041845066052,NaN,raw_level_gap
31,emp,k_gap_2_minus_1,high_minus_low,0,0.000532769021182489,NaN,raw_level_gap
32,emp,k_gap_2_minus_1,high_minus_low,0,0.000395824709185533,NaN,raw_level_gap
33,emp,k_gap_2_minus_1,high_minus_low,0,0.000257836637754139,NaN,raw_level_gap
34,emp,k_gap_2_minus_1,high_minus_low,0,0.000120283571048319,NaN,raw_level_gap
35,emp,k_gap_2_minus_1,high_minus_low,0,-1.55112789652634e-05,NaN,raw_level_gap
36,emp,k_gap_2_minus_1,high_minus_low,0,-0.000148382740970732,NaN,raw_level_gap
37,emp,k_gap_2_minus_1,high_minus_low,0,-0.000277322737201047,NaN,raw_level_gap
38,emp,k_gap_2_minus_1,high_minus_low,0,-0.000401476513422594,NaN,raw_level_gap
39,emp,k_gap_2_minus_1,high_minus_low,0,-0.000520136604047039,NaN,raw_level_gap
40,emp,k_gap_2_minus_1,high_minus_low,0,-0.000632735034441723,NaN,raw_level_gap
1,emp,inv_gap_2_minus_1,high_minus_low,0,-4.14912708005533e-05,NaN,raw_level_gap
2,emp,inv_gap_2_minus_1,high_minus_low,0,-5.3170411113912e-05,NaN,raw_level_gap
3,emp,inv_gap_2_minus_1,high_minus_low,0,-4.32382596081138e-05,NaN,raw_level_gap
4,emp,inv_gap_2_minus_1,high_minus_low,0,-1.91880512648845e-05,NaN,raw_level_gap
5,emp,inv_gap_2_minus_1,high_minus_low,0,1.26335909798048e-05,NaN,raw_level_gap
6,emp,inv_gap_2_minus_1,high_minus_low,0,4.71735463071221e-05,NaN,raw_level_gap
7,emp,inv_gap_2_minus_1,high_minus_low,0,8.06423811667289e-05,NaN,raw_level_gap
8,emp,inv_gap_2_minus_1,high_minus_low,0,0.000110387250689958,NaN,raw_level_gap
9,emp,inv_gap_2_minus_1,high_minus_low,0,0.00013472006113352,NaN,raw_level_gap
10,emp,inv_gap_2_minus_1,high_minus_low,0,0.000152734049590653,NaN,raw_level_gap
11,emp,inv_gap_2_minus_1,high_minus_low,0,0.000164128395376162,NaN,raw_level_gap
12,emp,inv_gap_2_minus_1,high_minus_low,0,0.000169051329137415,NaN,raw_level_gap
13,emp,inv_gap_2_minus_1,high_minus_low,0,0.000167966254726482,NaN,raw_level_gap
14,emp,inv_gap_2_minus_1,high_minus_low,0,0.000161541707589641,NaN,raw_level_gap
15,emp,inv_gap_2_minus_1,high_minus_low,0,0.000150563833382078,NaN,raw_level_gap
16,emp,inv_gap_2_minus_1,high_minus_low,0,0.000135868962258257,NaN,raw_level_gap
17,emp,inv_gap_2_minus_1,high_minus_low,0,0.000118293407153525,NaN,raw_level_gap
18,emp,inv_gap_2_minus_1,high_minus_low,0,9.86375706861775e-05,NaN,raw_level_gap
19,emp,inv_gap_2_minus_1,high_minus_low,0,7.7641630782721e-05,NaN,raw_level_gap
20,emp,inv_gap_2_minus_1,high_minus_low,0,5.59703754544061e-05,NaN,raw_level_gap
21,emp,inv_gap_2_minus_1,high_minus_low,0,3.4205100158391e-05,NaN,raw_level_gap
22,emp,inv_gap_2_minus_1,high_minus_low,0,1.28408235561817e-05,NaN,raw_level_gap
23,emp,inv_gap_2_minus_1,high_minus_low,0,-7.71260478976687e-06,NaN,raw_level_gap
24,emp,inv_gap_2_minus_1,high_minus_low,0,-2.71266497240963e-05,NaN,raw_level_gap
25,emp,inv_gap_2_minus_1,high_minus_low,0,-4.51483922621621e-05,NaN,raw_level_gap
26,emp,inv_gap_2_minus_1,high_minus_low,0,-6.1593689029027e-05,NaN,raw_level_gap
27,emp,inv_gap_2_minus_1,high_minus_low,0,-7.63397244123443e-05,NaN,raw_level_gap
28,emp,inv_gap_2_minus_1,high_minus_low,0,-8.9317355997931e-05,NaN,raw_level_gap
29,emp,inv_gap_2_minus_1,high_minus_low,0,-0.000100503546463349,NaN,raw_level_gap
30,emp,inv_gap_2_minus_1,high_minus_low,0,-0.0001099140903284,NaN,raw_level_gap
31,emp,inv_gap_2_minus_1,high_minus_low,0,-0.000117596777758577,NaN,raw_level_gap
32,emp,inv_gap_2_minus_1,high_minus_low,0,-0.000123625086469181,NaN,raw_level_gap
33,emp,inv_gap_2_minus_1,high_minus_low,0,-0.000128092453701545,NaN,raw_level_gap
34,emp,inv_gap_2_minus_1,high_minus_low,0,-0.000131107150765086,NaN,raw_level_gap
35,emp,inv_gap_2_minus_1,high_minus_low,0,-0.000132787760739939,NaN,raw_level_gap
36,emp,inv_gap_2_minus_1,high_minus_low,0,-0.000133259243980832,NaN,raw_level_gap
37,emp,inv_gap_2_minus_1,high_minus_low,0,-0.000132649564756115,NaN,raw_level_gap
38,emp,inv_gap_2_minus_1,high_minus_low,0,-0.000131086844652462,NaN,raw_level_gap
39,emp,inv_gap_2_minus_1,high_minus_low,0,-0.000128697003461575,NaN,raw_level_gap
40,emp,inv_gap_2_minus_1,high_minus_low,0,-0.00012560184549798,NaN,raw_level_gap
1,emp,qk_gap_2_minus_1,high_minus_low,0,-0.000280142770589298,NaN,raw_level_gap
2,emp,qk_gap_2_minus_1,high_minus_low,0,-0.000201357836483562,NaN,raw_level_gap
3,emp,qk_gap_2_minus_1,high_minus_low,0,-0.000129897650528621,NaN,raw_level_gap
4,emp,qk_gap_2_minus_1,high_minus_low,0,-6.97641231746093e-05,NaN,raw_level_gap
5,emp,qk_gap_2_minus_1,high_minus_low,0,-2.2211109774295e-05,NaN,raw_level_gap
6,emp,qk_gap_2_minus_1,high_minus_low,0,1.31587492173679e-05,NaN,raw_level_gap
7,emp,qk_gap_2_minus_1,high_minus_low,0,3.76415185714407e-05,NaN,raw_level_gap
8,emp,qk_gap_2_minus_1,high_minus_low,0,5.29359474052971e-05,NaN,raw_level_gap
9,emp,qk_gap_2_minus_1,high_minus_low,0,6.08320337007751e-05,NaN,raw_level_gap
10,emp,qk_gap_2_minus_1,high_minus_low,0,6.30281799567367e-05,NaN,raw_level_gap
11,emp,qk_gap_2_minus_1,high_minus_low,0,6.10349595724369e-05,NaN,raw_level_gap
12,emp,qk_gap_2_minus_1,high_minus_low,0,5.61350089460788e-05,NaN,raw_level_gap
13,emp,qk_gap_2_minus_1,high_minus_low,0,4.93775480616687e-05,NaN,raw_level_gap
14,emp,qk_gap_2_minus_1,high_minus_low,0,4.15928092936113e-05,NaN,raw_level_gap
15,emp,qk_gap_2_minus_1,high_minus_low,0,3.34166128492797e-05,NaN,raw_level_gap
16,emp,qk_gap_2_minus_1,high_minus_low,0,2.53188587246989e-05,NaN,raw_level_gap
17,emp,qk_gap_2_minus_1,high_minus_low,0,1.76321546809799e-05,NaN,raw_level_gap
18,emp,qk_gap_2_minus_1,high_minus_low,0,1.05784526232e-05,NaN,raw_level_gap
19,emp,qk_gap_2_minus_1,high_minus_low,0,4.29264642609617e-06,NaN,raw_level_gap
20,emp,qk_gap_2_minus_1,high_minus_low,0,-1.15723615401464e-06,NaN,raw_level_gap
21,emp,qk_gap_2_minus_1,high_minus_low,0,-5.75320960560788e-06,NaN,raw_level_gap
22,emp,qk_gap_2_minus_1,high_minus_low,0,-9.51361432777187e-06,NaN,raw_level_gap
23,emp,qk_gap_2_minus_1,high_minus_low,0,-1.24821425199206e-05,NaN,raw_level_gap
24,emp,qk_gap_2_minus_1,high_minus_low,0,-1.47192090883541e-05,NaN,raw_level_gap
25,emp,qk_gap_2_minus_1,high_minus_low,0,-1.62952811092465e-05,NaN,raw_level_gap
26,emp,qk_gap_2_minus_1,high_minus_low,0,-1.72858128804076e-05,NaN,raw_level_gap
27,emp,qk_gap_2_minus_1,high_minus_low,0,-1.77674771428826e-05,NaN,raw_level_gap
28,emp,qk_gap_2_minus_1,high_minus_low,0,-1.78154289720567e-05,NaN,raw_level_gap
29,emp,qk_gap_2_minus_1,high_minus_low,0,-1.75013827080628e-05,NaN,raw_level_gap
30,emp,qk_gap_2_minus_1,high_minus_low,0,-1.68923218706318e-05,NaN,raw_level_gap
31,emp,qk_gap_2_minus_1,high_minus_low,0,-1.60496963597101e-05,NaN,raw_level_gap
32,emp,qk_gap_2_minus_1,high_minus_low,0,-1.50289902861589e-05,NaN,raw_level_gap
33,emp,qk_gap_2_minus_1,high_minus_low,0,-1.38795678246151e-05,NaN,raw_level_gap
34,emp,qk_gap_2_minus_1,high_minus_low,0,-1.26447241094452e-05,NaN,raw_level_gap
35,emp,qk_gap_2_minus_1,high_minus_low,0,-1.1361884010741e-05,NaN,raw_level_gap
36,emp,qk_gap_2_minus_1,high_minus_low,0,-1.00629042711908e-05,NaN,raw_level_gap
37,emp,qk_gap_2_minus_1,high_minus_low,0,-8.77444451730103e-06,NaN,raw_level_gap
38,emp,qk_gap_2_minus_1,high_minus_low,0,-7.51838058665744e-06,NaN,raw_level_gap
39,emp,qk_gap_2_minus_1,high_minus_low,0,-6.31223984459695e-06,NaN,raw_level_gap
40,emp,qk_gap_2_minus_1,high_minus_low,0,-5.16964307961665e-06,NaN,raw_level_gap
1,emp,n_gap_2_minus_1,high_minus_low,0,-3.0720345546506e-05,NaN,raw_level_gap
2,emp,n_gap_2_minus_1,high_minus_low,0,-5.09318174149037e-05,NaN,raw_level_gap
3,emp,n_gap_2_minus_1,high_minus_low,0,-6.32055476871146e-05,NaN,raw_level_gap
4,emp,n_gap_2_minus_1,high_minus_low,0,-6.96513869387627e-05,NaN,raw_level_gap
5,emp,n_gap_2_minus_1,high_minus_low,0,-7.19361161332921e-05,NaN,raw_level_gap
6,emp,n_gap_2_minus_1,high_minus_low,0,-7.13391193723628e-05,NaN,raw_level_gap
7,emp,n_gap_2_minus_1,high_minus_low,0,-6.88196152783538e-05,NaN,raw_level_gap
8,emp,n_gap_2_minus_1,high_minus_low,0,-6.50821518108635e-05,NaN,raw_level_gap
9,emp,n_gap_2_minus_1,high_minus_low,0,-6.06343476468874e-05,NaN,raw_level_gap
10,emp,n_gap_2_minus_1,high_minus_low,0,-5.5834891409548e-05,NaN,raw_level_gap
11,emp,n_gap_2_minus_1,high_minus_low,0,-5.09318991093743e-05,NaN,raw_level_gap
12,emp,n_gap_2_minus_1,high_minus_low,0,-4.60926952014495e-05,NaN,raw_level_gap
13,emp,n_gap_2_minus_1,high_minus_low,0,-4.14264217006161e-05,NaN,raw_level_gap
14,emp,n_gap_2_minus_1,high_minus_low,0,-3.70008907955161e-05,NaN,raw_level_gap
15,emp,n_gap_2_minus_1,high_minus_low,0,-3.28549527967847e-05,NaN,raw_level_gap
16,emp,n_gap_2_minus_1,high_minus_low,0,-2.9007450251417e-05,NaN,raw_level_gap
17,emp,n_gap_2_minus_1,high_minus_low,0,-2.54636221244664e-05,NaN,raw_level_gap
18,emp,n_gap_2_minus_1,high_minus_low,0,-2.22196338273417e-05,NaN,raw_level_gap
19,emp,n_gap_2_minus_1,high_minus_low,0,-1.92657492174286e-05,NaN,raw_level_gap
20,emp,n_gap_2_minus_1,high_minus_low,0,-1.65885310978858e-05,NaN,raw_level_gap
21,emp,n_gap_2_minus_1,high_minus_low,0,-1.41723548490041e-05,NaN,raw_level_gap
22,emp,n_gap_2_minus_1,high_minus_low,0,-1.20004416470643e-05,NaN,raw_level_gap
23,emp,n_gap_2_minus_1,high_minus_low,0,-1.00555589448575e-05,NaN,raw_level_gap
24,emp,n_gap_2_minus_1,high_minus_low,0,-8.32049244907374e-06,NaN,raw_level_gap
25,emp,n_gap_2_minus_1,high_minus_low,0,-6.7783622264006e-06,NaN,raw_level_gap
26,emp,n_gap_2_minus_1,high_minus_low,0,-5.412832914789e-06,NaN,raw_level_gap
27,emp,n_gap_2_minus_1,high_minus_low,0,-4.20825200693475e-06,NaN,raw_level_gap
28,emp,n_gap_2_minus_1,high_minus_low,0,-3.14973902307281e-06,NaN,raw_level_gap
29,emp,n_gap_2_minus_1,high_minus_low,0,-2.22324074146407e-06,NaN,raw_level_gap
30,emp,n_gap_2_minus_1,high_minus_low,0,-1.41556249140529e-06,NaN,raw_level_gap
31,emp,n_gap_2_minus_1,high_minus_low,0,-7.1438208749941e-07,NaN,raw_level_gap
32,emp,n_gap_2_minus_1,high_minus_low,0,-1.08250755345707e-07,NaN,raw_level_gap
33,emp,n_gap_2_minus_1,high_minus_low,0,4.13416023178903e-07,NaN,raw_level_gap
34,emp,n_gap_2_minus_1,high_minus_low,0,8.60355701404192e-07,NaN,raw_level_gap
35,emp,n_gap_2_minus_1,high_minus_low,0,1.24148239188937e-06,NaN,raw_level_gap
36,emp,n_gap_2_minus_1,high_minus_low,0,1.56491594027752e-06,NaN,raw_level_gap
37,emp,n_gap_2_minus_1,high_minus_low,0,1.83801535758032e-06,NaN,raw_level_gap
38,emp,n_gap_2_minus_1,high_minus_low,0,2.06741573476055e-06,NaN,raw_level_gap
39,emp,n_gap_2_minus_1,high_minus_low,0,2.25906784122321e-06,NaN,raw_level_gap
40,emp,n_gap_2_minus_1,high_minus_low,0,2.41827966729335e-06,NaN,raw_level_gap
1,emp,w_gap_2_minus_1,high_minus_low,0,-0.00028154425171234,NaN,raw_level_gap
2,emp,w_gap_2_minus_1,high_minus_low,0,-0.000395977119300284,NaN,raw_level_gap
3,emp,w_gap_2_minus_1,high_minus_low,0,-0.000413287171841858,NaN,raw_level_gap
4,emp,w_gap_2_minus_1,high_minus_low,0,-0.000380499453788374,NaN,raw_level_gap
5,emp,w_gap_2_minus_1,high_minus_low,0,-0.000327656292884448,NaN,raw_level_gap
6,emp,w_gap_2_minus_1,high_minus_low,0,-0.000272755300377625,NaN,raw_level_gap
7,emp,w_gap_2_minus_1,high_minus_low,0,-0.000225589829057071,NaN,raw_level_gap
8,emp,w_gap_2_minus_1,high_minus_low,0,-0.000190604034298936,NaN,raw_level_gap
9,emp,w_gap_2_minus_1,high_minus_low,0,-0.000168935458689567,NaN,raw_level_gap
10,emp,w_gap_2_minus_1,high_minus_low,0,-0.000159824192075497,NaN,raw_level_gap
11,emp,w_gap_2_minus_1,high_minus_low,0,-0.000161548608057949,NaN,raw_level_gap
12,emp,w_gap_2_minus_1,high_minus_low,0,-0.0001720196102033,NaN,raw_level_gap
13,emp,w_gap_2_minus_1,high_minus_low,0,-0.000189136552398494,NaN,raw_level_gap
14,emp,w_gap_2_minus_1,high_minus_low,0,-0.000210982349283739,NaN,raw_level_gap
15,emp,w_gap_2_minus_1,high_minus_low,0,-0.000235914119696368,NaN,raw_level_gap
16,emp,w_gap_2_minus_1,high_minus_low,0,-0.000262589094725207,NaN,raw_level_gap
17,emp,w_gap_2_minus_1,high_minus_low,0,-0.000289952975863095,NaN,raw_level_gap
18,emp,w_gap_2_minus_1,high_minus_low,0,-0.000317208744727182,NaN,raw_level_gap
19,emp,w_gap_2_minus_1,high_minus_low,0,-0.000343777389205435,NaN,raw_level_gap
20,emp,w_gap_2_minus_1,high_minus_low,0,-0.000369257483585628,NaN,raw_level_gap
21,emp,w_gap_2_minus_1,high_minus_low,0,-0.000393387513564214,NaN,raw_level_gap
22,emp,w_gap_2_minus_1,high_minus_low,0,-0.000416012852889835,NaN,raw_level_gap
23,emp,w_gap_2_minus_1,high_minus_low,0,-0.000437058058020412,NaN,raw_level_gap
24,emp,w_gap_2_minus_1,high_minus_low,0,-0.00045650441422751,NaN,raw_level_gap
25,emp,w_gap_2_minus_1,high_minus_low,0,-0.000474372270240941,NaN,raw_level_gap
26,emp,w_gap_2_minus_1,high_minus_low,0,-0.000490707517960765,NaN,raw_level_gap
27,emp,w_gap_2_minus_1,high_minus_low,0,-0.000505571525799553,NaN,raw_level_gap
28,emp,w_gap_2_minus_1,high_minus_low,0,-0.000519033862589779,NaN,raw_level_gap
29,emp,w_gap_2_minus_1,high_minus_low,0,-0.000531167217088679,NaN,raw_level_gap
30,emp,w_gap_2_minus_1,high_minus_low,0,-0.000542044002642683,NaN,raw_level_gap
31,emp,w_gap_2_minus_1,high_minus_low,0,-0.000551734223543043,NaN,raw_level_gap
32,emp,w_gap_2_minus_1,high_minus_low,0,-0.000560304261297162,NaN,raw_level_gap
33,emp,w_gap_2_minus_1,high_minus_low,0,-0.000567816311278335,NaN,raw_level_gap
34,emp,w_gap_2_minus_1,high_minus_low,0,-0.000574328261947699,NaN,raw_level_gap
35,emp,w_gap_2_minus_1,high_minus_low,0,-0.00057989385973567,NaN,raw_level_gap
36,emp,w_gap_2_minus_1,high_minus_low,0,-0.000584563043876329,NaN,raw_level_gap
37,emp,w_gap_2_minus_1,high_minus_low,0,-0.00058838236798131,NaN,raw_level_gap
38,emp,w_gap_2_minus_1,high_minus_low,0,-0.000591395450374677,NaN,raw_level_gap
39,emp,w_gap_2_minus_1,high_minus_low,0,-0.000593643414421585,NaN,raw_level_gap
40,emp,w_gap_2_minus_1,high_minus_low,0,-0.000595165294436484,NaN,raw_level_gap
1,emp,rk_gap_2_minus_1,high_minus_low,0,-1.22947571848872e-05,NaN,raw_level_gap
2,emp,rk_gap_2_minus_1,high_minus_low,0,-1.96603799883996e-05,NaN,raw_level_gap
3,emp,rk_gap_2_minus_1,high_minus_low,0,-2.36121368909908e-05,NaN,raw_level_gap
4,emp,rk_gap_2_minus_1,high_minus_low,0,-2.52958674772305e-05,NaN,raw_level_gap
5,emp,rk_gap_2_minus_1,high_minus_low,0,-2.55465355395723e-05,NaN,raw_level_gap
6,emp,rk_gap_2_minus_1,high_minus_low,0,-2.49516481710052e-05,NaN,raw_level_gap
7,emp,rk_gap_2_minus_1,high_minus_low,0,-2.39096948078318e-05,NaN,raw_level_gap
8,emp,rk_gap_2_minus_1,high_minus_low,0,-2.26796354240305e-05,NaN,raw_level_gap
9,emp,rk_gap_2_minus_1,high_minus_low,0,-2.14206065090802e-05,NaN,raw_level_gap
10,emp,rk_gap_2_minus_1,high_minus_low,0,-2.0222550842823e-05,NaN,raw_level_gap
11,emp,rk_gap_2_minus_1,high_minus_low,0,-1.91291087542692e-05,NaN,raw_level_gap
12,emp,rk_gap_2_minus_1,high_minus_low,0,-1.81542537193019e-05,NaN,raw_level_gap
13,emp,rk_gap_2_minus_1,high_minus_low,0,-1.72940598567942e-05,NaN,raw_level_gap
14,emp,rk_gap_2_minus_1,high_minus_low,0,-1.65347927109233e-05,NaN,raw_level_gap
15,emp,rk_gap_2_minus_1,high_minus_low,0,-1.58582930650242e-05,NaN,raw_level_gap
16,emp,rk_gap_2_minus_1,high_minus_low,0,-1.52454140564182e-05,NaN,raw_level_gap
17,emp,rk_gap_2_minus_1,high_minus_low,0,-1.46780906918192e-05,NaN,raw_level_gap
18,emp,rk_gap_2_minus_1,high_minus_low,0,-1.41404724488467e-05,NaN,raw_level_gap
19,emp,rk_gap_2_minus_1,high_minus_low,0,-1.36194325529304e-05,NaN,raw_level_gap
20,emp,rk_gap_2_minus_1,high_minus_low,0,-1.31046777151964e-05,NaN,raw_level_gap
21,emp,rk_gap_2_minus_1,high_minus_low,0,-1.25886148130694e-05,NaN,raw_level_gap
22,emp,rk_gap_2_minus_1,high_minus_low,0,-1.2066081543971e-05,NaN,raw_level_gap
23,emp,rk_gap_2_minus_1,high_minus_low,0,-1.15340124021771e-05,NaN,raw_level_gap
24,emp,rk_gap_2_minus_1,high_minus_low,0,-1.0991086032669e-05,NaN,raw_level_gap
25,emp,rk_gap_2_minus_1,high_minus_low,0,-1.04373824003912e-05,NaN,raw_level_gap
26,emp,rk_gap_2_minus_1,high_minus_low,0,-9.87406618516845e-06,NaN,raw_level_gap
27,emp,rk_gap_2_minus_1,high_minus_low,0,-9.30310478061691e-06,NaN,raw_level_gap
28,emp,rk_gap_2_minus_1,high_minus_low,0,-8.72702406096854e-06,NaN,raw_level_gap
29,emp,rk_gap_2_minus_1,high_minus_low,0,-8.14870181622268e-06,NaN,raw_level_gap
30,emp,rk_gap_2_minus_1,high_minus_low,0,-7.57119682154306e-06,NaN,raw_level_gap
31,emp,rk_gap_2_minus_1,high_minus_low,0,-6.99761045901831e-06,NaN,raw_level_gap
32,emp,rk_gap_2_minus_1,high_minus_low,0,-6.43097733917658e-06,NaN,raw_level_gap
33,emp,rk_gap_2_minus_1,high_minus_low,0,-5.87418126245937e-06,NaN,raw_level_gap
34,emp,rk_gap_2_minus_1,high_minus_low,0,-5.32989297383213e-06,NaN,raw_level_gap
35,emp,rk_gap_2_minus_1,high_minus_low,0,-4.80052639957596e-06,NaN,raw_level_gap
36,emp,rk_gap_2_minus_1,high_minus_low,0,-4.28821035252519e-06,NaN,raw_level_gap
37,emp,rk_gap_2_minus_1,high_minus_low,0,-3.79477301162834e-06,NaN,raw_level_gap
38,emp,rk_gap_2_minus_1,high_minus_low,0,-3.32173679846309e-06,NaN,raw_level_gap
39,emp,rk_gap_2_minus_1,high_minus_low,0,-2.87032157552519e-06,NaN,raw_level_gap
40,emp,rk_gap_2_minus_1,high_minus_low,0,-2.44145437013066e-06,NaN,raw_level_gap
1,emp,muR_gap_2_minus_1,high_minus_low,0,-9.33788591414297e-05,NaN,raw_level_gap
2,emp,muR_gap_2_minus_1,high_minus_low,0,-7.17893323523289e-05,NaN,raw_level_gap
3,emp,muR_gap_2_minus_1,high_minus_low,0,-5.47542980712801e-05,NaN,raw_level_gap
4,emp,muR_gap_2_minus_1,high_minus_low,0,-4.2176401558125e-05,NaN,raw_level_gap
5,emp,muR_gap_2_minus_1,high_minus_low,0,-3.35005095051522e-05,NaN,raw_level_gap
6,emp,muR_gap_2_minus_1,high_minus_low,0,-2.80229354882588e-05,NaN,raw_level_gap
7,emp,muR_gap_2_minus_1,high_minus_low,0,-2.5048364866026e-05,NaN,raw_level_gap
8,emp,muR_gap_2_minus_1,high_minus_low,0,-2.39603143837031e-05,NaN,raw_level_gap
9,emp,muR_gap_2_minus_1,high_minus_low,0,-2.42446073038249e-05,NaN,raw_level_gap
10,emp,muR_gap_2_minus_1,high_minus_low,0,-2.5488980572308e-05,NaN,raw_level_gap
11,emp,muR_gap_2_minus_1,high_minus_low,0,-2.73719421931273e-05,NaN,raw_level_gap
12,emp,muR_gap_2_minus_1,high_minus_low,0,-2.96480043504299e-05,NaN,raw_level_gap
13,emp,muR_gap_2_minus_1,high_minus_low,0,-3.21329107583757e-05,NaN,raw_level_gap
14,emp,muR_gap_2_minus_1,high_minus_low,0,-3.4690487474176e-05,NaN,raw_level_gap
15,emp,muR_gap_2_minus_1,high_minus_low,0,-3.72216664917269e-05,NaN,raw_level_gap
16,emp,muR_gap_2_minus_1,high_minus_low,0,-3.96556835059736e-05,NaN,raw_level_gap
17,emp,muR_gap_2_minus_1,high_minus_low,0,-4.19432049684199e-05,NaN,raw_level_gap
18,emp,muR_gap_2_minus_1,high_minus_low,0,-4.40510570031138e-05,NaN,raw_level_gap
19,emp,muR_gap_2_minus_1,high_minus_low,0,-4.59582292151317e-05,NaN,raw_level_gap
20,emp,muR_gap_2_minus_1,high_minus_low,0,-4.76528641471796e-05,NaN,raw_level_gap
21,emp,muR_gap_2_minus_1,high_minus_low,0,-4.91299932808831e-05,NaN,raw_level_gap
22,emp,muR_gap_2_minus_1,high_minus_low,0,-5.03898304416439e-05,NaN,raw_level_gap
23,emp,muR_gap_2_minus_1,high_minus_low,0,-5.14364775952847e-05,NaN,raw_level_gap
24,emp,muR_gap_2_minus_1,high_minus_low,0,-5.22769344345753e-05,NaN,raw_level_gap
25,emp,muR_gap_2_minus_1,high_minus_low,0,-5.29203318817006e-05,NaN,raw_level_gap
26,emp,muR_gap_2_minus_1,high_minus_low,0,-5.33773315694874e-05,NaN,raw_level_gap
27,emp,muR_gap_2_minus_1,high_minus_low,0,-5.36596496943931e-05,NaN,raw_level_gap
28,emp,muR_gap_2_minus_1,high_minus_low,0,-5.3779675538379e-05,NaN,raw_level_gap
29,emp,muR_gap_2_minus_1,high_minus_low,0,-5.37501634786663e-05,NaN,raw_level_gap
30,emp,muR_gap_2_minus_1,high_minus_low,0,-5.35839833099849e-05,NaN,raw_level_gap
31,emp,muR_gap_2_minus_1,high_minus_low,0,-5.32939178778113e-05,NaN,raw_level_gap
32,emp,muR_gap_2_minus_1,high_minus_low,0,-5.28924998898228e-05,NaN,raw_level_gap
33,emp,muR_gap_2_minus_1,high_minus_low,0,-5.23918817255109e-05,NaN,raw_level_gap
34,emp,muR_gap_2_minus_1,high_minus_low,0,-5.18037333917254e-05,NaN,raw_level_gap
35,emp,muR_gap_2_minus_1,high_minus_low,0,-5.11391646745851e-05,NaN,raw_level_gap
36,emp,muR_gap_2_minus_1,high_minus_low,0,-5.04086681646365e-05,NaN,raw_level_gap
37,emp,muR_gap_2_minus_1,high_minus_low,0,-4.96220802763125e-05,NaN,raw_level_gap
38,emp,muR_gap_2_minus_1,high_minus_low,0,-4.87885577165892e-05,NaN,raw_level_gap
39,emp,muR_gap_2_minus_1,high_minus_low,0,-4.79165671194159e-05,NaN,raw_level_gap
40,emp,muR_gap_2_minus_1,high_minus_low,0,-4.70138857839031e-05,NaN,raw_level_gap
1,emp,muK_gap_2_minus_1,high_minus_low,0,0.00196927675897041,NaN,raw_level_gap
2,emp,muK_gap_2_minus_1,high_minus_low,0,0.00175779788622527,NaN,raw_level_gap
3,emp,muK_gap_2_minus_1,high_minus_low,0,0.00154088767915548,NaN,raw_level_gap
4,emp,muK_gap_2_minus_1,high_minus_low,0,0.00132892662623825,NaN,raw_level_gap
5,emp,muK_gap_2_minus_1,high_minus_low,0,0.00112823817172447,NaN,raw_level_gap
6,emp,muK_gap_2_minus_1,high_minus_low,0,0.000942448585844592,NaN,raw_level_gap
7,emp,muK_gap_2_minus_1,high_minus_low,0,0.00077339523115448,NaN,raw_level_gap
8,emp,muK_gap_2_minus_1,high_minus_low,0,0.000621734797114199,NaN,raw_level_gap
9,emp,muK_gap_2_minus_1,high_minus_low,0,0.000487352014966606,NaN,raw_level_gap
10,emp,muK_gap_2_minus_1,high_minus_low,0,0.000369635430653777,NaN,raw_level_gap
11,emp,muK_gap_2_minus_1,high_minus_low,0,0.000267664323213103,NaN,raw_level_gap
12,emp,muK_gap_2_minus_1,high_minus_low,0,0.000180335979309771,NaN,raw_level_gap
13,emp,muK_gap_2_minus_1,high_minus_low,0,0.000106452705348842,NaN,raw_level_gap
14,emp,muK_gap_2_minus_1,high_minus_low,0,4.47814671970326e-05,NaN,raw_level_gap
15,emp,muK_gap_2_minus_1,high_minus_low,0,-5.90524053421451e-06,NaN,raw_level_gap
16,emp,muK_gap_2_minus_1,high_minus_low,0,-4.68015287402714e-05,NaN,raw_level_gap
17,emp,muK_gap_2_minus_1,high_minus_low,0,-7.90493618121781e-05,NaN,raw_level_gap
18,emp,muK_gap_2_minus_1,high_minus_low,0,-0.000103726274956634,NaN,raw_level_gap
19,emp,muK_gap_2_minus_1,high_minus_low,0,-0.000121837744944785,NaN,raw_level_gap
20,emp,muK_gap_2_minus_1,high_minus_low,0,-0.000134312951491752,NaN,raw_level_gap
21,emp,muK_gap_2_minus_1,high_minus_low,0,-0.000142003037424394,NaN,raw_level_gap
22,emp,muK_gap_2_minus_1,high_minus_low,0,-0.000145681226129437,NaN,raw_level_gap
23,emp,muK_gap_2_minus_1,high_minus_low,0,-0.000146044325137323,NaN,raw_level_gap
24,emp,muK_gap_2_minus_1,high_minus_low,0,-0.000143715261977738,NaN,raw_level_gap
25,emp,muK_gap_2_minus_1,high_minus_low,0,-0.000139246380442744,NaN,raw_level_gap
26,emp,muK_gap_2_minus_1,high_minus_low,0,-0.000133123283900929,NaN,raw_level_gap
27,emp,muK_gap_2_minus_1,high_minus_low,0,-0.00012576905512152,NaN,raw_level_gap
28,emp,muK_gap_2_minus_1,high_minus_low,0,-0.000117548714342457,NaN,raw_level_gap
29,emp,muK_gap_2_minus_1,high_minus_low,0,-0.000108773802442061,NaN,raw_level_gap
30,emp,muK_gap_2_minus_1,high_minus_low,0,-9.97069962719028e-05,NaN,raw_level_gap
31,emp,muK_gap_2_minus_1,high_minus_low,0,-9.05666799257833e-05,NaN,raw_level_gap
32,emp,muK_gap_2_minus_1,high_minus_low,0,-8.15314098926646e-05,NaN,raw_level_gap
33,emp,muK_gap_2_minus_1,high_minus_low,0,-7.27442242724977e-05,NaN,raw_level_gap
34,emp,muK_gap_2_minus_1,high_minus_low,0,-6.43167569097582e-05,NaN,raw_level_gap
35,emp,muK_gap_2_minus_1,high_minus_low,0,-5.6333126669893e-05,NaN,raw_level_gap
36,emp,muK_gap_2_minus_1,high_minus_low,0,-4.88535803134745e-05,NaN,raw_level_gap
37,emp,muK_gap_2_minus_1,high_minus_low,0,-4.19178746254406e-05,NaN,raw_level_gap
38,emp,muK_gap_2_minus_1,high_minus_low,0,-3.55483897169717e-05,NaN,raw_level_gap
39,emp,muK_gap_2_minus_1,high_minus_low,0,-2.97529708044899e-05,NaN,raw_level_gap
40,emp,muK_gap_2_minus_1,high_minus_low,0,-2.45275003457775e-05,NaN,raw_level_gap
1,emp,muQ_gap_2_minus_1,high_minus_low,0,0.00648581527934766,NaN,raw_level_gap
2,emp,muQ_gap_2_minus_1,high_minus_low,0,0.0114432224899872,NaN,raw_level_gap
3,emp,muQ_gap_2_minus_1,high_minus_low,0,0.0144404102350251,NaN,raw_level_gap
4,emp,muQ_gap_2_minus_1,high_minus_low,0,0.0154008048483831,NaN,raw_level_gap
5,emp,muQ_gap_2_minus_1,high_minus_low,0,0.0144667723631073,NaN,raw_level_gap
6,emp,muQ_gap_2_minus_1,high_minus_low,0,0.011902553137034,NaN,raw_level_gap
7,emp,muQ_gap_2_minus_1,high_minus_low,0,0.0080276449635619,NaN,raw_level_gap
8,emp,muQ_gap_2_minus_1,high_minus_low,0,0.00317298693772727,NaN,raw_level_gap
9,emp,muQ_gap_2_minus_1,high_minus_low,0,-0.00234630268126068,NaN,raw_level_gap
10,emp,muQ_gap_2_minus_1,high_minus_low,0,-0.00824651816361666,NaN,raw_level_gap
11,emp,muQ_gap_2_minus_1,high_minus_low,0,-0.0142829796347428,NaN,raw_level_gap
12,emp,muQ_gap_2_minus_1,high_minus_low,0,-0.0202523824499394,NaN,raw_level_gap
13,emp,muQ_gap_2_minus_1,high_minus_low,0,-0.0259918285452301,NaN,raw_level_gap
14,emp,muQ_gap_2_minus_1,high_minus_low,0,-0.0313759008207199,NaN,raw_level_gap
15,emp,muQ_gap_2_minus_1,high_minus_low,0,-0.0363127080512982,NaN,raw_level_gap
16,emp,muQ_gap_2_minus_1,high_minus_low,0,-0.0407395137341666,NaN,raw_level_gap
17,emp,muQ_gap_2_minus_1,high_minus_low,0,-0.04461833958689,NaN,raw_level_gap
18,emp,muQ_gap_2_minus_1,high_minus_low,0,-0.047931779859482,NaN,raw_level_gap
19,emp,muQ_gap_2_minus_1,high_minus_low,0,-0.0506791577857229,NaN,raw_level_gap
20,emp,muQ_gap_2_minus_1,high_minus_low,0,-0.0528730862084359,NaN,raw_level_gap
21,emp,muQ_gap_2_minus_1,high_minus_low,0,-0.0545364500621588,NaN,raw_level_gap
22,emp,muQ_gap_2_minus_1,high_minus_low,0,-0.0556998011994523,NaN,raw_level_gap
23,emp,muQ_gap_2_minus_1,high_minus_low,0,-0.0563991404069668,NaN,raw_level_gap
24,emp,muQ_gap_2_minus_1,high_minus_low,0,-0.0566740534163301,NaN,raw_level_gap
25,emp,muQ_gap_2_minus_1,high_minus_low,0,-0.0565661645293858,NaN,raw_level_gap
26,emp,muQ_gap_2_minus_1,high_minus_low,0,-0.0561178712756032,NaN,raw_level_gap
27,emp,muQ_gap_2_minus_1,high_minus_low,0,-0.0553713250578767,NaN,raw_level_gap
28,emp,muQ_gap_2_minus_1,high_minus_low,0,-0.0543676252050744,NaN,raw_level_gap
29,emp,muQ_gap_2_minus_1,high_minus_low,0,-0.0531461967268427,NaN,raw_level_gap
30,emp,muQ_gap_2_minus_1,high_minus_low,0,-0.0517443250410423,NaN,raw_level_gap
31,emp,muQ_gap_2_minus_1,high_minus_low,0,-0.0501968238388599,NaN,raw_level_gap
32,emp,muQ_gap_2_minus_1,high_minus_low,0,-0.0485358149716717,NaN,raw_level_gap
33,emp,muQ_gap_2_minus_1,high_minus_low,0,-0.0467906017418045,NaN,raw_level_gap
34,emp,muQ_gap_2_minus_1,high_minus_low,0,-0.0449876192485021,NaN,raw_level_gap
35,emp,muQ_gap_2_minus_1,high_minus_low,0,-0.0431504474836828,NaN,raw_level_gap
36,emp,muQ_gap_2_minus_1,high_minus_low,0,-0.0412998747061835,NaN,raw_level_gap
37,emp,muQ_gap_2_minus_1,high_minus_low,0,-0.039454000265664,NaN,raw_level_gap
38,emp,muQ_gap_2_minus_1,high_minus_low,0,-0.0376283675172999,NaN,raw_level_gap
39,emp,muQ_gap_2_minus_1,high_minus_low,0,-0.0358361187837346,NaN,raw_level_gap
40,emp,muQ_gap_2_minus_1,high_minus_low,0,-0.0340881654961578,NaN,raw_level_gap
1,emp,muI_gap_2_minus_1,high_minus_low,0,-0.000450063405868839,NaN,raw_level_gap
2,emp,muI_gap_2_minus_1,high_minus_low,0,-0.000982378806412054,NaN,raw_level_gap
3,emp,muI_gap_2_minus_1,high_minus_low,0,-0.00155626882258231,NaN,raw_level_gap
4,emp,muI_gap_2_minus_1,high_minus_low,0,-0.0021303321617463,NaN,raw_level_gap
5,emp,muI_gap_2_minus_1,high_minus_low,0,-0.00266834368669322,NaN,raw_level_gap
6,emp,muI_gap_2_minus_1,high_minus_low,0,-0.00314201143816373,NaN,raw_level_gap
7,emp,muI_gap_2_minus_1,high_minus_low,0,-0.00353171937323804,NaN,raw_level_gap
8,emp,muI_gap_2_minus_1,high_minus_low,0,-0.00382606957749854,NaN,raw_level_gap
9,emp,muI_gap_2_minus_1,high_minus_low,0,-0.00402078628227676,NaN,raw_level_gap
10,emp,muI_gap_2_minus_1,high_minus_low,0,-0.00411735316816708,NaN,raw_level_gap
11,emp,muI_gap_2_minus_1,high_minus_low,0,-0.00412161635286568,NaN,raw_level_gap
12,emp,muI_gap_2_minus_1,high_minus_low,0,-0.0040424877926144,NaN,raw_level_gap
13,emp,muI_gap_2_minus_1,high_minus_low,0,-0.00389081777246458,NaN,raw_level_gap
14,emp,muI_gap_2_minus_1,high_minus_low,0,-0.00367846235184954,NaN,raw_level_gap
15,emp,muI_gap_2_minus_1,high_minus_low,0,-0.00341754535562222,NaN,raw_level_gap
16,emp,muI_gap_2_minus_1,high_minus_low,0,-0.0031198996064985,NaN,raw_level_gap
17,emp,muI_gap_2_minus_1,high_minus_low,0,-0.0027966647677764,NaN,raw_level_gap
18,emp,muI_gap_2_minus_1,high_minus_low,0,-0.0024580166645447,NaN,raw_level_gap
19,emp,muI_gap_2_minus_1,high_minus_low,0,-0.00211300336439724,NaN,raw_level_gap
20,emp,muI_gap_2_minus_1,high_minus_low,0,-0.00176946532908628,NaN,raw_level_gap
21,emp,muI_gap_2_minus_1,high_minus_low,0,-0.0014340197479128,NaN,raw_level_gap
22,emp,muI_gap_2_minus_1,high_minus_low,0,-0.00111209219841113,NaN,raw_level_gap
23,emp,muI_gap_2_minus_1,high_minus_low,0,-0.000807981733566887,NaN,raw_level_gap
24,emp,muI_gap_2_minus_1,high_minus_low,0,-0.000524948195296915,NaN,raw_level_gap
25,emp,muI_gap_2_minus_1,high_minus_low,0,-0.00026531292281895,NaN,raw_level_gap
26,emp,muI_gap_2_minus_1,high_minus_low,0,-3.05660412069919e-05,NaN,raw_level_gap
27,emp,muI_gap_2_minus_1,high_minus_low,0,0.0001785248070858,NaN,raw_level_gap
28,emp,muI_gap_2_minus_1,high_minus_low,0,0.000361808055734603,NaN,raw_level_gap
29,emp,muI_gap_2_minus_1,high_minus_low,0,0.000519646801531159,NaN,raw_level_gap
30,emp,muI_gap_2_minus_1,high_minus_low,0,0.00065282418338164,NaN,raw_level_gap
31,emp,muI_gap_2_minus_1,high_minus_low,0,0.000762456673359058,NaN,raw_level_gap
32,emp,muI_gap_2_minus_1,high_minus_low,0,0.000849915878564644,NaN,raw_level_gap
33,emp,muI_gap_2_minus_1,high_minus_low,0,0.000916759058566807,NaN,raw_level_gap
34,emp,muI_gap_2_minus_1,high_minus_low,0,0.000964668271217661,NaN,raw_level_gap
35,emp,muI_gap_2_minus_1,high_minus_low,0,0.00099539784871272,NaN,raw_level_gap
36,emp,muI_gap_2_minus_1,high_minus_low,0,0.00101072975855265,NaN,raw_level_gap
37,emp,muI_gap_2_minus_1,high_minus_low,0,0.00101243630665282,NaN,raw_level_gap
38,emp,muI_gap_2_minus_1,high_minus_low,0,0.0010022495809392,NaN,raw_level_gap
39,emp,muI_gap_2_minus_1,high_minus_low,0,0.000981837004427888,NaN,raw_level_gap
40,emp,muI_gap_2_minus_1,high_minus_low,0,0.000952782359761262,NaN,raw_level_gap
