scenario,label,phi_pi,rho_demand,shock_stderr,horizon,demand,r,yagg,pinfagg,cr1,ch1,nr1,nh1,cr2,ch2,nr2,nh2,ds1,ds2,fs1,fs2,ig1,ig2,kg1,kg2,y1,y2,c1,c2,pinf1,pinf2,ds_gap,fs_gap,ig_gap,kg_gap,y_gap,c_gap,pinf_gap,abs_ds_gap,abs_ig_gap,abs_y_gap,abs_pinf_gap
negative_demand_phi_110,phi_pi = 1.1,1.1,0.8,0.0025,1,-0.0025,-0.000983518719804399,-0.0033438776061222,-0.00316068129969127,-0.00176654728734527,-0.00364593948303327,-0.00113477940181025,0.000451931929431382,-0.00176785659987377,-0.00364513737369077,-0.00113309622052371,0.000451832504077654,0.00113016002528331,0.00322373918613641,-0.00138634994342045,-0.00345701441534114,8.66191846256997e-05,9.28761674421491e-05,8.66191846258246e-05,9.28761674421352e-05,-0.00335043618171427,-0.00333731903053025,-0.00233036494605166,-0.00233104083201885,-0.00316323399541274,-0.00315812860396969,0.0020935791608531,-0.0020706644719207,6.25698281644937e-06,6.2569828163106e-06,1.31171511840167e-05,-6.75885967194034e-07,5.10539144304989e-06,0.0020935791608531,6.25698281644937e-06,1.31171511840167e-05,5.10539144304989e-06
negative_demand_phi_110,phi_pi = 1.1,1.1,0.8,0.0025,2,-0.002,-0.0013473804831583,-0.0025622531744115,-0.00190390406244234,-0.000886223407103759,-0.00218479517340442,-0.000825527044287441,0.000270815986585585,-0.000888773482455862,-0.00218348485841513,-0.000822430258853118,0.000270653566670498,0.00035370279096168,0.000998784093431834,-0.00055059312757641,-0.00117699761380234,0.000155754485539547,0.000170408019901425,0.000240208190549929,0.000260962283157085,-0.00257491985797331,-0.00254958649084969,-0.00127579493699403,-0.00127718689524381,-0.00190632311051697,-0.0019014850143676,0.000645081302470154,-0.000626404486225932,1.46535343618776e-05,2.07540926071559e-05,2.53333671236255e-05,-1.39195824977456e-06,4.83809614937325e-06,0.000645081302470154,1.46535343618776e-05,2.53333671236255e-05,4.83809614937325e-06
negative_demand_phi_110,phi_pi = 1.1,1.1,0.8,0.0025,3,-0.0016,-0.00138153395035001,-0.00191109989253957,-0.00111842447439814,-0.000428010796079459,-0.00130761610466645,-0.000580537539442053,0.000162085375220167,-0.000431682523185817,-0.0013059252057579,-0.000576219639215433,0.000161875780077467,-4.65729088640777e-05,-0.000151281268564351,-0.000100960949084475,1.89791896268859e-05,0.000201071306423134,0.000225714839044835,0.000435274292208909,0.000480153065122835,-0.00192943882918184,-0.0018927609558973,-0.000691892388655635,-0.000693955327957574,-0.00112061129807195,-0.00111623765072422,-0.000104708359700273,0.000119940138711361,2.46435326217015e-05,4.48787729139255e-05,3.66778732845408e-05,-2.0629393019389e-06,4.37364734773293e-06,0.000104708359700273,2.46435326217015e-05,3.66778732845408e-05,4.37364734773293e-06
negative_demand_phi_110,phi_pi = 1.1,1.1,0.8,0.0025,4,-0.00128,-0.00125636093251358,-0.00140433652971794,-0.000633173994544767,-0.000205574392408203,-0.000790852464458314,-0.000396101737993093,9.80300089514635e-05,-0.000210215030592709,-0.000788860034664607,-0.000390748620057335,9.7783037589172e-05,-0.000228907732641943,-0.000678368308485673,0.000119731320008185,0.00058184685051417,0.000222900733283876,0.000258378256936961,0.000647293168188234,0.00072652749543245,-0.00142780249019059,-0.00138087056924541,-0.000381157814023259,-0.0003838085318143,-0.00063506302799532,-0.000631284961094103,-0.00044946057584373,0.000462115530505985,3.54775236530852e-05,7.92343272442153e-05,4.69319209451813e-05,-2.65071779104176e-06,3.77806690121663e-06,0.00044946057584373,3.54775236530852e-05,4.69319209451813e-05,3.77806690121663e-06
negative_demand_phi_110,phi_pi = 1.1,1.1,0.8,0.0025,5,-0.001024,-0.00106815834509821,-0.0010271641183055,-0.000336472329305448,-0.000109601937411274,-0.000492392732466151,-0.000262143675775026,6.10344737363294e-05,-0.000115037380833183,-0.000490167487148363,-0.000255951828780118,6.07586437576246e-05,-0.000290387259958751,-0.000859673315954062,0.000209710059296667,0.00078982767933912,0.000224633761628318,0.000271056339984824,0.000855744600611885,0.000979420648031137,-0.00105509152781325,-0.000999236708797646,-0.000224439175927849,-0.000227576412727748,-0.000338021918028453,-0.000334922740582555,-0.000569286055995311,0.000580117620042453,4.64225783565059e-05,0.000123676047419252,5.58548190155994e-05,-3.13723679989941e-06,3.09917744589772e-06,0.000569286055995311,4.64225783565059e-05,5.58548190155994e-05,3.09917744589772e-06
negative_demand_phi_110,phi_pi = 1.1,1.1,0.8,0.0025,6,-0.000819200000000001,-0.000868466472402574,-0.00075520823990427,-0.00015663265071264,-7.77127776268038e-05,-0.000323539735288869,-0.000167439594141491,4.0104323589904e-05,-8.37582016902649e-05,-0.000321146349114731,-0.000160611645677294,3.98076517343915e-05,-0.000289021025648278,-0.000860787623939346,0.000228855012229731,0.0008102108808518,0.000210713689660802,0.000267575743525234,0.00104506467525667,0.00122251087535563,-0.000786847467428853,-0.000723569012379688,-0.000151460864925457,-0.000154974645917627,-0.000157821896931365,-0.000155443404493805,-0.000571766598291069,0.000581355868622069,5.68620538644315e-05,0.000177446200098963,6.3278455049165e-05,-3.51378099217037e-06,2.37849243756028e-06,0.000571766598291069,5.68620538644315e-05,6.3278455049165e-05,2.37849243756028e-06
negative_demand_phi_110,phi_pi = 1.1,1.1,0.8,0.0025,7,-0.000655360000000001,-0.000682576498195031,-0.000563661713338881,-4.83634505908936e-05,-7.55051533215534e-05,-0.000229961452611116,-0.000101897723193467,2.85048403729782e-05,-8.19745149780449e-05,-0.000227457062267122,-9.46318998411716e-05,2.81944090107789e-05,-0.000258384176026654,-0.000777537740316459,0.000212640884379584,0.000740554503628726,0.00018558619593792,0.000251914893998201,0.00120452425431328,0.00144386299747001,-0.000598227988515276,-0.000529095438162597,-0.000121842043108389,-0.000125619279164768,-4.91899787548045e-05,-4.75369224270938e-05,-0.000519153564289805,0.000527913619249143,6.63286980602806e-05,0.000239338743156736,6.91325503526796e-05,-3.77723605637925e-06,1.65305632771062e-06,0.000519153564289805,6.63286980602806e-05,6.91325503526796e-05,1.65305632771062e-06
negative_demand_phi_110,phi_pi = 1.1,1.1,0.8,0.0025,8,-0.000524288000000001,-0.000520949575242513,-0.000431060478571554,1.65222195462889e-05,-8.4849367072648e-05,-0.000179027260772902,-5.73201144808133e-05,2.21912995973794e-05,-9.15634592627557e-05,-0.000176457274205455,-4.98004230430338e-05,2.18727372642835e-05,-0.000217120048354042,-0.000663132826976611,0.000181351496221852,0.000635568719091081,0.000153205800892564,0.00022770890371536,0.00132761694884831,0.00163547532624797,-0.000467778951266484,-0.000394342005876736,-0.000113102735182724,-0.000117031603745654,1.60450816799607e-05,1.6999357412617e-05,-0.000446012778622568,0.00045421722286923,7.45031028227955e-05,0.000307858377399661,7.34369453897488e-05,-3.92886856293018e-06,9.54275732656384e-07,0.000446012778622568,7.45031028227955e-05,7.34369453897488e-05,9.54275732656384e-07
negative_demand_phi_110,phi_pi = 1.1,1.1,0.8,0.0025,9,-0.000419430400000001,-0.000386089828314118,-0.000340341614040285,5.53156546372335e-05,-9.6803951365354e-05,-0.000151557549040504,-2.74404338352491e-05,1.87862952406304e-05,-0.000103596685075091,-0.000148953618049563,-1.98298972264449e-05,1.84635253311777e-05,-0.000174979951770384,-0.000545414618994116,0.000146039447573076,0.000524291069259553,0.000116852880492055,0.000198048951553731,0.00141127940561869,0.00179263739464552,-0.000378482155288462,-0.000302201072792108,-0.000113230030667877,-0.000117203764967488,5.51623315259153e-05,5.54689777485518e-05,-0.000370434667223731,0.000378251621686476,8.1196071061676e-05,0.000381357989026831,7.62810824963545e-05,-3.97373429961156e-06,3.06646222636431e-07,0.000370434667223731,8.1196071061676e-05,7.62810824963545e-05,3.06646222636431e-07
negative_demand_phi_110,phi_pi = 1.1,1.1,0.8,0.0025,10,-0.000335544320000001,-0.000276562859758966,-0.000278647404338361,7.8480719081675e-05,-0.000107425267341865,-0.000136550274077663,-7.66325059262107e-06,1.69260705273622e-05,-0.000114148060217256,-0.000133930614161004,-1.00433058841665e-07,1.6601350941059e-05,-0.000136581360431556,-0.000437587543859853,0.000112300166547535,0.000420829482573826,7.91143815029455e-05,0.000165439608503473,0.00145511180198188,0.00191326106828349,-0.000317547978139654,-0.000239746830536958,-0.00011616276936266,-0.000120082826400303,7.86170789384144e-05,7.83443592249355e-05,-0.000301006183428296,0.00030852931602629,8.63252270005277e-05,0.000458149266301611,7.78011476026963e-05,-3.92005703764298e-06,-2.72719713478864e-07,0.000301006183428296,8.63252270005277e-05,7.78011476026963e-05,2.72719713478864e-07
negative_demand_phi_110,phi_pi = 1.1,1.1,0.8,0.0025,11,-0.000268435456000001,-0.000189261220325587,-0.000236648694924457,9.22712253275115e-05,-0.000115352604037944,-0.000127872812139107,5.28004159758289e-06,1.58504569208601e-05,-0.0001218769703627,-0.000125244145498082,1.26818215416685e-05,1.55246209072729e-05,-0.000103693970530361,-0.000344743083660901,8.26104842743952e-05,0.000330933221466212,4.19430981826452e-05,0.000131834380144843,0.00146067710511488,0.00199726392172117,-0.000275728552092569,-0.000197568837756457,-0.000119108666468248,-0.000122887122903315,9.2658086825903e-05,9.188436382912e-05,-0.00024104911313054,0.000248322737191817,8.98912819621983e-05,0.000536586816606288,7.81597143361124e-05,-3.77845643506625e-06,-7.73722996783022e-07,0.00024104911313054,8.98912819621983e-05,7.81597143361124e-05,7.73722996783022e-07
negative_demand_phi_110,phi_pi = 1.1,1.1,0.8,0.0025,12,-0.000214748364800001,-0.00012061935449692,-0.000207769803832747,0.000100385823671445,-0.000120459977242304,-0.000122225789824237,1.36596613838358e-05,1.51504810429748e-05,-0.000126678563915239,-0.00011958607206175,2.081124152023e-05,1.48232751891464e-05,-7.65951817920901e-05,-0.000267726216727271,5.7743998896298e-05,0.000255912939108899,6.74799777478086e-06,9.87045192130109e-05,0.00143090817526126,0.0020460368428914,-0.000246534624396832,-0.000169004983268661,-0.000120989721016929,-0.000124550816359092,0.000100981985696968,9.97896616456995e-05,-0.000191131034935181,0.000198168940212601,9.19565214382301e-05,0.000615128667630138,7.75296411281712e-05,-3.56109534216387e-06,-1.19232405126901e-06,0.000191131034935181,9.19565214382301e-05,7.75296411281712e-05,1.19232405126901e-06
negative_demand_phi_110,phi_pi = 1.1,1.1,0.8,0.0025,13,-0.000171798691840001,-6.7216834025885e-05,-0.000187483971083813,0.000104996651362432,-0.000123133821407606,-0.000117914678041342,1.90224552837348e-05,1.46160977721882e-05,-0.000128960208242934,-0.000115255950134729,2.58566067769805e-05,1.42865355185484e-05,-5.48495730670301e-05,-0.000205357123833298,3.76048709829768e-05,0.000194911224728714,-2.55095377240944e-05,6.71169580224729e-05,0.00136962593315548,0.00206200287984082,-0.000225525165960416,-0.000149442776207209,-0.000121568078397694,-0.000124848930810439,0.000105761302143126,0.000104232000581739,-0.000150507550766267,0.000157306353745737,9.26264957465672e-05,0.000692376946685336,7.6082389753207e-05,-3.28085241274589e-06,-1.52930156138709e-06,0.000150507550766267,9.26264957465672e-05,7.6082389753207e-05,1.52930156138709e-06
negative_demand_phi_110,phi_pi = 1.1,1.1,0.8,0.0025,14,-0.000137438953472001,-2.60380136865024e-05,-0.000172737685647406,0.000107377885058435,-0.000123907895183351,-0.000114124756732781,2.24059126652104e-05,1.41463185952817e-05,-0.000129275490730274,-0.000111435707585983,2.88745619964892e-05,1.3812997876464e-05,-3.77398091725304e-05,-0.000155657935305397,2.17030474247148e-05,0.000146169316886241,-5.42257611882563e-05,3.78093027890575e-05,0.00128115952363839,0.00204826211063391,-0.000209727795645209,-0.000135747575649714,-0.000120972953648213,-0.000123923555786942,0.000108272365584305,0.000106483404532565,-0.000117918126132867,0.000124466269461526,9.20350639773138e-05,0.000767102586995527,7.39802199954953e-05,-2.95060213872933e-06,-1.78896105174076e-06,0.000117918126132867,9.20350639773138e-05,7.39802199954953e-05,1.78896105174076e-06
negative_demand_phi_110,phi_pi = 1.1,1.1,0.8,0.0025,15,-0.000109951162777601,5.45200596713258e-06,-0.000161509066689325,0.000108283161468048,-0.00012329517249432,-0.000110503714605859,2.44968957453517e-05,1.36974728142253e-05,-0.000128155509771744,-0.000107771750149976,3.05681954544529e-05,1.33588325341438e-05,-2.44919422617072e-05,-0.000116492878166586,9.41351126364232e-06,0.000107697954560643,-7.90759189358142e-05,1.12566223753885e-05,0.00117005461661179,0.00200831218024344,-0.000197194804334,-0.000125823329044539,-0.000119457735127892,-0.000122040381885236,0.000109272135441874,0.000107294187494222,-9.20009359048784e-05,9.82844432970004e-05,9.03325413112027e-05,0.00083825756363165,7.13714752894612e-05,-2.5826467573431e-06,-1.97794794765116e-06,9.20009359048784e-05,9.03325413112027e-05,7.13714752894612e-05,1.97794794765116e-06
negative_demand_phi_110,phi_pi = 1.1,1.1,0.8,0.0025,16,-8.79609302220805e-05,2.93224744762899e-05,-0.000152483223667788,0.000108168131056408,-0.000121723503894833,-0.000106928382678451,2.57453454797496e-05,1.32542930346841e-05,-0.000126044192728547,-0.000104141147375114,3.14008494288337e-05,1.29088016642687e-05,-1.43831092873697e-05,-8.58731367588059e-05,1.0889474065523e-07,7.76048455746609e-05,-9.99481383969214e-05,-1.2271598097427e-05,0.00104085511279983,0.00194583277764071,-0.00018667731045241,-0.000118289136883054,-0.00011728496752994,-0.000119473279122428,0.000109220254398634,0.000107116007714181,-7.14900274714362e-05,7.74959508340056e-05,8.76765402994945e-05,0.000904977664840878,6.83881735693559e-05,-2.18831159248811e-06,-2.10424668445341e-06,7.14900274714362e-05,8.76765402994945e-05,6.83881735693559e-05,2.10424668445341e-06
negative_demand_phi_110,phi_pi = 1.1,1.1,0.8,0.0025,17,-7.03687441776645e-05,4.72313831685334e-05,-0.000144820973868365,0.000107319227169445,-0.000119522397483696,-0.000103379153076566,2.64435789401607e-05,1.28143487653221e-05,-0.000123284935263812,-0.00010052554112483,3.16756656196376e-05,1.24606296865587e-05,-6.78457939792603e-06,-6.20776124461014e-05,-6.7797583600121e-06,5.42315652691805e-05,-0.000116889216150606,-3.26641528998195e-05,0.000897944518828631,0.00186452280529981,-0.000177393584945396,-0.000112248362791334,-0.000114679424161546,-0.000116457117022017,0.000108407424047829,0.00010623103029106,-5.52930330481754e-05,6.10113236291926e-05,8.42250632507868e-05,0.000966578286471176,6.51452221540616e-05,-1.7776928604718e-06,-2.17639375676981e-06,5.52930330481754e-05,8.42250632507868e-05,6.51452221540616e-05,2.17639375676981e-06
negative_demand_phi_110,phi_pi = 1.1,1.1,0.8,0.0025,18,-5.62949953421316e-05,6.04916264468347e-05,-0.000137998042247345,0.000105926716363447,-0.000116932273726889,-9.98756979068149e-05,2.67804054310955e-05,1.23800784594397e-05,-0.000120129863183216,-9.69464374644957e-05,3.15900147538906e-05,1.20169823823735e-05,-1.17120099423634e-06,-4.3678199587692e-05,-1.1741261406864e-05,3.61900825562728e-05,-0.000130060906452553,-4.99294763843111e-05,0.000745434999405603,0.00176798025878266,-0.000168868398640498,-0.000107127685854191,-0.000111815300980922,-0.000113174835467578,0.000107028165511336,0.000104825267215336,-4.25069985934556e-05,4.79313439631368e-05,8.01314300682421e-05,0.00102254525937706,6.17407127863068e-05,-1.35953448665571e-06,-2.20289829599984e-06,4.25069985934556e-05,8.01314300682421e-05,6.17407127863068e-05,2.20289829599984e-06
negative_demand_phi_110,phi_pi = 1.1,1.1,0.8,0.0025,19,-4.50359962737054e-05,7.01353666021642e-05,-0.000131695453854719,0.000104125320845139,-0.000114121388286592,-9.64464497904549e-05,2.68773974810288e-05,1.19550064787005e-05,-0.000116756864121936,-9.3434358588218e-05,3.1272096182311e-05,1.15816431261184e-05,2.88510694036216e-06,-2.95199093311854e-05,-1.51824493870023e-05,2.23505789034434e-05,-0.000139705104937562,-6.41644272883629e-05,0.000587094019483203,0.00165961632502487,-0.000160823897254692,-0.000102567010454746,-0.000108818906737751,-0.000109760112461776,0.00010522124332657,0.000103029398363486,-3.24050162715476e-05,3.75330282904457e-05,7.55406776491996e-05,0.00107252230554167,5.82568867999456e-05,-9.41205724025451e-07,-2.19184496308422e-06,3.24050162715476e-05,7.55406776491996e-05,5.82568867999456e-05,2.19184496308422e-06
negative_demand_phi_110,phi_pi = 1.1,1.1,0.8,0.0025,20,-3.60287970189643e-05,7.69707865044822e-05,-0.000125726044620245,0.000102016392115489,-0.000111203347017419,-9.31158933612508e-05,2.68128323046291e-05,1.1542167812531e-05,-0.000113287274954077,-9.0015900493956e-05,3.08051933305548e-05,1.11579086211067e-05,5.72819214962215e-06,-1.86832780483554e-05,-1.74354481276839e-05,1.18090404302301e-05,-0.000146116390392956,-7.55292659109924e-05,0.000426300278602909,0.00154259665098788,-0.000153106782275869,-9.8345306964509e-05,-0.000105777110920524,-0.000106305862616063,0.000103091715180081,0.000100941069050675,-2.44114701979776e-05,2.92444885579141e-05,7.05871244819634e-05,0.00111629637238497,5.47614753113601e-05,-5.28751695538787e-07,-2.1506461294063e-06,2.44114701979776e-05,7.05871244819634e-05,5.47614753113601e-05,2.1506461294063e-06
negative_demand_phi_110,phi_pi = 1.1,1.1,0.8,0.0025,21,-2.88230376151715e-05,8.1629504936398e-05,-0.0001199858788139,9.96798531647247e-05,-0.000108252280840881,-8.99006961074811e-05,2.66372904757645e-05,1.11436284771366e-05,-0.000109801263046383,-8.67097115846427e-05,3.02435562724718e-05,1.07480904275176e-05,7.63187809358756e-06,-1.04431639998438e-05,-1.87682262344502e-05,3.84950327644851e-06,-0.000149620569103934,-8.42277207404041e-05,0.000266022202533911,0.00141980401397301,-0.000145640484272902,-9.43312733550083e-05,-0.000102746805420884,-0.000102873797607872,0.000100722807882869,9.86368984463581e-05,-1.80750420934314e-05,2.26177295108987e-05,6.53928483635297e-05,0.0011537818114391,5.13092109178936e-05,-1.26992186988417e-07,-2.0859094365111e-06,1.80750420934314e-05,6.53928483635297e-05,5.13092109178936e-05,2.0859094365111e-06
negative_demand_phi_110,phi_pi = 1.1,1.1,0.8,0.0025,22,-2.30584300921373e-05,8.46049256661985e-05,-0.000114422525145152,9.71806287459742e-05,-0.000105314843793725,-8.68098155141217e-05,2.63837083231133e-05,1.07604987963916e-05,-0.000106350042976988,-8.35265123664275e-05,2.96227017297646e-05,1.03535174042491e-05,8.81322156056621e-06,-4.2305182695497e-06,-1.93954861671536e-05,-2.09190385892788e-06,-0.000150558077977425,-9.04912053759782e-05,0.000108813569492661,0.00129381770824821,-0.000138394213481163,-9.04508368092527e-05,-9.97633353098104e-05,-9.95029837937977e-05,9.81823236767543e-05,9.61789338151942e-05,-1.30437398301159e-05,1.73035823082257e-05,6.00668726014469e-05,0.00118500413875555,4.79433766719106e-05,2.60351516012669e-07,-2.00338986156012e-06,1.30437398301159e-05,6.00668726014469e-05,4.79433766719106e-05,2.00338986156012e-06
negative_demand_phi_110,phi_pi = 1.1,1.1,0.8,0.0025,23,-1.84467440737099e-05,8.62826340870537e-05,-0.000109014569614985,9.45722026888252e-05,-0.000102419163083067,-8.38460752207171e-05,2.60737988519444e-05,1.03931287740999e-05,-0.000102965042562686,-8.04706322204973e-05,2.89660447017337e-05,9.97472619916617e-06,9.44391974597256e-06,4.00345915842204e-07,-1.94885622136487e-05,-6.45820586182844e-06,-0.000149271304727305,-9.45664089094939e-05,-4.31780744714061e-05,0.00116690585663193,-0.000131363223817793,-8.66659154121763e-05,-9.68472367244289e-05,-9.62167194600294e-05,9.55262028123904e-05,9.36182025652599e-05,-9.04357383013036e-06,1.30303563518203e-05,5.47048958178115e-05,0.00121008393110333,4.46973084056168e-05,6.30517264399444e-07,-1.90800024713056e-06,9.04357383013036e-06,5.47048958178115e-05,4.46973084056168e-05,1.90800024713056e-06
negative_demand_phi_110,phi_pi = 1.1,1.1,0.8,0.0025,24,-1.47573952589679e-05,8.69641950378419e-05,-0.000103758522850828,9.18987313340835e-05,-9.95812397787121e-05,-8.10080109662215e-05,2.5722125985575e-05,1.00413369080038e-05,-9.96645071509317e-05,-7.75418492308111e-05,2.82891490065579e-05,9.61168930467549e-06,9.6596918069008e-06,3.79852508019564e-06,-1.91838547101975e-05,-9.59738875934424e-06,-0.000146095059791379,-9.67056267797695e-05,-0.000188193682401305,0.00104102758343672,-0.000124556423702349,-8.29606219994172e-05,-9.40092711350093e-05,-9.30277097749288e-05,9.28006611036203e-05,9.09968015643248e-05,-5.86116672670516e-06,9.58646595085322e-06,4.93894330116096e-05,0.00122922126583802,4.15958017029316e-05,9.81561360080541e-07,-1.80385953929552e-06,5.86116672670516e-06,4.93894330116096e-05,4.15958017029316e-05,1.80385953929552e-06
negative_demand_phi_110,phi_pi = 1.1,1.1,0.8,0.0025,25,-1.18059162071744e-05,8.68856549907093e-05,-9.86605428107135e-05,8.91964566840375e-05,-9.68093747646392e-05,-7.82914837755833e-05,2.53386792570948e-05,9.70461015203927e-06,-9.645811117176e-05,-7.47370184643881e-05,2.76024477969677e-05,9.26401689105294e-06,9.56779277598661e-06,6.23782461927486e-06,-1.85897602292401e-05,-1.17830752961179e-05,-0.000141349581434067,-9.71593195938647e-05,-0.000324838421775553,0.000917842574256866,-0.000117988742123099,-7.93323434982174e-05,-9.12540074679002e-05,-8.99417833595262e-05,9.00436381712222e-05,8.83492751966308e-05,-3.32996815671175e-06,6.8066849331222e-06,4.41902618402018e-05,0.00124268099603242,3.86563986248811e-05,1.31222410837406e-06,-1.69436297459136e-06,3.32996815671175e-06,4.41902618402018e-05,3.86563986248811e-05,1.69436297459136e-06
negative_demand_phi_110,phi_pi = 1.1,1.1,0.8,0.0025,26,-9.44473296573954e-06,8.62318818084518e-05,-9.37312674620383e-05,8.649478642897e-05,-9.41071412040584e-05,-7.56909077130885e-05,2.49304990000837e-05,9.3822561022805e-06,-9.33500955065947e-05,-7.20513268034351e-05,2.69129884684638e-05,8.93111234892552e-06,9.25294133817403e-06,7.93342015979401e-06,-1.77922484767556e-05,-1.32307846634483e-05,-0.000135335574428311,-9.61704851925732e-05,-0.000452053035659539,0.000798726024707541,-0.000111676539857219,-7.57859950668571e-05,-8.85822711568229e-05,-8.69604648956468e-05,8.72859178202567e-05,8.57036550376833e-05,-1.31952117838003e-06,4.56146381330735e-06,3.91650892357376e-05,0.00125077906036708,3.58905447903624e-05,1.62180626117614e-06,-1.58226278257345e-06,1.31952117838003e-06,3.91650892357376e-05,3.58905447903624e-05,1.58226278257345e-06
negative_demand_phi_110,phi_pi = 1.1,1.1,0.8,0.0025,27,-7.55578637259167e-06,8.51476739269774e-05,-8.89826437429075e-05,8.38172093158285e-05,-9.14753270818691e-05,-7.32000994980719e-05,2.45027043855317e-05,9.07350831101661e-06,-9.03413535709996e-05,-6.94791749674684e-05,2.6225558540649e-05,8.61228162027383e-06,8.78196178557937e-06,9.054766028865e-06,-1.68593010649032e-05,-1.41105833997984e-05,-0.000128330877765176,-9.39705072805913e-05,-0.000569082587532854,0.000684787366809658,-0.000105634952266009,-7.23303352199167e-05,-8.59927588068299e-05,-8.40826999899402e-05,8.45520850583092e-05,8.30823335731257e-05,2.72804243285629e-07,2.74871766510476e-06,3.43603704845846e-05,0.00125386995434251,3.33046170460927e-05,1.91005881688966e-06,-1.46975148518358e-06,2.72804243285629e-07,3.43603704845846e-05,3.33046170460927e-05,1.46975148518358e-06
negative_demand_phi_110,phi_pi = 1.1,1.1,0.8,0.0025,28,-6.04462909807337e-06,8.37463797618287e-05,-8.44260327298452e-05,8.11821148951619e-05,-8.89131701098389e-05,-7.08128180649803e-05,2.40591473611856e-05,8.7775931678219e-06,-8.74307890577075e-05,-6.70147502905838e-05,2.55434193776743e-05,8.30680419686147e-06,8.20741232056667e-06,9.73555167157851e-06,-1.58444294941495e-05,-1.45568777628474e-05,-0.0001205884324159,-9.07762057986011e-05,-0.000675443955260313,0.00057689147684048,-9.98764465237612e-05,-6.89756189358182e-05,-8.3483064496348e-05,-8.13059774275038e-05,8.18613862079154e-05,8.05028435826305e-05,1.52813935101184e-06,1.28755173130213e-06,2.98122266172984e-05,0.00125233543210079,3.0900827587943e-05,2.17708706884423e-06,-1.3585426252849e-06,1.52813935101184e-06,2.98122266172984e-05,3.0900827587943e-05,1.3585426252849e-06
negative_demand_phi_110,phi_pi = 1.1,1.1,0.8,0.0025,29,-4.83570327845873e-06,8.21166039357557e-05,-8.00711288391209e-05,7.86035407256414e-05,-8.64191193313824e-05,-6.85230746239052e-05,2.36028323097187e-05,8.4937683330899e-06,-8.46161811369761e-05,-6.46523679749267e-05,2.48687908398354e-05,8.01397542037063e-06,7.57042732913663e-06,1.00813762001512e-05,-1.47894649648733e-05,-1.46759851424594e-05,-0.000112335280318773,-8.67878632433844e-05,-0.000770893136698092,0.000475681326676636,-9.44101355268012e-05,-6.57321221514406e-05,-8.10503059190948e-05,-7.86270371884168e-05,7.92285136237414e-05,7.79785678275413e-05,2.51094887101459e-06,1.13479822413942e-07,2.55474170753889e-05,0.00124657446337473,2.86780133753606e-05,2.423268730678e-06,-1.24994579620008e-06,2.51094887101459e-06,2.55474170753889e-05,2.86780133753606e-05,1.24994579620008e-06
negative_demand_phi_110,phi_pi = 1.1,1.1,0.8,0.0025,30,-3.86856262276702e-06,8.03274433633927e-05,-7.5925397696186e-05,7.60918515836373e-05,-8.39912880173932e-05,-6.63252853814189e-05,2.31361884069636e-05,8.22134166844624e-06,-8.18947235918799e-05,-6.23866514012361e-05,2.42031765783079e-05,7.73312883269039e-06,6.902955319423e-06,1.01756769123901e-05,-1.37267795153745e-05,-1.45519993520887e-05,-0.000103772373889643,-8.21880402081393e-05,-0.000855393182169983,0.000381601253301334,-8.92415581770223e-05,-6.26092372153497e-05,-7.8691487226612e-05,-7.60423019346979e-05,7.66643187428695e-05,7.55193844244051e-05,3.27272159296715e-06,-8.25219836714242e-07,2.15843336815041e-05,0.00123699443547132,2.66323209616726e-05,2.64918529191416e-06,-1.14493431846441e-06,3.27272159296715e-06,2.15843336815041e-05,2.66323209616726e-05,1.14493431846441e-06
negative_demand_phi_110,phi_pi = 1.1,1.1,0.8,0.0025,31,-3.09485009821365e-06,7.84325911828976e-05,-7.19938440468804e-05,7.36543498187636e-05,-8.16277102085872e-05,-6.42143238286375e-05,2.26612485493272e-05,7.95967771820283e-06,-7.92633522949115e-05,-6.02126077060561e-05,2.35475860739659e-05,7.46364554413126e-06,6.22953342637594e-06,1.00843281980283e-05,-1.26810653610504e-05,-1.42513526704552e-05,-9.50750141782974e-05,-7.71410248191357e-05,-0.000929083366793648,0.000294920197149828,-8.43727426066421e-05,-5.96149454871187e-05,-7.64036942946245e-05,-7.35481289182438e-05,7.41764522786958e-05,7.31322473590534e-05,3.85479477165232e-06,-1.57028730940478e-06,1.79339893591618e-05,0.00122400356394348,2.47577971195234e-05,2.85556537638065e-06,-1.04420491964241e-06,3.85479477165232e-06,1.79339893591618e-05,2.47577971195234e-05,1.04420491964241e-06
negative_demand_phi_110,phi_pi = 1.1,1.1,0.8,0.0025,32,-2.47588007857095e-06,7.64735656473281e-05,-6.82789888560853e-05,7.12958161430688e-05,-7.9326475714403e-05,-6.21855139777416e-05,2.2179768200431e-05,7.70819687090363e-06,-7.67189378801936e-05,-5.81256399092567e-05,2.29026885692624e-05,7.20495573661162e-06,5.5687058055612e-06,9.85922871608522e-06,-1.16707708997521e-05,-1.38263837178021e-05,-8.63937674214776e-05,-7.17927862669832e-05,-0.000992250050045662,0.000215754405953561,-7.98024365026295e-05,-5.67555412095411e-05,-7.41841871934046e-05,-7.11409484889236e-05,7.17699308629971e-05,7.08217014231405e-05,4.29052291052402e-06,-2.15561281804999e-06,1.46009811544945e-05,0.00120800445599922,2.30468952930885e-05,3.04323870448098e-06,-9.48229439856618e-07,4.29052291052402e-06,1.46009811544945e-05,2.30468952930885e-05,9.48229439856618e-07
negative_demand_phi_110,phi_pi = 1.1,1.1,0.8,0.0025,33,-1.98070406285679e-06,7.44822596183692e-05,-6.47809775485841e-05,6.90189820993226e-05,-7.70857922258728e-05,-6.02345927742665e-05,2.16933049059786e-05,7.46637070024592e-06,-7.42583942059394e-05,-5.61215240858504e-05,2.22689210822719e-05,6.95653583412947e-06,4.93416682761753e-06,9.54111693945471e-06,-1.07092686862653e-05,-1.33181454801817e-05,-7.78557357721671e-05,-6.62713236245921e-05,-0.00104529953456645,0.000144089222180455,-7.55264311765869e-05,-5.40355239206924e-05,-7.20304323903465e-05,-6.88173331698794e-05,6.94476315952208e-05,6.85903326034243e-05,4.60695011183718e-06,-2.60887679391641e-06,1.1584412147575e-05,0.0011893887567469,2.14909072558944e-05,3.21309922046709e-06,-8.5729899179654e-07,4.60695011183718e-06,1.1584412147575e-05,2.14909072558944e-05,8.5729899179654e-07
negative_demand_phi_110,phi_pi = 1.1,1.1,0.8,0.0025,34,-1.58456325028546e-06,7.24829599281218e-05,-6.14977683820461e-05,6.68249375421759e-05,-7.4904005471832e-05,-5.83576598071067e-05,2.1203271536166e-05,7.23371573127518e-06,-7.1878735301123e-05,-5.4196370179449e-05,2.16465647123326e-05,6.71790364524527e-06,4.33568980585854e-06,9.16179545267654e-06,-9.80581253605395e-06,-1.27586300016913e-05,-6.95660796160708e-05,-6.06873186149576e-05,-0.00108873312581892,7.97996730108608e-05,-7.15379326668986e-05,-5.14576040971937e-05,-6.99401017724144e-05,-6.65740257645986e-05,6.72107181574066e-05,6.64391569269451e-05,4.82610564681799e-06,-2.95281746563736e-06,8.87876100111318e-06,0.00116853279882978,2.00803285697049e-05,3.3660760078158e-06,-7.71561230461515e-07,4.82610564681799e-06,8.87876100111318e-06,2.00803285697049e-05,7.71561230461515e-07
negative_demand_phi_110,phi_pi = 1.1,1.1,0.8,0.0025,35,-1.2676506002284e-06,7.04939509899027e-05,-5.8425367089221e-05,6.47134780178416e-05,-7.27795966037892e-05,-5.65511251716666e-05,2.07109716317266e-05,7.0097869778879e-06,-6.95771015544189e-05,-5.23465778783372e-05,2.10357985332976e-05,6.48861289381797e-06,3.77988686074259e-06,8.74589937024245e-06,-8.96632707028666e-06,-1.2172542473321e-05,-6.16097070165328e-05,-5.51350156902664e-05,-0.00112312450468988,2.26696654959113e-05,-6.78279499003454e-05,-4.90227842782076e-05,-6.79110551741191e-05,-6.44079444516166e-05,6.50590037645227e-05,6.43679522709384e-05,4.96601250949986e-06,-3.20621540303434e-06,6.47469132626644e-06,0.00114579417018579,1.88051656221377e-05,3.50311072250253e-06,-6.91051493584283e-07,4.96601250949986e-06,6.47469132626644e-06,1.88051656221377e-05,6.91051493584283e-07
negative_demand_phi_110,phi_pi = 1.1,1.1,0.8,0.0025,36,-1.01412048018274e-06,6.85287907711274e-05,-5.55580849330717e-05,6.26833978456531e-05,-7.07111683831974e-05,-5.48116614040861e-05,2.02176223655787e-05,6.79417198473642e-06,-6.73507680943874e-05,-5.0568794052297e-05,2.04367373271841e-05,6.26824794307257e-06,3.27083431516956e-06,8.31231067071128e-06,-8.19406261585998e-06,-1.15787246713489e-05,-5.40530611313761e-05,-4.96932652632454e-05,-0.00114909945320374,-2.75903414053147e-05,-6.43856805505605e-05,-4.67304893155829e-05,-6.59413162894529e-05,-6.23161758818158e-05,6.29912571383784e-05,6.23755385527058e-05,5.04147635554172e-06,-3.38466205548893e-06,4.35979586813073e-06,0.00112150911179842,1.76551912349776e-05,3.62514040763706e-06,-6.15718585672553e-07,5.04147635554172e-06,4.35979586813073e-06,1.76551912349776e-05,6.15718585672553e-07
negative_demand_phi_110,phi_pi = 1.1,1.1,0.8,0.0025,37,-8.11296384146222e-07,6.65973274207587e-05,-5.28888045079334e-05,6.07327350545805e-05,-6.8697426923614e-05,-5.31361622053694e-05,1.97243688592613e-05,6.58648571097431e-06,-6.5197143291007e-05,-4.88598750192359e-05,1.98494574994573e-05,6.0564191182999e-06,2.81058976070144e-06,7.87529534847405e-06,-7.49014064194142e-06,-1.09913033332215e-05,-4.69459494269325e-05,-4.442667660505e-05,-0.00116731791630009,-7.13272594747849e-05,-6.119888206646e-05,-4.45787269494069e-05,-6.40290475081295e-05,-6.02959628094313e-05,6.10054580334474e-05,6.04600120757137e-05,5.06470558777261e-06,-3.50116269128009e-06,2.51927282188258e-06,0.00109599065682531,1.66201551170531e-05,3.73308469869826e-06,-5.45445957733648e-07,5.06470558777261e-06,2.51927282188258e-06,1.66201551170531e-05,5.45445957733648e-07
negative_demand_phi_110,phi_pi = 1.1,1.1,0.8,0.0025,38,-6.49037107317003e-07,6.47065098007271e-05,-5.04092424497005e-05,5.88589742520629e-05,-6.67371627453006e-05,-5.15217087295738e-05,1.92322924716659e-05,6.38636635141854e-06,-6.31137621434075e-05,-4.72168549043861e-05,1.92740142874875e-05,5.85275878492442e-06,2.39962086835558e-06,7.44542185575695e-06,-6.85400919299417e-06,-1.04206209896457e-05,-4.03233695643601e-05,-3.93868361013433e-05,-0.00117845833795727,-0.000108930914089811,-5.82542198335201e-05,-4.25642650657698e-05,-6.21725265406159e-05,-5.83446899716789e-05,5.90990087390164e-05,5.86189397651093e-05,5.04580098740137e-06,-3.56661179665152e-06,9.36533463016809e-07,0.00106952742386746,1.56899547677503e-05,3.82783656893704e-06,-4.80068973907066e-07,5.04580098740137e-06,9.36533463016809e-07,1.56899547677503e-05,4.80068973907066e-07
negative_demand_phi_110,phi_pi = 1.1,1.1,0.8,0.0025,39,-5.19229685853627e-07,6.28610336863566e-05,-4.81102015532642e-05,5.70592131672321e-05,-6.48292330944766e-05,-4.99655431055457e-05,1.87424149434012e-05,6.19347205456366e-06,-6.10982773491253e-05,-4.56369201830009e-05,1.87104525579129e-05,5.65691819284786e-06,2.0371615497782e-06,7.03030563972522e-06,-6.28382354218859e-06,-9.8739933580283e-06,-3.42072962512124e-05,-3.46135544767867e-05,-0.00118320417576001,-0.000140821195714125,-5.55375874833341e-05,-4.06828156231942e-05,-6.03701260978307e-05,-5.64598701991992e-05,5.72689076050459e-05,5.68495187296403e-05,4.99314408994702e-06,-3.59016981583971e-06,-4.06258225574274e-07,0.00104238298004589,1.48547718601399e-05,3.91025589863148e-06,-4.19388875405602e-07,4.99314408994702e-06,4.06258225574274e-07,1.48547718601399e-05,4.19388875405602e-07
negative_demand_phi_110,phi_pi = 1.1,1.1,0.8,0.0025,40,-4.15383748682926e-07,6.10638565843313e-05,-4.59818071871787e-05,5.53302981127768e-05,-6.29725464116326e-05,-4.84650483116855e-05,1.82556997814359e-05,6.00747842782745e-06,-5.91484496490491e-05,-4.4117389870979e-05,1.81588129242322e-05,5.46856502106619e-06,1.72150776627444e-06,6.63521439885073e-06,-5.77676414430239e-06,-9.3563274065761e-06,-2.86084013768617e-05,-3.0136113440854e-05,-0.00118223247274241,-0.000167436779261898,-5.30343964894042e-05,-3.89292178850642e-05,-5.86202969816707e-05,-5.46391317156614e-05,5.55118901091056e-05,5.51487061162259e-05,4.91370663257629e-06,-3.57956326227371e-06,-1.52771206399227e-06,0.00101479569348051,1.410517860434e-05,3.98116526600933e-06,-3.63183992879712e-07,4.91370663257629e-06,1.52771206399227e-06,1.410517860434e-05,3.63183992879712e-07
negative_demand_baseline_policy,Baseline rule: phi_pi = 1.5,1.5,0.8,0.0025,1,-0.0025,-0.00105519036602519,-0.00273179419862679,-0.00255805304975409,-0.00148630592018573,-0.00303558232428736,-0.000931729828136732,0.000376275191386777,-0.00148921796410684,-0.00303234742451775,-0.000926941139742551,0.000375874209828764,0.000916087491907709,0.00260557886646363,-0.00112627658306547,-0.00279533702595382,0.00010771058680506,0.000131977592846513,0.000107710586805254,0.000131977592846333,-0.00274884016177257,-0.00271474823548112,-0.00195108884141626,-0.00195215680223004,-0.00256373050406411,-0.00255237559544419,0.00168949137455592,-0.00166906044288835,2.42670060414535e-05,2.42670060410788e-05,3.40919262914463e-05,-1.06796081378313e-06,1.13549086199205e-05,0.00168949137455592,2.42670060414535e-05,3.40919262914463e-05,1.13549086199205e-05
negative_demand_baseline_policy,Baseline rule: phi_pi = 1.5,1.5,0.8,0.0025,2,-0.002,-0.0014280753894198,-0.00199002306696761,-0.00151500684775785,-0.000723214339952483,-0.00174484477801273,-0.000646248239549341,0.000216281995561132,-0.000728766997314167,-0.00174007886071659,-0.000638127352266801,0.000215691236935212,0.000187720840320318,0.000519278130422062,-0.000342243524954627,-0.00065622478042171,0.000189964216720823,0.000237615560909718,0.000294982038855807,0.000366293713934596,-0.00202083827989386,-0.00195920785404136,-0.00102970347137066,-0.00103216055633493,-0.00152015510876136,-0.00150985858675434,0.000331557290101744,-0.000313981255467083,4.76513441888954e-05,7.1311675078789e-05,6.16304258524991e-05,-2.45708496426911e-06,1.02965220070139e-05,0.000331557290101744,4.76513441888954e-05,6.16304258524991e-05,1.02965220070139e-05
negative_demand_baseline_policy,Baseline rule: phi_pi = 1.5,1.5,0.8,0.0025,3,-0.0016,-0.00145393221096413,-0.00142381757725096,-0.000892140301122946,-0.000342970672963738,-0.00100818471361164,-0.000436649756404006,0.000124969398138955,-0.000350746964815407,-0.00100281892413434,-0.000426219428902447,0.000124304282438967,-0.00015986856879096,-0.000478745848375669,4.77969599116113e-05,0.000382147578788877,0.000243201579278568,0.000312945792391592,0.000530809067162963,0.000670082163478192,-0.00146566569076023,-0.00138196946374169,-0.000542534885158208,-0.000546368552611143,-0.000896475600850821,-0.000887805001394959,-0.00031887727958471,0.000334350618877266,6.97442131130238e-05,0.000139273096315229,8.36962270185371e-05,-3.8336674529349e-06,8.67059945586224e-06,0.00031887727958471,6.97442131130238e-05,8.36962270185371e-05,8.67059945586224e-06
negative_demand_baseline_policy,Baseline rule: phi_pi = 1.5,1.5,0.8,0.0025,4,-0.00128,-0.00132032149959693,-0.00101046169333852,-0.000522657840115404,-0.000166866743815275,-0.000595020929327394,-0.000287721286090475,7.37557378267945e-05,-0.000176394960869297,-0.000589551540131517,-0.000275737239330998,7.30777804378718e-05,-0.000299325667882161,-0.00088185009998094,0.000218199108279207,0.000814750203253764,0.000269683338417107,0.000359695526710571,0.000787222178900926,0.00101302563610162,-0.00106096821673618,-0.000959955169940852,-0.000295312999468944,-0.000300341934648007,-0.000526073473794297,-0.00051924220643651,-0.000582524432098779,0.000596551094974557,9.00121882934646e-05,0.000225803457200691,0.000101013046795329,-5.02893517906333e-06,6.8312673577875e-06,0.000582524432098779,9.00121882934646e-05,0.000101013046795329,6.8312673577875e-06
negative_demand_baseline_policy,Baseline rule: phi_pi = 1.5,1.5,0.8,0.0025,5,-0.001024,-0.00112821999558421,-0.00071825260634395,-0.000304409835278463,-9.51140337580592e-05,-0.000367602184916493,-0.000184487040834513,4.55660785006473e-05,-0.000105921044267876,-0.000362277168631131,-0.000171527342998939,4.49060168360854e-05,-0.000330536211767642,-0.000975374644388684,0.000271250943314635,0.000929159104642821,0.000274034033886095,0.000382017553160321,0.00104157565831464,0.00136971754835979,-0.000775329138289038,-0.000661176074398862,-0.000176860479105589,-0.000182827881576864,-0.000306903029616667,-0.000301916640940258,-0.000644838432621042,0.000657908161328186,0.000107983519274227,0.000328141890045153,0.000114153063890177,-5.96740247127414e-06,4.98638867640899e-06,0.000644838432621042,0.000107983519274227,0.000114153063890177,4.98638867640899e-06
negative_demand_baseline_policy,Baseline rule: phi_pi = 1.5,1.5,0.8,0.0025,6,-0.000819200000000001,-0.000928981172912069,-0.000516735565139315,-0.000175573408136231,-7.35041006908466e-05,-0.000244852748866542,-0.000114313549975473,3.03506889614558e-05,-8.51460421281702e-05,-0.000239776688515936,-0.000100828272706036,2.97214865956907e-05,-0.000309822432331016,-0.000920146887314999,0.00026558387151096,0.000888348304618328,0.000261434923609791,0.000384756240373235,0.00127697119046655,0.00172023085002415,-0.000578549210196178,-0.000454921920082452,-0.000124908695143588,-0.000131535236044478,-0.000177201227743784,-0.000173945588528568,-0.000610324454983983,0.000622764433107367,0.000123321316763444,0.000443259659557604,0.000123627290113726,-6.62654090088921e-06,3.2556392152161e-06,0.000610324454983983,0.000123321316763444,0.000123627290113726,3.2556392152161e-06
negative_demand_baseline_policy,Baseline rule: phi_pi = 1.5,1.5,0.8,0.0025,7,-0.000655360000000001,-0.000746309900992115,-0.000380488256758293,-9.91680615232138e-05,-7.36249880168849e-05,-0.000179824599846334,-6.73708364466036e-05,2.22901336530551e-05,-8.57038932859933e-05,-0.000175019297710577,-5.37116752393069e-05,2.16944930847424e-05,-0.000267887612630343,-0.00080379624628627,0.000233826639276513,0.000781741075757458,0.00023674969386768,0.000372587861188212,0.00148179660457259,0.00204981293996109,-0.000445447339766147,-0.00031552917375044,-0.000105484871565809,-0.000112498514613368,-0.000100019986238875,-9.83161368074414e-05,-0.000535908633655927,0.000547914436480945,0.000135838167320532,0.000568016335388499,0.000129918166015708,-7.0136430475598e-06,1.70384943143365e-06,0.000535908633655927,0.000135838167320532,0.000129918166015708,1.70384943143365e-06
negative_demand_baseline_policy,Baseline rule: phi_pi = 1.5,1.5,0.8,0.0025,8,-0.000524288000000001,-0.000589081262600377,-0.000289836493285289,-5.33278881933441e-05,-8.13131647784404e-05,-0.000145823435972137,-3.63884556012356e-05,1.80755240403452e-05,-9.34846356508423e-05,-0.00014126407156223,-2.28282964442467e-05,1.75103686491651e-05,-0.000220680826171032,-0.000671816496024715,0.0001934151109593,0.000656222477343232,0.000204161091131472,0.000349644032349508,0.00164891278058921,0.00234821164881183,-0.000356579366705523,-0.000223093619865167,-0.000100666246136583,-0.00010781846642427,-5.35083583367291e-05,-5.31474180500702e-05,-0.000451135669853683,0.000462807366383933,0.000145482941218036,0.00069929886822262,0.000133485746840356,-7.15222028768725e-06,3.60940286658895e-07,0.000451135669853683,0.000145482941218036,0.000133485746840356,3.60940286658895e-07
negative_demand_baseline_policy,Baseline rule: phi_pi = 1.5,1.5,0.8,0.0025,9,-0.000419430400000001,-0.000458651209790828,-0.000230273059552921,-2.52688722697236e-05,-9.00368931997519e-05,-0.000127987495710857,-1.61758197167183e-05,1.58646725072903e-05,-0.000102012028973752,-0.000123624850043136,-2.92311922883703e-06,1.53239013608586e-05,-0.000175869560404655,-0.000546066212162419,0.000153109478709862,0.000534680285052186,0.000167074836165917,0.000319391393998877,0.00177476479724081,0.00260889775159079,-0.00029765496536116,-0.000162891153744682,-0.000101422073953139,-0.000108495875294601,-2.48860883622637e-05,-2.56516561770725e-05,-0.000370196651757764,0.000381570806342324,0.00015231655783296,0.000834132954349975,0.000134763811616478,-7.07380134146174e-06,-7.65567814808854e-07,0.000370196651757764,0.00015231655783296,0.000134763811616478,7.65567814808854e-07
negative_demand_baseline_policy,Baseline rule: phi_pi = 1.5,1.5,0.8,0.0025,10,-0.000335544320000001,-0.000352908971961607,-0.000191461097474921,-7.59519913651197e-06,-9.71869778917389e-05,-0.000118248141184218,-3.12384124324938e-06,1.46574321504139e-05,-0.000108730667530699,-0.000114022513577283,9.66590697608349e-06,1.41336450589502e-05,-0.000136626592994928,-0.000435588935425231,0.000116857576733242,0.000426894605376288,0.000128153569362438,0.000284638967982545,0.00185854924667161,0.00282831427578323,-0.000258537993382713,-0.00012438420156724,-0.000103505326879527,-0.000110318221344552,-6.75403197514246e-06,-8.43636629777045e-06,-0.000298962342430303,0.000310037028643045,0.000156485398620107,0.000969765029111613,0.000134153791815472,-6.81289446502475e-06,-1.68233432262799e-06,0.000298962342430303,0.000156485398620107,0.000134153791815472,1.68233432262799e-06
negative_demand_baseline_policy,Baseline rule: phi_pi = 1.5,1.5,0.8,0.0025,11,-0.000268435456000001,-0.000268438824923223,-0.000166225812165965,3.93341770066336e-06,-0.000102052292910937,-0.000112359530721529,5.22543567957334e-06,1.39275102467445e-05,-0.000112979305209371,-0.000108209444594221,1.74401291977017e-05,1.34130868890553e-05,-0.000103799144263669,-0.00034280803215268,8.60413199236243e-05,0.000335803043600355,8.94059415457865e-05,0.00024760246193703,0.00190149145705121,0.00300520888082545,-0.000232235747643972,-0.000100215876687959,-0.000105144464254137,-0.000111548347024759,5.13572011073826e-06,2.73111529058845e-06,-0.000239008887889011,0.000249761723676731,0.000158196520391243,0.00110371742377424,0.000132019870956013,-6.40388277062254e-06,-2.40460482014981e-06,0.000239008887889011,0.000158196520391243,0.000132019870956013,2.40460482014981e-06
negative_demand_baseline_policy,Baseline rule: phi_pi = 1.5,1.5,0.8,0.0025,12,-0.000214748364800001,-0.000201609708024408,-0.000149692575306504,1.17336254392697e-05,-0.000104752469190617,-0.000108176750759026,1.05180218101519e-05,1.34090343291843e-05,-0.000114922334345735,-0.000104044241379442,2.20808191973704e-05,1.28967896948495e-05,-7.71194208884058e-05,-0.000266981331253534,6.075325501044e-05,0.00026101549246392,5.2291781201641e-05,0.000209988138116166,0.00190624595182598,0.00314006679692103,-0.000214035722842509,-8.5349427770387e-05,-0.000105779753661106,-0.000111658906455814,1.32097942158182e-05,1.02574566627212e-05,-0.000189861910365129,0.00020026223745348,0.000157696356914525,0.00123382084509505,0.000128686295072122,-5.87915279470774e-06,-2.9523375530971e-06,0.000189861910365129,0.000157696356914525,0.000128686295072122,2.9523375530971e-06
negative_demand_baseline_policy,Baseline rule: phi_pi = 1.5,1.5,0.8,0.0025,13,-0.000171798691840001,-0.000149074229698121,-0.000138610601861711,1.71821389733928e-05,-0.000105701653759227,-0.000104676288315897,1.38408185681449e-05,1.29751349863261e-05,-0.000115013023316402,-0.000100509883961486,2.47032303082595e-05,1.24586889050232e-05,-5.58574882039819e-05,-0.000206062079054641,4.05011672158923e-05,0.00020072234346652,1.78243310084425e-05,0.00017307765213774,0.00187641413403927,0.00323464277913565,-0.000200829032737326,-7.63921709860949e-05,-0.000105394044126239,-0.000110662081509894,1.88559013425404e-05,1.55083766042452e-05,-0.000150204590850659,0.000160221176250627,0.000155253321129298,0.00135822864509638,0.000124436861751231,-5.26803738365444e-06,-3.34752473829525e-06,0.000150204590850659,0.000155253321129298,0.000124436861751231,3.34752473829525e-06
negative_demand_baseline_policy,Baseline rule: phi_pi = 1.5,1.5,0.8,0.0025,14,-0.000137438953472001,-0.000107954861924719,-0.000130849479710093,2.10702626302073e-05,-0.00010535832136005,-0.000101410948047831,1.59030224982926e-05,1.25703801804739e-05,-0.000113743272073585,-9.71670837829341e-05,2.60390835556401e-05,1.20443325665742e-05,-3.91566728381591e-05,-0.000157653016799581,2.4581933928014e-05,0.000152683799077721,-1.33385739592429e-05,0.000137805535107588,0.001816165206729,0.00329158224476522,-0.000190607549815591,-7.10914096045956e-05,-0.000104174109366362,-0.000108770415586323,2.28764512726354e-05,1.92640739875571e-05,-0.000118496343961422,0.000128101865149707,0.000151144109066831,0.00147541703803622,0.000119516140210996,-4.59630621996165e-06,-3.61237728507824e-06,0.000118496343961422,0.000151144109066831,0.000119516140210996,3.61237728507824e-06
negative_demand_baseline_policy,Baseline rule: phi_pi = 1.5,1.5,0.8,0.0025,15,-0.000109951162777601,-7.58738516839497e-05,-0.000125037681401263,2.38634649492031e-05,-0.000104123198848893,-9.82145548847901e-05,1.71626527410568e-05,1.21741717035856e-05,-0.000111541783130664,-9.38579382543381e-05,2.65640582628179e-05,1.16341478856585e-05,-2.61930243272012e-05,-0.000119458192479898,1.226853509044e-05,0.000114707036602935,-4.08168749764098e-05,0.000104826379330764,0.00172994420158457,0.00331411906797641,-0.000182103624100316,-6.79717387022105e-05,-0.000102350605659662,-0.0001062366296678,2.57475372404947e-05,2.19793926579115e-05,-9.32651681526966e-05,0.000102438501512495,0.000145643254307173,0.00158417486639184,0.000114131885398105,-3.88602400813731e-06,-3.76814458258323e-06,9.32651681526966e-05,0.000145643254307173,0.000114131885398105,3.76814458258323e-06
negative_demand_baseline_policy,Baseline rule: phi_pi = 1.5,1.5,0.8,0.0025,16,-8.79609302220805e-05,-5.09124413172746e-05,-0.000120309823566145,2.58471998866305e-05,-0.000102309626045849,-9.50473655996209e-05,1.79128797685446e-05,1.1781583189388e-05,-0.000108744852041265,-9.05506700589198e-05,2.65849677482943e-05,1.12241959093068e-05,-1.62406633476548e-05,-8.94663977754791e-05,2.89460765134919e-06,8.4847420677131e-05,-6.44439695807741e-05,7.45714447029366e-05,0.00162225162696394,0.00330583753598024,-0.000174538905407307,-6.60807417248721e-05,-0.000100130947911947,-0.000103286597446517,2.77644002766309e-05,2.39299994966302e-05,-7.32257344278242e-05,8.19528130257818e-05,0.000139015414283711,0.00168358590901629,0.000108458163682434,-3.1556495345697e-06,-3.83440078000064e-06,7.32257344278242e-05,0.000139015414283711,0.000108458163682434,3.83440078000064e-06
negative_demand_baseline_policy,Baseline rule: phi_pi = 1.5,1.5,0.8,0.0025,17,-7.03687441776644e-05,-3.15443256899695e-05,-0.000116133533615836,2.72074084548546e-05,-0.000100146189339401,-9.19188270075422e-05,1.83398871637097e-05,1.13937856165564e-05,-0.000105599527195799,-8.72619864227264e-05,2.62983527068578e-05,1.08165475794647e-05,-8.68927725336836e-06,-6.59984224941085e-05,-4.11495256325001e-06,6.14679804329249e-05,-8.42143099672038e-05,4.72955803293429e-05,0.00149748102632241,0.00327048717791012,-0.000167452939477619,-6.48141277539427e-05,-9.76779806398653e-05,-0.000100098264963822,2.91217425782975e-05,2.52930743314117e-05,-5.73091452407402e-05,6.55829329961749e-05,0.000131509890296547,0.00177300615158771,0.000102638811723677,-2.42028432395625e-06,-3.82866824688577e-06,5.73091452407402e-05,0.000131509890296547,0.000102638811723677,3.82866824688577e-06
negative_demand_baseline_policy,Baseline rule: phi_pi = 1.5,1.5,0.8,0.0025,18,-5.62949953421316e-05,-1.65655264041664e-05,-0.000112192753825568,2.80741713114541e-05,-9.77912612523113e-05,-8.88515658451494e-05,1.85610854900736e-05,1.10135836791231e-05,-0.000102278711402004,-8.40208658278163e-05,2.58293159139666e-05,1.04147949198802e-05,-3.03919308243441e-06,-4.7690761980133e-05,-9.24012936016905e-06,4.32313969053189e-05,-0.000100241174386409,2.31157655352782e-05,0.00135980282627823,0.00321184076399739,-0.000160588232736902,-6.37972749142346e-05,-9.51093526302405e-05,-9.68013577297144e-05,2.99573102584549e-05,2.61910323642311e-05,-4.46515688976986e-05,5.24715262654879e-05,0.000123356939921687,0.00185203793771915,9.67909578226678e-05,-1.69200509947398e-06,-3.76627789422379e-06,4.46515688976986e-05,0.000123356939921687,9.67909578226678e-05,3.76627789422379e-06
negative_demand_baseline_policy,Baseline rule: phi_pi = 1.5,1.5,0.8,0.0025,19,-4.50359962737053e-05,-5.03053097711259e-06,-0.000108310106062715,2.85449826722406e-05,-9.53498057864044e-05,-8.58664803567999e-05,1.86500392442834e-05,1.06435678161182e-05,-9.88985241315854e-05,-8.08535821422707e-05,2.52569679419917e-05,1.00221947042789e-05,1.11250526882954e-06,-3.34542110702607e-05,-1.28738628534658e-05,2.90641426369392e-05,-0.000112722896340817,2.04261087960456e-06,0.0012130848592804,0.0031335873557774,-0.000153814319798995,-6.28058923263231e-05,-9.25048081574786e-05,-9.34850415347244e-05,3.03751772277039e-05,2.67147881169993e-05,-3.45667163390902e-05,4.19380054904051e-05,0.000114765507220421,0.001920502496497,9.10084274726719e-05,-9.80233377245732e-07,-3.66038911070454e-06,3.45667163390902e-05,0.000114765507220421,9.10084274726719e-05,3.66038911070454e-06
negative_demand_baseline_policy,Baseline rule: phi_pi = 1.5,1.5,0.8,0.0025,20,-3.60287970189642e-05,3.80185813941836e-06,-0.00010439579002508,2.86970059917291e-05,-9.28884076810688e-05,-8.29780169225858e-05,1.86525578914215e-05,1.02855287266168e-05,-9.55338566024366e-05,-7.77790031991632e-05,2.46309463207139e-05,9.64108569234678e-06,4.08806068783168e-06,-2.24265927895751e-05,-1.53343473226902e-05,1.81128935806268e-05,-0.000121916025581745,-1.59939652249891e-05,0.00106084171221621,0.0030392537066577,-0.000147078253216915,-6.17133268331349e-05,-8.99152904535461e-05,-9.02074005814102e-05,3.0458061464067e-05,2.69359505191691e-05,-2.65146534774068e-05,3.34472409033171e-05,0.000105922060356756,0.00197841199444149,8.53649263837797e-05,-2.9211012786412e-07,-3.52211094489796e-06,2.65146534774068e-05,0.000105922060356756,8.53649263837797e-05,3.52211094489796e-06
negative_demand_baseline_policy,Baseline rule: phi_pi = 1.5,1.5,0.8,0.0025,21,-2.88230376151714e-05,1.05126326321869e-05,-0.000100414240868041,2.85935244386248e-05,-9.04472537123224e-05,-8.01939179496669e-05,1.85969928941515e-05,9.94042611961177e-06,-9.22308328740185e-05,-7.48084150685724e-05,2.3982062625022e-05,9.27286684734852e-06,6.14422769885502e-06,-1.39284231747173e-05,-1.68777776325402e-05,9.70262606211914e-06,-0.000128114129676796,-3.11238467536057e-05,0.000906206539734278,0.002932148517238,-0.000140372713795966,-6.04557679402262e-05,-8.73712529835258e-05,-8.70041075323735e-05,3.02738652280254e-05,2.69131836490022e-05,-2.00726508735724e-05,2.65804036946593e-05,9.699028292319e-05,0.00202594197750372,7.99169458557403e-05,3.6714545115224e-07,-3.36068157902325e-06,2.00726508735724e-05,9.699028292319e-05,7.99169458557403e-05,3.36068157902325e-06
negative_demand_baseline_policy,Baseline rule: phi_pi = 1.5,1.5,0.8,0.0025,22,-2.30584300921371e-05,1.55576601035268e-05,-9.63625354191144e-05,2.8287421346862e-05,-8.80490528103461e-05,-7.75165941016009e-05,1.85007802498138e-05,9.60855880859091e-06,-8.90161566253767e-05,-7.19469995050792e-05,2.33291294380739e-05,8.91818047295267e-06,7.48537164545118e-06,-7.42484953242598e-06,-1.7709896948187e-05,3.30015555645435e-06,-0.000131631172348906,-4.351975916915e-05,0.00075192020389192,0.00281532504513748,-0.000133715720603833,-5.90093502342848e-05,-8.48893151976782e-05,-8.38954094892763e-05,2.98792591080232e-05,2.66955835857008e-05,-1.49102211778772e-05,2.10100525046414e-05,8.81114131797561e-05,0.00206340484124556,7.47063703695483e-05,9.93905708401854e-07,-3.18367552232246e-06,1.49102211778772e-05,8.81114131797561e-05,7.47063703695483e-05,3.18367552232246e-06
negative_demand_baseline_policy,Baseline rule: phi_pi = 1.5,1.5,0.8,0.0025,23,-1.84467440737097e-05,1.92951948250197e-05,-9.22565008422138e-05,2.78231890695757e-05,-8.57053667053798e-05,-7.49448054617741e-05,1.83745742898256e-05,9.28977309985757e-06,-8.59038135792023e-05,-6.91956311967834e-05,2.26833244130337e-05,8.57713499098633e-06,8.27423862390791e-06,-2.49450717883237e-06,-1.79957928641145e-05,-1.51595478101174e-06,-0.00013278860381212,-5.33835388473458e-05,0.000600333594982239,0.00269155838016211,-0.000127137895611695,-5.73751060728434e-05,-8.24771983323203e-05,-8.08913588643545e-05,2.93217978757365e-05,2.63245802636369e-05,-1.07687458027403e-05,1.64798380831027e-05,7.94050649647743e-05,0.00209122478517987,6.9762789538852e-05,1.58583946796576e-06,-2.99721761209959e-06,1.07687458027403e-05,7.94050649647743e-05,6.9762789538852e-05,2.99721761209959e-06
negative_demand_baseline_policy,Baseline rule: phi_pi = 1.5,1.5,0.8,0.0025,24,-1.47573952589678e-05,2.20072838921226e-05,-8.81218401925787e-05,2.72382304047358e-05,-8.34209360591753e-05,-7.24751211287344e-05,1.82248487293063e-05,8.98364371650084e-06,-8.28997162547473e-05,-6.65524523610905e-05,2.20509774885164e-05,8.249500120322e-06,8.64057344104321e-06,1.19525870898723e-06,-1.78679144517413e-05,-5.07948094610744e-06,-0.000131905463687465,-6.09350673602405e-05,0.000453419791420551,0.00256333435329736,-0.000120674605027626,-5.55690753575311e-05,-8.01371915800653e-05,-7.79955370865393e-05,2.8641325548584e-05,2.58351352608877e-05,-7.44531473205598e-06,1.27884335056339e-05,7.09703963272246e-05,0.00210991456187681,6.51055296700953e-05,2.14165449352599e-06,-2.80619028769635e-06,7.44531473205598e-06,7.09703963272246e-05,6.51055296700953e-05,2.80619028769635e-06
negative_demand_baseline_policy,Baseline rule: phi_pi = 1.5,1.5,0.8,0.0025,25,-1.18059162071743e-05,2.39163651796215e-05,-8.39885122080331e-05,2.65638246519373e-05,-8.11965400974168e-05,-7.01030054075513e-05,1.8055528566055e-05,8.68960843705691e-06,-8.00048328749581e-05,-6.40140654836197e-05,2.14353533800754e-05,7.93485472247446e-06,8.68791415255905e-06,3.90778715200074e-06,-1.74325048454965e-05,-7.65547732439753e-06,-0.000129290930689183,-6.64034124945589e-05,0.000312793365945474,0.0024328475819706,-0.000114361225706849,-5.36157987092167e-05,-7.78684796903795e-05,-7.52076026575565e-05,2.7871037655558e-05,2.52566116483166e-05,-4.78012700055831e-06,9.77702752109899e-06,6.28875181946237e-05,0.00212005421602512,6.07454269976326e-05,2.66087703282292e-06,-2.61442600724138e-06,4.78012700055831e-06,6.28875181946237e-05,6.07454269976326e-05,2.61442600724138e-06
negative_demand_baseline_policy,Baseline rule: phi_pi = 1.5,1.5,0.8,0.0025,26,-9.44473296573941e-06,2.51981300138926e-05,-7.98872183027655e-05,2.58259283729689e-05,-7.90308264791983e-05,-6.78235440398911e-05,1.78690118679964e-05,8.40705811533393e-06,-7.72172420646644e-05,-6.15763536400138e-05,2.08377954075134e-05,7.63268848465171e-06,8.49891281502887e-06,5.85214779480828e-06,-1.67747122403472e-05,-9.45502374936902e-06,-0.000125238859732979,-7.00198029673638e-05,0.00017973467206378,0.00230200658945368,-0.00010823040199559,-5.15440346100515e-05,-7.56686417473507e-05,-7.25249755372248e-05,2.70383686522546e-05,2.46134880939053e-05,-2.64676502022059e-06,7.31968849097819e-06,5.52190567656152e-05,0.0021222719173899,5.66863673855389e-05,3.14366621012585e-06,-2.42488055834933e-06,2.64676502022059e-06,5.52190567656152e-05,5.66863673855389e-05,2.42488055834933e-06
negative_demand_baseline_policy,Baseline rule: phi_pi = 1.5,1.5,0.8,0.0025,27,-7.55578637259154e-06,2.59915055582649e-05,-7.58472547315314e-05,2.50458818074062e-05,-7.69214415614616e-05,-6.56318824932001e-05,1.76668083142206e-05,8.13539100838478e-06,-7.45334488103655e-05,-5.92349987807994e-05,2.02584631907726e-05,7.34246616364287e-06,8.13949717172165e-06,7.1947716500393e-06,-1.59626382379707e-05,-1.06466595913429e-05,-0.000120023931546309,-7.20121307735133e-05,5.52173737160544e-05,0.0021724442939437,-0.000102310563481978,-4.93839459811962e-05,-7.3534573840961e-05,-6.99439138014402e-05,2.61657746301047e-05,2.39259889847077e-05,-9.44725521682347e-07,5.31597864662781e-06,4.80118007727959e-05,0.00211722692022764,5.29266175007814e-05,3.5906600395208e-06,-2.23978564539706e-06,9.44725521682347e-07,4.80118007727959e-05,5.29266175007814e-05,2.23978564539706e-06
negative_demand_baseline_policy,Baseline rule: phi_pi = 1.5,1.5,0.8,0.0025,28,-6.04462909807324e-06,2.64064229735794e-05,-7.18952513490967e-05,2.42410465904896e-05,-7.4865699002391e-05,-6.35234574307697e-05,1.74499369439557e-05,7.87404146844473e-06,-7.19492049114923e-05,-5.69857790411188e-05,1.96968111748352e-05,7.06366443876949e-06,7.66213475864334e-06,8.06844145402781e-06,-1.50505493430875e-05,-1.13652458867686e-05,-0.000113899106922291,-7.26007278451374e-05,-6.00621675488355e-05,0.00204553245874983,-9.66252369696274e-05,-4.71652657284549e-05,-7.14630265308269e-05,-6.74601771503136e-05,2.52714370276852e-05,2.32106561532941e-05,4.06306695384471e-07,3.6853034563189e-06,4.12983790771537e-05,0.00210559462629867,4.94599712411725e-05,4.00284938051332e-06,-2.0607808743911e-06,4.06306695384471e-07,4.12983790771537e-05,4.94599712411725e-05,2.0607808743911e-06
negative_demand_baseline_policy,Baseline rule: phi_pi = 1.5,1.5,0.8,0.0025,29,-4.8357032784586e-06,2.65298833956873e-05,-6.80544882473155e-05,2.34253820308172e-05,-7.28609521642998e-05,-6.14940916178197e-05,1.72191722035558e-05,7.62249170695173e-06,-6.94600043660287e-05,-5.48247162402982e-05,1.91519006219609e-05,6.79579019517706e-06,7.10840709827265e-06,8.57925888514931e-06,-1.40814365068992e-05,-1.17188504160787e-05,-0.000107094131346533,-7.19952054948764e-05,-0.000165654744706423,0.0019223989417867,-9.11928548816832e-05,-4.49161216130589e-05,-6.94508940003447e-05,-6.50694179282763e-05,2.43698951849503e-05,2.24808688766842e-05,1.47085178687665e-06,2.36258609082052e-06,3.50989258516565e-05,0.00208805368649312,4.62767332686242e-05,4.3814760720684e-06,-1.88902630826604e-06,1.47085178687665e-06,3.50989258516565e-05,4.62767332686242e-05,1.88902630826604e-06
negative_demand_baseline_policy,Baseline rule: phi_pi = 1.5,1.5,0.8,0.0025,30,-3.86856262276689e-06,2.64307126183194e-05,-6.43445903543149e-05,2.2609961385367e-05,-7.09047820647291e-05,-5.95400059890672e-05,1.69751939342044e-05,7.38027329039159e-06,-6.70613699721434e-05,-5.27481287595499e-05,1.86226034919884e-05,6.53838707831422e-06,6.51105450862055e-06,8.81206728843217e-06,-1.30890687100316e-05,-1.17941197133598e-05,-9.98148789271985e-05,-7.0392178564152e-05,-0.000261328255016124,0.00180394678967755,-8.60268700052513e-05,-4.26623107034896e-05,-6.74953492419972e-05,-6.27673976083543e-05,2.34726100549754e-05,2.17473127155365e-05,2.30101277981162e-06,1.29494899667182e-06,2.94227003630465e-05,0.00206527504469367,4.33645593017618e-05,4.72795163364292e-06,-1.72529733943882e-06,2.30101277981162e-06,2.94227003630465e-05,4.33645593017618e-05,1.72529733943882e-06
negative_demand_baseline_policy,Baseline rule: phi_pi = 1.5,1.5,0.8,0.0025,31,-3.09485009821352e-06,2.61633021068075e-05,-6.07814695190445e-05,2.18034290377922e-05,-6.89950744170442e-05,-5.76577867387185e-05,1.67186761212135e-05,7.14696306090834e-06,-6.47490087096747e-05,-5.07526293506144e-05,1.81077352045256e-05,6.29103522228891e-06,5.89561364592629e-06,8.83469526722497e-06,-1.20996533940904e-05,-1.16604936380854e-05,-9.22433597515954e-05,-6.79737233070798e-05,-0.000347038408392564,0.00169087439662885,-8.11360548307327e-05,-4.04268842073563e-05,-6.55938881135576e-05,-6.05500949019122e-05,2.25884609821314e-05,2.1018397093453e-05,2.93908162129868e-06,4.39159756004948e-07,2.42696364445155e-05,0.00203791280502141,4.07091706233764e-05,5.04379321164539e-06,-1.57006388867842e-06,2.93908162129868e-06,2.42696364445155e-05,4.07091706233764e-05,1.57006388867842e-06
negative_demand_baseline_policy,Baseline rule: phi_pi = 1.5,1.5,0.8,0.0025,32,-2.47588007857082e-06,2.57705630808402e-05,-5.73774279170047e-05,2.10124006880807e-05,-6.71300329894153e-05,-5.58443323539493e-05,1.64503363239976e-05,6.92217657094485e-06,-6.25188866254511e-05,-4.88350945303528e-05,1.76061399075889e-05,6.05334745619468e-06,5.28173989430749e-06,8.70129762151756e-06,-1.11331898552391e-05,-1.13735324275971e-05,-8.45382437744957e-05,-6.49064403206584e-05,-0.00042290069195694,0.0015836960963922,-7.65249070188156e-05,-3.82299488153048e-05,-6.37443227987644e-05,-5.84137489968439e-05,2.17241786706346e-05,2.03006227057489e-05,3.41955772721007e-06,-2.40342572357943e-07,1.96318034538373e-05,0.00200659678834914,3.82949582035108e-05,5.33057380192048e-06,-1.42355596488564e-06,3.41955772721007e-06,1.96318034538373e-05,3.82949582035108e-05,1.42355596488564e-06
negative_demand_baseline_policy,Baseline rule: phi_pi = 1.5,1.5,0.8,0.0025,33,-1.98070406285667e-06,2.52862668703724e-05,-5.41413649934874e-05,2.02418100536672e-05,-6.53081588410931e-05,-5.40967958939653e-05,1.61709597246013e-05,6.70556092831343e-06,-6.03672557785151e-05,-4.69926224985207e-05,1.71167435392139e-05,5.82496408775557e-06,4.68428387754476e-06,8.45500209034969e-06,-1.02045809748375e-05,-1.09775601749296e-05,-7.68357784614454e-05,-6.13410123995739e-05,-0.000489163953119487,0.00148276268158298,-7.21941099909307e-05,-3.60886199960442e-05,-6.19447499569103e-05,-5.63548657944724e-05,2.0884718828551e-05,1.95989012787834e-05,3.77071821280493e-06,-7.72979200092117e-07,1.54947660618715e-05,0.00197192663470247,3.61054899948865e-05,5.589884162438e-06,-1.28581754976764e-06,3.77071821280493e-06,1.54947660618715e-05,3.61054899948865e-05,1.28581754976764e-06
negative_demand_baseline_policy,Baseline rule: phi_pi = 1.5,1.5,0.8,0.0025,34,-1.58456325028534e-06,2.47369044075185e-05,-5.10790485096502e-05,1.94952066085996e-05,-6.35282134207049e-05,-5.24125311021084e-05,1.58814067873908e-05,6.49678811665e-06,-5.82906537632821e-05,-4.52224896446696e-05,1.66385847533007e-05,5.60554751220799e-06,4.11417426126985e-06,8.1300190732745e-06,-9.32455289651135e-06,-1.05077787333763e-05,-6.92509976709943e-05,-5.74121628742069e-05,-0.000546185851963088,0.00138828145166947,-6.81410151768258e-05,-3.40170818424745e-05,-6.01935087251038e-05,-5.43702045276984e-05,2.00735819040343e-05,1.8916831313387e-05,4.01584481200465e-06,-1.18322583686492e-06,1.18388347967874e-05,0.00193446730363256,3.41239333343513e-05,5.8233041974054e-06,-1.15675059064735e-06,4.01584481200465e-06,1.18388347967874e-05,3.41239333343513e-05,1.15675059064735e-06
negative_demand_baseline_policy,Baseline rule: phi_pi = 1.5,1.5,0.8,0.0025,35,-1.26765060022828e-06,2.41431672827197e-05,-4.81934222915648e-05,1.87750094240435e-05,-6.17891760762435e-05,-5.07890465250016e-05,1.55826104357992e-05,6.2955493081579e-06,-5.62858884906037e-05,-4.35221110925976e-05,1.61708304909913e-05,5.39477732160176e-06,3.57914631659044e-06,7.75333316310224e-06,-8.50042042810362e-06,-9.99196859678697e-06,-6.18791364139504e-05,-5.32389333890437e-05,-0.000594410342078078,0.00130033548198849,-6.43601237833025e-05,-3.2026720799716e-05,-5.84891372108487e-05,-5.24567552711019e-05,1.92930847733308e-05,1.82569340745342e-05,4.1741868465118e-06,-1.49154816868335e-06,8.64020302490665e-06,0.00189474582406657,3.23334029835864e-05,6.03238193974676e-06,-1.03615069879659e-06,4.1741868465118e-06,8.64020302490665e-06,3.23334029835864e-05,1.03615069879659e-06
negative_demand_baseline_policy,Baseline rule: phi_pi = 1.5,1.5,0.8,0.0025,36,-1.01412048018263e-06,2.35211297543447e-05,-4.5484931339268e-05,1.80827222766577e-05,-6.00902018745852e-05,-4.9223969052381e-05,1.52755667026799e-05,6.10155034433402e-06,-5.43500158926014e-05,-4.18890077739098e-05,1.57127808755736e-05,5.19234622332887e-06,3.08434633032638e-06,7.34606675254108e-06,-7.73672713109963e-06,-9.45186534014042e-06,-5.47971807452335e-05,-4.89252116408351e-05,-0.000634347264271362,0.00121890188329754,-6.08435534050766e-05,-3.01263092734594e-05,-5.68303320279684e-05,-5.06117134569939e-05,1.854459024897e-05,1.76208543043455e-05,4.2617204222147e-06,-1.71513820904079e-06,5.87196910439847e-06,0.0018532491475689,3.07172441316172e-05,6.2186185709745e-06,-9.23735944624582e-07,4.2617204222147e-06,5.87196910439847e-06,3.07172441316172e-05,9.23735944624582e-07
negative_demand_baseline_policy,Baseline rule: phi_pi = 1.5,1.5,0.8,0.0025,37,-8.11296384146109e-07,2.28831935840113e-05,-4.29518504928561e-05,1.74191150226211e-05,-5.84305827736609e-05,-4.77150166994234e-05,1.49613215549432e-05,5.91450836202878e-06,-5.24803150619979e-05,-4.03207807243566e-05,1.52638667373639e-05,4.99795685413029e-06,2.63283500970789e-06,6.92458468610872e-06,-7.03578250664527e-06,-8.90427933766813e-06,-4.806549455387e-05,-4.45604496528279e-05,-0.000666554077217718,0.00114386888656259,-5.75814798146057e-05,-2.83222211711065e-05,-5.5215912951434e-05,-4.88324547607277e-05,1.78286999923394e-05,1.70095300529027e-05,4.29174967640084e-06,-1.86849683102286e-06,3.50504490104209e-06,0.00181042296378031,2.92592586434992e-05,6.38345819070629e-06,-8.19169939436648e-07,4.29174967640084e-06,3.50504490104209e-06,2.92592586434992e-05,8.19169939436648e-07
negative_demand_baseline_policy,Baseline rule: phi_pi = 1.5,1.5,0.8,0.0025,38,-6.49037107316893e-07,2.22388441590837e-05,-4.0590606762092e-05,1.67843758469566e-05,-5.68097134965306e-05,-4.62599796121621e-05,1.4640955764228e-05,5.73414943907946e-06,-5.06742633793467e-05,-3.88150922849828e-05,1.48236421559228e-05,4.81131944976565e-06,2.22600788634102e-06,6.50139301603195e-06,-6.39811380891142e-06,-8.36201086733268e-06,-4.17294757551201e-05,-4.02205219613566e-05,-0.000691619701043145,0.00107505164243715,-5.45625477325062e-05,-2.66186657916778e-05,-5.36447933312534e-05,-4.71165120510264e-05,1.71454159532125e-05,1.64233357407007e-05,4.27538512969092e-06,-1.96389705842126e-06,1.50895379376348e-06,0.0017666713434803,2.79438819408284e-05,6.52828128022698e-06,-7.22080212511855e-07,4.27538512969092e-06,1.50895379376348e-06,2.79438819408284e-05,7.22080212511855e-07
negative_demand_baseline_policy,Baseline rule: phi_pi = 1.5,1.5,0.8,0.0025,39,-5.1922968585352e-07,2.15952560462807e-05,-3.83960882828216e-05,1.61782385508236e-05,-5.52270624871731e-05,-4.48567079246454e-05,1.4315569131812e-05,5.56020708919469e-06,-4.89295129969536e-05,-3.73696533739754e-05,1.43917737741583e-05,4.63215026745567e-06,1.86394689010317e-06,6.08587297098485e-06,-5.82284637064279e-06,-7.83460098821576e-06,-3.58212036164623e-05,-3.59686808197868e-05,-0.000710150412133181,0.00101220667055646,-5.17742468392202e-05,-2.5017929726312e-05,-5.21159561184259e-05,-4.54615551100934e-05,1.6494274918788e-05,1.58622021830812e-05,4.22192608088168e-06,-2.01175461757297e-06,-1.4747720332442e-07,0.00172235708268964,2.67563171129082e-05,6.65440100833248e-06,-6.32072735706757e-07,4.22192608088168e-06,1.4747720332442e-07,2.67563171129082e-05,6.32072735706757e-07
negative_demand_baseline_policy,Baseline rule: phi_pi = 1.5,1.5,0.8,0.0025,40,-4.15383748682821e-07,2.09577781284942e-05,-3.63619349914579e-05,1.560008853696e-05,-5.36821477976623e-05,-4.35031050276535e-05,1.39862649803646e-05,5.39242142742757e-06,-4.72438693394084e-05,-3.59822157968148e-05,1.39680281865118e-05,4.46017063254756e-06,1.54571438359648e-06,5.68488221794165e-06,-5.30802358229832e-06,-7.32894972109432e-06,-3.03610468760374e-05,-3.18565723315678e-05,-0.000722757698706111,0.00095504493146148,-4.92032510794882e-05,-2.35206189034276e-05,-5.06284349666153e-05,-4.38653732766081e-05,1.58744601836958e-05,1.53257168902243e-05,4.13916783434517e-06,-2.02092613879601e-06,-1.49552545553044e-06,0.00167780263016759,2.56826321760606e-05,6.76306169000718e-06,-5.48743293471432e-07,4.13916783434517e-06,1.49552545553044e-06,2.56826321760606e-05,5.48743293471432e-07
negative_demand_phi_200,phi_pi = 2.0,2,0.8,0.0025,1,-0.0025,-0.00109710210273617,-0.00223635882334061,-0.0020324897369588,-0.00125801480565424,-0.00253976386220367,-0.000767324067814559,0.000314816081804753,-0.00126226726104284,-0.00253448804415068,-0.000759933611507349,0.000314162118500341,0.000729485690861635,0.00206697400773896,-0.000902462972765125,-0.00222148791031074,0.000124828150780396,0.000164215453253791,0.000124828150780409,0.00016421545325418,-0.00226218638156472,-0.0022105312651165,-0.00164253952261906,-0.00164393349597525,-0.00204078051890721,-0.00202419895501038,0.00133748831687732,-0.00131902493754561,3.93873024733954e-05,3.93873024737701e-05,5.16551164482237e-05,-1.39397335618963e-06,1.65815638968336e-05,0.00133748831687732,3.93873024733954e-05,5.16551164482237e-05,1.65815638968336e-05
negative_demand_phi_200,phi_pi = 2.0,2,0.8,0.0025,2,-0.002,-0.00145849949730636,-0.00153675919551055,-0.00116258493238397,-0.000595360190369876,-0.00139816171694185,-0.000504470968841209,0.000173308944192596,-0.000603423478601428,-0.00139049796630575,-0.000492143086987473,0.00017235898503179,4.56281334122494e-05,0.000108877433682491,-0.00016665358093676,-0.000213079698353658,0.000217628630325581,0.000292966776162418,0.00033933607733605,0.000453076843085043,-0.00158276344847108,-0.00149075494254991,-0.000836200648341445,-0.000839545824912635,-0.00117001470677458,-0.00115515515799336,6.32493002702419e-05,-4.64261174168978e-05,7.53381458368368e-05,0.000113740765748993,9.20085059211706e-05,-3.34517657119004e-06,1.48595487812209e-05,6.32493002702419e-05,7.53381458368368e-05,9.20085059211706e-05,1.48595487812209e-05
negative_demand_phi_200,phi_pi = 2.0,2,0.8,0.0025,3,-0.0016,-0.00146395560593993,-0.00104311325409279,-0.000667565767880296,-0.000279974414050144,-0.000778996960606682,-0.000324748475934653,9.65604615947441e-05,-0.000291181794653705,-0.00077055138866744,-0.000309202980007944,9.55135918813549e-05,-0.000254136040432245,-0.000751257672522754,0.000169671217623568,0.000682644775940516,0.000277222853261649,0.000384785301851473,0.00060807552866482,0.000826535223859004,-0.00110462582008708,-0.000981600688098494,-0.000429681178017116,-0.000434992672857848,-0.000673695634486604,-0.000661435901273877,-0.000497121632090509,0.000512973558316948,0.000107562448589824,0.000218459695194184,0.000123025131988586,-5.31149484073179e-06,1.22597332127272e-05,0.000497121632090509,0.000107562448589824,0.000123025131988586,1.22597332127272e-05
negative_demand_phi_200,phi_pi = 2.0,2,0.8,0.0025,4,-0.00128,-0.00131547988145031,-0.00070438539255091,-0.000386652003416477,-0.000140968394447771,-0.000448670404844864,-0.000204168187254258,5.56148786023114e-05,-0.000154580858807485,-0.000440289531071114,-0.000186638758215299,5.45760285411701e-05,-0.000355938137066277,-0.00104555703637184,0.000296487107652899,0.00100143163295248,0.000307481436061408,0.000443194665984081,0.000900355076509207,0.00124906650924661,-0.000777496950056134,-0.000631273835045687,-0.000233278997566866,-0.000240293460486596,-0.00039134106495109,-0.000381962941881975,-0.000689618899305558,0.000704944525299581,0.000135713229922674,0.000348711432737403,0.000146223115010446,-7.01446291972996e-06,9.37812306911479e-06,0.000689618899305558,0.000135713229922674,0.000146223115010446,9.37812306911479e-06
negative_demand_phi_200,phi_pi = 2.0,2,0.8,0.0025,5,-0.001024,-0.00111638025301919,-0.000477232387983806,-0.000227118252775438,-8.76070148649877e-05,-0.000275559571296879,-0.000124525444083978,3.41569489315519e-05,-0.000102901022094648,-0.000267641468969515,-0.000105909682145702,3.31754616416796e-05,-0.000361533772409733,-0.00106481887336972,0.00031881585372133,0.00103715268323168,0.000314025592786649,0.000473568341567546,0.00119187179238267,0.00169140818808344,-0.000558662344802063,-0.000395802431165548,-0.000143992781794555,-0.000152323156157097,-0.00023039666583291,-0.000223839839717854,-0.000703285100959982,0.000718336829510349,0.000159542748780897,0.000499536395700773,0.000162859913636515,-8.3303743625418e-06,6.55682611505615e-06,0.000703285100959982,0.000159542748780897,0.000162859913636515,6.55682611505615e-06
negative_demand_phi_200,phi_pi = 2.0,2,0.8,0.0025,6,-0.000819199999999999,-0.000916297727533655,-0.000327964851282614,-0.000135947021578153,-7.30605193600686e-05,-0.00018646479911355,-7.26304244916959e-05,2.31132186440802e-05,-8.93754595722163e-05,-0.000179147017005166,-5.35851399029175e-05,2.22061439647536e-05,-0.000325092869138912,-0.000963767312433347,0.000293362027119423,0.000946924753875047,0.000302612618520645,0.000481565074718152,0.0014646876160942,0.00213068805809957,-0.000414974023768666,-0.000240955678796562,-0.000107081803286113,-0.00011630692680209,-0.000137937479317785,-0.000133956563838411,-0.000638674443294435,0.000653562726755624,0.000178952456197506,0.000666000442005377,0.000174018344972104,-9.22512351597682e-06,3.98091547937351e-06,0.000638674443294435,0.000178952456197506,0.000174018344972104,3.98091547937351e-06
negative_demand_phi_200,phi_pi = 2.0,2,0.8,0.0025,7,-0.000655359999999999,-0.000736505031511347,-0.000231754550441998,-8.30931776024668e-05,-7.40792753834985e-05,-0.000141289070207495,-3.92296346257703e-05,1.75134673528199e-05,-9.08400123438291e-05,-0.000134563262616405,-2.02343851793407e-05,1.66797707937261e-05,-0.000274381093836026,-0.000821645763343325,0.000249753574219053,0.00081175981668366,0.000278421346675495,0.000472413310955169,0.00170649177236726,0.00254983416760179,-0.000322077205030413,-0.000141431895853472,-9.42422138306975e-05,-0.000103956987425491,-8.39623233770403e-05,-8.22240318278933e-05,-0.000547264669507299,0.000562006242464608,0.000193991964279674,0.000843342395234536,0.000180645309176941,-9.71477359479334e-06,1.73829154914706e-06,0.000547264669507299,0.000193991964279674,0.000180645309176941,1.73829154914706e-06
negative_demand_phi_200,phi_pi = 2.0,2,0.8,0.0025,8,-0.000524287999999999,-0.000583877323031112,-0.000170949290362099,-5.16827971592804e-05,-7.97645342951459e-05,-0.000118458481329853,-1.79845696375025e-05,1.46835048343702e-05,-9.64887011726256e-05,-0.00011224055041037,6.13974434071629e-07,1.39127620585738e-05,-0.000222811035296258,-0.000676687488558883,0.000202721151019408,0.000671153984306713,0.000245801605500279,0.000450637958451613,0.00190963108355824,0.00293672627186314,-0.000262734285787047,-7.91642949370397e-05,-9.13727184055357e-05,-0.000101214255943893,-5.16114984496774e-05,-5.17540958688834e-05,-0.000453876453262625,0.000468432833287305,0.000204836352951335,0.00102709518830491,0.000183569990850008,-9.84153753835759e-06,-1.4259741920597e-07,0.000453876453262625,0.000204836352951335,0.000183569990850008,1.4259741920597e-07
negative_demand_phi_200,phi_pi = 2.0,2,0.8,0.0025,9,-0.000419430399999999,-0.000458440507184354,-0.000133323695408638,-3.232164856104e-05,-8.547408946602e-05,-0.000106615556981104,-4.6335549381965e-06,1.32155167681947e-05,-0.000101770322360584,-0.000100788260464335,1.33223187942788e-05,1.24931950263169e-05,-0.000176203904785264,-0.000545452977615581,0.000158993175920843,0.000542547519535322,0.000208249995982859,0.000420006772658743,0.00207014030245212,0.00328331488772537,-0.000225080866258609,-4.15665245586672e-05,-9.18165297205675e-05,-0.000101475703791709,-3.14873288524975e-05,-3.31559682695826e-05,-0.000369249072830317,0.000383554343614478,0.000211756776675884,0.00121317458527326,0.000183514341699942,-9.65917407114159e-06,-1.66863941708506e-06,0.000369249072830317,0.000211756776675884,0.000183514341699942,1.66863941708506e-06
negative_demand_phi_200,phi_pi = 2.0,2,0.8,0.0025,10,-0.000335544319999999,-0.000357331033268293,-0.000110581786866959,-1.98199310230684e-05,-8.95874102500027e-05,-9.99424389671599e-05,3.64592842183598e-06,1.23883513384465e-05,-0.000105148501215679,-9.43806903240807e-05,2.07898673850737e-05,1.16989455468813e-05,-0.000136519689483801,-0.000433494477807654,0.000121140163544628,0.0004320943263839,0.000168485740152546,0.00038357727302267,0.00218687253504335,0.00358480928855531,-0.000201132505677437,-2.00310680564808e-05,-9.26939188652387e-05,-0.000101918157948133,-1.83866646210618e-05,-2.12531974250751e-05,-0.000296974788323853,0.000310954162839272,0.000215091532870124,0.00139793675351196,0.000181101437620956,-9.22423908289449e-06,-2.86653280401339e-06,0.000296974788323853,0.000215091532870124,0.000181101437620956,2.86653280401339e-06
negative_demand_phi_200,phi_pi = 2.0,2,0.8,0.0025,11,-0.000268435455999999,-0.000276786178432964,-9.71881630852378e-05,-1.13257887011109e-05,-9.18375684979544e-05,-9.55634429480323e-05,8.69991564547701e-06,1.18455534864476e-05,-0.00010643109445585,-9.01486401595486e-05,2.49211230251983e-05,1.1174362348168e-05,-0.000103871159062747,-0.000341111183739593,8.96777878439808e-05,0.000340499128622926,0.000128561944963079,0.000343782578303004,0.00226076266663,0.00383897163464386,-0.000185620046322055,-8.75627984830984e-06,-9.29553308329778e-05,-0.000101546358166948,-9.4393796111758e-06,-1.3212197791046e-05,-0.000237240024676846,0.000250821340778945,0.000215220633339924,0.00157820896801386,0.000176863766473745,-8.59102733397066e-06,-3.77281817987019e-06,0.000237240024676846,0.000215220633339924,0.000176863766473745,3.77281817987019e-06
negative_demand_phi_200,phi_pi = 2.0,2,0.8,0.0025,12,-0.000214748364799999,-0.000213077966193076,-8.95042322619499e-05,-5.27288357277111e-06,-9.2484804945725e-05,-9.21254178081199e-05,1.17228127334279e-05,1.14193935509405e-05,-0.000105942849487395,-8.67528262016304e-05,2.69549638182293e-05,1.07534346939636e-05,-7.75804314650437e-05,-0.000266365796673152,6.41891639113767e-05,0.00026609470873519,8.99809831678144e-05,0.000302525812675911,0.00229422458313255,0.00404552315645379,-0.000175130183330596,-3.87828119330358e-06,-9.23769888043768e-05,-0.00010018584250171,-3.05909695574869e-06,-7.48667018968252e-06,-0.000188785365208108,0.000201905544823813,0.000212544829508096,0.00175129857332124,0.000171251902137293,-7.80885369733308e-06,-4.42757323393383e-06,0.000188785365208108,0.000212544829508096,0.000171251902137293,4.42757323393383e-06
negative_demand_phi_200,phi_pi = 2.0,2,0.8,0.0025,13,-0.000171798691839999,-0.000162897936834439,-8.51726595216817e-05,-7.93843915491976e-07,-9.19309226480314e-05,-8.90367225946376e-05,1.34800162363974e-05,1.10365347586461e-05,-0.000104139882097121,-8.36185208656914e-05,2.7690457908125e-05,1.03649223051894e-05,-5.67108314287437e-05,-0.000206600528755416,4.39034346015471e-05,0.000206401249419758,5.38002707738683e-05,0.000261269317827009,0.00229066923932741,0.00420565439536968,-0.000167494357449338,-2.85096159391429e-06,-9.10626626320354e-05,-9.79834737276919e-05,1.64142963621217e-06,-3.22911746730714e-06,-0.000149889697326672,0.00016249781481821,0.000207469047053141,0.00191498515604227,0.000164643395855424,-6.92081109565645e-06,-4.87054710351931e-06,0.000149889697326672,0.000207469047053141,0.000164643395855424,4.87054710351931e-06
negative_demand_phi_200,phi_pi = 2.0,2,0.8,0.0025,14,-0.000137438953471999,-0.00012346922911366,-8.26899098772538e-05,2.6024819215209e-06,-9.05568803456491e-05,-8.60690183527302e-05,1.44576331852914e-05,1.0668673385672e-05,-0.000101447928258613,-8.05347194002826e-05,2.76390302656471e-05,9.98267011675935e-06,-4.03176813028967e-05,-0.000159149616811667,2.79789111847922e-05,0.000158869032904657,2.07236345251965e-05,0.000221113399090853,0.00225412614287013,0.00432162643457623,-0.000161365685824588,-4.01413392980832e-06,-8.92105217477068e-05,-9.5173965601103e-05,5.17194266236309e-06,3.30211806787162e-08,-0.00011883193550877,0.000130890121719865,0.000200389764565656,0.0020675002917061,0.00015735155189478,-5.9634438533962e-06,-5.13892148168438e-06,0.00011883193550877,0.000200389764565656,0.00015735155189478,5.13892148168438e-06
negative_demand_phi_200,phi_pi = 2.0,2,0.8,0.0025,15,-0.000109951162777599,-9.25330107559574e-05,-8.11150723565301e-05,5.2061359592237e-06,-8.86680226486192e-05,-8.31553676794439e-05,1.49616722809748e-05,1.03075122153962e-05,-9.82085311224123e-05,-7.74507396723578e-05,2.71255419832944e-05,9.60039583182415e-06,-2.75531024936022e-05,-0.00012163480510745,1.56298199622679e-05,0.00012119456866623,-8.82227808057801e-06,0.000182863460335636,0.00218895071121761,0.00439644923404714,-0.000155931964412548,-6.29818030062346e-06,-8.70142261578666e-05,-9.19811936873627e-05,7.83920955549355e-06,2.5730623627318e-06,-9.40817026138479e-05,0.000105564748703962,0.000191685738416214,0.00220749852282953,0.000149633784111924,-4.9669675294961e-06,-5.26614719276175e-06,9.40817026138479e-05,0.000191685738416214,0.000149633784111924,5.26614719276175e-06
negative_demand_phi_200,phi_pi = 2.0,2,0.8,0.0025,16,-8.79609302220794e-05,-6.8284873128821e-05,-7.98744081331737e-05,7.1996226858051e-06,-8.64873392844023e-05,-8.02922152596253e-05,1.51829576322399e-05,9.95261054920205e-06,-9.46733766520325e-05,-7.43774364223571e-05,2.63546647360918e-05,9.21944494824967e-06,-1.7698306682753e-05,-9.20540078457478e-05,6.17324324757307e-06,9.14231878456767e-05,-3.46252633898897e-05,0.000147086215992909,0.00209960168004741,0.00443362421918891,-0.000150724079271192,-9.02473699526674e-06,-8.46288020769359e-05,-8.85845945830521e-05,9.84036164042301e-06,4.55888373140922e-06,-7.43557011629948e-05,8.52499445981036e-05,0.000181711479382798,0.0023340225391415,0.000141699342275925,-3.95579250611622e-06,-5.28147790901379e-06,7.43557011629948e-05,0.000181711479382798,0.000141699342275925,5.28147790901379e-06
negative_demand_phi_200,phi_pi = 2.0,2,0.8,0.0025,17,-7.03687441776634e-05,-4.92981785784607e-05,-7.8631627375314e-05,8.70711972189575e-06,-8.41672215590172e-05,-7.74947872113074e-05,1.52391808159735e-05,9.60585573848982e-06,-9.10171340163801e-05,-7.13423020967108e-05,2.54540629938266e-05,8.84322528849069e-06,-1.01623777992439e-05,-6.87747064820367e-05,-9.6244632624698e-07,6.79517520629919e-05,-5.66366030071708e-05,0.000114156343429705,0.00199047503503902,0.0044369399571389,-0.000145489773900165,-1.17734808504633e-05,-8.21654912547265e-05,-8.51146844405015e-05,1.13120900917529e-05,6.10214935226061e-06,-5.86123286827928e-05,6.89141983892388e-05,0.000170792946436876,0.00244646492209988,0.000133716293049702,-2.94919318577502e-06,-5.20994073949232e-06,5.86123286827928e-05,0.000170792946436876,0.000133716293049702,5.20994073949232e-06
negative_demand_phi_200,phi_pi = 2.0,2,0.8,0.0025,18,-5.62949953421307e-05,-3.44510033969403e-05,-7.72025310642466e-05,9.81996665450069e-06,-8.18059470967247e-05,-7.47789114108333e-05,1.52019134865011e-05,9.26920972549317e-06,-8.73549653983563e-05,-6.8371275596335e-05,2.45022804016143e-05,8.47495210540283e-06,-4.46756169006877e-06,-5.04893115287428e-05,-6.24600622324556e-06,4.94901982953377e-05,-7.49299388360242e-05,8.42950612934407e-05,0.00186578322032638,0.00441031151950355,-0.00014011139014769,-1.42936719808029e-05,-7.96978363909462e-05,-8.1659858457761e-05,1.23562495308871e-05,7.28368377833633e-06,-4.6021749838674e-05,5.57362045185833e-05,0.000159225000129465,0.00254452829917717,0.000125817718166887,-1.96202206681484e-06,-5.07256575255077e-06,4.6021749838674e-05,0.000159225000129465,0.000125817718166887,5.07256575255077e-06
negative_demand_phi_200,phi_pi = 2.0,2,0.8,0.0025,19,-4.50359962737045e-05,-2.28629901470878e-05,-7.54992065674642e-05,1.06097199639166e-05,-7.94631101190824e-05,-7.21551821285527e-05,1.51138379626409e-05,8.94398572154342e-06,-8.37588868092265e-05,-6.54830599977618e-05,2.35466457198102e-05,8.11694373632765e-06,-2.30839432790574e-07,-3.61604097325486e-05,-1.00576913123346e-05,3.50108765804769e-05,-8.96682297821388e-05,5.76020043587672e-05,0.00172947041003635,0.0043576557358751,-0.000134552779890051,-1.6445633244988e-05,-7.72707317220345e-05,-7.82761387657649e-05,1.30530972555221e-05,8.16634267231109e-06,-3.5929570299758e-05,4.50685678928114e-05,0.000147270234140906,0.00262818532583875,0.000118107146645063,-1.00540704373042e-06,-4.88675458321097e-06,3.5929570299758e-05,0.000147270234140906,0.000118107146645063,4.88675458321097e-06
negative_demand_phi_200,phi_pi = 2.0,2,0.8,0.0025,20,-3.60287970189636e-05,-1.38434635192919e-05,-7.34937143956893e-05,1.11348397500155e-05,-7.7172067958986e-05,-6.96283775808437e-05,1.49996749707615e-05,8.63077600979367e-06,-8.02710351517355e-05,-6.26887765429185e-05,2.2614723020925e-05,7.77057871326203e-06,2.85381834456283e-06,-2.49684234418825e-05,-1.27044031916351e-05,2.36989124832165e-05,-0.00010107730215396,3.40815693307822e-05,0.00158515634763123,0.00428279591180925,-0.000128825350047546,-1.8162078743944e-05,-7.49089608456099e-05,-7.49963575690238e-05,1.34681944052861e-05,8.80148509496692e-06,-2.78222417864453e-05,3.64033156748517e-05,0.000135158871484742,0.00269763956417801,0.000110663271303602,-8.73967234138462e-08,-4.66670931031921e-06,2.78222417864453e-05,0.000135158871484742,0.000110663271303602,4.66670931031921e-06
negative_demand_phi_200,phi_pi = 2.0,2,0.8,0.0025,21,-2.88230376151708e-05,-6.85000104683198e-06,-7.11945358999877e-05,1.14441997471904e-05,-7.49491943443648e-05,-6.7198729104434e-05,1.48730816960374e-05,8.32960926555604e-06,-7.69136294267447e-05,-5.99935010501262e-05,2.17216149234756e-05,7.43648620860071e-06,5.03084032993156e-06,-1.62664198358545e-05,-1.443343368214e-05,1.49088047963347e-05,-0.00010942476781807,1.3664701777466e-05,0.00143610267112315,0.0041893907157915,-0.000122966544500502,-1.9422527299362e-05,-7.26240547723744e-05,-7.18375909137814e-05,1.36561355537079e-05,9.23226394045074e-06,-2.1297260165786e-05,2.93422384784747e-05,0.000123089469595536,0.00275328804466834,0.00010354401720114,7.86463858593045e-07,-4.42387161325719e-06,2.1297260165786e-05,0.000123089469595536,0.00010354401720114,4.42387161325719e-06
negative_demand_phi_200,phi_pi = 2.0,2,0.8,0.0025,22,-2.30584300921366e-05,-1.45588535627184e-06,-6.86313351290213e-05,1.15790569945595e-05,-7.28003916424802e-05,-6.48635320074087e-05,1.47409895464301e-05,8.04015022910776e-06,-7.36960833374045e-05,-5.73981403197976e-05,2.0874615938693e-05,7.11477862461174e-06,6.49571239752381e-06,-9.54308371463493e-06,-1.54440911064174e-05,8.12858557874829e-06,-0.00011500331470933,-3.77308826517153e-06,0.00128519678963546,0.00408088285963082,-0.000117026352996041,-2.02363172618902e-05,-7.04193337519587e-05,-6.88067004321891e-05,1.36627280913348e-05,9.49538589756216e-06,-1.60387961121587e-05,2.35726766851657e-05,0.000111230226444159,0.00279568606999536,9.67900357341511e-05,1.61263331976969e-06,-4.16734219377268e-06,1.60387961121587e-05,0.000111230226444159,9.67900357341511e-05,4.16734219377268e-06
negative_demand_phi_200,phi_pi = 2.0,2,0.8,0.0025,23,-1.84467440737093e-05,2.67524409558462e-06,-6.58451243739089e-05,1.15742933366469e-05,-7.0725481912004e-05,-6.26185177099448e-05,1.46063230070936e-05,7.76186978924953e-06,-7.06198984136153e-05,-5.49010494665936e-05,2.00761785935366e-05,6.80525206978033e-06,7.40509520560104e-06,-4.39325345738192e-06,-1.58971803081581e-05,2.9511481180744e-06,-0.000118117565679893,-1.83968465126416e-05,0.00113494930421432,0.00396046394162752,-0.000111058972939726,-2.06312758080918e-05,-6.82933926514639e-05,-6.5904243729431e-05,1.35264253500189e-05,9.62216132349702e-06,-1.1798348662983e-05,1.88483284262325e-05,9.97207191672511e-05,0.00282551463741321,9.04276971316342e-05,2.3891489220329e-06,-3.90426402652189e-06,1.1798348662983e-05,9.97207191672511e-05,9.04276971316342e-05,3.90426402652189e-06
negative_demand_phi_200,phi_pi = 2.0,2,0.8,0.0025,24,-1.47573952589674e-05,5.80905624247841e-06,-6.28819416520487e-05,1.145931523161e-05,-6.87210564526142e-05,-6.04588355569424e-05,1.44696982126713e-05,7.49416668366365e-06,-6.7681928536234e-05,-5.24992291666138e-05,1.93258071728292e-05,6.50753476334753e-06,7.88479063275902e-06,-4.9485577515232e-07,-1.59225834573534e-05,-9.48286960386624e-07,-0.000119073855826005,-3.03999169132818e-05,0.00098750171578299,0.00383105242617354,-0.000105117766133977,-2.0646117170231e-05,-6.62423901839349e-05,-6.3127118725359e-05,1.32793962204225e-05,9.63923424279756e-06,-8.37964640791134e-06,1.49742964969668e-05,8.86739389127228e-05,0.00284355071039055,8.44716489637465e-05,3.11527145857582e-06,-3.64016197762496e-06,8.37964640791134e-06,8.86739389127228e-05,8.44716489637465e-05,3.64016197762496e-06
negative_demand_phi_200,phi_pi = 2.0,2,0.8,0.0025,25,-1.18059162071739e-05,8.1557743474292e-06,-5.97888160940308e-05,1.12587856935242e-05,-6.67822538827911e-05,-5.83796698861994e-05,1.43304796389465e-05,7.23644398763212e-06,-6.48764975296201e-05,-5.01891250472841e-05,1.86212697236843e-05,6.22118612353395e-06,8.03597377719645e-06,2.40899956094158e-06,-1.5625267084346e-05,-3.82971858303716e-06,-0.000118172400798186,-3.99938887695461e-05,0.000844641772090426,0.00369528222674997,-9.92523166984949e-05,-2.03253154895666e-05,-6.42614786838802e-05,-6.04702857849304e-05,1.29484042181716e-05,9.56916716909895e-06,-5.62697421625487e-06,1.17955485013088e-05,7.81785120286399e-05,0.00285064045465955,7.89270012089283e-05,3.7911928989498e-06,-3.37923704907261e-06,5.62697421625487e-06,7.81785120286399e-05,7.89270012089283e-05,3.37923704907261e-06
negative_demand_phi_200,phi_pi = 2.0,2,0.8,0.0025,26,-9.44473296573905e-06,9.88201196139293e-06,-5.66112308064692e-05,1.0993260703307e-05,-6.49038194795448e-05,-5.63765752018552e-05,1.41874330403663e-05,6.98815066027536e-06,-6.21967337535168e-05,-4.7967112458025e-05,1.79593756222673e-05,5.94575685725074e-06,7.94006421438653e-06,4.52387568606293e-06,-1.50900306199464e-05,-5.9019786883413e-06,-0.000115701425269524,-4.74004057850891e-05,0.000707824302518922,0.00355549976529623,-9.35068261757044e-05,-1.97156354372341e-05,-6.23456461962268e-05,-5.79278473649136e-05,1.2555569179673e-05,9.43095222671886e-06,-3.4161885283236e-06,9.1880519316051e-06,6.83010194844347e-05,0.00284767546277731,7.37911907384703e-05,4.41779883131321e-06,-3.12461695295418e-06,3.4161885283236e-06,6.83010194844347e-05,7.37911907384703e-05,3.12461695295418e-06
negative_demand_phi_200,phi_pi = 2.0,2,0.8,0.0025,27,-7.55578637259121e-06,1.11199856425159e-05,-5.33915723810452e-05,1.06797570833539e-05,-6.30806974865061e-05,-5.44456170167296e-05,1.40391240659177e-05,6.7487990028231e-06,-5.96353836753716e-05,-4.58297567379473e-05,1.73364749733174e-05,5.68082122161251e-06,7.66254534685087e-06,6.01473522142404e-06,-1.4385267950473e-05,-7.33329488300516e-06,-0.000111932897243872,-5.28445528241023e-05,0.000578195797712233,0.00341376771833968,-8.79193576960313e-05,-1.88637870660591e-05,-6.04901733455288e-05,-5.54936955940999e-05,1.21190403967741e-05,9.24047376993364e-06,-1.64781012542683e-06,7.05197306746785e-06,5.90883444197693e-05,0.00283557192062744,6.90555706299723e-05,4.99647775142886e-06,-2.8785666268405e-06,1.64781012542683e-06,5.90883444197693e-05,6.90555706299723e-05,2.8785666268405e-06
negative_demand_phi_200,phi_pi = 2.0,2,0.8,0.0025,28,-6.04462909807294e-06,1.19747094218248e-05,-5.01682356021105e-05,1.03322607012402e-05,-6.13083294653816e-05,-5.25833911565465e-05,1.38841562431213e-05,6.5179670512977e-06,-5.7185286622019e-05,-4.37739254036673e-05,1.67487786171538e-05,5.4259909300497e-06,7.2559759865796e-06,7.01426723275465e-06,-1.35659622611389e-05,-8.25950754229643e-06,-0.00010711957481753,-5.6549582139423e-05,0.000456621327951545,0.00327187394324113,-8.25216170650123e-05,-1.78148541393197e-05,-5.869084797272e-05,-5.31618782564358e-05,1.16535922882743e-05,9.01092911442802e-06,-2.41708753824944e-07,5.3064547188425e-06,5.05699926781067e-05,0.00281525261528959,6.47067629256926e-05,5.52896971628414e-06,-2.64266317384632e-06,2.41708753824944e-07,5.05699926781067e-05,6.47067629256926e-05,2.64266317384632e-06
negative_demand_phi_200,phi_pi = 2.0,2,0.8,0.0025,29,-4.83570327845833e-06,1.25296331305869e-05,-4.69751666991591e-05,9.96217802584631e-06,-5.95827741640687e-05,-5.07869752097712e-05,1.37213071499942e-05,6.29529255856409e-06,-5.48396340934731e-05,-4.17968099611921e-05,1.619256134891e-05,5.18091785607633e-06,6.7623823001438e-06,7.62937930348997e-06,-1.26760869809672e-05,-8.7904898036506e-06,-0.000101493120984314,-5.87327773294566e-05,0.00034371267376887,0.00313134431733086,-7.73390704624788e-05,-1.66112629359505e-05,-5.69440344777572e-05,-5.0926786853811e-05,1.11711480037524e-05,8.75320804794022e-06,8.66997003346175e-07,3.88559717731662e-06,4.27603436548574e-05,0.00278763164356199,6.07278075265283e-05,6.01724762394618e-06,-2.41793995581219e-06,8.66997003346175e-07,4.27603436548574e-05,6.07278075265283e-05,2.41793995581219e-06
negative_demand_phi_200,phi_pi = 2.0,2,0.8,0.0025,30,-3.86856262276664e-06,1.28510768100387e-05,-4.3841701937275e-05,9.57873325613257e-06,-5.79007238922236e-05,-4.90538485532488e-05,1.3549599847118e-05,6.0804630811484e-06,-5.25920953736714e-05,-3.98958977413377e-05,1.56642882548352e-05,4.94529054213821e-06,6.21517302064074e-06,7.94628566992694e-06,-1.17505458399753e-05,-9.01519042535714e-06,-9.52630818667199e-05,-5.9602282662205e-05,0.000239856775057667,0.00299345842673571,-7.23912693677553e-05,-1.52921345069057e-05,-5.52466612905311e-05,-4.87832360839269e-05,1.06812354550012e-05,8.47623105726392e-06,1.73111264928621e-06,2.73535541461811e-06,3.56607992045149e-05,0.00275360165167804,5.70991348608496e-05,6.46342520660426e-06,-2.2050043977373e-06,1.73111264928621e-06,3.56607992045149e-05,5.70991348608496e-05,2.2050043977373e-06
negative_demand_phi_200,phi_pi = 2.0,2,0.8,0.0025,31,-3.09485009821329e-06,1.2991729927192e-05,-4.07926054957208e-05,9.18931403659506e-06,-5.62594648348957e-05,-4.73818038891904e-05,1.33683330928169e-05,5.87320501375943e-06,-5.04368625322549e-05,-3.80689203615114e-05,1.51606898299017e-05,4.71882781115374e-06,5.64068572323807e-06,8.03451796386155e-06,-1.08167533869885e-05,-9.00561852239246e-06,-8.86165564568525e-05,-5.93547494116414e-05,0.000145243799224204,0.00285926721665586,-6.76922983765538e-05,-1.38929126147769e-05,-5.35961665512064e-05,-4.67264798810207e-05,1.0191380885427e-05,8.18724718754105e-06,2.39383224062348e-06,1.81113486459605e-06,2.92618070452111e-05,0.00271402341743165,5.37993857617769e-05,6.86968667018562e-06,-2.00413369788599e-06,2.39383224062348e-06,2.92618070452111e-05,5.37993857617769e-05,2.00413369788599e-06
negative_demand_phi_200,phi_pi = 2.0,2,0.8,0.0025,32,-2.47588007857061e-06,1.29934210222338e-05,-3.78482410631209e-05,8.79976974865748e-06,-5.46568104511369e-05,-4.57688635332465e-05,1.31770854124857e-05,5.67327321276956e-06,-4.83686486798529e-05,-3.6313795297005e-05,1.46788025912753e-05,4.50127152408497e-06,5.05944533534799e-06,7.95010542671906e-06,-9.89593288847068e-06,-8.82001176273628e-06,-8.17184131207682e-05,-5.81736707802455e-05,5.98942911231859e-05,0.00272961186545917,-6.32512903249172e-05,-1.24451918013246e-05,-5.19904263758253e-05,-4.47521926649763e-05,9.70744582895477e-06,7.89209366836019e-06,2.89066009137107e-06,1.0759211257344e-06,2.35447423405227e-05,0.00266971757433598,5.08060985235925e-05,7.23823371084897e-06,-1.81535216059459e-06,2.89066009137107e-06,2.35447423405227e-05,5.08060985235925e-05,1.81535216059459e-06
negative_demand_phi_200,phi_pi = 2.0,2,0.8,0.0025,33,-1.98070406285646e-06,1.28893157982368e-05,-3.50248315137414e-05,8.4146670318308e-06,-5.30910252570793e-05,-4.42132071607482e-05,1.29757027965416e-05,5.48044204010112e-06,-4.63826606621476e-05,-3.46285700396631e-05,1.4215986248442e-05,4.29237965805795e-06,4.48719612880077e-06,7.73811139880703e-06,-9.00419002113073e-06,-8.50537103898319e-06,-7.47119309262578e-05,-5.6228293781671e-05,-1.63149970813237e-05,0.00260514327504069,-5.90729716434257e-05,-1.0976691383946e-05,-5.04276798282133e-05,-4.28564334753467e-05,9.23391371809856e-06,7.59542034578509e-06,3.25091527000627e-06,4.98818982147542e-07,1.84836371445868e-05,0.00262145827212201,4.80962802594798e-05,7.57124635286655e-06,-1.63849337231348e-06,3.25091527000627e-06,1.84836371445868e-05,4.80962802594798e-05,1.63849337231348e-06
negative_demand_phi_200,phi_pi = 2.0,2,0.8,0.0025,34,-1.58456325028515e-06,1.2705665660695e-05,-3.23347742769986e-05,8.03750744027276e-06,-5.15607487908687e-05,-4.27131135680714e-05,1.27642764560787e-05,5.29449814420935e-06,-4.44745591762219e-05,-3.3011373702263e-05,1.37699248907441e-05,4.09192030748073e-06,3.9357536345372e-06,7.43466788891145e-06,-8.15340688842259e-06,-8.09950063926368e-06,-6.77197631658716e-05,-5.367301082225e-05,-8.36268853205979e-05,0.00248634168234219,-5.51582129636463e-05,-9.51133559035089e-06,-4.8906458224085e-05,-4.10356035340786e-05,8.77413241728853e-06,7.300882463257e-06,3.49891425437425e-06,5.39062491589082e-08,1.40467523436216e-05,0.00256996856766278,4.56468773732954e-05,7.87085469000637e-06,-1.47324995403153e-06,3.49891425437425e-06,1.40467523436216e-05,4.56468773732954e-05,1.47324995403153e-06
negative_demand_phi_200,phi_pi = 2.0,2,0.8,0.0025,35,-1.2676506002281e-06,1.24632013935866e-05,-2.97869890136804e-05,7.6709120666596e-06,-5.00649249131069e-05,-4.12669165353874e-05,1.25431149266275e-05,5.11523498904209e-06,-4.26404140606573e-05,-3.14603780224854e-05,1.33386173292449e-05,3.89966685034049e-06,3.41371194009918e-06,7.06861636939719e-06,-7.35199052628865e-06,-7.63265997687224e-06,-6.0845136920798e-05,-5.06471461572955e-05,-0.000142381350108245,0.00237353599412682,-5.15045680359316e-05,-8.06940999131811e-06,-4.74255223997799e-05,-3.9286403249239e-05,8.33051865978263e-06,7.01130547375861e-06,3.65490442929802e-06,-2.80669450583582e-07,1.01979907635025e-05,0.00251591734423506,4.34351580446135e-05,8.13911915054089e-06,-1.31921318602402e-06,3.65490442929802e-06,1.01979907635025e-05,4.34351580446135e-05,1.31921318602402e-06
negative_demand_phi_200,phi_pi = 2.0,2,0.8,0.0025,36,-1.01412048018246e-06,1.21782458100128e-05,-2.73872804728015e-05,7.31677766374617e-06,-4.86027388066912e-05,-3.98729735348047e-05,1.23127134191714e-05,4.94244897525364e-06,-4.08766592322474e-05,-2.99737679940737e-05,1.29203602061562e-05,3.71539430780998e-06,2.92703367747206e-06,6.66283772488008e-06,-6.60550232957358e-06,-7.1289082134024e-06,-5.41732166431108e-05,-4.72750632773827e-05,-0.000192995032998411,0.00226692253099614,-4.81067895057308e-05,-6.66777143987218e-06,-4.59838092251585e-05,-3.76057918608508e-05,7.90472986733626e-06,6.72882546015607e-06,3.73580404740802e-06,-5.2340588382882e-07,6.89815336572808e-06,0.00245991756399455,4.14390180658586e-05,8.37801736430777e-06,-1.17590440718018e-06,3.73580404740802e-06,6.89815336572808e-06,4.14390180658586e-05,1.17590440718018e-06
negative_demand_phi_200,phi_pi = 2.0,2,0.8,0.0025,37,-8.11296384145951e-07,1.18636032302444e-05,-2.51387038968653e-05,6.97640836166968e-06,-4.71735624184566e-05,-3.8529645409735e-05,1.2073722394576e-05,4.77593692142786e-06,-3.91800497201444e-05,-2.85497214015384e-05,1.25137264617853e-05,3.53887680741571e-06,2.4795439326924e-06,6.23533532177235e-06,-5.91718904770222e-06,-6.60720450960939e-06,-4.77725719077171e-05,-4.36665288785082e-05,-0.000235942729081451,0.00216658293884286,-4.49573139216231e-05,-5.32009387221866e-06,-4.45803873158068e-05,-3.59909512246404e-05,7.4978082384991e-06,6.45500848506231e-06,3.75579138907995e-06,-6.90015461907167e-07,4.10604302920892e-06,0.00240252566792432,3.96372200494044e-05,8.58943609116647e-06,-1.0427997534368e-06,3.75579138907995e-06,4.10604302920892e-06,3.96372200494044e-05,1.0427997534368e-06
negative_demand_phi_200,phi_pi = 2.0,2,0.8,0.0025,38,-6.49037107316743e-07,1.15292713009918e-05,-2.30419236416646e-05,6.65062660654137e-06,-4.57769081869674e-05,-3.72352849745683e-05,1.18269167103668e-05,4.61549465090305e-06,-3.75476220223492e-05,-2.71863960734642e-05,1.21175410461305e-05,3.36988600303789e-06,2.07334475466146e-06,5.80012083826673e-06,-5.28843165403803e-06,-6.08231257946679e-06,-4.16966999975538e-05,-3.9917277588411e-05,-0.000271740860851466,0.0020725010877829,-4.20467111014178e-05,-4.03713618180035e-06,-4.32144212232366e-05,-3.44392542376282e-05,7.11030136391066e-06,6.19095184917207e-06,3.72677608360527e-06,-7.93880925428758e-07,1.77942240914275e-06,0.00234424194863436,3.80095749196174e-05,8.77516698560843e-06,-9.19349514738599e-07,3.72677608360527e-06,1.77942240914275e-06,3.80095749196174e-05,9.19349514738599e-07
negative_demand_phi_200,phi_pi = 2.0,2,0.8,0.0025,39,-5.19229685853378e-07,1.1183011087823e-05,-2.10955581806394e-05,6.33986645848239e-06,-4.44123904481675e-05,-3.59882325513539e-05,1.15731662508334e-05,4.46091643853397e-06,-3.59766582874732e-05,-2.5881923517046e-05,1.17308552639028e-05,3.20819028590269e-06,1.7091635038163e-06,5.36794160534149e-06,-4.71912511161576e-06,-5.56554754270466e-06,-3.59855630746586e-05,-3.61097292165408e-05,-0.000300932902405293,0.00198457883137149,-3.93640950029361e-05,-2.82702135834256e-06,-4.18851430791234e-05,-3.29482378562673e-05,6.74236303543907e-06,5.93736988130367e-06,3.65877810152519e-06,-8.464224310889e-07,-1.24166141882154e-07,0.00228551173377678,3.65370736445936e-05,8.93690522285606e-06,-8.04993154135403e-07,3.65877810152519e-06,1.24166141882154e-07,3.65370736445936e-05,8.04993154135403e-07
negative_demand_phi_200,phi_pi = 2.0,2,0.8,0.0025,40,-4.15383748682686e-07,1.08308039132865e-05,-1.92965065920481e-05,6.04425194472569e-06,-4.30796937087585e-05,-3.47868166664655e-05,1.1313408640079e-05,4.31199509701163e-06,-3.44646544094829e-05,-2.46344076092475e-05,1.13529207805274e-05,3.05355462235091e-06,1.38664566718804e-06,4.9468798843464e-06,-4.20799955941353e-06,-5.0653949095758e-06,-3.06671075441661e-05,-3.23138170828796e-05,-0.000324076687388875,0.00190265054350469,-3.68974947596579e-05,-1.69551842443827e-06,-4.05918305961261e-05,-3.15155803694012e-05,6.39383736111832e-06,5.69466652811101e-06,3.56023421715836e-06,-8.57395350162271e-07,-1.64670953871349e-06,0.00222672723089357,3.52019763352196e-05,9.07625022672498e-06,-6.99170833007301e-07,3.56023421715836e-06,1.64670953871349e-06,3.52019763352196e-05,6.99170833007301e-07
negative_demand_phi_250,phi_pi = 2.5,2.5,0.8,0.0025,1,-0.0025,-0.00113392568365955,-0.00192085483965032,-0.00170009554093409,-0.00111146014488384,-0.00222253622920843,-0.000662552188506027,0.00027549417399042,-0.001116570047072,-0.00221595394874141,-0.000653496754526542,0.000274678268316342,0.000611468049665779,0.00172629002413363,-0.000760750088323353,-0.00185835775224809,0.000135689093788999,0.000184758138740596,0.00013568909378936,0.000184758138740193,-0.00195230143026426,-0.00188940824903627,-0.00144478297018125,-0.00144638521757279,-0.00171005804046631,-0.00169013304140198,0.00111482197446785,-0.00109760766392474,4.90690449515968e-05,4.90690449508335e-05,6.28931812279854e-05,-1.60224739154113e-06,1.99249990643358e-05,0.00111482197446785,4.90690449515968e-05,6.28931812279854e-05,1.99249990643358e-05
negative_demand_phi_250,phi_pi = 2.5,2.5,0.8,0.0025,2,-0.002,-0.00148397910505782,-0.00125234598594692,-0.000940901890926771,-0.000514632631972156,-0.00118003493679408,-0.000415507031000462,0.00014627106902447,-0.000524301869240684,-0.00117051608017682,-0.000400487039376257,0.00014509116045576,-4.74098736609144e-05,-0.000159773970741118,-5.26111225389453e-05,7.61311994938035e-05,0.000235123736623322,0.000328188588163192,0.000367420603067714,0.000508327773435013,-0.00130806851040766,-0.00119662346148619,-0.000714253323418679,-0.000718166132521514,-0.000949790979589027,-0.000932012802264404,-0.000112364097080203,0.000128742322032749,9.30648515398702e-05,0.000140907170367299,0.000111445048921466,-3.91280910283509e-06,1.77781773246233e-05,0.000112364097080203,9.30648515398702e-05,0.000111445048921466,1.77781773246233e-05
negative_demand_phi_250,phi_pi = 2.5,2.5,0.8,0.0025,3,-0.0016,-0.0014707250717878,-0.000807789324045127,-0.000526271870701089,-0.000241657408058149,-0.000638260469876473,-0.00025572391990257,7.91154891553736e-05,-0.000255059354812959,-0.000627843463095412,-0.000236905570164453,7.78242505060783e-05,-0.000315685016222866,-0.000929147682810452,0.000248252217503492,0.000877863031293502,0.000298684829641682,0.000430457295579903,0.000656919917632059,0.000926076874678827,-0.00088188204401829,-0.000733696604071965,-0.000360638326603602,-0.000366894587297661,-0.0005335493322145,-0.000518994409187568,-0.000613462666587587,0.00062961081379001,0.000131772465938221,0.000269156957046768,0.000148185439946324,-6.25626069405971e-06,1.45549230269326e-05,0.000613462666587587,0.000131772465938221,0.000148185439946324,1.45549230269326e-05
negative_demand_phi_250,phi_pi = 2.5,2.5,0.8,0.0025,4,-0.00128,-0.00130864252742002,-0.000517411036188853,-0.000299797826339931,-0.000126435692489379,-0.000361163438464263,-0.000153405240127594,4.4767964565734e-05,-0.000142660239621062,-0.000350919262637861,-0.000132328350717942,4.34981491537617e-05,-0.00039220951639139,-0.00115045150041073,0.000345949814037919,0.00112040608392094,0.000331294861688244,0.000496259419459535,0.000971791781379849,0.00139918437227138,-0.000604981576353247,-0.000429840496024347,-0.000196854016281889,-0.000205137946526102,-0.000305300897416205,-0.000294294755263658,-0.000758241984019337,0.000774456269883025,0.000164964557771291,0.000427392590891529,0.0001751410803289,-8.28393024421281e-06,1.10061421525476e-05,0.000758241984019337,0.000164964557771291,0.0001751410803289,1.10061421525476e-05
negative_demand_phi_250,phi_pi = 2.5,2.5,0.8,0.0025,5,-0.001024,-0.00110272851591686,-0.00033103063479123,-0.000175503114897779,-8.4446787913417e-05,-0.000221849486361392,-8.8505425567792e-05,2.74993227071529e-05,-0.000102610135030545,-0.000212272397019708,-6.62721800966104e-05,2.63121959090534e-05,-0.000380805974828145,-0.00112046110089886,0.000348076423681135,0.00110410290671059,0.000339214595957343,0.000531752378195208,0.0012867115828028,0.00189595714116031,-0.000428035081050826,-0.000234026188531744,-0.000125667597447809,-0.000135508813627339,-0.000179283088219684,-0.000171723141575875,-0.000739655126070718,0.000756026483029457,0.000192537782237864,0.000609245558357507,0.000194008892519082,-9.84121617952916e-06,7.55994664380921e-06,0.000739655126070718,0.000192537782237864,0.000194008892519082,7.55994664380921e-06
negative_demand_phi_250,phi_pi = 2.5,2.5,0.8,0.0025,6,-0.000819200000000003,-0.000900992175269621,-0.000213632856323698,-0.000106448485901578,-7.39400332475659e-05,-0.000152938717016382,-4.7738589962848e-05,1.89574977279838e-05,-9.32428928943629e-05,-0.000144187311196253,-2.51380411079027e-05,1.78727184177579e-05,-0.000334183185310976,-0.000989754092310132,0.000309962845623499,0.000982029304558762,0.000328561223969154,0.000543108435192827,0.00158310501720127,0.00239166664782342,-0.000316752130655296,-0.000110513581992211,-9.76396383782774e-05,-0.000108526218384974,-0.000108670131761857,-0.000104226840041188,-0.000655570906999157,0.000672066458935264,0.000214547211223673,0.000808561630622151,0.000206238548663085,-1.08865800066971e-05,4.44329172066826e-06,0.000655570906999157,0.000214547211223673,0.000206238548663085,4.44329172066826e-06
negative_demand_phi_250,phi_pi = 2.5,2.5,0.8,0.0025,7,-0.000655360000000003,-0.000722624000246919,-0.000141313474994798,-6.71920384208713e-05,-7.51481518849184e-05,-0.000119182801028517,-2.24037723979137e-05,1.47732877834456e-05,-9.49020719928084e-05,-0.000111229303458193,2.84845774745079e-09,1.37874130810844e-05,-0.000277984264516922,-0.000831513502649461,0.000259032435425688,0.000829082689731364,0.000304704235756709,0.000535899186890162,0.00184823162752856,0.00286777416851791,-0.000247850869224964,-3.47760807646313e-05,-8.83585466280312e-05,-9.98002414324128e-05,-6.80714465715049e-05,-6.63126302703487e-05,-0.000553529238132539,0.000570050254305676,0.000231194951133454,0.00101954254098935,0.000213074788460332,-1.14416948043816e-05,1.75881630115615e-06,0.000553529238132539,0.000231194951133454,0.000213074788460332,1.75881630115615e-06
negative_demand_phi_250,phi_pi = 2.5,2.5,0.8,0.0025,8,-0.000524288000000003,-0.000572868494820522,-9.80233334832992e-05,-4.40452168284367e-05,-7.93093068683914e-05,-0.000102479034442049,-6.85869277798623e-06,1.27027746832237e-05,-9.89437111303948e-05,-9.52012658304024e-05,1.49602879563199e-05,1.18006598714276e-05,-0.000223819183877422,-0.000678813689963415,0.000208081615139119,0.000679496484314035,0.000272091284934217,0.000514892585903329,0.00207411712177397,0.00331097240020828,-0.0002058149676476,9.76830068100121e-06,-8.62602251404665e-05,-9.78209775404082e-05,-4.38122032569987e-05,-4.42782303997635e-05,-0.000454994506085993,0.000471414869174916,0.000242801300969112,0.00123685527843431,0.000215583268328601,-1.15607523999417e-05,-4.6602714276478e-07,0.000454994506085993,0.000242801300969112,0.000215583268328601,4.6602714276478e-07
negative_demand_phi_250,phi_pi = 2.5,2.5,0.8,0.0025,9,-0.000419430400000003,-0.000450706152423486,-7.31295994547132e-05,-2.9694293619098e-05,-8.29718227902676e-05,-9.37446124288366e-05,2.52497536179508e-06,1.1620100598464e-05,-0.000102029865145847,-8.69816869201179e-05,2.34865035595028e-05,1.07818030929824e-05,-0.000176236264990982,-0.000544563888429179,0.000162437090337086,0.000546954823129608,0.000234271177796591,0.000484043304293649,0.0022565353715267,0.00371224139449744,-0.000180464767600474,3.42055686910481e-05,-8.62036596818161e-05,-9.75154116781285e-05,-2.85705920273216e-05,-3.08179952109855e-05,-0.000368327623438197,0.000384517732792522,0.000249772126497058,0.00145570602297074,0.000214670336291523,-1.13117519963124e-05,-2.2474031836639e-06,0.000368327623438197,0.000249772126497058,0.000214670336291523,2.2474031836639e-06
negative_demand_phi_250,phi_pi = 2.5,2.5,0.8,0.0025,10,-0.000335544320000002,-0.000352698934168005,-5.96665599751356e-05,-2.02528746441333e-05,-8.5107660698136e-05,-8.85590016629356e-05,8.06346101522859e-06,1.09773189259643e-05,-0.0001032360784603,-8.21439265664692e-05,2.79895752593878e-05,1.01821391707141e-05,-0.000136389123116631,-0.000431996070751074,0.000123755868803518,0.000435203302882298,0.000193996217490708,0.000446564752588127,0.00239411820472935,0.00406600011222302,-0.000165216932232259,4.58838122818772e-05,-8.61430629875981e-05,-9.69084328921177e-05,-1.84404359250268e-05,-2.20653133633508e-05,-0.000295606947634443,0.000311447434078779,0.000252568535097419,0.00167188190749368,0.000211100744514137,-1.07653699045196e-05,-3.62487743832407e-06,0.000295606947634443,0.000252568535097419,0.000211100744514137,3.62487743832407e-06
negative_demand_phi_250,phi_pi = 2.5,2.5,0.8,0.0025,11,-0.000268435456000002,-0.00027482448463223,-5.31173373470306e-05,-1.36597829983875e-05,-8.56955017710659e-05,-8.4858075178107e-05,1.12255838506659e-05,1.05185710902594e-05,-0.000102631743021275,-7.86356733609717e-05,3.00063960488872e-05,9.74727412496323e-06,-0.000103921986603822,-0.000340054665401037,9.20030923130533e-05,0.00034352444430992,0.000153346809365795,0.000405027940072369,0.0024876120589763,0.00436937804949,-0.000155874575268999,4.96399005749382e-05,-8.54442737932004e-05,-9.54329221232175e-05,-1.13354610239425e-05,-1.59841049728326e-05,-0.000236132678797216,0.000251521351996867,0.000251681130706574,0.00188176599051371,0.000205514475843938,-9.98864833001711e-06,-4.6486439488902e-06,0.000236132678797216,0.000251681130706574,0.000205514475843938,4.6486439488902e-06
negative_demand_phi_250,phi_pi = 2.5,2.5,0.8,0.0025,12,-0.000214748364800002,-0.000213280882343625,-5.05830793292583e-05,-8.81627592264067e-06,-8.50570115868976e-05,-8.17339831570285e-05,1.29368523912321e-05,1.01313246915341e-05,-0.000100615652544378,-7.55696031622399e-05,3.05128063750881e-05,9.36721981327493e-06,-7.79079135809963e-05,-0.000266076120286276,6.64531688657488e-05,0.000269475888093659,0.000113852533593445,0.000361461844496397,0.00253927429109524,0.00462160544274859,-0.000149804455324865,4.86382966664589e-05,-8.4060103057948e-05,-9.31018377297033e-05,-6.13044324604406e-06,-1.15021085992373e-05,-0.00018816820670528,0.00020302271922791,0.000247609310902952,0.00208233115165335,0.000198442751991323,-9.04173467175529e-06,-5.37166535319322e-06,0.00018816820670528,0.000247609310902952,0.000198442751991323,5.37166535319322e-06
negative_demand_phi_250,phi_pi = 2.5,2.5,0.8,0.0025,13,-0.000171798691840002,-0.000164782349071579,-5.02251705767343e-05,-5.12629417648292e-06,-8.35685208881998e-05,-7.88235513963231e-05,1.37765900423831e-05,9.77056252111919e-06,-9.76281582781846e-05,-7.26061403364398e-05,3.01251817618892e-05,8.99988418445741e-06,-5.72927082823542e-05,-0.000207054143225733,4.6175769019885e-05,0.000210195146253117,7.65995520019269e-05,0.000317444822173038,0.00255239198582036,0.00482351012885296,-0.000145386656140611,4.49363149872539e-05,-8.21450300406701e-05,-9.01215528956723e-05,-2.20376811033152e-06,-8.04882024263431e-06,-0.000149761434943379,0.000164019377233232,0.000240845270171111,0.0022711181430326,0.000190322971127865,-7.97652285500217e-06,-5.8450521323028e-06,0.000149761434943379,0.000240845270171111,0.000190322971127865,5.8450521323028e-06
negative_demand_phi_250,phi_pi = 2.5,2.5,0.8,0.0025,14,-0.000137438953472002,-0.000126616524934953,-5.0895122343908e-05,-2.25438868273198e-06,-8.15525711221898e-05,-7.60051463341016e-05,1.41047226304841e-05,9.42120750750675e-06,-9.40438319680936e-05,-6.96470233858548e-05,2.92305403567089e-05,8.6330872479945e-06,-4.10872533029402e-05,-0.000160185310209587,3.02559378715095e-05,0.000162971556666155,4.23216966707607e-05,0.000274183777396533,0.00253090388284516,0.00497710615302793,-0.000141651285034516,3.98610403469224e-05,-7.98883436857745e-05,-8.6724789393422e-05,8.03390118431224e-07,-5.31216748389518e-06,-0.000119098056906647,0.000132715618794646,0.000231862080725773,0.00244620227018277,0.000181512325381439,-6.83644570764752e-06,-6.1155576023264e-06,0.000119098056906647,0.000231862080725773,0.000181512325381439,6.1155576023264e-06
negative_demand_phi_250,phi_pi = 2.5,2.5,0.8,0.0025,15,-0.000109951162777601,-9.66003434206275e-05,-5.18911509763686e-05,4.51934045742064e-11,-7.92505289433088e-05,-7.32540978420904e-05,1.41427986064813e-05,9.08020166834334e-06,-9.01454923344369e-05,-6.66889429051798e-05,2.80700408605006e-05,8.26641878702572e-06,-2.84363687728349e-05,-0.000123061762476584,1.7881102715181e-05,0.000125456419819314,1.14758906535062e-05,0.000232581058034767,0.00247910717642785,0.00508525955723726,-0.000138041128098787,3.42588261461607e-05,-7.7451599612921e-05,-8.31085275057042e-05,3.11225988181008e-06,-3.11216949500093e-06,-9.46253937037494e-05,0.000107575317104133,0.000221105167381261,0.00260615238080941,0.000172299954244948,-5.65692789278316e-06,-6.224429376811e-06,9.46253937037494e-05,0.000221105167381261,0.000172299954244948,6.224429376811e-06
negative_demand_phi_250,phi_pi = 2.5,2.5,0.8,0.0025,16,-8.79609302220812e-05,-7.30012600260732e-05,-5.27991114537274e-05,1.76716767508189e-06,-7.68280112755093e-05,-7.05775659102237e-05,1.40254856586114e-05,8.74843251919e-06,-8.61311203511628e-05,-6.37575855567674e-05,2.67923298926109e-05,7.90306278825037e-06,-1.86304571105551e-05,-9.37006792349534e-05,8.36447323342149e-06,9.57039626456602e-05,-1.56962079811973e-05,0.000193290332100166,0.00240143328903564,0.00515141840040645,-0.000134257913320557,2.8659690413102e-05,-7.49528776659014e-05,-7.94190599128219e-05,4.87071981547516e-06,-1.33638446542239e-06,-7.50702221243983e-05,8.73394894122387e-05,0.000208986540081363,0.00274998511137081,0.000162917603733659,-4.46618224692052e-06,-6.20710428089755e-06,7.50702221243983e-05,0.000208986540081363,0.000162917603733659,6.20710428089755e-06
negative_demand_phi_250,phi_pi = 2.5,2.5,0.8,0.0025,17,-7.0368744177665e-05,-5.44543893421512e-05,-5.33890166765083e-05,3.13919502681337e-06,-7.43907002919153e-05,-6.79878367462194e-05,1.38331579789541e-05,8.42742299525523e-06,-8.21311146044224e-05,-6.08806987497656e-05,2.54875120182241e-05,7.54645867798165e-06,-1.10932519197344e-05,-7.05059106210527e-05,1.14035039495974e-06,7.21405270178027e-05,-3.911817207089e-05,0.000156763058507314,0.00230227928473958,0.00517939599890394,-0.000130163441341091,2.33854079880746e-05,-7.24698412282176e-05,-7.5755989847992e-05,6.18589636758315e-06,9.24936862656267e-08,-5.94126587013183e-05,7.1000176622843e-05,0.000195881230578204,0.00287711671416435,0.000153548849329166,-3.28614861977439e-06,-6.09340268131753e-06,5.94126587013183e-05,0.000195881230578204,0.000153548849329166,6.09340268131753e-06
negative_demand_phi_250,phi_pi = 2.5,2.5,0.8,0.0025,18,-5.62949953421321e-05,-3.98880066263541e-05,-5.35479005630002e-05,4.18660707035556e-06,-7.200096005755e-05,-6.54932729009516e-05,1.36124439151647e-05,8.11820967534793e-06,-7.82262286963542e-05,-5.80791536131109e-05,2.42087311917993e-05,7.19919353413256e-06,-5.36174387582265e-06,-5.22077697473755e-05,-4.25111612818718e-06,5.3509330729784e-05,-5.88383508848406e-05,0.000123287116991111,0.00218588395173569,0.00517319821592199,-0.000125716398995612,1.86205978696119e-05,-7.00486539105816e-05,-7.21821061714367e-05,7.14060452655652e-06,1.23260961437666e-06,-4.68460258715529e-05,5.77604468579712e-05,0.000182125467875952,0.0029873142641863,0.000144336996865224,-2.13345226085515e-06,-5.90799491217986e-06,4.68460258715529e-05,0.000182125467875952,0.000144336996865224,5.90799491217986e-06
negative_demand_phi_250,phi_pi = 2.5,2.5,0.8,0.0025,19,-4.50359962737058e-05,-2.84612141918661e-05,-5.32363122212054e-05,4.96620420342708e-06,-6.96917796144669e-05,-6.30967204641175e-05,1.33891449942136e-05,7.82114534617073e-06,-7.44626833399931e-05,-5.5365647360639e-05,2.29858641234981e-05,6.86284123813108e-06,-1.06553079018802e-06,-3.7801700309913e-05,-8.18150821456365e-06,3.88124110280996e-05,-7.49972446340841e-05,9.30189632238759e-05,0.00205623960830881,0.00513688722374805,-0.000120932214196845,1.44595897544342e-05,-6.77132618693843e-05,-6.87335725462201e-05,7.80170070324715e-06,2.13070770360702e-06,-3.6736169519725e-05,4.69939192426633e-05,0.00016801620785796,0.00308064761543925,0.000135391803951279,-1.02031067683583e-06,-5.67099299964013e-06,3.6736169519725e-05,0.00016801620785796,0.000135391803951279,5.67099299964013e-06
negative_demand_phi_250,phi_pi = 2.5,2.5,0.8,0.0025,20,-3.60287970189647e-05,-1.95137273018009e-05,-5.24601215764475e-05,5.52518449259409e-06,-6.74772949312841e-05,-6.07965912292618e-05,1.31763397733936e-05,7.53603314178342e-06,-7.08636969239951e-05,-5.27461594800327e-05,2.18342062583698e-05,6.53814297653377e-06,2.09153517127499e-06,-2.64940007806795e-05,-1.09505538471444e-05,2.7258518519549e-05,-8.78012580657062e-05,6.6010443919462e-05,0.00191703236003526,0.00507447548707418,-0.000115857707914224,1.09374647612182e-05,-6.54730838206552e-05,-6.54284356907953e-05,8.22447253345793e-06,2.8258964519523e-06,-2.85855359519545e-05,3.82090723666934e-05,0.000153811701985168,0.00315744312703892,0.000126795172675442,4.46481298599366e-08,-5.39857608150562e-06,2.85855359519545e-05,0.000153811701985168,0.000126795172675442,5.39857608150562e-06
negative_demand_phi_250,phi_pi = 2.5,2.5,0.8,0.0025,21,-2.88230376151718e-05,-1.25262570098705e-05,-5.12522311549857e-05,5.90332848871e-06,-6.53602230189509e-05,-5.8588533012438e-05,1.29794570757485e-05,7.26233358784578e-06,-6.74377731330056e-05,-5.02220113651752e-05,2.07599851702323e-05,6.22526254256961e-06,4.34659544904219e-06,-1.76568654087807e-05,-1.28001605596145e-05,1.82196045979272e-05,-9.75016552288988e-05,4.22311926703278e-05,0.00177160489580519,0.00498984479256759,-0.000110555210825147,8.05074851517595e-06,-6.33287160169971e-05,-6.2273044602712e-05,8.45512610592181e-06,3.35153087127615e-06,-2.20034608578229e-05,3.10197651575417e-05,0.000139732847899227,0.0032182398967624,0.000118605959340323,1.05567141428509e-06,-5.10359523464565e-06,2.20034608578229e-05,0.000139732847899227,0.000118605959340323,5.10359523464565e-06
negative_demand_phi_250,phi_pi = 2.5,2.5,0.8,0.0025,22,-2.30584300921375e-05,-7.08959703965562e-06,-4.96607006246208e-05,6.13430664819781e-06,-6.33368626022923e-05,-5.64668908381583e-05,1.27994453870822e-05,6.99934572261085e-06,-6.41844128610458e-05,-4.77916954012558e-05,1.97638654351046e-05,5.9240130600019e-06,5.89001884293994e-06,-1.07924269136458e-05,-1.39258963617606e-05,1.11958361166259e-05,-0.000104377765567029,2.15873469068678e-05,0.00162293700784311,0.00488668601965969,-0.000105092717881394,5.77131663237473e-06,-6.12758710730743e-05,-5.92665976231199e-05,8.53237074660562e-06,3.73624254978999e-06,-1.66824457565858e-05,2.51217324783864e-05,0.000125965112473897,0.00326374901181659,0.000110864034513769,2.00927344995439e-06,-4.79612819681563e-06,1.66824457565858e-05,0.000125965112473897,0.000110864034513769,4.79612819681563e-06
negative_demand_phi_250,phi_pi = 2.5,2.5,0.8,0.0025,23,-1.844674407371e-05,-2.8806241756385e-06,-4.77410339605466e-05,6.24658428671765e-06,-6.14003161405474e-05,-5.44257423276129e-05,1.26347473010241e-05,6.74633543845671e-06,-6.10979215245333e-05,-4.54522378335875e-05,1.88431813319123e-05,5.63402591752249e-06,6.87504158559385e-06,-5.50454112401358e-06,-1.44861711045413e-05,5.78803894507596e-06,-0.000108723675638855,3.93718136890153e-06,0.00147363990700811,0.00476845605053722,-9.95378893494658e-05,4.0558214284836e-06,-5.93079439966671e-05,-5.64042164172829e-05,8.48856952528898e-06,4.00459904836836e-06,-1.23795827096074e-05,2.02742100496173e-05,0.000112660857007757,0.00329481614352911,0.000103593710777949,2.90372757938417e-06,-4.48397047692062e-06,1.23795827096074e-05,0.000112660857007757,0.000103593710777949,4.48397047692062e-06
negative_demand_phi_250,phi_pi = 2.5,2.5,0.8,0.0025,24,-1.47573952589681e-05,3.56309755478179e-07,-4.55511819759113e-05,6.26413527227143e-06,-5.9542475842278e-05,-5.24595258004634e-05,1.24825238196069e-05,6.50261333803859e-06,-5.8169871643643e-05,-4.32001062513621e-05,1.79933622492662e-05,5.35486325560497e-06,7.42530300214955e-06,-1.4768594738656e-06,-1.46095007371033e-05,1.67622100204212e-06,-0.000110837786753346,-1.08958603159959e-05,0.00132596112257932,0.00463834878895764,-9.39545014214671e-05,2.85213746953339e-06,-5.7417590829778e-05,-5.36789420260142e-05,8.35066493043435e-06,4.17760561388647e-06,-8.90216247601515e-06,1.62857217391454e-05,9.99419264373497e-05,0.00331238766637831,9.68066388910005e-05,3.73864880376384e-06,-4.17305931654788e-06,8.90216247601515e-06,9.99419264373497e-05,9.68066388910005e-05,4.17305931654788e-06
negative_demand_phi_250,phi_pi = 2.5,2.5,0.8,0.0025,25,-1.18059162071745e-05,2.8238204790032e-06,-4.31483287203216e-05,6.20705208520533e-06,-5.77551836911105e-05,-5.0563354789257e-05,1.2339407176043e-05,6.26757371996467e-06,-5.53906473232946e-05,-4.10317546366556e-05,1.72088440359847e-05,5.08608552808598e-06,7.64072657767883e-06,1.54414770585018e-06,-1.44002362940238e-05,-1.39709421927148e-06,-0.000111014733735426,-2.31123427032187e-05,0.00118179736077995,0.00449927772653069,-8.84004573208363e-05,2.10379988030418e-06,-5.5597635020499e-05,-5.10829795172807e-05,8.14096851020629e-06,4.27313566042642e-06,-6.09657887182865e-06,1.30031420747523e-05,8.79023910322074e-05,0.00331748036575075,9.05042572011405e-05,4.51465550321828e-06,-3.86783284977987e-06,6.09657887182865e-06,8.79023910322074e-05,9.05042572011405e-05,3.86783284977987e-06
negative_demand_phi_250,phi_pi = 2.5,2.5,0.8,0.0025,26,-9.44473296573964e-06,4.68272794984514e-06,-4.0586860347247e-05,6.0920853608426e-06,-5.60308581727398e-05,-4.8733119748956e-05,1.22019566985987e-05,6.04070718612792e-06,-5.27503785364702e-05,-3.89439099776068e-05,1.64836513352196e-05,4.82728702921875e-06,7.60212155186081e-06,3.76233527132029e-06,-1.39430894461889e-05,-3.63979730154396e-06,-0.000109539250585156,-3.29278994815885e-05,0.00104271317617499,0.0043538678838857,-8.29267928055266e-05,1.75307211103259e-06,-5.38415366455602e-05,-4.86084379688334e-05,7.87785034161992e-06,4.30632037984324e-06,-3.83978628054052e-06,1.0303292144645e-05,7.66113511035671e-05,0.00331115470771071,8.46798649165592e-05,5.23309867672683e-06,-3.57152996177668e-06,3.83978628054052e-06,7.66113511035671e-05,8.46798649165592e-05,3.57152996177668e-06
negative_demand_phi_250,phi_pi = 2.5,2.5,0.8,0.0025,27,-7.55578637259175e-06,6.06082619847292e-06,-3.79171259099476e-05,5.93312418972758e-06,-5.43627884067588e-05,-4.69654603103553e-05,1.20669271226476e-05,5.82159720244335e-06,-5.02394793385763e-05,-3.69336890231331e-05,1.5811767882068e-05,4.57811036604083e-06,7.37480255605123e-06,5.3420853225062e-06,-1.33067244974527e-05,-5.22024698859647e-06,-0.000106681640522174,-4.05659068497127e-05,0.000909963706248185,0.00420445527993873,-7.7577314689381e-05,1.74306286959691e-06,-5.21435899778488e-05,-4.62477422439322e-05,7.57634308357069e-06,4.28990529588447e-06,-2.03271723354503e-06,8.08647750885627e-06,6.61157336724616e-05,0.00329449157369055,7.93203775589779e-05,5.8958477339166e-06,-3.28643778768622e-06,2.03271723354503e-06,6.61157336724616e-05,7.93203775589779e-05,3.28643778768622e-06
negative_demand_phi_250,phi_pi = 2.5,2.5,0.8,0.0025,28,-6.04462909807343e-06,7.05975128556524e-06,-3.51847341993894e-05,5.74162122224386e-06,-5.274522897325e-05,-4.52576688314554e-05,1.19314181229319e-05,5.6099081434946e-06,-4.78489348715305e-05,-3.49986119240198e-05,1.51873689860638e-05,4.33824814916051e-06,7.01145680474151e-06,6.41625774885045e-06,-1.25466286097775e-05,-6.27511965749228e-06,-0.000102694565236261,-4.62515397715441e-05,0.00078452004835583,0.00405309235816897,-7.23886405149532e-05,2.01917211617442e-06,-5.04989609306783e-05,-4.39938379872551e-05,7.24866827561677e-06,4.23457416909301e-06,-5.95199055891064e-07,6.27150895228523e-06,5.64430254647169e-05,0.00326857230981314,7.44078126311276e-05,6.5051229434232e-06,-3.01409410652376e-06,5.95199055891064e-07,5.64430254647169e-05,7.44078126311276e-05,3.01409410652376e-06
negative_demand_phi_250,phi_pi = 2.5,2.5,0.8,0.0025,29,-4.83570327845878e-06,7.76037810634733e-06,-3.24302169238955e-05,5.52696523969942e-06,-5.11733814857473e-05,-4.36075658221124e-05,1.17929484899082e-05,5.4053698508999e-06,-4.55704329849205e-05,-3.31365593279065e-05,1.46049635598583e-05,4.10743767455257e-06,6.55443324663408e-06,7.09241687713372e-06,-1.17074231986425e-05,-6.91556854512387e-06,-9.78109144752909e-05,-5.02070149329681e-05,0.000667096132671574,0.00390155803428183,-6.73904894648025e-05,2.53005561701158e-06,-4.8903636786668e-05,-4.18402708878274e-05,6.90469104758229e-06,4.14923943181655e-06,5.37983630499641e-07,4.79185465351861e-06,4.76038995423228e-05,0.00323446190161025,6.99205450818141e-05,7.0633658988406e-06,-2.75545161576574e-06,5.37983630499641e-07,4.76038995423228e-05,6.99205450818141e-05,2.75545161576574e-06
negative_demand_phi_250,phi_pi = 2.5,2.5,0.8,0.0025,30,-3.86856262276705e-06,8.22707476322293e-06,-2.96889439288517e-05,5.29680443084324e-06,-4.96433169374644e-05,-4.20133722480731e-05,1.16494825498636e-05,5.20776180470972e-06,-4.33964026492761e-05,-3.13457035009401e-05,1.40594761642576e-05,3.88545238573512e-06,6.03758526737663e-06,7.45773452923496e-06,-1.08247406029882e-05,-7.23208390326913e-06,-9.22425549449851e-05,-5.26478512012235e-05,0.000558176174410008,0.00375137123222391,-6.26061265819322e-05,3.22823872411782e-06,-4.7354333530647e-05,-3.97811929048197e-05,6.55230964774489e-06,4.04129921416363e-06,1.42014926185832e-06,3.59265669971909e-06,3.95947037437616e-05,0.0031931950578139,6.583436530605e-05,7.57314062582726e-06,-2.51101043358126e-06,1.42014926185832e-06,3.95947037437616e-05,6.583436530605e-05,2.51101043358126e-06
negative_demand_phi_250,phi_pi = 2.5,2.5,0.8,0.0025,31,-3.09485009821367e-06,8.51106608257268e-06,-2.69912120662852e-05,5.05732445921225e-06,-4.81518717064811e-05,-4.04735926984312e-05,1.14994265217189e-05,5.0168986414495e-06,-4.13199987640001e-05,-2.96244323801931e-05,1.35462888881527e-05,3.6720924596334e-06,5.48776605879299e-06,7.58287256043613e-06,-9.92676019258287e-06,-7.29835072058038e-06,-8.61797887769244e-05,-5.37800005666195e-05,0.00045804198127275,0.00360380695085105,-5.80528955409498e-05,4.07047140837946e-06,-4.58483880040328e-05,-3.78113288489468e-05,6.19778666499649e-06,3.91686225365007e-06,2.09510650164314e-06,2.62840947200249e-06,3.2399788210305e-05,0.0031457649695783,6.21233669493293e-05,8.03705915508601e-06,-2.28092441134642e-06,2.09510650164314e-06,3.2399788210305e-05,6.21233669493293e-05,2.28092441134642e-06
negative_demand_phi_250,phi_pi = 2.5,2.5,0.8,0.0025,32,-2.47588007857096e-06,8.65309965059069e-06,-2.43624528608599e-05,4.81348598357911e-06,-4.66965364838146e-05,-3.89869160821732e-05,1.13416062717114e-05,4.83261784502143e-06,-3.93350581137097e-05,-2.79712774261531e-05,1.30612561327903e-05,3.46717586363621e-06,4.9260514548722e-06,7.52507458171882e-06,-9.03547539429783e-06,-7.17432908030335e-06,-7.97913779601728e-05,-5.37977210866014e-05,0.00036679955378105,0.00345991405599388,-5.37427965657811e-05,5.01789084395021e-06,-4.43836503632999e-05,-3.59259239074428e-05,5.84602900133291e-06,3.78094296582532e-06,2.59902312684662e-06,1.86114631399448e-06,2.59936568735714e-05,0.00309311450221283,5.87606874097313e-05,8.45772645585718e-06,-2.06508603550759e-06,2.59902312684662e-06,2.59936568735714e-05,5.87606874097313e-05,2.06508603550759e-06
negative_demand_phi_250,phi_pi = 2.5,2.5,0.8,0.0025,33,-1.98070406285679e-06,8.68556369137963e-06,-2.18235197959604e-05,4.56922649205715e-06,-4.52753488099367e-05,-3.75521359515796e-05,1.1175233977978e-05,4.65476987038249e-06,-3.74360416175445e-05,-2.63848508603726e-05,1.2600701063098e-05,3.27053057588844e-06,4.36874694468518e-06,7.33064151567028e-06,-8.1677460945645e-06,-6.90872838596257e-06,-7.32250131878914e-05,-5.28820791022844e-05,0.000284404551748274,0.00332053412549094,-4.9683080031393e-05,6.03604043947215e-06,-4.29583849524962e-05,-3.41206843903485e-05,5.50082346673086e-06,3.63762951760549e-06,2.96189457098511e-06,1.25901770860193e-06,2.03429340856071e-05,0.00303612957374266,5.57191204708651e-05,8.83770056214761e-06,-1.86319394912537e-06,2.96189457098511e-06,2.03429340856071e-05,5.57191204708651e-05,1.86319394912537e-06
negative_demand_phi_250,phi_pi = 2.5,2.5,0.8,0.0025,34,-1.58456325028546e-06,8.63417267393807e-06,-1.93910266990116e-05,4.32763118496382e-06,-4.38867946389587e-05,-3.61680898867123e-05,1.0999868686204e-05,4.48321062991586e-06,-3.56179718923322e-05,-2.48637945523544e-05,1.21613997116909e-05,3.08198824948425e-06,3.82822213440027e-06,7.03692436523386e-06,-7.33617814653587e-06,-6.54100625843701e-06,-6.66081243372724e-05,-5.11999815775432e-05,0.000210686313617536,0.00318632079077652,-4.58768355615646e-05,7.09478216354142e-06,-4.15711832132404e-05,-3.23917186902944e-05,5.16503439751403e-06,3.49022797263565e-06,3.20870223083358e-06,7.95171888098856e-07,1.54081427597291e-05,0.00297563447715898,5.29716177251061e-05,9.17946452294593e-06,-1.67480642487838e-06,3.20870223083358e-06,1.54081427597291e-05,5.29716177251061e-05,1.67480642487838e-06
negative_demand_phi_250,phi_pi = 2.5,2.5,0.8,0.0025,35,-1.26765060022839e-06,8.5193110082038e-06,-1.70777161193625e-05,4.09107730625635e-06,-4.2529721209994e-05,-3.48336159801121e-05,1.08153740945305e-05,4.3177960995372e-06,-3.38763713086943e-05,-2.34067408368954e-05,1.17405569055734e-05,2.90137935567147e-06,3.31360593160916e-06,6.67393657614174e-06,-6.54986219306153e-06,-6.10299250526636e-06,-6.00489458800479e-05,-4.89036512698465e-05,0.000145370209897244,0.00305775911973694,-4.23235627323715e-05,8.16813049375753e-06,-4.02208896410627e-05,-3.07354821671435e-05,4.84076907292241e-06,3.34138553981234e-06,3.36033064453258e-06,4.46869687795171e-07,1.11452946102014e-05,0.00291238890983969,5.0491693226129e-05,9.48540747391924e-06,-1.49938353311008e-06,3.36033064453258e-06,1.11452946102014e-05,5.0491693226129e-05,1.49938353311008e-06
negative_demand_phi_250,phi_pi = 2.5,2.5,0.8,0.0025,36,-1.01412048018273e-06,8.35710559665692e-06,-1.48928418960415e-05,3.86135588237302e-06,-4.1203261706424e-05,-3.35475238580907e-05,1.06218758193916e-05,4.15837872663749e-06,-3.2207203348622e-05,-2.20122844406534e-05,1.13357769775807e-05,2.72852970401027e-06,2.83136825600426e-06,6.26566500103697e-06,-5.8149968843596e-06,-5.6202156239471e-06,-5.36377643701874e-05,-4.61304679114649e-05,8.80981902797728e-05,0.00293518467383258,-3.90197138978587e-05,9.23403010588686e-06,-3.89065403519906e-05,-2.91487276762314e-05,4.529515998275e-06,3.19319576647104e-06,3.4342967450327e-06,1.94781260412502e-07,7.5072964587225e-06,0.00284708648355281,4.82537440037456e-05,9.75781267575915e-06,-1.33632023180397e-06,3.4342967450327e-06,7.5072964587225e-06,4.82537440037456e-05,1.33632023180397e-06
negative_demand_phi_250,phi_pi = 2.5,2.5,0.8,0.0025,37,-8.11296384146208e-07,8.16028287720094e-06,-1.2842554007797e-05,3.63977432904505e-06,-3.99067712104628e-05,-3.23085775524312e-05,1.04197196616057e-05,4.00480530694802e-06,-3.0606818636425e-05,-2.0678964155918e-05,1.09450314031839e-05,2.5632581706625e-06,2.38580847080738e-06,5.83114076270486e-06,-5.13541620021651e-06,-5.11299191501002e-06,-4.74482871311022e-05,-4.30031078999388e-05,3.84474483912101e-05,0.00281880194908624,-3.59592028019717e-05,1.02740947864888e-05,-3.76273131130755e-05,-2.76284622923173e-05,4.23226042278735e-06,3.04728823530276e-06,3.44533229189748e-06,2.24242852064904e-08,4.44517923116339e-06,0.00278035450069503,4.62332975884605e-05,9.99885082075824e-06,-1.18497218748459e-06,3.44533229189748e-06,4.44517923116339e-06,4.62332975884605e-05,1.18497218748459e-06
negative_demand_phi_250,phi_pi = 2.5,2.5,0.8,0.0025,38,-6.49037107316986e-07,7.93885425265373e-06,-1.09302767424824e-05,3.42724291502172e-06,-3.86397729855714e-05,-3.11154876802e-05,1.02094318875645e-05,3.85691601519078e-06,-2.9071906169742e-05,-1.94052526988342e-05,1.05666249308189e-05,2.40537544138331e-06,1.9794664894348e-06,5.38531782090339e-06,-4.51303652458657e-06,-4.59732403668145e-06,-4.15390816445316e-05,-3.96299233478142e-05,-4.05281946314062e-06,0.00270870197701178,-3.31338749642862e-05,1.12733214794325e-05,-3.63824873939045e-05,-2.61719101284363e-05,3.94958080152108e-06,2.90490502874441e-06,3.40585133146859e-06,-8.42875120948827e-08,1.90915829671734e-06,0.00271275479647493,4.44071964437187e-05,1.02105772654681e-05,-1.04467577277667e-06,3.40585133146859e-06,1.90915829671734e-06,4.44071964437187e-05,1.04467577277667e-06
negative_demand_phi_250,phi_pi = 2.5,2.5,0.8,0.0025,39,-5.19229685853608e-07,7.70066464061969e-06,-9.15707349569139e-06,3.22434761335089e-06,-3.74019139337545e-05,-2.99669106640366e-05,9.99168218462909e-06,3.71454430840579e-06,-2.75994497879184e-05,-1.81895531916609e-05,1.01991613642022e-05,2.25468357542558e-06,1.61346928490924e-06,4.93979671077095e-06,-3.94823602602179e-06,-4.08564569286118e-06,-3.59550441496187e-05,-3.61055088574508e-05,-3.99065431260226e-05,0.00260487891872874,-3.0533937565469e-05,1.22197905740862e-05,-3.51714129528391e-05,-2.47764808090079e-05,3.68172932119215e-06,2.76696590528758e-06,3.32632742586171e-06,-1.37409666839394e-07,-1.50464707832088e-07,0.00264478546185476,4.27537281395551e-05,1.03949321438312e-05,-9.14763415904574e-07,3.32632742586171e-06,1.50464707832088e-07,4.27537281395551e-05,9.14763415904574e-07
negative_demand_phi_250,phi_pi = 2.5,2.5,0.8,0.0025,40,-4.15383748682905e-07,7.45183169681418e-06,-7.52199330478209e-06,3.03141148005892e-06,-3.61929280522366e-05,-2.8861453054696e-05,9.76724969550813e-06,3.57751746178636e-06,-2.61866896572593e-05,-1.7030200816448e-05,9.84150985405829e-06,2.11097621048706e-06,1.28782305554472e-06,4.50342296051502e-06,-3.44017652564865e-06,-3.58744134361377e-06,-3.07288637745456e-05,-3.2511411167363e-05,-6.96377433220263e-05,0.00250724553459314,-2.81483478917766e-05,1.31043612821014e-05,-3.39934855529966e-05,-2.34397430050048e-05,3.42869909664145e-06,2.63412386325435e-06,3.21559990497031e-06,-1.4726481796512e-07,-1.78254739281736e-06,0.00257688327791517,4.12527091738779e-05,1.05537425479918e-05,-7.94575233387107e-07,3.21559990497031e-06,1.78254739281736e-06,4.12527091738779e-05,7.94575233387107e-07
negative_demand_strong_inflation_policy,Stronger rule: phi_pi = 3.0,3,0.8,0.0025,1,-0.0025,-0.0011685973354969,-0.00170016204694123,-0.00147170839756661,-0.00100815328292514,-0.00199963474087717,-0.000589211955166993,0.000247864450523133,-0.00101386310686646,-0.0019921380774286,-0.000578991383858488,0.000246935202631776,0.00053037230121059,0.0014921455539012,-0.000663079797029786,-0.001608512240887,0.000143252727130325,0.000199099185765939,0.000143252727130339,0.000199099185765661,-0.00173554056619551,-0.00166478352768695,-0.00130559772031069,-0.00130734559803503,-0.00148284053204795,-0.00146057626308527,0.000961773252690613,-0.000945432443857211,5.58464586356139e-05,5.58464586353224e-05,7.07570385085621e-05,-1.74787772433405e-06,2.22642689626795e-05,0.000961773252690613,5.58464586356139e-05,7.07570385085621e-05,2.22642689626795e-05
negative_demand_strong_inflation_policy,Stronger rule: phi_pi = 3.0,3,0.8,0.0025,2,-0.002,-0.0015084854595051,-0.00105604880236887,-0.000790287410972978,-0.0004584929106769,-0.00102897428743098,-0.000354092998638575,0.00012754636691531,-0.000469285742413783,-0.00101815691711193,-0.000337189054855719,0.000126205501258483,-0.000114011650617206,-0.00035204307317678,2.84804641032671e-05,0.000282596613188996,0.000247270001880726,0.000352743712040582,0.00038694141083262,0.000546865418161957,-0.00111857165982565,-0.000993525944911977,-0.000629637323703025,-0.000633947094823228,-0.000800197475964715,-0.000780377345981242,-0.000238031422559574,0.000254116149085729,0.000105473710159856,0.000159924007329337,0.000125045714913674,-4.30977112020337e-06,1.98201299834722e-05,0.000238031422559574,0.000105473710159856,0.000125045714913674,1.98201299834722e-05
negative_demand_strong_inflation_policy,Stronger rule: phi_pi = 3.0,3,0.8,0.0025,3,-0.0016,-0.00147856253565304,-0.000647706507132972,-0.00043131417102138,-0.000215886331583648,-0.000542980391806447,-0.000208850099469027,6.73050601235764e-05,-0.000230823633047161,-0.00053118345544001,-0.000187741516479184,6.58427724914701e-05,-0.000359690746197969,-0.0010563040230233,0.000303825552000564,0.00101682427673111,0.000313549331496354,0.000462267846076225,0.000690817207058103,0.000995461628784611,-0.00073060161499916,-0.000564811399266785,-0.00031401454965041,-0.000320931579764983,-0.0004393944191734,-0.000423233922869359,-0.000696613276825327,0.000712998724730546,0.000148718514579871,0.000304644421726508,0.000165790215732375,-6.91703011457268e-06,1.61604963040407e-05,0.000696613276825327,0.000148718514579871,0.000165790215732375,1.61604963040407e-05
negative_demand_strong_inflation_policy,Stronger rule: phi_pi = 3.0,3,0.8,0.0025,4,-0.00128,-0.00130442641037964,-0.000391722096806379,-0.000241744197371219,-0.000117396738346209,-0.000303430946641536,-0.000119451050970235,3.76117414463556e-05,-0.000135448638284408,-0.000291882699589574,-9.58920453581619e-05,3.6180280064177e-05,-0.000417701750931923,-0.00122417444502488,0.0003802792909081,0.00120362165810313,0.000347765539976772,0.00053320278711895,0.00102131231685831,0.0015037778751843,-0.000489408658171486,-0.000294035535441162,-0.000173207000834785,-0.000182378856675935,-0.000247816561323444,-0.000235671833418882,-0.000806472694092957,0.000823342367195029,0.000185437247142178,0.000482465558325984,0.000195373122730325,-9.17185584115021e-06,1.21447279045617e-05,0.000806472694092957,0.000185437247142178,0.000195373122730325,1.21447279045617e-05
negative_demand_strong_inflation_policy,Stronger rule: phi_pi = 3.0,3,0.8,0.0025,5,-0.001024,-0.00109235581398592,-0.000233516354355201,-0.000140797680087346,-8.31479218520448e-05,-0.000187285973810902,-6.47054531265207e-05,2.32150072412562e-05,-0.000103318458497315,-0.000176548067036153,-3.99414486398492e-05,2.18839914771785e-05,-0.000393980383024023,-0.00115851622069032,0.000367874126358567,0.0011497357423137,0.000356629348393311,0.000572257467329612,0.00135240885733001,0.00203844089563354,-0.000341416038293407,-0.000125616670417106,-0.00011438933743968,-0.000125287341058988,-0.000144928271324951,-0.000136667088849629,-0.000764535837666297,0.000781861615955129,0.000215628118936301,0.00068603203830353,0.000215799367876301,-1.08980036193085e-05,8.26118247532204e-06,0.000764535837666297,0.000215628118936301,0.000215799367876301,8.26118247532204e-06
negative_demand_strong_inflation_policy,Stronger rule: phi_pi = 3.0,3,0.8,0.0025,6,-0.0008192,-0.00088882288055725,-0.000137620968522434,-8.6079739467837e-05,-7.51899231345998e-05,-0.000131758435624185,-3.14269053474786e-05,1.63320988479376e-05,-9.65827712807732e-05,-0.000122004176006163,-6.33947626224596e-06,1.51230109324968e-05,-0.0003401478791391,-0.00100681839506749,0.000320878107176084,0.00100519442971982,0.000346504966546896,0.000585959257471416,0.00166510360244398,0.00257343913071484,-0.000252008906781898,-2.32330302628592e-05,-9.21604768815421e-05,-0.000104209192698379,-8.84628139979915e-05,-8.36966649377935e-05,-0.00066667051592839,0.000684316322543732,0.000239454290924521,0.000908335528270854,0.000228775876519038,-1.2048715816837e-05,4.76614906019801e-06,0.00066667051592839,0.000239454290924521,0.000228775876519038,4.76614906019801e-06
negative_demand_strong_inflation_policy,Stronger rule: phi_pi = 3.0,3,0.8,0.0025,7,-0.00065536,-0.000711205437312401,-8.11141933644288e-05,-5.54767674437739e-05,-7.63110495837216e-05,-0.000105290337184094,-1.14150457375534e-05,1.30512493297097e-05,-9.81584855634932e-05,-9.64782766481598e-05,1.33774987660928e-05,1.19589515724938e-05,-0.00028018832825767,-0.000837526374457649,0.000264972454215681,0.00084009613319018,0.0003228888675052,0.000580113880391878,0.00194636487988831,0.00308921703283893,-0.000198992276110532,3.67638893814526e-05,-8.50048358638222e-05,-9.76544228888931e-05,-5.63630527214976e-05,-5.45904821660503e-05,-0.000557338046199978,0.000575123678974498,0.000257225012886678,0.00114285215295062,0.000235756165491985,-1.26495870250709e-05,1.77257055544722e-06,0.000557338046199978,0.000257225012886678,0.000235756165491985,1.77257055544722e-06
negative_demand_strong_inflation_policy,Stronger rule: phi_pi = 3.0,3,0.8,0.0025,8,-0.000524288,-0.000563387331034004,-4.92513974444941e-05,-3.7525752465406e-05,-7.92741629682681e-05,-9.23247278995509e-05,4.25920201635455e-07,1.14440990060527e-05,-0.000100943919046914,-8.43059536181912e-05,2.44970404089107e-05,1.0450132937892e-05,-0.000224328059887437,-0.000679755238313456,0.000211463865511824,0.000684629599460265,0.000290291907736051,0.000559654337607157,0.00218799766562672,0.00357164094462448,-0.00016823715233627,6.97343574471709e-05,-8.3189332447664e-05,-9.59525294182972e-05,-3.71793395858022e-05,-3.78721653450098e-05,-0.00045542717842602,0.000473165733948441,0.000269362429871106,0.00138364327899776,0.000237971509783441,-1.27631969706332e-05,-6.92825759207594e-07,0.00045542717842602,0.000269362429871106,0.000237971509783441,6.92825759207594e-07
negative_demand_strong_inflation_policy,Stronger rule: phi_pi = 3.0,3,0.8,0.0025,9,-0.0004194304,-0.000443506841516061,-3.25877101617911e-05,-2.63177518208257e-05,-8.14473959818152e-05,-8.53849754878233e-05,7.25950922866869e-06,1.05838829460164e-05,-0.000102436842093323,-7.79679956323109e-05,3.03227846326359e-05,9.66451222353393e-06,-0.000176165940197379,-0.000543691544514434,0.000164633821425328,0.000549677758890643,0.000252296103936359,0.000528662840323241,0.00238559382792314,0.00401101276133264,-0.000150816348538085,8.56409282143922e-05,-8.2628669833662e-05,-9.50961881550638e-05,-2.4991388325013e-05,-2.76441153166385e-05,-0.000367525604317056,0.000385043937465315,0.000276366736386882,0.00162541893340951,0.000236457276752478,-1.24675183214018e-05,-2.65272699162544e-06,0.000367525604317056,0.000276366736386882,0.000236457276752478,2.65272699162544e-06
negative_demand_strong_inflation_policy,Stronger rule: phi_pi = 3.0,3,0.8,0.0025,10,-0.00033554432,-0.00034767797773827,-2.50987923522406e-05,-1.88173744990472e-05,-8.21915983643118e-05,-8.09990968401175e-05,1.10470232422416e-05,1.00402319587328e-05,-0.00010211527985704,-7.39875575989091e-05,3.29184629805496e-05,9.17111757207933e-06,-0.000136273840077379,-0.000430893898980938,0.000125481816973208,0.00043725050177508,0.000211675277069334,0.000490460218704886,0.00253762925929379,0.00440119766100366,-0.000141137422366322,9.09398376618409e-05,-8.18338479070535e-05,-9.36769631795231e-05,-1.67395109459401e-05,-2.08952380521543e-05,-0.000294620058903559,0.000311768684801872,0.000278784941635551,0.00186356840170987,0.000232077260028163,-1.18431152724696e-05,-4.15572710621426e-06,0.000294620058903559,0.000278784941635551,0.000232077260028163,4.15572710621426e-06
negative_demand_strong_inflation_policy,Stronger rule: phi_pi = 3.0,3,0.8,0.0025,11,-0.000268435456,-0.000271682621956648,-2.29612121966927e-05,-1.3463145846937e-05,-8.1633683294724e-05,-7.7631075270812e-05,1.30020245424772e-05,9.62274930624285e-06,-0.000100207994430668,-7.08441951297045e-05,3.3572408630389e-05,8.78148250758881e-06,-0.000103970587733075,-0.000339365967466585,9.35916985159851e-05,0.000345643739608686,0.000170528446347448,0.000447713405759526,0.00264471697415924,0.00473888112523824,-0.000135734482495597,8.98120581023232e-05,-8.04329008875504e-05,-9.13988546403788e-05,-1.08323515473074e-05,-1.60939401465665e-05,-0.00023539537973351,0.000252052041092701,0.000277184959412077,0.00209416415107899,0.000225546540597921,-1.09659537528284e-05,-5.26158859925907e-06,0.00023539537973351,0.000277184959412077,0.000225546540597921,5.26158859925907e-06
negative_demand_strong_inflation_policy,Stronger rule: phi_pi = 3.0,3,0.8,0.0025,12,-0.0002147483648,-0.000211665818667939,-2.37646513147061e-05,-9.44289109994223e-06,-8.01215103006792e-05,-7.4649289048323e-05,1.38731655619645e-05,9.25314240328434e-06,-9.71487980043761e-05,-6.79314897017447e-05,3.30876869158031e-05,8.42043850506069e-06,-7.81640795277875e-05,-0.000265962228666258,6.80332033580061e-05,0.000271900964299646,0.000130404366445375,0.000402539499377783,0.00270900341625069,0.00502294859648522,-0.000132490982933775,8.49616803042519e-05,-7.84798439249501e-05,-8.83836055135534e-05,-6.42674330453286e-06,-1.24590388954626e-05,-0.00018779814913847,0.000203867760941639,0.000272135132932408,0.00231394518023453,0.000217452663238027,-9.90376158860329e-06,-6.03229559092977e-06,0.00018779814913847,0.000272135132932408,0.000217452663238027,6.03229559092977e-06
negative_demand_strong_inflation_policy,Stronger rule: phi_pi = 3.0,3,0.8,0.0025,13,-0.00017179869184,-0.000164359854690987,-2.60047724556234e-05,-6.32231552510909e-06,-7.80036727843214e-05,-7.18241010899678e-05,1.41201633594989e-05,8.90294661672064e-06,-9.33570905046199e-05,-6.50480905610706e-05,3.19634195785762e-05,8.06302715936069e-06,-5.77271556166815e-05,-0.000207459156642565,4.77758795976446e-05,0.000212920549128415,9.24096998714541e-05,0.000356598355727836,0.00273368803071605,0.00525397323730115,-0.000130142183075832,7.81326381646963e-05,-7.61498012760153e-05,-8.48643905215773e-05,-3.05886187912385e-06,-9.58576917109433e-06,-0.000149732001025884,0.00016514466953077,0.000264188655856382,0.00252028520658509,0.000208274821240528,-8.71458924556201e-06,-6.52690729197047e-06,0.000149732001025884,0.000264188655856382,0.000208274821240528,6.52690729197047e-06
negative_demand_strong_inflation_policy,Stronger rule: phi_pi = 3.0,3,0.8,0.0025,14,-0.000137438953472,-0.000127099467233105,-2.87574766555387e-05,-3.85681240955282e-06,-7.55571224696494e-05,-6.90910393204014e-05,1.40232796127793e-05,8.56417031928902e-06,-8.91669235985049e-05,-6.21571255984277e-05,3.05081953429764e-05,7.70467799322827e-06,-4.16466604073822e-05,-0.000160977280586914,3.18624041213966e-05,0.000165901172045985,5.72996851671004e-05,0.00031117183683127,0.00272264551511547,0.00543379574320024,-0.000127957909156207,7.04429558451292e-05,-7.36172975248639e-05,-8.10639841984928e-05,-4.57377579476947e-07,-7.25624723973972e-06,-0.000119330620179532,0.000134038767924588,0.00025387215166417,0.00271115022808477,0.000198400865001336,-7.44668667362891e-06,-6.79886966026277e-06,0.000119330620179532,0.00025387215166417,0.000198400865001336,6.79886966026277e-06
negative_demand_strong_inflation_policy,Stronger rule: phi_pi = 3.0,3,0.8,0.0025,15,-0.0001099511627776,-9.77553517991225e-05,-3.1469894224978e-05,-1.89734622146887e-06,-7.29770673854047e-05,-6.64443948209525e-05,1.3751434491352e-05,8.23610586271617e-06,-8.48186295069331e-05,-5.92778175642072e-05,2.89110726881814e-05,7.34777376007467e-06,-2.90668394082698e-05,-0.000124101071502635,1.94673951783159e-05,0.000128476829343888,2.55527549409135e-05,0.000267230427946505,0.00268013213217877,0.00556518127756611,-0.000125540948317737,6.26011598676701e-05,-7.10172656160912e-05,-7.71563859240931e-05,1.55009359925629e-06,-5.34478604219402e-06,-9.50342320943653e-05,0.000109009434165572,0.000241677673005591,0.00288504914538734,0.000188142108185407,-6.1391203080019e-06,-6.8948796414503e-06,9.50342320943653e-05,0.000241677673005591,0.000188142108185407,6.8948796414503e-06
negative_demand_strong_inflation_policy,Stronger rule: phi_pi = 3.0,3,0.8,0.0025,16,-8.79609302220801e-05,-7.46448956550072e-05,-3.38262724763894e-05,-3.44035963717459e-07,-7.03894042750619e-05,-6.38929515943687e-05,1.34045913943032e-05,7.91984206691132e-06,-8.04730331511738e-05,-5.64403538020342e-05,2.72860866530888e-05,6.99605632793754e-06,-1.92870236492928e-05,-9.48683931349462e-05,9.90486592251927e-06,9.87161049154084e-05,-2.56861999979596e-06,0.000225488839194515,0.00261056020887374,0.00565154058482165,-0.000122699288632844,5.5046743679954e-05,-6.84404684708761e-05,-7.32632293464208e-05,3.08331127119033e-06,-3.77138319862524e-06,-7.55813694856534e-05,8.88112389928891e-05,0.000228057459194311,0.00304098037594791,0.000177746032312798,-4.82276087554467e-06,-6.85469446981557e-06,7.55813694856534e-05,0.000228057459194311,0.000177746032312798,6.85469446981557e-06
negative_demand_strong_inflation_policy,Stronger rule: phi_pi = 3.0,3,0.8,0.0025,17,-7.03687441776641e-05,-5.6445390800075e-05,-3.56618262908892e-05,8.76440271024848e-07,-6.78683562610471e-05,-6.14440335944266e-05,1.30401390117107e-05,7.61628677151127e-06,-7.62307793399364e-05,-5.36697504112116e-05,2.57001890300868e-05,6.65262656396326e-06,-1.17423118308098e-05,-7.1711779482158e-05,2.61508162047175e-06,7.50698464479782e-05,-2.69685386472263e-05,0.000186452348965499,0.00251832766500559,0.00569670441916692,-0.000119365362063917,4.80417094821384e-05,-6.59410594611165e-05,-6.94624706613078e-05,4.23218198952746e-06,-2.47930144747777e-06,-5.99694676513482e-05,7.24547648275065e-05,0.000213420887612725,0.00317837675416133,0.000167407071546055,-3.52141120019134e-06,-6.71148343700523e-06,5.99694676513482e-05,0.000213420887612725,0.000167407071546055,6.71148343700523e-06
negative_demand_strong_inflation_policy,Stronger rule: phi_pi = 3.0,3,0.8,0.0025,18,-5.62949953421313e-05,-4.21189231563091e-05,-3.69072801059689e-05,1.82176166352299e-06,-6.54525802176176e-05,-5.90995781467596e-05,1.2689318636544e-05,7.32568011749257e-06,-7.2149967450974e-05,-5.09821265817223e-05,2.41908204145075e-05,6.31948252016734e-06,-5.98030379208312e-06,-5.33889377386746e-05,-2.85481370131124e-06,5.63058623939544e-05,-4.76776612040736e-05,0.000150455488347093,0.00240769181217626,0.0057047422970351,-0.000115545129702244,4.17305694901948e-05,-6.35466795964046e-05,-6.57996151902651e-05,5.06799186927864e-06,-1.42446854212164e-06,-4.74086339465915e-05,5.91606760952657e-05,0.000198133149551166,0.00329705048485884,0.000157275699192438,-2.25293559386053e-06,-6.49246041140028e-06,4.74086339465915e-05,0.000198133149551166,0.000157275699192438,6.49246041140028e-06
negative_demand_strong_inflation_policy,Stronger rule: phi_pi = 3.0,3,0.8,0.0025,19,-4.5035996273705e-05,-3.08508824486964e-05,-3.75530580400962e-05,2.53927984394942e-06,-6.31577619566448e-05,-5.68566932591663e-05,1.23674564444926e-05,7.04766362834286e-06,-6.8260082141558e-05,-4.83856570057117e-05,2.27769854281579e-05,5.99763748936055e-06,-1.63929413295487e-06,-3.89179551994225e-05,-6.87015674519231e-06,4.144689823668e-05,-6.48208477581763e-05,0.000117694416558914,0.00228267866911391,0.00567981815616747,-0.000111286081497575,3.61799654176043e-05,-6.12674413474901e-05,-6.22977546007597e-05,5.64909567613014e-06,-5.70535988342336e-07,-3.72786610664676e-05,4.83170549818723e-05,0.00018251526431709,0.00339713948705356,0.000147466046915179,-1.03031325326963e-06,-6.21963166447248e-06,3.72786610664676e-05,0.00018251526431709,0.000147466046915179,6.21963166447248e-06
negative_demand_strong_inflation_policy,Stronger rule: phi_pi = 3.0,3,0.8,0.0025,20,-3.6028797018964e-05,-2.20010693243733e-05,-3.76260745996726e-05,3.06871522437469e-06,-6.09856679382181e-05,-5.47094176899243e-05,1.20803377643419e-05,6.78149837915476e-06,-6.457218497391e-05,-4.58828024090252e-05,2.14662505038515e-05,5.68739649051131e-06,1.57025491716702e-06,-2.75223869332583e-05,-9.7257610343765e-06,2.971756920013e-05,-7.85910279554325e-05,8.82540875855459e-05,0.00214702067443007,0.0056260767898495,-0.000106657213421957,3.14050642227226e-05,-5.91027928638077e-05,-5.89653702044446e-05,6.02399452498403e-06,1.13435923765337e-07,-2.90926418504253e-05,3.94433302345065e-05,0.000166845115540978,0.00347905611541943,0.000138062277644679,1.37422659363118e-07,-5.9105586012187e-06,2.90926418504253e-05,0.000166845115540978,0.000138062277644679,5.9105586012187e-06
negative_demand_strong_inflation_policy,Stronger rule: phi_pi = 3.0,3,0.8,0.0025,21,-2.88230376151712e-05,-1.50654097967884e-05,-3.71746324834277e-05,3.443660719471e-06,-5.89302847506801e-05,-5.26504067186462e-05,1.1828176164283e-05,6.52627395611449e-06,-6.10860090437537e-05,-4.34724700143496e-05,2.0259177444984e-05,5.3886240685419e-06,3.88072313259932e-06,-1.85868597598633e-05,-1.16599754172581e-05,2.05012060222887e-05,-8.92281602499767e-05,6.21310912108375e-05,0.00200411699731973,0.0055475559613134,-0.000101736588663304,2.73873236964484e-05,-5.70463213410699e-05,-5.58019473348992e-05,6.23319983472648e-06,6.54121604215518e-07,-2.24675828924626e-05,3.21611814395467e-05,0.000151359251460814,0.00354343896399367,0.000129123912359752,1.24437400617072e-06,-5.57907823051096e-06,2.24675828924626e-05,0.000151359251460814,0.000129123912359752,5.57907823051096e-06
negative_demand_strong_inflation_policy,Stronger rule: phi_pi = 3.0,3,0.8,0.0025,22,-2.3058430092137e-05,-9.6461946499371e-06,-3.62585619302358e-05,3.6925521744724e-06,-5.69817889117807e-05,-5.06721596587045e-05,1.16080808347657e-05,6.28106061266454e-06,-5.77947174587035e-05,-4.11516804206258e-05,1.91521401824157e-05,5.10095091220408e-06,5.47920203852661e-06,-1.16220569508114e-05,-1.28659701589262e-05,1.33056846155222e-05,-9.7002363334292e-05,3.9252875103285e-05,0.00185701170905261,0.00544811993738392,-9.6603704612841e-05,2.40865807523694e-05,-5.50889001358357e-05,-5.2801806347258e-05,6.3105283119036e-06,1.0745760370412e-06,-1.71012589893381e-05,2.61716547744484e-05,0.000136255238437577,0.00359110822833131,0.00012069028536521,2.28709378857772e-06,-5.2359522748624e-06,1.71012589893381e-05,0.000136255238437577,0.00012069028536521,5.2359522748624e-06
negative_demand_strong_inflation_policy,Stronger rule: phi_pi = 3.0,3,0.8,0.0025,23,-1.84467440737096e-05,-5.42900365774202e-06,-3.49427715955475e-05,3.83939669168498e-06,-5.51289949831668e-05,-4.87677680505172e-05,1.1415584521085e-05,6.04500201160929e-06,-5.46879948895018e-05,-3.89167006776825e-05,1.81391187046714e-05,4.82391430417506e-06,6.51677631895381e-06,-6.23744771662514e-06,-1.35006679067712e-05,7.73673677662012e-06,-0.000102200480318171,1.94939156311497e-05,0.00170838593600831,0.00533141085458055,-9.13349098009553e-05,2.14493666097493e-05,-5.3220626903383e-05,-4.99566066259893e-05,6.28411344649749e-06,1.39467993687248e-06,-1.2754224035579e-05,2.12374046833913e-05,0.000121694395949321,0.00362302491857225,0.000112784276410705,3.2640202773937e-06,-4.88943350962501e-06,1.2754224035579e-05,0.000121694395949321,0.000112784276410705,4.88943350962501e-06
negative_demand_strong_inflation_policy,Stronger rule: phi_pi = 3.0,3,0.8,0.0025,24,-1.47573952589677e-05,-2.16480601378244e-06,-3.32930388431407e-05,3.90437963493362e-06,-5.33607824169113e-05,-4.69312847343195e-05,1.1245582315883e-05,5.81736097358954e-06,-5.17539940382283e-05,-3.67637373162033e-05,1.72128432001789e-05,4.55704402547996e-06,7.11575598462194e-06,-2.12016257690635e-06,-1.36917737309783e-05,3.47722929390504e-06,-0.000105115476071949,2.68929742429369e-06,0.00156056081153633,0.00520081488064061,-8.60007604873703e-05,1.94146828009778e-05,-5.14319331120783e-05,-4.72569170216763e-05,6.17725391238721e-06,1.63150535725798e-06,-9.23591856152829e-06,1.71690030248833e-05,0.000107804773496242,0.00364025406910429,0.000105415443288348,4.17501609040194e-06,-4.54574855512924e-06,9.23591856152829e-06,0.000107804773496242,0.000105415443288348,4.54574855512924e-06
negative_demand_strong_inflation_policy,Stronger rule: phi_pi = 3.0,3,0.8,0.0025,25,-1.18059162071742e-05,3.43953097114991e-07,-3.13732851837667e-05,3.90439625785888e-06,-5.16668619725547e-05,-4.51578331930325e-05,1.10928999601245e-05,5.59753303060184e-06,-4.89805179539893e-05,-3.46893098164269e-05,1.6365523234696e-05,4.29990864876661e-06,7.37531984202656e-06,9.81355610413237e-07,-1.35433109936384e-05,2.71097503792839e-07,-0.000106038177838982,-1.13539212652364e-05,0.00141550861340889,0.00505944058735963,-8.06646134755562e-05,1.79180431079118e-05,-4.97141533386536e-05,-4.46931555126984e-05,6.00914741788472e-06,1.79964509783304e-06,-6.39396423161333e-06,1.38144084974312e-05,9.4684256573746e-05,0.00364393197395074,9.8582656583468e-05,5.02099782595522e-06,-4.20950232005168e-06,6.39396423161333e-06,9.4684256573746e-05,9.8582656583468e-05,4.20950232005168e-06
negative_demand_strong_inflation_policy,Stronger rule: phi_pi = 3.0,3,0.8,0.0025,26,-9.44473296573933e-06,2.25419967625484e-06,-2.92438481458435e-05,3.85352367926473e-06,-5.00381302720454e-05,-4.34435585578985e-05,1.09526284739897e-05,5.38504035292597e-06,-4.6355704762413e-05,-3.26904111112025e-05,1.55893102343624e-05,4.05213543344662e-06,7.37593944389811e-06,3.27002853867629e-06,-1.31399980269481e-05,-2.08913322295723e-06,-0.000105250955607067,-2.28472444171179e-05,0.00127486994246606,0.00491010732825803,-7.53820078893686e-05,1.68943115976816e-05,-4.8059758757879e-05,-4.22561166670832e-05,5.79552981228026e-06,1.91151754602714e-06,-4.10591090522182e-06,1.10508648039909e-05,8.24037111899489e-05,0.00363523738579197,9.22763194870502e-05,5.80364209079587e-06,-3.88401226625312e-06,4.10591090522182e-06,8.24037111899489e-05,9.22763194870502e-05,3.88401226625312e-06
negative_demand_strong_inflation_policy,Stronger rule: phi_pi = 3.0,3,0.8,0.0025,27,-7.55578637259147e-06,3.69071581540759e-06,-2.69604299492077e-05,3.76343844465943e-06,-4.84667778714032e-05,-4.17854948333574e-05,1.08203110375932e-05,5.1795152909706e-06,-4.38683958167152e-05,-3.07645367813025e-05,1.48765872738377e-05,3.81341394456447e-06,7.18286968300627e-06,4.9100075125777e-06,-1.25507299149202e-05,-3.77207362360632e-06,-0.000103023007295949,-3.20129121620105e-05,0.00113997518660902,0.00475534173288938,-7.02005499285674e-05,1.6279690030041e-05,-4.64623929600227e-05,-3.99372381060248e-05,5.54922931028656e-06,1.97764757903229e-06,-2.27286217042858e-06,8.77865629131391e-06,7.10100951339387e-05,0.00361536654628036,8.64802399586084e-05,6.52515485399796e-06,-3.57158173125427e-06,2.27286217042858e-06,7.10100951339387e-05,8.64802399586084e-05,3.57158173125427e-06
negative_demand_strong_inflation_policy,Stronger rule: phi_pi = 3.0,3,0.8,0.0025,28,-6.04462909807318e-06,4.75279909073478e-06,-2.45735113858503e-05,3.64378245021335e-06,-4.69462576550006e-05,-4.01813982695565e-05,1.06920363318469e-05,4.98067972101723e-06,-4.15083073435074e-05,-2.89096405043932e-05,1.42201460823083e-05,3.58349053052043e-06,6.84892391192163e-06,6.034385738235e-06,-1.18313691681582e-05,-4.91508667567475e-06,-9.96069688007917e-05,-3.9077488833264e-05,0.00101186883814286,0.00459738070073445,-6.51601162968696e-05,1.6013093525169e-05,-4.49167998394229e-05,-3.77287072917953e-05,5.28064320759469e-06,2.00692169283201e-06,-8.14538173686628e-07,6.91628249248344e-06,6.05294799675277e-05,0.00358551186259159,8.11732098220386e-05,7.18809254762753e-06,-3.27372151476268e-06,8.14538173686628e-07,6.05294799675277e-05,8.11732098220386e-05,3.27372151476268e-06
negative_demand_strong_inflation_policy,Stronger rule: phi_pi = 3.0,3,0.8,0.0025,29,-4.83570327845855e-06,5.5195058286106e-06,-2.2128088702833e-05,3.50248028979649e-06,-4.54711805766284e-05,-3.86295776659829e-05,1.05644727500936e-05,4.78832401057394e-06,-3.92660836856518e-05,-2.71240539130302e-05,1.3613289722228e-05,3.36215838905862e-06,6.41669807578942e-06,6.75125857266257e-06,-1.10270006021956e-05,-5.63028295771928e-06,-9.52366135249655e-05,-4.42666725247592e-05,0.000891335503664159,0.00443817951069114,-6.02932562898673e-05,1.60370788842013e-05,-4.34186997034791e-05,-3.5623474753832e-05,4.99814442544988e-06,2.00681615414311e-06,3.34560496873144e-07,5.39671764447636e-06,5.09699410002062e-05,0.00354684400702698,7.63303351740685e-05,7.79522494964713e-06,-2.99132827130677e-06,3.34560496873144e-07,5.09699410002062e-05,7.63303351740685e-05,2.99132827130677e-06
negative_demand_strong_inflation_policy,Stronger rule: phi_pi = 3.0,3,0.8,0.0025,30,-3.86856262276684e-06,6.05379131379813e-06,-1.96636362046476e-05,3.34601193907602e-06,-4.40371795012995e-05,-3.71287388237773e-05,1.04348654874631e-05,4.60228773736804e-06,-3.71332820242598e-05,-2.54063947514593e-05,1.3049885846439e-05,3.14924618285972e-06,5.92036771903575e-06,7.14851112088022e-06,-1.01737682294545e-05,-6.0092665578465e-06,-9.01254426306786e-05,-4.78011589321869e-05,0.000778926673442371,0.00427942386399138,-5.56257134124438e-05,1.62984410030376e-05,-4.19646472979984e-05,-3.36152158424419e-05,4.70842559296969e-06,1.98359828518235e-06,1.22814340184447e-06,4.16450167160798e-06,4.23242836984916e-05,0.00350049719054901,7.19241544154814e-05,8.34943145555656e-06,-2.72482730778734e-06,1.22814340184447e-06,4.23242836984916e-05,7.19241544154814e-05,2.72482730778734e-06
negative_demand_strong_inflation_policy,Stronger rule: phi_pi = 3.0,3,0.8,0.0025,31,-3.09485009821348e-06,6.40578733634989e-06,-1.72142266878783e-05,3.17964532858817e-06,-4.26407649766203e-05,-3.56778513638245e-05,1.03010107056628e-05,4.42244318092644e-06,-3.51023198605915e-05,-2.3755477345011e-05,1.25243868485808e-05,2.94460694179322e-06,5.38715126718881e-06,7.29762085227223e-06,-9.30038351984463e-06,-6.12691340977356e-06,-8.44659976092649e-05,-4.98934132303064e-05,0.000674987508996416,0.00412254485416153,-5.1177013608017e-05,1.67485602322603e-05,-4.05518908928038e-05,-3.16982671059174e-05,4.41678849183447e-06,1.94250216534186e-06,1.91046958508342e-06,3.17347011007107e-06,3.45725843789585e-05,0.00344755734516511,6.79255738402773e-05,8.85362378688637e-06,-2.4742863264926e-06,1.91046958508342e-06,3.45725843789585e-05,6.79255738402773e-05,2.4742863264926e-06
negative_demand_strong_inflation_policy,Stronger rule: phi_pi = 3.0,3,0.8,0.0025,32,-2.47588007857079e-06,6.61540254420778e-06,-1.48087613294212e-05,3.00763361749112e-06,-4.1279186114962e-05,-3.42760405184217e-05,1.0161216024443e-05,4.24868190951333e-06,-3.3166404470153e-05,-2.21702328581097e-05,1.20318277432307e-05,2.74810817846305e-06,4.83851030354948e-06,7.25669400545095e-06,-8.42937300470081e-06,-6.04439657229949e-06,-7.84297522510302e-05,-5.07452213614756e-05,0.000579683069021009,0.00396873601144598,-4.69610842025459e-05,1.73435615435924e-05,-3.91782424360443e-05,-2.98675529865067e-05,4.12738644040012e-06,1.88788079458213e-06,2.41818370190147e-06,2.38497643240132e-06,2.76845308895546e-05,0.00338905294242497,6.43046457461383e-05,9.31068944953761e-06,-2.23950564581799e-06,2.41818370190147e-06,2.76845308895546e-05,6.43046457461383e-05,2.23950564581799e-06
negative_demand_strong_inflation_policy,Stronger rule: phi_pi = 3.0,3,0.8,0.0025,33,-1.98070406285663e-06,6.71438939137126e-06,-1.24712738424071e-05,2.83338188777904e-06,-3.99503032300075e-05,-3.29225032301705e-05,1.00142534274344e-05,4.08090438026865e-06,-3.1319455832346e-05,-2.06496426642389e-05,1.1567809091978e-05,2.55962362917528e-06,4.29114070085376e-06,7.07290285078405e-06,-7.57811719831469e-06,-5.81162232567156e-06,-7.2167462667222e-05,-5.05459071646619e-05,0.000493023529628545,0.00381897170399537,-4.29868788967003e-05,1.80443312118861e-05,-3.78419632300897e-05,-2.81185118818916e-05,3.84342662651527e-06,1.82333714904281e-06,2.78176214993028e-06,1.76649487264313e-06,2.16215555025601e-05,0.00332594817436682,6.10312101085864e-05,9.72345134819808e-06,-2.02008947747245e-06,2.78176214993028e-06,2.16215555025601e-05,6.10312101085864e-05,2.02008947747245e-06
negative_demand_strong_inflation_policy,Stronger rule: phi_pi = 3.0,3,0.8,0.0025,34,-1.58456325028531e-06,6.7279896855954e-06,-1.0221282819689e-05,2.65958767187158e-06,-3.86524749836914e-05,-3.1616446175553e-05,9.85930862633377e-06,3.91901225689495e-06,-2.95560296842412e-05,-1.91926856385471e-05,1.1128470005714e-05,2.37902672053925e-06,3.75779591591918e-06,6.78445201259155e-06,-6.75972083767629e-06,-5.46920283665819e-06,-6.58098724305584e-05,-4.94711148296828e-05,0.000414888068957175,0.00367402629656599,-3.92589917113106e-05,1.88164260719326e-05,-3.6541666341261e-05,-2.64470264704775e-05,3.5673386831192e-06,1.75183666062395e-06,3.02665609667237e-06,1.29051800101809e-06,1.63387576008756e-05,0.00325913822760882,5.80754177832432e-05,1.00946398707835e-05,-1.81550202249525e-06,3.02665609667237e-06,1.63387576008756e-05,5.80754177832432e-05,1.81550202249525e-06
negative_demand_strong_inflation_policy,Stronger rule: phi_pi = 3.0,3,0.8,0.0025,35,-1.26765060022825e-06,6.67624636951913e-06,-8.07417264614418e-06,2.48835927907365e-06,-3.73844605708884e-05,-3.03570425790323e-05,9.69592958643961e-06,3.76290305650895e-06,-2.78712443378959e-05,-1.779829874482e-05,1.07104547494019e-05,2.20618568404218e-06,3.24797437449955e-06,6.42217272183235e-06,-5.98374546086078e-06,-5.05006234899352e-06,-5.94686857219723e-05,-4.76820676345857e-05,0.000345047181511404,0.00353449357151714,-3.57782480250313e-05,1.96299027328539e-05,-3.52762351732983e-05,-2.48493606599398e-05,3.30091499511909e-06,1.67580356325026e-06,3.1741983473328e-06,9.33683111867256e-07,1.17866180873866e-05,0.00318944639000573,5.54081507578852e-05,1.04268745133584e-05,-1.62511143186883e-06,3.1741983473328e-06,1.17866180873866e-05,5.54081507578852e-05,1.62511143186883e-06
negative_demand_strong_inflation_policy,Stronger rule: phi_pi = 3.0,3,0.8,0.0025,36,-1.01412048018261e-06,6.57505035706052e-06,-6.04158805550536e-06,2.32131540101044e-06,-3.61453362734965e-05,-2.91434045193162e-05,9.52397602324573e-06,3.61246671699844e-06,-2.62607130735448e-05,-1.64653495409173e-05,1.03108754676423e-05,2.04096014796984e-06,2.76849582655971e-06,6.01082162730859e-06,-5.25682858104615e-06,-4.58075201070773e-06,-5.32377350360713e-05,-4.53252241165575e-05,0.000283183266937215,0.00340080600811277,-3.25422645566231e-05,2.04590884456124e-05,-3.40447567472868e-05,-2.33221040136788e-05,3.04542744822278e-06,1.59720335379809e-06,3.24232580074888e-06,6.76076570338413e-07,7.91251091951384e-06,0.00311762274117555,5.30013530022355e-05,1.0722652733608e-05,-1.44822409442469e-06,3.24232580074888e-06,7.91251091951384e-06,5.30013530022355e-05,1.44822409442469e-06
negative_demand_strong_inflation_policy,Stronger rule: phi_pi = 3.0,3,0.8,0.0025,37,-8.11296384146088e-07,6.43697667479515e-06,-4.13183092895508e-06,2.15966897920694e-06,-3.49344251298067e-05,-2.79745675929588e-05,9.34357107242045e-06,3.46758369580702e-06,-2.47204828300873e-05,-1.51926189126961e-05,9.92727286056039e-06,1.8831989972018e-06,2.3239862266774e-06,5.57014383702897e-06,-4.58320859544892e-06,-4.08253179565166e-06,-4.71942818426191e-05,-4.25322619616725e-05,0.000228909403421795,0.00327325359594788,-2.95459728545389e-05,2.12823109966287e-05,-3.2846467868719e-05,-2.18621236548477e-05,2.80172459121708e-06,1.5176133671968e-06,3.24615761035157e-06,5.00676799797262e-07,4.66201988094661e-06,0.00304434419252608,5.08282838511676e-05,1.09843442138713e-05,-1.28411122402028e-06,3.24615761035157e-06,4.66201988094661e-06,5.08282838511676e-05,1.28411122402028e-06
negative_demand_strong_inflation_policy,Stronger rule: phi_pi = 3.0,3,0.8,0.0025,38,-6.49037107316873e-07,6.27195278091186e-06,-2.35025062744754e-06,2.0042978723378e-06,-3.3751238247115e-05,-2.68494851199952e-05,9.15505591489452e-06,3.32812425192508e-06,-2.32469792925682e-05,-1.3978792280156e-05,9.55757615671293e-06,1.73273928316675e-06,1.91728664401553e-06,5.11574686654949e-06,-3.96517067284552e-06,-3.5722652171194e-06,-4.14003988944561e-05,-3.94203281370575e-05,0.000181786269441098,0.0031520019279121,-2.67821028868687e-05,2.20816016318626e-05,-3.1680712309079e-05,-2.04665231888779e-05,2.57031253014794e-06,1.43828321452766e-06,3.19846022253396e-06,3.92905455726122e-07,1.98007075739859e-06,0.002970215658471,4.88637045187312e-05,1.12141891202011e-05,-1.13202931562029e-06,3.19846022253396e-06,1.98007075739859e-06,4.88637045187312e-05,1.13202931562029e-06
negative_demand_strong_inflation_policy,Stronger rule: phi_pi = 3.0,3,0.8,0.0025,39,-5.19229685853502e-07,6.08779303989948e-06,-6.99621274802276e-07,1.85580444589384e-06,-3.25954262627715e-05,-2.57670294714352e-05,8.95894784126716e-06,3.19394861021671e-06,-2.18369581302946e-05,-1.28224576044778e-05,9.20006338113455e-06,1.58940597676238e-06,1.54979860571237e-06,4.65982216293903e-06,-3.40342588117659e-06,-3.06316271181384e-06,-3.59043918250618e-05,-3.6092501252985e-05,0.000141337220880722,0.0030371093784618,-2.42416248706911e-05,2.28423823209756e-05,-3.05469072253706e-05,-1.9132607972594e-05,2.35142231130858e-06,1.36018658025705e-06,3.11002355722666e-06,3.40263169362753e-07,-1.88109427923244e-07,0.00289577215758108,4.70840071916667e-05,1.14142992527766e-05,-9.91235731051532e-07,3.11002355722666e-06,1.88109427923244e-07,4.70840071916667e-05,9.91235731051532e-07
negative_demand_strong_inflation_policy,Stronger rule: phi_pi = 3.0,3,0.8,0.0025,40,-4.15383748682804e-07,5.89062633005177e-06,8.19498901405424e-07,1.71456585884577e-06,-3.1466739543129e-05,-2.47259984873516e-05,8.75590202574494e-06,3.06490775711654e-06,-2.04874619702533e-05,-1.17221086769481e-05,8.85332265980476e-06,1.45301237611251e-06,1.22177588822089e-06,4.21174312976134e-06,-2.897433519361e-06,-2.56540198188826e-06,-3.07422254657574e-05,-3.26384189209966e-05,0.000107061564892597,0.00292854322507896,-2.19141486766938e-05,2.35531464796157e-05,-2.94445172264179e-05,-1.78578559822951e-05,2.1450660652178e-06,1.2840656522517e-06,2.98996724154045e-06,3.32031537472743e-07,-1.89619345523917e-06,0.00282148166018636,4.54672951563095e-05,1.15866612441229e-05,-8.61000412966106e-07,2.98996724154045e-06,1.89619345523917e-06,4.54672951563095e-05,8.61000412966106e-07
