batch_run_id,scenario_id,varied_parameter,level,gamma_g,alpha,phi_i,chi_ig,period,variable,scope,raw_A,raw_B,raw_B_minus_A,normalized_A,normalized_B,B_minus_A
20260927_101616_608,baseline,baseline,baseline,0.1,0.45,2.5,20,1,ig,low_debt,-0.000213923797003399,-0.000219356481882274,-5.43268487887549e-06,-0.00178269830836165,-0.00182797068235228,-4.52723739906291e-05
20260927_101616_608,baseline,baseline,baseline,0.1,0.45,2.5,20,2,ig,low_debt,-0.00036938278241308,-0.000377902318074622,-8.5195356615414e-06,-0.00307818985344234,-0.00314918598395518,-7.09961305128447e-05
20260927_101616_608,baseline,baseline,baseline,0.1,0.45,2.5,20,3,ig,low_debt,-0.000483306320034474,-0.000493199301387706,-9.89298135323224e-06,-0.00402755266695395,-0.00410999417823089,-8.24415112769357e-05
20260927_101616_608,baseline,baseline,baseline,0.1,0.45,2.5,20,4,ig,low_debt,-0.000566171407322874,-0.00057622870679136,-1.00572994684855e-05,-0.00471809506102395,-0.004801905889928,-8.38108289040462e-05
20260927_101616_608,baseline,baseline,baseline,0.1,0.45,2.5,20,5,ig,low_debt,-0.000624705109283016,-0.000634105631017359,-9.40052173434291e-06,-0.0052058759106918,-0.00528421359181133,-7.8337681119524e-05
20260927_101616_608,baseline,baseline,baseline,0.1,0.45,2.5,20,6,ig,low_debt,-0.000663479446558632,-0.000671693482986846,-8.21403642821406e-06,-0.0055289953879886,-0.00559744569155705,-6.84503035684502e-05
20260927_101616_608,baseline,baseline,baseline,0.1,0.45,2.5,20,7,ig,low_debt,-0.000685834174561972,-0.00069254697813935,-6.71280357737725e-06,-0.00571528478801644,-0.00577122481782791,-5.59400298114771e-05
20260927_101616_608,baseline,baseline,baseline,0.1,0.45,2.5,20,8,ig,low_debt,-0.000694397917307715,-0.0006994510948065,-5.05317749878442e-06,-0.00578664931089763,-0.0058287591233875,-4.21098124898699e-05
20260927_101616_608,baseline,baseline,baseline,0.1,0.45,2.5,20,9,ig,low_debt,-0.000691373671662457,-0.000694721092320605,-3.34742065814797e-06,-0.00576144726385381,-0.00578934243600504,-2.78951721512325e-05
20260927_101616_608,baseline,baseline,baseline,0.1,0.45,2.5,20,10,ig,low_debt,-0.000678689236172689,-0.000680364214556056,-1.6749783833675e-06,-0.00565574363477241,-0.00566970178796714,-1.39581531947292e-05
20260927_101616_608,baseline,baseline,baseline,0.1,0.45,2.5,20,11,ig,low_debt,-0.000658072531166842,-0.000658163511460544,-9.09802937015813e-08,-0.00548393775972369,-0.00548469592883787,-7.58169114179266e-07
20260927_101616_608,baseline,baseline,baseline,0.1,0.45,2.5,20,12,ig,low_debt,-0.000631086905983042,-0.00062971943970383,1.3674662792118e-06,-0.00525905754985868,-0.00524766199753191,1.1395552326765e-05
20260927_101616_608,baseline,baseline,baseline,0.1,0.45,2.5,20,13,ig,low_debt,-0.000599146488912461,-0.000596469826749574,2.67666216288709e-06,-0.00499288740760384,-0.00497058188957978,2.23055180240588e-05
20260927_101616_608,baseline,baseline,baseline,0.1,0.45,2.5,20,14,ig,low_debt,-0.000563522678328932,-0.000559699737910022,3.82294041890996e-06,-0.00469602231940776,-0.00466416448258351,3.18578368242502e-05
20260927_101616_608,baseline,baseline,baseline,0.1,0.45,2.5,20,15,ig,low_debt,-0.000525347636739795,-0.00052054745251813,4.80018422166495e-06,-0.00437789697283163,-0.00433789543765109,4.0001535180541e-05
20260927_101616_608,baseline,baseline,baseline,0.1,0.45,2.5,20,16,ig,low_debt,-0.00048561765846504,-0.000480009677166229,5.60798129881079e-06,-0.004046813820542,-0.00400008064305191,4.67331774900897e-05
20260927_101616_608,baseline,baseline,baseline,0.1,0.45,2.5,20,17,ig,low_debt,-0.000445197625836072,-0.000438947396905059,6.25022893101235e-06,-0.0037099802153006,-0.00365789497420883,5.20852410917693e-05
20260927_101616_608,baseline,baseline,baseline,0.1,0.45,2.5,20,18,ig,low_debt,-0.000404826892618435,-0.000398092834271613,6.73405834682173e-06,-0.00337355743848695,-0.00331744028559677,5.6117152890181e-05
20260927_101616_608,baseline,baseline,baseline,0.1,0.45,2.5,20,19,ig,low_debt,-0.000365126502230931,-0.000358057514403334,7.06898782759646e-06,-0.00304272085192442,-0.00298381262002779,5.89082318966372e-05
20260927_101616_608,baseline,baseline,baseline,0.1,0.45,2.5,20,20,ig,low_debt,-0.000326607463794371,-0.000319341221036079,7.26624275829146e-06,-0.00272172886495309,-0.00266117684196733,6.05520229857619e-05
20260927_101616_608,baseline,baseline,baseline,0.1,0.45,2.5,20,21,ig,low_debt,-0.000289679755480082,-0.000282341554510707,7.33820096937565e-06,-0.00241399796233402,-0.00235284628758922,6.11516747447971e-05
20260927_101616_608,baseline,baseline,baseline,0.1,0.45,2.5,20,22,ig,low_debt,-0.000254661736171044,-0.00024736380080953,7.2979353615138e-06,-0.0021221811347587,-0.00206136500674609,6.08161280126153e-05
20260927_101616_608,baseline,baseline,baseline,0.1,0.45,2.5,20,23,ig,low_debt,-0.000221789686642049,-0.00021463085178583,7.15883485621904e-06,-0.00184824738868374,-0.00178859043154858,5.96569571351588e-05
20260927_101616_608,baseline,baseline,baseline,0.1,0.45,2.5,20,24,ig,low_debt,-0.000191227250935927,-0.000184292960350982,6.9342905849451e-06,-0.00159356042446606,-0.00153577466959152,5.77857548745425e-05
20260927_101616_608,baseline,baseline,baseline,0.1,0.45,2.5,20,25,ig,low_debt,-0.000163074597681043,-0.00015643715972874,6.6374379523032e-06,-0.00135895498067536,-0.0013036429977395,5.531198293586e-05
20260927_101616_608,baseline,baseline,baseline,0.1,0.45,2.5,20,26,ig,low_debt,-0.000137377165423017,-0.000131096217905691,6.28094751732589e-06,-0.00114480971185847,-0.00109246848254742,5.23412293110489e-05
20260927_101616_608,baseline,baseline,baseline,0.1,0.45,2.5,20,27,ig,low_debt,-0.000114133894123888,-0.000108257035081022,5.8768590428665e-06,-0.000951115784365737,-0.000902141959008516,4.89738253572208e-05
20260927_101616_608,baseline,baseline,baseline,0.1,0.45,2.5,20,28,ig,low_debt,-9.33048767121081e-05,-8.78684228046017e-05,5.43645390750636e-06,-0.000777540639267567,-0.000732236856705014,4.5303782562553e-05
20260927_101616_608,baseline,baseline,baseline,0.1,0.45,2.5,20,29,ig,low_debt,-7.48183904776961e-05,-6.98482288891827e-05,4.97016158851338e-06,-0.000623486587314134,-0.000582068574076523,4.14180132376114e-05
20260927_101616_608,baseline,baseline,baseline,0.1,0.45,2.5,20,30,ig,low_debt,-5.85772889498265e-05,-5.40897926967765e-05,4.48749625305001e-06,-0.000488144074581888,-0.000450748272473137,3.739580210875e-05
20260927_101616_608,baseline,baseline,baseline,0.1,0.45,2.5,20,31,ig,low_debt,-4.44647514415697e-05,-4.04677317114438e-05,3.99701973012589e-06,-0.000370539595346414,-0.000337231097595365,3.33084977510491e-05
20260927_101616_608,baseline,baseline,baseline,0.1,0.45,2.5,20,32,ig,low_debt,-3.2349400406903e-05,-2.88430730744499e-05,3.50632733245315e-06,-0.000269578336724192,-0.000240358942287082,2.92193944371096e-05
20260927_101616_608,baseline,baseline,baseline,0.1,0.45,2.5,20,33,ig,low_debt,-2.2089806737971e-05,-1.9067753551899e-05,3.02205318607196e-06,-0.000184081722816425,-0.000158897946265825,2.51837765505997e-05
20260927_101616_608,baseline,baseline,baseline,0.1,0.45,2.5,20,34,ig,low_debt,-1.35384106509095e-05,-1.09885187287301e-05,2.54989192217947e-06,-0.00011282008875758,-9.1570989406084e-05,2.12490993514956e-05
20260927_101616_608,baseline,baseline,baseline,0.1,0.45,2.5,20,35,ig,low_debt,-6.54489129049696e-06,-4.45025749641614e-06,2.09463379408081e-06,-5.45407607541413e-05,-3.70854791368012e-05,1.74552816173401e-05
20260927_101616_608,baseline,baseline,baseline,0.1,0.45,2.5,20,36,ig,low_debt,-9.59021983507058e-07,7.01188523036245e-07,1.6602105065433e-06,-7.99184986255882e-06,5.84323769196871e-06,1.38350875545275e-05
20260927_101616_608,baseline,baseline,baseline,0.1,0.45,2.5,20,37,ig,low_debt,3.36694952103589e-06,4.61669879885107e-06,1.24974927781518e-06,2.80579126752991e-05,3.84724899904256e-05,1.04145773151265e-05
20260927_101616_608,baseline,baseline,baseline,0.1,0.45,2.5,20,38,ig,low_debt,6.5763552226511e-06,7.44198811870878e-06,8.65632896057678e-07,5.48029601887592e-05,6.20165676559065e-05,7.21360746714731e-06
20260927_101616_608,baseline,baseline,baseline,0.1,0.45,2.5,20,39,ig,low_debt,8.80655452119294e-06,9.31611829649293e-06,5.09563775299982e-07,7.33879543432745e-05,7.76343191374411e-05,4.24636479416651e-06
20260927_101616_608,baseline,baseline,baseline,0.1,0.45,2.5,20,40,ig,low_debt,1.01877348533813e-05,1.0370365110382e-05,1.82630257000715e-07,8.48977904448443e-05,8.64197092531836e-05,1.5219188083393e-06
20260927_101616_608,baseline,baseline,baseline,0.1,0.45,2.5,20,1,ig,high_debt,-0.000482517832889398,-0.000490769900277396,-8.25206738799822e-06,-0.00402098194074498,-0.0040897491689783,-6.87672282333185e-05
20260927_101616_608,baseline,baseline,baseline,0.1,0.45,2.5,20,2,ig,high_debt,-0.000860644885448181,-0.000874030608934595,-1.33857234864143e-05,-0.00717204071206817,-0.00728358840778829,-0.00011154769572012
20260927_101616_608,baseline,baseline,baseline,0.1,0.45,2.5,20,3,ig,high_debt,-0.00115271906233742,-0.00116879938788168,-1.60803255442599e-05,-0.0096059921861452,-0.00973999489901403,-0.000134002712868833
20260927_101616_608,baseline,baseline,baseline,0.1,0.45,2.5,20,4,ig,high_debt,-0.00137250994859449,-0.00138942559504655,-1.69156464520648e-05,-0.0114375829049541,-0.0115785466253879,-0.000140963720433873
20260927_101616_608,baseline,baseline,baseline,0.1,0.45,2.5,20,5,ig,high_debt,-0.00153091869275357,-0.00154728974536375,-1.63710526101812e-05,-0.0127576557729464,-0.0128940812113646,-0.000136425438418178
20260927_101616_608,baseline,baseline,baseline,0.1,0.45,2.5,20,6,ig,high_debt,-0.00163699058617156,-0.00165182622051191,-1.48356343403488e-05,-0.0136415882180963,-0.0137652185042659,-0.000123630286169574
20260927_101616_608,baseline,baseline,baseline,0.1,0.45,2.5,20,7,ig,high_debt,-0.00169850801303309,-0.00171112968353664,-1.26216705035459e-05,-0.0141542334419424,-0.014259414029472,-0.000105180587529549
20260927_101616_608,baseline,baseline,baseline,0.1,0.45,2.5,20,8,ig,high_debt,-0.00172233169510656,-0.00173230956461157,-9.97786950500401e-06,-0.014352764125888,-0.0144359130384297,-8.31489125417001e-05
20260927_101616_608,baseline,baseline,baseline,0.1,0.45,2.5,20,9,ig,high_debt,-0.001714594264587,-0.00172169523566525,-7.10097107824159e-06,-0.014288285538225,-0.0143474602972104,-5.91747589853454e-05
20260927_101616_608,baseline,baseline,baseline,0.1,0.45,2.5,20,10,ig,high_debt,-0.00168080969027534,-0.00168495504793786,-4.14535766252166e-06,-0.0140067474189612,-0.0140412920661489,-3.45446471876811e-05
20260927_101616_608,baseline,baseline,baseline,0.1,0.45,2.5,20,11,ig,high_debt,-0.0016259366737703,-0.00162716747625298,-1.23080248268237e-06,-0.0135494722814192,-0.0135597289687748,-1.02566873556864e-05
20260927_101616_608,baseline,baseline,baseline,0.1,0.45,2.5,20,12,ig,high_debt,-0.00155441838057081,-0.00155286703570939,1.55134486141961e-06,-0.0129534865047568,-0.0129405586309116,1.2927873845164e-05
20260927_101616_608,baseline,baseline,baseline,0.1,0.45,2.5,20,13,ig,high_debt,-0.00147021123467141,-0.00146607802623067,4.13320844074028e-06,-0.0122517602889284,-0.0122173168852556,3.44434036728351e-05
20260927_101616_608,baseline,baseline,baseline,0.1,0.45,2.5,20,14,ig,high_debt,-0.00137680970220477,-0.00137034332020877,6.46638199600091e-06,-0.0114734141850398,-0.0114195276684064,5.38865166333398e-05
20260927_101616_608,baseline,baseline,baseline,0.1,0.45,2.5,20,15,ig,high_debt,-0.00127727056318586,-0.00126875192475545,8.51863843040479e-06,-0.0106439213598821,-0.0105729327062954,7.09886535867066e-05
20260927_101616_608,baseline,baseline,baseline,0.1,0.45,2.5,20,16,ig,high_debt,-0.00117423819951656,-0.00116396702225793,1.02711772586306e-05,-0.0097853183293047,-0.00969972518548278,8.55931438219215e-05
20260927_101616_608,baseline,baseline,baseline,0.1,0.45,2.5,20,17,ig,high_debt,-0.00106997133573673,-0.00105825505286179,1.17162828749406e-05,-0.00891642779780611,-0.0088187921071816,9.76356906245059e-05
20260927_101616_608,baseline,baseline,baseline,0.1,0.45,2.5,20,18,ig,high_debt,-0.000966371099604069,-0.000953515795343488,1.28553042605811e-05,-0.00805309249670057,-0.00794596496119573,0.000107127535504842
20260927_101616_608,baseline,baseline,baseline,0.1,0.45,2.5,20,19,ig,high_debt,-0.00086501000391434,-0.000851313109385854,1.36968945284865e-05,-0.00720841669928617,-0.00709427591154878,0.000114140787737388
20260927_101616_608,baseline,baseline,baseline,0.1,0.45,2.5,20,20,ig,high_debt,-0.000767161356929238,-0.000752905888717195,1.42554682120433e-05,-0.00639301130774365,-0.00627421573930996,0.000118795568433694
20260927_101616_608,baseline,baseline,baseline,0.1,0.45,2.5,20,21,ig,high_debt,-0.000673828607671789,-0.000659278760324858,1.45498473469313e-05,-0.00561523839726491,-0.00549398966937382,0.000121248727891094
20260927_101616_608,baseline,baseline,baseline,0.1,0.45,2.5,20,22,ig,high_debt,-0.00058577417812275,-0.000571172102239614,1.46020758831356e-05,-0.00488145148435625,-0.00475976751866345,0.000121683965692797
20260927_101616_608,baseline,baseline,baseline,0.1,0.45,2.5,20,23,ig,high_debt,-0.000503547400647342,-0.000489111013450366,1.44363871969755e-05,-0.00419622833872785,-0.00407592511208639,0.000120303226641462
20260927_101616_608,baseline,baseline,baseline,0.1,0.45,2.5,20,24,ig,high_debt,-0.000427511251162582,-0.000413432938644751,1.40783125178318e-05,-0.00356259375968819,-0.00344527448870625,0.000117319270981932
20260927_101616_608,baseline,baseline,baseline,0.1,0.45,2.5,20,25,ig,high_debt,-0.000357867638852177,-0.000344313719125883,1.35539197262946e-05,-0.00298223032376814,-0.00286928099271569,0.000112949331052455
20260927_101616_608,baseline,baseline,baseline,0.1,0.45,2.5,20,26,ig,high_debt,-0.000294681077822559,-0.000281791905051079,1.28891727714797e-05,-0.00245567564852132,-0.00234826587542566,0.000107409773095664
20260927_101616_608,baseline,baseline,baseline,0.1,0.45,2.5,20,27,ig,high_debt,-0.000237900623358933,-0.000225791221087082,1.2109402271851e-05,-0.00198250519465778,-0.00188159350905902,0.000100911685598758
20260927_101616_608,baseline,baseline,baseline,0.1,0.45,2.5,20,28,ig,high_debt,-0.00018738000497498,-0.00017614112701958,1.12388779553996e-05,-0.00156150004145816,-0.00146784272516317,9.36573162949963e-05
20260927_101616_608,baseline,baseline,baseline,0.1,0.45,2.5,20,29,ig,high_debt,-0.000142895930468179,-0.000132595456852971,1.03004736152074e-05,-0.00119079942056816,-0.00110496214044143,8.58372801267279e-05
20260927_101616_608,baseline,baseline,baseline,0.1,0.45,2.5,20,30,ig,high_debt,-0.000104164570208981,-9.48491549085384e-05,9.31541530044266e-06,-0.000868038085074842,-0.00079040962423782,7.76284608370222e-05
20260927_101616_608,baseline,baseline,baseline,0.1,0.45,2.5,20,31,ig,high_debt,-7.08562595434364e-05,-6.25531559657055e-05,8.3031035777309e-06,-0.000590468829528637,-0.000521276299714213,6.91925298144241e-05
20260927_101616_608,baseline,baseline,baseline,0.1,0.45,2.5,20,32,ig,high_debt,-4.2608480144285e-05,-3.53274792379843e-05,7.28100090630068e-06,-0.000355070667869042,-0.000294395660316536,6.06750075525057e-05
20260927_101616_608,baseline,baseline,baseline,0.1,0.45,2.5,20,33,ig,high_debt,-1.90371990576033e-05,-1.27726235819997e-05,6.26457547560355e-06,-0.000158643325480027,-0.000106438529849998,5.22047956300296e-05
20260927_101616_608,baseline,baseline,baseline,0.1,0.45,2.5,20,34,ig,high_debt,2.53342320316596e-07,5.5206355691062e-06,5.26729324878961e-06,2.1111860026383e-06,4.60052964092184e-05,4.38941104065801e-05
20260927_101616_608,baseline,baseline,baseline,0.1,0.45,2.5,20,35,ig,high_debt,1.56622874662032e-05,1.99629378927618e-05,4.30065042655858e-06,0.00013051906221836,0.000166357815773015,3.58387535546549e-05
20260927_101616_608,baseline,baseline,baseline,0.1,0.45,2.5,20,36,ig,high_debt,2.75851639720548e-05,3.09594030496047e-05,3.37423907754986e-06,0.00022987636643379,0.000257995025413372,2.81186589795822e-05
20260927_101616_608,baseline,baseline,baseline,0.1,0.45,2.5,20,37,ig,high_debt,3.64081111566966e-05,3.89039504136712e-05,2.49583925697461e-06,0.000303400926305805,0.000324199586780594,2.07986604747884e-05
20260927_101616_608,baseline,baseline,baseline,0.1,0.45,2.5,20,38,ig,high_debt,4.25032233311584e-05,4.41747548695359e-05,1.67153153837751e-06,0.000354193527759653,0.000368122957246133,1.39294294864793e-05
20260927_101616_608,baseline,baseline,baseline,0.1,0.45,2.5,20,39,ig,high_debt,4.62248969414075e-05,4.71307214417044e-05,9.05824500296859e-07,0.000385207474511729,0.000392756012014203,7.54853750247381e-06
20260927_101616_608,baseline,baseline,baseline,0.1,0.45,2.5,20,40,ig,high_debt,4.79070723981151e-05,4.81088647231176e-05,2.01792325002503e-07,0.000399225603317626,0.00040090720602598,1.68160270835416e-06
20260927_101616_608,baseline,baseline,baseline,0.1,0.45,2.5,20,1,kg,low_debt,-0.000213923797003801,-0.000219356481882649,-5.43268487884774e-06,-4.45674577091252e-05,-4.56992670588852e-05,-1.13180934975994e-06
20260927_101616_608,baseline,baseline,baseline,0.1,0.45,2.5,20,2,kg,low_debt,-0.000577958484491603,-0.000591774887911178,-1.38164034195754e-05,-0.000120408017602417,-0.000123286434981495,-2.87841737907819e-06
20260927_101616_608,baseline,baseline,baseline,0.1,0.45,2.5,20,3,kg,low_debt,-0.00104681584241373,-0.00107017981710289,-2.33639746891612e-05,-0.000218086633836193,-0.000222954128563102,-4.86749472690856e-06
20260927_101616_608,baseline,baseline,baseline,0.1,0.45,2.5,20,4,kg,low_debt,-0.00158681685367679,-0.00161965402846853,-3.28371747917444e-05,-0.000330586844515997,-0.000337427922597611,-6.84107808161338e-06
20260927_101616_608,baseline,baseline,baseline,0.1,0.45,2.5,20,5,kg,low_debt,-0.00217185154161825,-0.00221326830877544,-4.14167671571875e-05,-0.000452469071170469,-0.000461097564328217,-8.62849315774739e-06
20260927_101616_608,baseline,baseline,baseline,0.1,0.45,2.5,20,6,kg,low_debt,-0.00278103469963664,-0.0028296300840438,-4.85953844071574e-05,-0.000579382229090967,-0.000589506267509125,-1.01240384181578e-05
20260927_101616_608,baseline,baseline,baseline,0.1,0.45,2.5,20,7,kg,low_debt,-0.00339734300670802,-0.00345143631008327,-5.40933033752466e-05,-0.000707779793064171,-0.000719049231267347,-1.12694382031764e-05
20260927_101616_608,baseline,baseline,baseline,0.1,0.45,2.5,20,8,kg,low_debt,-0.00400680734884773,-0.00406460149713794,-5.77941482902133e-05,-0.000834751531009944,-0.000846791978570405,-1.20404475604611e-05
20260927_101616_608,baseline,baseline,baseline,0.1,0.45,2.5,20,9,kg,low_debt,-0.0045980108367889,-0.0046577075520311,-5.96967152421968e-05,-0.000957918924331021,-0.000970355740006479,-1.24368156754576e-05
20260927_101616_608,baseline,baseline,baseline,0.1,0.45,2.5,20,10,kg,low_debt,-0.00516174980204198,-0.00522162907778689,-5.98792757449118e-05,-0.00107536454209208,-0.0010878393912056,-1.24748491135231e-05
20260927_101616_608,baseline,baseline,baseline,0.1,0.45,2.5,20,11,kg,low_debt,-0.00569077858815792,-0.00574925186230324,-5.84732741453209e-05,-0.0011855788725329,-0.00119776080464651,-1.21819321136085e-05
20260927_101616_608,baseline,baseline,baseline,0.1,0.45,2.5,20,12,kg,low_debt,-0.00617959602943774,-0.00623524000545039,-5.56439760126537e-05,-0.0012874158394662,-0.00129900833446883,-1.1592495002636e-05
20260927_101616_608,baseline,baseline,baseline,0.1,0.45,2.5,20,13,kg,low_debt,-0.00662425261761435,-0.00667582883206386,-5.15762144495113e-05,-0.00138005262866966,-0.00139079767334664,-1.07450446769815e-05
20260927_101616_608,baseline,baseline,baseline,0.1,0.45,2.5,20,14,kg,low_debt,-0.00702216898050256,-0.00706863284917247,-4.64638686699104e-05,-0.00146295187093803,-0.0014726318435776,-9.67997263956466e-06
20260927_101616_608,baseline,baseline,baseline,0.1,0.45,2.5,20,15,kg,low_debt,-0.00737196239272997,-0.00741246448046073,-4.05020877307649e-05,-0.00153582549848541,-0.00154426343342932,-8.43793494390943e-06
20260927_101616_608,baseline,baseline,baseline,0.1,0.45,2.5,20,16,kg,low_debt,-0.00767328099137643,-0.00770716254561599,-3.38815542395565e-05,-0.00159860020653676,-0.00160565886367,-7.05865713324094e-06
20260927_101616_608,baseline,baseline,baseline,0.1,0.45,2.5,20,17,kg,low_debt,-0.00792664659242881,-0.00795343087888067,-2.67842864518641e-05,-0.001651384706756,-0.00165696476643347,-5.58005967747177e-06
20260927_101616_608,baseline,baseline,baseline,0.1,0.45,2.5,20,18,kg,low_debt,-0.00813330732023587,-0.0081526879411804,-1.93806209445313e-05,-0.00169443902504914,-0.00169847665441258,-4.03762936344388e-06
20260927_101616_608,baseline,baseline,baseline,0.1,0.45,2.5,20,19,kg,low_debt,-0.00829510113946164,-0.00830692825705359,-1.1827117591956e-05,-0.00172814607072117,-0.00173061005355283,-2.4639828316575e-06
20260927_101616_608,baseline,baseline,baseline,0.1,0.45,2.5,20,20,kg,low_debt,-0.00841433107476952,-0.00841859627166297,-4.26519689344929e-06,-0.00175298564057698,-0.00175387422326312,-8.88582686135123e-07
20260927_101616_608,baseline,baseline,baseline,0.1,0.45,2.5,20,21,kg,low_debt,-0.00849365255337986,-0.00849047291938199,3.17963399787402e-06,-0.0017695109486208,-0.00176884852487125,6.6242374955716e-07
20260927_101616_608,baseline,baseline,baseline,0.1,0.45,2.5,20,22,kg,low_debt,-0.00853597297571618,-0.00852557489720684,1.03980785093327e-05,-0.0017783277032742,-0.00177616143691809,2.16626635611106e-06
20260927_101616_608,baseline,baseline,baseline,0.1,0.45,2.5,20,23,kg,low_debt,-0.0085443633379656,-0.00852706637656198,1.72969614036234e-05,-0.0017800756954095,-0.00177647216178375,3.60353362575472e-06
20260927_101616_608,baseline,baseline,baseline,0.1,0.45,2.5,20,24,kg,low_debt,-0.00852198150545203,-0.00849818267749836,2.37988279536694e-05,-0.00177541281363584,-0.00177045472447882,4.95808915701446e-06
20260927_101616_608,baseline,baseline,baseline,0.1,0.45,2.5,20,25,kg,low_debt,-0.00847200656549685,-0.00844216527028951,2.98412952073335e-05,-0.00176500136781184,-0.00175878443131032,6.21693650152788e-06
20260927_101616_608,baseline,baseline,baseline,0.1,0.45,2.5,20,26,kg,low_debt,-0.00839758356678288,-0.00836220735643778,3.53762103451061e-05,-0.0017494965764131,-0.0017421265325912,7.3700438218971e-06
20260927_101616_608,baseline,baseline,baseline,0.1,0.45,2.5,20,27,kg,low_debt,-0.00830177787173714,-0.00826140920760743,4.03686641297085e-05,-0.0017295370566119,-0.00172112691825155,8.41013836035609e-06
20260927_101616_608,baseline,baseline,baseline,0.1,0.45,2.5,20,28,kg,low_debt,-0.0081875383016552,-0.00814274240022161,4.47959014335808e-05,-0.00170573714617817,-0.00169640466671284,9.33247946532934e-06
20260927_101616_608,baseline,baseline,baseline,0.1,0.45,2.5,20,29,kg,low_debt,-0.00805766823459209,-0.00800902206910514,4.8646165486943e-05,-0.00167868088220668,-0.0016685462643969,1.01346178097796e-05
20260927_101616_608,baseline,baseline,baseline,0.1,0.45,2.5,20,30,kg,low_debt,-0.00791480381767684,-0.00786288631007359,5.19175076032496e-05,-0.00164891746201601,-0.00163810131459866,1.08161474173436e-05
20260927_101616_608,baseline,baseline,baseline,0.1,0.45,2.5,20,31,kg,low_debt,-0.00776139847367663,-0.00770678188403284,5.46165896437856e-05,-0.0016169580153493,-0.00160557955917351,1.13784561757888e-05
20260927_101616_608,baseline,baseline,baseline,0.1,0.45,2.5,20,32,kg,low_debt,-0.00759971291224115,-0.00754295541000616,5.67575022349942e-05,-0.00158327352338357,-0.00157144904375128,1.18244796322906e-05
20260927_101616_608,baseline,baseline,baseline,0.1,0.45,2.5,20,33,kg,low_debt,-0.00743180989617365,-0.00737344927830819,5.83606178654605e-05,-0.00154829372836951,-0.00153613526631421,1.21584620553041e-05
20260927_101616_608,baseline,baseline,baseline,0.1,0.45,2.5,20,34,kg,low_debt,-0.00725955305941994,-0.00720010156507822,5.94514943417224e-05,-0.00151240688737915,-0.0015000211593913,1.2385727987859e-05
20260927_101616_608,baseline,baseline,baseline,0.1,0.45,2.5,20,35,kg,low_debt,-0.00708460912422471,-0.00702454928344753,6.00598407771713e-05,-0.00147596023421348,-0.0014634477673849,1.25124668285772e-05
20260927_101616_608,baseline,baseline,baseline,0.1,0.45,2.5,20,36,kg,low_debt,-0.00690845291810316,-0.00684823436283821,6.02185552649459e-05,-0.00143926102460482,-0.00142671549225796,1.25455323468637e-05
20260927_101616_608,baseline,baseline,baseline,0.1,0.45,2.5,20,37,kg,low_debt,-0.00673237464562959,-0.00667241180496791,5.99628406616759e-05,-0.00140257805117283,-0.00139008579270165,1.24922584711824e-05
20260927_101616_608,baseline,baseline,baseline,0.1,0.45,2.5,20,38,kg,low_debt,-0.00655748892426633,-0.00649815952172528,5.93294025410529e-05,-0.00136614352588882,-0.00135378323369277,1.23602921960526e-05
20260927_101616_608,baseline,baseline,baseline,0.1,0.45,2.5,20,39,kg,low_debt,-0.00638474514663834,-0.00632638941538488,5.83557312534566e-05,-0.00133015523888299,-0.00131799779487185,1.21574440111369e-05
20260927_101616_608,baseline,baseline,baseline,0.1,0.45,2.5,20,40,kg,low_debt,-0.00621493878311874,-0.00615785931488944,5.70794682293041e-05,-0.00129477891314974,-0.00128288735726863,1.1891555881105e-05
20260927_101616_608,baseline,baseline,baseline,0.1,0.45,2.5,20,1,kg,high_debt,-0.000482517832889329,-0.000490769900276966,-8.2520673876374e-06,-0.00010052454851861,-0.000102243729224368,-1.7191807057578e-06
20260927_101616_608,baseline,baseline,baseline,0.1,0.45,2.5,20,2,kg,high_debt,-0.00133109977251511,-0.00135253126170465,-2.14314891895384e-05,-0.000277312452607315,-0.000281777346188468,-4.46489358115387e-06
20260927_101616_608,baseline,baseline,baseline,0.1,0.45,2.5,20,3,kg,high_debt,-0.00245054134054001,-0.00248751736804298,-3.69760275029662e-05,-0.000510529445945836,-0.000518232785008954,-7.70333906311793e-06
20260927_101616_608,baseline,baseline,baseline,0.1,0.45,2.5,20,4,kg,high_debt,-0.00376178775562064,-0.00381475502888762,-5.29672732669795e-05,-0.000783705782420966,-0.000794740631018254,-1.10348485972873e-05
20260927_101616_608,baseline,baseline,baseline,0.1,0.45,2.5,20,5,kg,high_debt,-0.00519866175448414,-0.00526667589852803,-6.80141440438931e-05,-0.00108305453218419,-0.00109722414552667,-1.41696133424778e-05
20260927_101616_608,baseline,baseline,baseline,0.1,0.45,2.5,20,6,kg,high_debt,-0.00670568579679287,-0.0067868352215763,-8.11494247834332e-05,-0.00139701787433185,-0.00141392400449506,-1.69061301632152e-05
20260927_101616_608,baseline,baseline,baseline,0.1,0.45,2.5,20,7,kg,high_debt,-0.00823655166490678,-0.00832829402457236,-9.17423596655809e-05,-0.00171594826352225,-0.00173506125511924,-1.91129915969959e-05
20260927_101616_608,baseline,baseline,baseline,0.1,0.45,2.5,20,8,kg,high_debt,-0.00975296956839067,-0.00985239623856948,-9.94266701788149e-05,-0.00203186866008139,-0.00205258254970198,-2.07138896205863e-05
20260927_101616_608,baseline,baseline,baseline,0.1,0.45,2.5,20,9,kg,high_debt,-0.0112237395937678,-0.0113277815682693,-0.000104041974501534,-0.00233827908203495,-0.00235995449338944,-2.16754113544861e-05
20260927_101616_608,baseline,baseline,baseline,0.1,0.45,2.5,20,10,kg,high_debt,-0.0126239557941989,-0.0127295420769995,-0.000105586282800552,-0.00262999079045811,-0.00265198793270823,-2.19971422501151e-05
20260927_101616_608,baseline,baseline,baseline,0.1,0.45,2.5,20,11,kg,high_debt,-0.0139342935731142,-0.014038471001327,-0.000104177428212893,-0.00290297782773212,-0.0029246814586098,-2.17036308776857e-05
20260927_101616_608,baseline,baseline,baseline,0.1,0.45,2.5,20,12,kg,high_debt,-0.0151403546143571,-0.0152403762620024,-0.000100021647645221,-0.00315424054465774,-0.00317507838791716,-2.08378432594212e-05
20260927_101616_608,baseline,baseline,baseline,0.1,0.45,2.5,20,13,kg,high_debt,-0.0162320569836689,-0.0163254448816819,-9.33878980129421e-05,-0.00338167853826436,-0.00340113435035039,-1.94558120860293e-05
20260927_101616_608,baseline,baseline,baseline,0.1,0.45,2.5,20,14,kg,high_debt,-0.017203065261282,-0.0172876520798475,-8.45868185654908e-05,-0.00358397192943375,-0.00360159418330156,-1.76222538678106e-05
20260927_101616_608,baseline,baseline,baseline,0.1,0.45,2.5,20,15,kg,high_debt,-0.0180502591929361,-0.018124212702606,-7.39535096698773e-05,-0.00376047066519503,-0.00377587764637625,-1.54069811812247e-05
20260927_101616_608,baseline,baseline,baseline,0.1,0.45,2.5,20,16,kg,high_debt,-0.0187732409126298,-0.0188350744072974,-6.18334946675958e-05,-0.00391109185679787,-0.00392397383485362,-1.28819780557494e-05
20260927_101616_608,baseline,baseline,baseline,0.1,0.45,2.5,20,17,kg,high_debt,-0.0193738812255502,-0.0194224525999758,-4.85713744255989e-05,-0.00403622525532295,-0.00404634429166162,-1.01190363386659e-05
20260927_101616_608,baseline,baseline,baseline,0.1,0.45,2.5,20,18,kg,high_debt,-0.0198559052945155,-0.019890407080319,-3.45017858034424e-05,-0.0041366469363574,-0.00414383480839979,-7.18787204238413e-06
20260927_101616_608,baseline,baseline,baseline,0.1,0.45,2.5,20,19,kg,high_debt,-0.0202245176660671,-0.0202444600126954,-1.99423466282767e-05,-0.00421344118043065,-0.00421759583597821,-4.15465554755821e-06
20260927_101616_608,baseline,baseline,baseline,0.1,0.45,2.5,20,20,kg,high_debt,-0.0204860660813448,-0.0204912544010947,-5.18831974982703e-06,-0.00426793043361351,-0.00426901133356139,-1.08089994788063e-06
20260927_101616_608,baseline,baseline,baseline,0.1,0.45,2.5,20,21,kg,high_debt,-0.0206477430369825,-0.0206382518013912,9.49123559124132e-06,-0.00430161313270468,-0.00429963579195651,1.97734074817556e-06
20260927_101616_608,baseline,baseline,baseline,0.1,0.45,2.5,20,22,kg,high_debt,-0.0207173236391807,-0.020693467608595,2.38560305856339e-05,-0.00431610909149597,-0.00431113908512396,4.97000637200706e-06
20260927_101616_608,baseline,baseline,baseline,0.1,0.45,2.5,20,23,kg,high_debt,-0.0207029379488493,-0.0206652419318294,3.76960170198615e-05,-0.00431311207267693,-0.00430525873579779,7.85333687913781e-06
20260927_101616_608,baseline,baseline,baseline,0.1,0.45,2.5,20,24,kg,high_debt,-0.02061287575129,-0.020562043822177,5.08319291130377e-05,-0.00429434911485208,-0.0042837591296202,1.05899852318831e-05
20260927_101616_608,baseline,baseline,baseline,0.1,0.45,2.5,20,25,kg,high_debt,-0.0204554214963606,-0.0203923064457472,6.31150506134048e-05,-0.00426154614507512,-0.00424839717619733,1.31489688777924e-05
20260927_101616_608,baseline,baseline,baseline,0.1,0.45,2.5,20,26,kg,high_debt,-0.0202387170367739,-0.020164290689654,7.44263471199602e-05,-0.00421639938266124,-0.00420089389367791,1.5505488983325e-05
20260927_101616_608,baseline,baseline,baseline,0.1,0.45,2.5,20,27,kg,high_debt,-0.0199706497342129,-0.0198859746434987,8.46750907141924e-05,-0.00416055202796103,-0.00414291138406224,1.76406438987904e-05
20260927_101616_608,baseline,baseline,baseline,0.1,0.45,2.5,20,28,kg,high_debt,-0.0196587634958334,-0.0195649664044293,9.37970914041131e-05,-0.00409557572829863,-0.00407603466758943,1.95410607091908e-05
20260927_101616_608,baseline,baseline,baseline,0.1,0.45,2.5,20,29,kg,high_debt,-0.0193101903389055,-0.0192084377011712,0.000101752637734265,-0.00402295632060531,-0.00400175785441067,2.11984661946385e-05
20260927_101616_608,baseline,baseline,baseline,0.1,0.45,2.5,20,30,kg,high_debt,-0.0189316001506414,-0.0188230759135495,0.000108524237091956,-0.00394408336471697,-0.00392147414865614,2.26092160608236e-05
20260927_101616_608,baseline,baseline,baseline,0.1,0.45,2.5,20,31,kg,high_debt,-0.0185291664064193,-0.0184150521716751,0.000114114234744278,-0.00386024300133736,-0.0038364692024323,2.37737989050579e-05
20260927_101616_608,baseline,baseline,baseline,0.1,0.45,2.5,20,32,kg,high_debt,-0.0181085457264034,-0.01799000334662,0.000118542379783371,-0.00377261369300071,-0.00374791736387918,2.46963291215354e-05
20260927_101616_608,baseline,baseline,baseline,0.1,0.45,2.5,20,33,kg,high_debt,-0.0176748692823008,-0.017553025886536,0.00012184339576482,-0.00368226443381266,-0.00365688039302832,2.53840407843375e-05
20260927_101616_608,baseline,baseline,baseline,0.1,0.45,2.5,20,34,kg,high_debt,-0.0172327442079228,-0.0171086796038029,0.000124064604119845,-0.00359015504331724,-0.00356430825079227,2.58467925249675e-05
20260927_101616_608,baseline,baseline,baseline,0.1,0.45,2.5,20,35,kg,high_debt,-0.0167862633152582,-0.016660999675814,0.000125263639444206,-0.0034971381906788,-0.00347104159912792,2.60965915508766e-05
20260927_101616_608,baseline,baseline,baseline,0.1,0.45,2.5,20,36,kg,high_debt,-0.0163390215684052,-0.0162135152808682,0.000125506287536936,-0.00340396282675108,-0.00337781568351421,2.61471432368618e-05
20260927_101616_608,baseline,baseline,baseline,0.1,0.45,2.5,20,37,kg,high_debt,-0.0158941379180382,-0.0157692734484325,0.00012486446960569,-0.00331127873292462,-0.00328526530175677,2.60134311678524e-05
20260927_101616_608,baseline,baseline,baseline,0.1,0.45,2.5,20,38,kg,high_debt,-0.0154542812467557,-0.0153308668573509,0.000123414389404886,-0.00321964192640745,-0.00319393059528143,2.57113311260175e-05
20260927_101616_608,baseline,baseline,baseline,0.1,0.45,2.5,20,39,kg,high_debt,-0.0150216993186456,-0.0149004644644748,0.000121234854170815,-0.0031295206913845,-0.00310426343009892,2.52572612855864e-05
20260927_101616_608,baseline,baseline,baseline,0.1,0.45,2.5,20,40,kg,high_debt,-0.0145982497632815,-0.0144798439881386,0.000118405775142882,-0.00304130203401698,-0.00301663416419555,2.46678698214335e-05
20260927_101616_608,baseline,baseline,baseline,0.1,0.45,2.5,20,1,xloc,low_debt,-0.00217106368639097,-0.00217360736241301,-2.54367602203764e-06,-0.00217106368639097,-0.00217360736241301,-2.54367602203764e-06
20260927_101616_608,baseline,baseline,baseline,0.1,0.45,2.5,20,2,xloc,low_debt,-0.00181177290382095,-0.0018155044030902,-3.73149926924388e-06,-0.00181177290382095,-0.0018155044030902,-3.73149926924388e-06
20260927_101616_608,baseline,baseline,baseline,0.1,0.45,2.5,20,3,xloc,low_debt,-0.00147363785074373,-0.00147742834186904,-3.7904911253106e-06,-0.00147363785074373,-0.00147742834186904,-3.7904911253106e-06
20260927_101616_608,baseline,baseline,baseline,0.1,0.45,2.5,20,4,xloc,low_debt,-0.00118680442680397,-0.00119004205860174,-3.23763179777004e-06,-0.00118680442680397,-0.00119004205860174,-3.23763179777004e-06
20260927_101616_608,baseline,baseline,baseline,0.1,0.45,2.5,20,5,xloc,low_debt,-0.000957019638828105,-0.000959424954867227,-2.40531603912242e-06,-0.000957019638828105,-0.000959424954867227,-2.40531603912242e-06
20260927_101616_608,baseline,baseline,baseline,0.1,0.45,2.5,20,6,xloc,low_debt,-0.000779146157931176,-0.000780641756997658,-1.49559906648111e-06,-0.000779146157931176,-0.000780641756997658,-1.49559906648111e-06
20260927_101616_608,baseline,baseline,baseline,0.1,0.45,2.5,20,7,xloc,low_debt,-0.000644220688923336,-0.000644843636298464,-6.22947375128469e-07,-0.000644220688923336,-0.000644843636298464,-6.22947375128469e-07
20260927_101616_608,baseline,baseline,baseline,0.1,0.45,2.5,20,8,xloc,low_debt,-0.00054289370273275,-0.000542739313990515,1.54388742235056e-07,-0.00054289370273275,-0.000542739313990515,1.54388742235056e-07
20260927_101616_608,baseline,baseline,baseline,0.1,0.45,2.5,20,9,xloc,low_debt,-0.00046690899333568,-0.000466096451730458,8.12541605221817e-07,-0.00046690899333568,-0.000466096451730458,8.12541605221817e-07
20260927_101616_608,baseline,baseline,baseline,0.1,0.45,2.5,20,10,xloc,low_debt,-0.000409572016232818,-0.000408224518356426,1.34749787639166e-06,-0.000409572016232818,-0.000408224518356426,1.34749787639166e-06
20260927_101616_608,baseline,baseline,baseline,0.1,0.45,2.5,20,11,xloc,low_debt,-0.000365735488879304,-0.00036396965524832,1.76583363098448e-06,-0.000365735488879304,-0.00036396965524832,1.76583363098448e-06
20260927_101616_608,baseline,baseline,baseline,0.1,0.45,2.5,20,12,xloc,low_debt,-0.000331586006945495,-0.00032950694188294,2.07906506255462e-06,-0.000331586006945495,-0.00032950694188294,2.07906506255462e-06
20260927_101616_608,baseline,baseline,baseline,0.1,0.45,2.5,20,13,xloc,low_debt,-0.000304376126098127,-0.000302075744902486,2.30038119564124e-06,-0.000304376126098127,-0.000302075744902486,2.30038119564124e-06
20260927_101616_608,baseline,baseline,baseline,0.1,0.45,2.5,20,14,xloc,low_debt,-0.000282169303680524,-0.000279726420502668,2.44288317785557e-06,-0.000282169303680524,-0.000279726420502668,2.44288317785557e-06
20260927_101616_608,baseline,baseline,baseline,0.1,0.45,2.5,20,15,xloc,low_debt,-0.000263624111154437,-0.000261105375743198,2.51873541123881e-06,-0.000263624111154437,-0.000261105375743198,2.51873541123881e-06
20260927_101616_608,baseline,baseline,baseline,0.1,0.45,2.5,20,16,xloc,low_debt,-0.000247823565467709,-0.000245284725320372,2.53884014733696e-06,-0.000247823565467709,-0.000245284725320372,2.53884014733696e-06
20260927_101616_608,baseline,baseline,baseline,0.1,0.45,2.5,20,17,xloc,low_debt,-0.000234146079241104,-0.000231633287434807,2.51279180629727e-06,-0.000234146079241104,-0.000231633287434807,2.51279180629727e-06
20260927_101616_608,baseline,baseline,baseline,0.1,0.45,2.5,20,18,xloc,low_debt,-0.000222171085375256,-0.000219722120732513,2.4489646427428e-06,-0.000222171085375256,-0.000219722120732513,2.4489646427428e-06
20260927_101616_608,baseline,baseline,baseline,0.1,0.45,2.5,20,19,xloc,low_debt,-0.000211611862417804,-0.000209257211902569,2.35465051523498e-06,-0.000211611862417804,-0.000209257211902569,2.35465051523498e-06
20260927_101616_608,baseline,baseline,baseline,0.1,0.45,2.5,20,20,xloc,low_debt,-0.000202268844005316,-0.000200032641111458,2.23620289385718e-06,-0.000202268844005316,-0.000200032641111458,2.23620289385718e-06
20260927_101616_608,baseline,baseline,baseline,0.1,0.45,2.5,20,21,xloc,low_debt,-0.00019399789092156,-0.000191898724171358,2.09916675020239e-06,-0.00019399789092156,-0.000191898724171358,2.09916675020239e-06
20260927_101616_608,baseline,baseline,baseline,0.1,0.45,2.5,20,22,xloc,low_debt,-0.000186689226570058,-0.000184740839319075,1.9483872509829e-06,-0.000186689226570058,-0.000184740839319075,1.9483872509829e-06
20260927_101616_608,baseline,baseline,baseline,0.1,0.45,2.5,20,23,xloc,low_debt,-0.000180253810757036,-0.000178465713658316,1.78809709872052e-06,-0.000180253810757036,-0.000178465713658316,1.78809709872052e-06
20260927_101616_608,baseline,baseline,baseline,0.1,0.45,2.5,20,24,xloc,low_debt,-0.00017461479882086,-0.000172992813323725,1.62198549713555e-06,-0.00017461479882086,-0.000172992813323725,1.62198549713555e-06
20260927_101616_608,baseline,baseline,baseline,0.1,0.45,2.5,20,25,xloc,low_debt,-0.000169702407216255,-0.000168249154478661,1.45325273759322e-06,-0.000169702407216255,-0.000168249154478661,1.45325273759322e-06
20260927_101616_608,baseline,baseline,baseline,0.1,0.45,2.5,20,26,xloc,low_debt,-0.000165451010094908,-0.00016416635579386,1.28465430104807e-06,-0.000165451010094908,-0.00016416635579386,1.28465430104807e-06
20260927_101616_608,baseline,baseline,baseline,0.1,0.45,2.5,20,27,xloc,low_debt,-0.000161797657908802,-0.000160679120126739,1.11853778206328e-06,-0.000161797657908802,-0.000160679120126739,1.11853778206328e-06
20260927_101616_608,baseline,baseline,baseline,0.1,0.45,2.5,20,28,xloc,low_debt,-0.000158681470495692,-0.000157724595299502,9.56875196189699e-07,-0.000158681470495692,-0.000157724595299502,9.56875196189699e-07
20260927_101616_608,baseline,baseline,baseline,0.1,0.45,2.5,20,29,xloc,low_debt,-0.000156043540470496,-0.000155242247965925,8.01292504570839e-07,-0.000156043540470496,-0.000155242247965925,8.01292504570839e-07
20260927_101616_608,baseline,baseline,baseline,0.1,0.45,2.5,20,30,xloc,low_debt,-0.000153827109470317,-0.000153174011892854,6.53097577463235e-07,-0.000153827109470317,-0.000153174011892854,6.53097577463235e-07
20260927_101616_608,baseline,baseline,baseline,0.1,0.45,2.5,20,31,xloc,low_debt,-0.000151977866190478,-0.00015146455886994,5.1330732053767e-07,-0.000151977866190478,-0.00015146455886994,5.1330732053767e-07
20260927_101616_608,baseline,baseline,baseline,0.1,0.45,2.5,20,32,xloc,low_debt,-0.000150444273268491,-0.000150061598937046,3.8267433144501e-07,-0.000150444273268491,-0.000150061598937046,3.8267433144501e-07
20260927_101616_608,baseline,baseline,baseline,0.1,0.45,2.5,20,33,xloc,low_debt,-0.000149177868617234,-0.000148916155424561,2.61713192672985e-07,-0.000149177868617234,-0.000148916155424561,2.61713192672985e-07
20260927_101616_608,baseline,baseline,baseline,0.1,0.45,2.5,20,34,xloc,low_debt,-0.000148133511985837,-0.000147982785637324,1.5072634851343e-07,-0.000148133511985837,-0.000147982785637324,1.5072634851343e-07
20260927_101616_608,baseline,baseline,baseline,0.1,0.45,2.5,20,35,xloc,low_debt,-0.000147269563635866,-0.000147219734225823,4.98294100426122e-08,-0.000147269563635866,-0.000147219734225823,4.98294100426122e-08
20260927_101616_608,baseline,baseline,baseline,0.1,0.45,2.5,20,36,xloc,low_debt,-0.000146547992075363,-0.0001465890163862,-4.1024310837301e-08,-0.000146547992075363,-0.0001465890163862,-4.1024310837301e-08
20260927_101616_608,baseline,baseline,baseline,0.1,0.45,2.5,20,37,xloc,low_debt,-0.000145934413827931,-0.000146056434075947,-1.22020248016774e-07,-0.000145934413827931,-0.000146056434075947,-1.22020248016774e-07
20260927_101616_608,baseline,baseline,baseline,0.1,0.45,2.5,20,38,xloc,low_debt,-0.000145398071606961,-0.000145591531818368,-1.93460211406205e-07,-0.000145398071606961,-0.000145591531818368,-1.93460211406205e-07
20260927_101616_608,baseline,baseline,baseline,0.1,0.45,2.5,20,39,xloc,low_debt,-0.000144911758969246,-0.000145167500340326,-2.55741371080198e-07,-0.000144911758969246,-0.000145167500340326,-2.55741371080198e-07
20260927_101616_608,baseline,baseline,baseline,0.1,0.45,2.5,20,40,xloc,low_debt,-0.000144451700132997,-0.000144761036868779,-3.0933673578204e-07,-0.000144451700132997,-0.000144761036868779,-3.0933673578204e-07
20260927_101616_608,baseline,baseline,baseline,0.1,0.45,2.5,20,1,xloc,high_debt,-0.00235809765349249,-0.00236198558915357,-3.88793566108436e-06,-0.00235809765349249,-0.00236198558915357,-3.88793566108436e-06
20260927_101616_608,baseline,baseline,baseline,0.1,0.45,2.5,20,2,xloc,high_debt,-0.00213648417680845,-0.00214238924634624,-5.90506953779268e-06,-0.00213648417680845,-0.00214238924634624,-5.90506953779268e-06
20260927_101616_608,baseline,baseline,baseline,0.1,0.45,2.5,20,3,xloc,high_debt,-0.00189523667876268,-0.00190160124813499,-6.364569372308e-06,-0.00189523667876268,-0.00190160124813499,-6.364569372308e-06
20260927_101616_608,baseline,baseline,baseline,0.1,0.45,2.5,20,4,xloc,high_debt,-0.00167257068251381,-0.00167844166306064,-5.87098054682933e-06,-0.00167257068251381,-0.00167844166306064,-5.87098054682933e-06
20260927_101616_608,baseline,baseline,baseline,0.1,0.45,2.5,20,5,xloc,high_debt,-0.00148133430023767,-0.00148617349049784,-4.83919026017521e-06,-0.00148133430023767,-0.00148617349049784,-4.83919026017521e-06
20260927_101616_608,baseline,baseline,baseline,0.1,0.45,2.5,20,6,xloc,high_debt,-0.00132237916507283,-0.00132592414718025,-3.54498210741738e-06,-0.00132237916507283,-0.00132592414718025,-3.54498210741738e-06
20260927_101616_608,baseline,baseline,baseline,0.1,0.45,2.5,20,7,xloc,high_debt,-0.00119164838526165,-0.00119381447191325,-2.16608665160045e-06,-0.00119164838526165,-0.00119381447191325,-2.16608665160045e-06
20260927_101616_608,baseline,baseline,baseline,0.1,0.45,2.5,20,8,xloc,high_debt,-0.00108372771109277,-0.00108454089979759,-8.13188704817946e-07,-0.00108372771109277,-0.00108454089979759,-8.13188704817946e-07
20260927_101616_608,baseline,baseline,baseline,0.1,0.45,2.5,20,9,xloc,high_debt,-0.000993466267624865,-0.000993018498727016,4.4776889784881e-07,-0.000993466267624865,-0.000993018498727016,4.4776889784881e-07
20260927_101616_608,baseline,baseline,baseline,0.1,0.45,2.5,20,10,xloc,high_debt,-0.000916587681513259,-0.000915007568615733,1.58011289752569e-06,-0.000916587681513259,-0.000915007568615733,1.58011289752569e-06
20260927_101616_608,baseline,baseline,baseline,0.1,0.45,2.5,20,11,xloc,high_debt,-0.000849806249817564,-0.000847240243830538,2.56600598702583e-06,-0.000849806249817564,-0.000847240243830538,2.56600598702583e-06
20260927_101616_608,baseline,baseline,baseline,0.1,0.45,2.5,20,12,xloc,high_debt,-0.000790726316909129,-0.000787326749128958,3.39956778017125e-06,-0.000790726316909129,-0.000787326749128958,3.39956778017125e-06
20260927_101616_608,baseline,baseline,baseline,0.1,0.45,2.5,20,13,xloc,high_debt,-0.00073766825076127,-0.000733585833283534,4.08241747773541e-06,-0.00073766825076127,-0.000733585833283534,4.08241747773541e-06
20260927_101616_608,baseline,baseline,baseline,0.1,0.45,2.5,20,14,xloc,high_debt,-0.000689489653296071,-0.000684868833832342,4.62081946372983e-06,-0.000689489653296071,-0.000684868833832342,4.62081946372983e-06
20260927_101616_608,baseline,baseline,baseline,0.1,0.45,2.5,20,15,xloc,high_debt,-0.000645430455081697,-0.000640406590967646,5.02386411405098e-06,-0.000645430455081697,-0.000640406590967646,5.02386411405098e-06
20260927_101616_608,baseline,baseline,baseline,0.1,0.45,2.5,20,16,xloc,high_debt,-0.000604990255921756,-0.000599687952485328,5.30230343642746e-06,-0.000604990255921756,-0.000599687952485328,5.30230343642746e-06
20260927_101616_608,baseline,baseline,baseline,0.1,0.45,2.5,20,17,xloc,high_debt,-0.000567836820539847,-0.000562369026232634,5.46779430721234e-06,-0.000567836820539847,-0.000562369026232634,5.46779430721234e-06
20260927_101616_608,baseline,baseline,baseline,0.1,0.45,2.5,20,18,xloc,high_debt,-0.000533740916387582,-0.000528208523290941,5.53239309664111e-06,-0.000533740916387582,-0.000528208523290941,5.53239309664111e-06
20260927_101616_608,baseline,baseline,baseline,0.1,0.45,2.5,20,19,xloc,high_debt,-0.00050253181525628,-0.000497023609600356,5.50820565592414e-06,-0.00050253181525628,-0.000497023609600356,5.50820565592414e-06
20260927_101616_608,baseline,baseline,baseline,0.1,0.45,2.5,20,20,xloc,high_debt,-0.00047406820476581,-0.000468661069583765,5.40713518204505e-06,-0.00047406820476581,-0.000468661069583765,5.40713518204505e-06
20260927_101616_608,baseline,baseline,baseline,0.1,0.45,2.5,20,21,xloc,high_debt,-0.00044822015167334,-0.000442979457268122,5.24069440521746e-06,-0.00044822015167334,-0.000442979457268122,5.24069440521746e-06
20260927_101616_608,baseline,baseline,baseline,0.1,0.45,2.5,20,22,xloc,high_debt,-0.000424858726424393,-0.000419838863534139,5.01986289025425e-06,-0.000424858726424393,-0.000419838863534139,5.01986289025425e-06
20260927_101616_608,baseline,baseline,baseline,0.1,0.45,2.5,20,23,xloc,high_debt,-0.000403850763628144,-0.00039909578509234,4.75497853580364e-06,-0.000403850763628144,-0.00039909578509234,4.75497853580364e-06
20260927_101616_608,baseline,baseline,baseline,0.1,0.45,2.5,20,24,xloc,high_debt,-0.000385056938703721,-0.000380601281790072,4.45565691364891e-06,-0.000385056938703721,-0.000380601281790072,4.45565691364891e-06
20260927_101616_608,baseline,baseline,baseline,0.1,0.45,2.5,20,25,xloc,high_debt,-0.000368331884924689,-0.000364201150463539,4.13073446114964e-06,-0.000368331884924689,-0.000364201150463539,4.13073446114964e-06
20260927_101616_608,baseline,baseline,baseline,0.1,0.45,2.5,20,26,xloc,high_debt,-0.000353525478642425,-0.000349737245974646,3.7882326677785e-06,-0.000353525478642425,-0.000349737245974646,3.7882326677785e-06
20260927_101616_608,baseline,baseline,baseline,0.1,0.45,2.5,20,27,xloc,high_debt,-0.00034048471134418,-0.000337049370470743,3.43534087343667e-06,-0.00034048471134418,-0.000337049370470743,3.43534087343667e-06
20260927_101616_608,baseline,baseline,baseline,0.1,0.45,2.5,20,28,xloc,high_debt,-0.000329055772073983,-0.000325977356613993,3.07841545998944e-06,-0.000329055772073983,-0.000325977356613993,3.07841545998944e-06
20260927_101616_608,baseline,baseline,baseline,0.1,0.45,2.5,20,29,xloc,high_debt,-0.000319086105226907,-0.000316363111966145,2.72299326076197e-06,-0.000319086105226907,-0.000316363111966145,2.72299326076197e-06
20260927_101616_608,baseline,baseline,baseline,0.1,0.45,2.5,20,30,xloc,high_debt,-0.00031042630468503,-0.000308052487652422,2.37381703260819e-06,-0.00031042630468503,-0.000308052487652422,2.37381703260819e-06
20260927_101616_608,baseline,baseline,baseline,0.1,0.45,2.5,20,31,xloc,high_debt,-0.000302931769193049,-0.000300896898314806,2.0348708782425e-06,-0.000302931769193049,-0.000300896898314806,2.0348708782425e-06
20260927_101616_608,baseline,baseline,baseline,0.1,0.45,2.5,20,32,xloc,high_debt,-0.00029646408564421,-0.000294754662057528,1.70942358668214e-06,-0.00029646408564421,-0.000294754662057528,1.70942358668214e-06
20260927_101616_608,baseline,baseline,baseline,0.1,0.45,2.5,20,33,xloc,high_debt,-0.000290892133599674,-0.000289492055622342,1.40007797733155e-06,-0.000290892133599674,-0.000289492055622342,1.40007797733155e-06
20260927_101616_608,baseline,baseline,baseline,0.1,0.45,2.5,20,34,xloc,high_debt,-0.000286092920841363,-0.000284984096356578,1.10882448478566e-06,-0.000286092920841363,-0.000284984096356578,1.10882448478566e-06
20260927_101616_608,baseline,baseline,baseline,0.1,0.45,2.5,20,35,xloc,high_debt,-0.000281952169437716,-0.000281115072049976,8.37097387740293e-07,-0.000281952169437716,-0.000281115072049976,8.37097387740293e-07
20260927_101616_608,baseline,baseline,baseline,0.1,0.45,2.5,20,36,xloc,high_debt,-0.000278364677022913,-0.000277778844748333,5.85832274579978e-07,-0.000278364677022913,-0.000277778844748333,5.85832274579978e-07
20260927_101616_608,baseline,baseline,baseline,0.1,0.45,2.5,20,37,xloc,high_debt,-0.000275234480287878,-0.000274878956766367,3.55523521511358e-07,-0.000275234480287878,-0.000274878956766367,3.55523521511358e-07
20260927_101616_608,baseline,baseline,baseline,0.1,0.45,2.5,20,38,xloc,high_debt,-0.000272474848114546,-0.000272328567365809,1.46280748736238e-07,-0.000272474848114546,-0.000272328567365809,1.46280748736238e-07
20260927_101616_608,baseline,baseline,baseline,0.1,0.45,2.5,20,39,xloc,high_debt,-0.000270008131034172,-0.000270050247639264,-4.2116605092346e-08,-0.000270008131034172,-0.000270050247639264,-4.2116605092346e-08
20260927_101616_608,baseline,baseline,baseline,0.1,0.45,2.5,20,40,xloc,high_debt,-0.000267765492223848,-0.000267975659497655,-2.10167273806405e-07,-0.000267765492223848,-0.000267975659497655,-2.10167273806405e-07
20260927_101616_608,gamma_low,gamma_g,low,0.05,0.45,2.5,20,1,ig,low_debt,-0.00021500517677224,-0.000220688413802975,-5.6832370307347e-06,-0.00179170980643533,-0.00183907011502479,-4.73603085894558e-05
20260927_101616_608,gamma_low,gamma_g,low,0.05,0.45,2.5,20,2,ig,low_debt,-0.000371326431497634,-0.00038029644085949,-8.97000936185555e-06,-0.00309438692914695,-0.00316913700716242,-7.47500780154627e-05
20260927_101616_608,gamma_low,gamma_g,low,0.05,0.45,2.5,20,3,ig,low_debt,-0.000485860441259353,-0.000496356343625201,-1.0495902365848e-05,-0.00404883701049461,-0.00413630286354334,-8.74658530487325e-05
20260927_101616_608,gamma_low,gamma_g,low,0.05,0.45,2.5,20,4,ig,low_debt,-0.000569091852361703,-0.000579860683525169,-1.07688311634657e-05,-0.00474243210301419,-0.00483217236270974,-8.97402596955477e-05
20260927_101616_608,gamma_low,gamma_g,low,0.05,0.45,2.5,20,5,ig,low_debt,-0.000627773247450558,-0.000637954487977099,-1.01812405265411e-05,-0.00523144372875465,-0.00531628739980916,-8.48436710545091e-05
20260927_101616_608,gamma_low,gamma_g,low,0.05,0.45,2.5,20,6,ig,low_debt,-0.000666508137260519,-0.00067553769684954,-9.02955958902163e-06,-0.00555423447717099,-0.0056294808070795,-7.52463299085139e-05
20260927_101616_608,gamma_low,gamma_g,low,0.05,0.45,2.5,20,7,ig,low_debt,-0.000688667843379509,-0.00069620196567885,-7.53412229934081e-06,-0.00573889869482924,-0.00580168304732375,-6.27843524945073e-05
20260927_101616_608,gamma_low,gamma_g,low,0.05,0.45,2.5,20,8,ig,low_debt,-0.000696910025215824,-0.000702766714204911,-5.85668898908653e-06,-0.0058075835434652,-0.00585638928504092,-4.88057415757208e-05
20260927_101616_608,gamma_low,gamma_g,low,0.05,0.45,2.5,20,9,ig,low_debt,-0.000693463296528668,-0.000697578007941999,-4.11471141333053e-06,-0.00577886080440557,-0.00581315006618332,-3.42892617777547e-05
20260927_101616_608,gamma_low,gamma_g,low,0.05,0.45,2.5,20,10,ig,low_debt,-0.000680277601775123,-0.000682670029005406,-2.39242723028277e-06,-0.00566898001479269,-0.00568891690837838,-1.99368935856897e-05
20260927_101616_608,gamma_low,gamma_g,low,0.05,0.45,2.5,20,11,ig,low_debt,-0.000659099839930705,-0.000659849086603659,-7.49246672954174e-07,-0.00549249866608921,-0.00549874238836382,-6.24372227461811e-06
20260927_101616_608,gamma_low,gamma_g,low,0.05,0.45,2.5,20,12,ig,low_debt,-0.000631509585594464,-0.000630735571502269,7.74014092194686e-07,-0.00526257987995387,-0.00525612976251891,6.45011743495572e-06
20260927_101616_608,gamma_low,gamma_g,low,0.05,0.45,2.5,20,13,ig,low_debt,-0.000598934846929883,-0.000596784310197662,2.15053673222054e-06,-0.00499112372441569,-0.00497320258498052,1.79211394351715e-05
20260927_101616_608,gamma_low,gamma_g,low,0.05,0.45,2.5,20,14,ig,low_debt,-0.00056265891246074,-0.000559294800309487,3.36411215125232e-06,-0.00468882427050616,-0.00466079000257906,2.80342679271029e-05
20260927_101616_608,gamma_low,gamma_g,low,0.05,0.45,2.5,20,15,ig,low_debt,-0.000523824137058815,-0.000519417512239773,4.40662481904219e-06,-0.00436520114215679,-0.00432847926866477,3.67218734920183e-05
20260927_101616_608,gamma_low,gamma_g,low,0.05,0.45,2.5,20,16,ig,low_debt,-0.000483435542391428,-0.000478159381983326,5.27616040810197e-06,-0.00402862951992856,-0.00398466151652772,4.39680034008492e-05
20260927_101616_608,gamma_low,gamma_g,low,0.05,0.45,2.5,20,17,ig,low_debt,-0.000442365457145752,-0.000436389900644499,5.97555650125314e-06,-0.00368637880954793,-0.00363658250537082,4.97963041771092e-05
20260927_101616_608,gamma_low,gamma_g,low,0.05,0.45,2.5,20,18,ig,low_debt,-0.000401359547047009,-0.000394848277610632,6.5112694363767e-06,-0.00334466289205841,-0.00329040231342193,5.42605786364725e-05
20260927_101616_608,gamma_low,gamma_g,low,0.05,0.45,2.5,20,19,ig,low_debt,-0.000361044152259432,-0.000354151682633516,6.89246962591594e-06,-0.0030087012688286,-0.00295126402194597,5.74372468826329e-05
20260927_101616_608,gamma_low,gamma_g,low,0.05,0.45,2.5,20,20,ig,low_debt,-0.00032193466320557,-0.000314804357515505,7.13030569006456e-06,-0.00268278886004641,-0.00262336964596254,5.94192140838711e-05
20260927_101616_608,gamma_low,gamma_g,low,0.05,0.45,2.5,20,21,ig,low_debt,-0.000284444610246876,-0.000277207313084268,7.23729716260724e-06,-0.0023703717520573,-0.0023100609423689,6.03108096883936e-05
20260927_101616_608,gamma_low,gamma_g,low,0.05,0.45,2.5,20,22,ig,low_debt,-0.000248895152461695,-0.000241668323796754,7.22682866494129e-06,-0.00207412627051413,-0.00201390269830628,6.02235722078439e-05
20260927_101616_608,gamma_low,gamma_g,low,0.05,0.45,2.5,20,23,ig,low_debt,-0.00021552468956744,-0.000208411962448168,7.11272711927113e-06,-0.00179603907972866,-0.00173676635373474,5.92727259939262e-05
20260927_101616_608,gamma_low,gamma_g,low,0.05,0.45,2.5,20,24,ig,low_debt,-0.000184498369471278,-0.000177589460305508,6.90890916577036e-06,-0.00153748641226065,-0.00147991216921257,5.75742430480863e-05
20260927_101616_608,gamma_low,gamma_g,low,0.05,0.45,2.5,20,25,ig,low_debt,-0.000155917312266954,-0.00014928822279707,6.62908946988394e-06,-0.00129931093555795,-0.00124406852330892,5.52424122490327e-05
20260927_101616_608,gamma_low,gamma_g,low,0.05,0.45,2.5,20,26,ig,low_debt,-0.000129827415320916,-0.000123540872554465,6.28654276645102e-06,-0.0010818951276743,-0.0010295072712872,5.23878563870918e-05
20260927_101616_608,gamma_low,gamma_g,low,0.05,0.45,2.5,20,27,ig,low_debt,-0.000106227641845522,-0.000100333728058274,5.89391378724713e-06,-0.00088523034871268,-0.00083611440048562,4.91159482270594e-05
20260927_101616_608,gamma_low,gamma_g,low,0.05,0.45,2.5,20,28,ig,low_debt,-8.5077726886873e-05,-7.96146568998735e-05,5.46306998699952e-06,-0.000708981057390608,-0.000663455474165612,4.5525583224996e-05
20260927_101616_608,gamma_low,gamma_g,low,0.05,0.45,2.5,20,29,ig,low_debt,-6.63052604551739e-05,-6.13002680093927e-05,5.00499244578123e-06,-0.000552543837126449,-0.000510835566744939,4.17082703815103e-05
20260927_101616_608,gamma_low,gamma_g,low,0.05,0.45,2.5,20,30,ig,low_debt,-4.98121283159236e-05,-4.52824276951924e-05,4.52970062073121e-06,-0.000415101069299364,-0.000377353564126603,3.77475051727602e-05
20260927_101616_608,gamma_low,gamma_g,low,0.05,0.45,2.5,20,31,ig,low_debt,-3.54803074960192e-05,-3.1434100658756e-05,4.0462068372632e-06,-0.000295669229133493,-0.000261950838822966,3.37183903105267e-05
20260927_101616_608,gamma_low,gamma_g,low,0.05,0.45,2.5,20,32,ig,low_debt,-2.31770265305686e-05,-1.96145299303369e-05,3.56249660023178e-06,-0.000193141887754739,-0.00016345441608614,2.96874716685981e-05
20260927_101616_608,gamma_low,gamma_g,low,0.05,0.45,2.5,20,33,ig,low_debt,-1.27593104854301e-05,-9.67377948880854e-06,3.08553099662157e-06,-0.000106327587378584,-8.06148290734045e-05,2.57127583051797e-05
20260927_101616_608,gamma_low,gamma_g,low,0.05,0.45,2.5,20,34,ig,low_debt,-4.07793834394932e-06,-1.45667067506794e-06,2.62126766888138e-06,-3.3982819532911e-05,-1.21389222922328e-05,2.18438972406781e-05
20260927_101616_608,gamma_low,gamma_g,low,0.05,0.45,2.5,20,35,ig,low_debt,3.01915413500331e-06,5.1938511977101e-06,2.17469706270679e-06,2.51596177916943e-05,4.32820933142508e-05,1.81224755225566e-05
20260927_101616_608,gamma_low,gamma_g,low,0.05,0.45,2.5,20,36,ig,low_debt,8.6839891454138e-06,1.04338800430981e-05,1.74989089768429e-06,7.23665762117816e-05,8.69490003591507e-05,1.45824241473691e-05
20260927_101616_608,gamma_low,gamma_g,low,0.05,0.45,2.5,20,37,ig,low_debt,1.30661397639426e-05,1.44161998314879e-05,1.35006006754534e-06,0.000108884498032855,0.000120134998595732,1.12505005628779e-05
20260927_101616_608,gamma_low,gamma_g,low,0.05,0.45,2.5,20,38,ig,low_debt,1.63107604014556e-05,1.72883798453261e-05,9.77619443870426e-07,0.000135923003345464,0.000144069832044384,8.14682869892022e-06
20260927_101616_608,gamma_low,gamma_g,low,0.05,0.45,2.5,20,39,ig,low_debt,1.85570137417185e-05,1.91912710702652e-05,6.34257328546717e-07,0.000154641781180987,0.000159927258918877,5.28547773788929e-06
20260927_101616_608,gamma_low,gamma_g,low,0.05,0.45,2.5,20,40,ig,low_debt,1.9936853542582e-05,2.02578611127463e-05,3.21007570164289e-07,0.000166140446188183,0.000168815509272886,2.67506308470242e-06
20260927_101616_608,gamma_low,gamma_g,low,0.05,0.45,2.5,20,1,ig,high_debt,-0.000489990629190473,-0.000498909395754865,-8.91876656439194e-06,-0.00408325524325394,-0.00415757829795721,-7.43230547032656e-05
20260927_101616_608,gamma_low,gamma_g,low,0.05,0.45,2.5,20,2,ig,high_debt,-0.000874355168566529,-0.00088892215792781,-1.4566989361281e-05,-0.00728629307138774,-0.00740768464939842,-0.000121391578010675
20260927_101616_608,gamma_low,gamma_g,low,0.05,0.45,2.5,20,3,ig,high_debt,-0.00117147181361753,-0.00118910879375025,-1.76369801327264e-05,-0.0097622651134794,-0.00990923994791879,-0.000146974834439387
20260927_101616_608,gamma_low,gamma_g,low,0.05,0.45,2.5,20,4,ig,high_debt,-0.0013951886850076,-0.00141391209670072,-1.87234116931223e-05,-0.0116265723750633,-0.0117826008058393,-0.00015602843077602
20260927_101616_608,gamma_low,gamma_g,low,0.05,0.45,2.5,20,5,ig,high_debt,-0.00155650422947297,-0.00157482606476363,-1.83218352906578e-05,-0.0129708685789414,-0.0131235505396969,-0.000152681960755482
20260927_101616_608,gamma_low,gamma_g,low,0.05,0.45,2.5,20,6,ig,high_debt,-0.00166456828911682,-0.00168140632966207,-1.68380405452528e-05,-0.0138714024093068,-0.0140117194138506,-0.000140317004543773
20260927_101616_608,gamma_low,gamma_g,low,0.05,0.45,2.5,20,7,ig,high_debt,-0.00172726836645684,-0.0017418691829662,-1.46008165093636e-05,-0.014393903053807,-0.0145155765247184,-0.000121673470911363
20260927_101616_608,gamma_low,gamma_g,low,0.05,0.45,2.5,20,8,ig,high_debt,-0.00175156707191347,-0.00176344169779846,-1.18746258849917e-05,-0.0145963922659456,-0.0146953474816539,-9.89552157082633e-05
20260927_101616_608,gamma_low,gamma_g,low,0.05,0.45,2.5,20,9,ig,high_debt,-0.00174369361027965,-0.00175256440186708,-8.87079158742865e-06,-0.0145307800856638,-0.0146047033488923,-7.39232632285709e-05
20260927_101616_608,gamma_low,gamma_g,low,0.05,0.45,2.5,20,10,ig,high_debt,-0.00170925212622723,-0.00171500895954244,-5.75683331520416e-06,-0.0142437677185603,-0.0142917413295203,-4.79736109600341e-05
20260927_101616_608,gamma_low,gamma_g,low,0.05,0.45,2.5,20,11,ig,high_debt,-0.00165328460855822,-0.00165594866837189,-2.66405981366735e-06,-0.0137773717379852,-0.0137995722364324,-2.22004984472279e-05
20260927_101616_608,gamma_low,gamma_g,low,0.05,0.45,2.5,20,12,ig,high_debt,-0.00158031047462016,-0.00158000416858479,3.06306035369186e-07,-0.013169253955168,-0.0131667014048733,2.55255029474322e-06
20260927_101616_608,gamma_low,gamma_g,low,0.05,0.45,2.5,20,13,ig,high_debt,-0.00149435542273189,-0.00149127725810609,3.07816462580268e-06,-0.0124529618560991,-0.0124273104842174,2.56513718816902e-05
20260927_101616_608,gamma_low,gamma_g,low,0.05,0.45,2.5,20,14,ig,high_debt,-0.00139897639722815,-0.00139337992815065,5.59646907749567e-06,-0.0116581366435679,-0.0116114994012554,4.66372423124639e-05
20260927_101616_608,gamma_low,gamma_g,low,0.05,0.45,2.5,20,15,ig,high_debt,-0.00129728611838612,-0.00128946228818683,7.82383019928834e-06,-0.0108107176532176,-0.0107455190682236,6.51985849940695e-05
20260927_101616_608,gamma_low,gamma_g,low,0.05,0.45,2.5,20,16,ig,high_debt,-0.00119197867774523,-0.00118224104346736,9.737634277876e-06,-0.00993315564787693,-0.00985200869556129,8.11469523156333e-05
20260927_101616_608,gamma_low,gamma_g,low,0.05,0.45,2.5,20,17,ig,high_debt,-0.00108535661820031,-0.00107402906147218,1.13275567281274e-05,-0.00904463848500255,-0.00895024217893482,9.43963060677285e-05
20260927_101616_608,gamma_low,gamma_g,low,0.05,0.45,2.5,20,18,ig,high_debt,-0.000979359354585374,-0.000966765964427338,1.25933901580361e-05,-0.00816132795487812,-0.00805638303689448,0.000104944917983633
20260927_101616_608,gamma_low,gamma_g,low,0.05,0.45,2.5,20,19,ig,high_debt,-0.000875592527936633,-0.000862049396589071,1.35431313475626e-05,-0.00729660439947195,-0.00718374497157559,0.000112859427896355
20260927_101616_608,gamma_low,gamma_g,low,0.05,0.45,2.5,20,20,ig,high_debt,-0.000775357794366369,-0.000761166504703065,1.4191289663304e-05,-0.00646131495305307,-0.00634305420585887,0.0001182607471942
20260927_101616_608,gamma_low,gamma_g,low,0.05,0.45,2.5,20,21,ig,high_debt,-0.000679682549487137,-0.000665125158114357,1.45573913727798e-05,-0.00566402124572614,-0.00554270965095298,0.000121311594773165
20260927_101616_608,gamma_low,gamma_g,low,0.05,0.45,2.5,20,22,ig,high_debt,-0.000589349135897754,-0.000574684474057799,1.46646618399554e-05,-0.00491124279914795,-0.00478903728381499,0.000122205515332961
20260927_101616_608,gamma_low,gamma_g,low,0.05,0.45,2.5,20,23,ig,high_debt,-0.000504923148196557,-0.000490384276164976,1.45388720315803e-05,-0.00420769290163797,-0.00408653563470814,0.000121157266929836
20260927_101616_608,gamma_low,gamma_g,low,0.05,0.45,2.5,20,24,ig,high_debt,-0.000426780522763751,-0.000412573184591175,1.42073381725755e-05,-0.00355650435636459,-0.00343810987159313,0.000118394484771463
20260927_101616_608,gamma_low,gamma_g,low,0.05,0.45,2.5,20,25,ig,high_debt,-0.00035513317041326,-0.000341435105894627,1.3698064518633e-05,-0.00295944308677717,-0.0028452925491219,0.000114150537655275
20260927_101616_608,gamma_low,gamma_g,low,0.05,0.45,2.5,20,26,ig,high_debt,-0.000290052975133806,-0.000277013955542416,1.30390195913904e-05,-0.00241710812611505,-0.00230844962952013,0.00010865849659492
20260927_101616_608,gamma_low,gamma_g,low,0.05,0.45,2.5,20,27,ig,high_debt,-0.000231494039905078,-0.000219236503694126,1.22575362109523e-05,-0.00192911699920898,-0.00182697086411771,0.000102146135091269
20260927_101616_608,gamma_low,gamma_g,low,0.05,0.45,2.5,20,28,ig,high_debt,-0.000179313110571858,-0.000167933285076846,1.13798254950115e-05,-0.00149427592143215,-0.00139944404230705,9.48318791250957e-05
20260927_101616_608,gamma_low,gamma_g,low,0.05,0.45,2.5,20,29,ig,high_debt,-0.000133288151195857,-0.000122857556377212,1.04305948186445e-05,-0.00111073459329881,-0.0010238129698101,8.69216234887042e-05
20260927_101616_608,gamma_low,gamma_g,low,0.05,0.45,2.5,20,30,ig,high_debt,-9.31350796929686e-05,-8.37023200642856e-05,9.43275962868306e-06,-0.000776125664108072,-0.000697519333869047,7.86063302390255e-05
20260927_101616_608,gamma_low,gamma_g,low,0.05,0.45,2.5,20,31,ig,high_debt,-5.8522701539665e-05,-5.01154625167088e-05,8.40723902295615e-06,-0.000487689179497208,-0.000417628854305907,7.00603251913012e-05
20260927_101616_608,gamma_low,gamma_g,low,0.05,0.45,2.5,20,32,ig,high_debt,-2.90859025637025e-05,-2.17130774118335e-05,7.37282515186899e-06,-0.000242382521364187,-0.000180942311765279,6.14402095989082e-05
20260927_101616_608,gamma_low,gamma_g,low,0.05,0.45,2.5,20,33,ig,high_debt,-4.43717997929138e-06,1.9089367973707e-06,6.34611677666208e-06,-3.69764998274282e-05,1.59078066447558e-05,5.2884306472184e-05
20260927_101616_608,gamma_low,gamma_g,low,0.05,0.45,2.5,20,34,ig,high_debt,1.58233954962866e-05,2.11649032073602e-05,5.34150771107356e-06,0.000131861629135722,0.000176374193394668,4.45125642589463e-05
20260927_101616_608,gamma_low,gamma_g,low,0.05,0.45,2.5,20,35,ig,high_debt,3.20996838211185e-05,3.6470905185923e-05,4.3712213648045e-06,0.000267497365175987,0.000303924209882692,3.64268447067042e-05
20260927_101616_608,gamma_low,gamma_g,low,0.05,0.45,2.5,20,36,ig,high_debt,4.47923370502923e-05,4.82377202274537e-05,3.44538317716137e-06,0.000373269475419102,0.000401981001895447,2.87115264763447e-05
20260927_101616_608,gamma_low,gamma_g,low,0.05,0.45,2.5,20,37,ig,high_debt,5.42929053945207e-05,5.68650287513517e-05,2.57212335683099e-06,0.000452440878287672,0.000473875239594597,2.14343613069249e-05
20260927_101616_608,gamma_low,gamma_g,low,0.05,0.45,2.5,20,38,ig,high_debt,6.09790741845223e-05,6.27367771943166e-05,1.75770300979428e-06,0.000508158951537686,0.000522806476619305,1.46475250816189e-05
20260927_101616_608,gamma_low,gamma_g,low,0.05,0.45,2.5,20,39,ig,high_debt,6.52109189136635e-05,6.62175763378736e-05,1.00665742421013e-06,0.000543424324280529,0.000551813136148947,8.38881186841778e-06
20260927_101616_608,gamma_low,gamma_g,low,0.05,0.45,2.5,20,40,ig,high_debt,6.73280681012661e-05,6.76500190734397e-05,3.21950972173579e-07,0.000561067234177218,0.000563750158945331,2.68292476811316e-06
20260927_101616_608,gamma_low,gamma_g,low,0.05,0.45,2.5,20,1,kg,low_debt,-0.000215005176772642,-0.000220688413802961,-5.68323703031837e-06,-4.47927451609672e-05,-4.59767528756168e-05,-1.18400771464966e-06
20260927_101616_608,gamma_low,gamma_g,low,0.05,0.45,2.5,20,2,kg,low_debt,-0.000580956478850148,-0.000595467644315839,-1.45111654656915e-05,-0.000121032599760447,-0.000124055759232466,-3.02315947201906e-06
20260927_101616_608,gamma_low,gamma_g,low,0.05,0.45,2.5,20,3,kg,low_debt,-0.00105229300813825,-0.00107693729683156,-2.46442886933096e-05,-0.000219227710028802,-0.000224361936839908,-5.13422681110617e-06
20260927_101616_608,gamma_low,gamma_g,low,0.05,0.45,2.5,20,4,kg,low_debt,-0.00159507753529642,-0.00162987454793484,-3.47970126384212e-05,-0.000332307819853421,-0.000339557197486425,-7.24937763300443e-06
20260927_101616_608,gamma_low,gamma_g,low,0.05,0.45,2.5,20,5,kg,low_debt,-0.00218297384436461,-0.00222708217221168,-4.410832784707e-05,-0.000454786217575961,-0.0004639754525441,-9.18923496813956e-06
20260927_101616_608,gamma_low,gamma_g,low,0.05,0.45,2.5,20,6,kg,low_debt,-0.00279490763551493,-0.00284694281475506,-5.20351792401286e-05,-0.000582272424065611,-0.000593113086407304,-1.08406623416935e-05
20260927_101616_608,gamma_low,gamma_g,low,0.05,0.45,2.5,20,7,kg,low_debt,-0.00341370278800657,-0.00347197121006459,-5.82684220580276e-05,-0.000711188080834702,-0.000723327335430124,-1.21392545954224e-05
20260927_101616_608,gamma_low,gamma_g,low,0.05,0.45,2.5,20,8,kg,low_debt,-0.00402527024352217,-0.00408793864401691,-6.26684004947364e-05,-0.000838597967400453,-0.000851653884170189,-1.30559167697367e-05
20260927_101616_608,gamma_low,gamma_g,low,0.05,0.45,2.5,20,9,kg,low_debt,-0.00461810178396238,-0.0046833181858581,-6.5216401895718e-05,-0.000962104538325496,-0.000975691288720437,-1.35867503949412e-05
20260927_101616_608,gamma_low,gamma_g,low,0.05,0.45,2.5,20,10,kg,low_debt,-0.00518292684113852,-0.00524890526021604,-6.5978419077517e-05,-0.00107977642523719,-0.00109352192921168,-1.37455039744827e-05
20260927_101616_608,gamma_low,gamma_g,low,0.05,0.45,2.5,20,11,kg,low_debt,-0.00571245351004013,-0.00577753171531459,-6.50782052744603e-05,-0.00119009448125836,-0.00120365244069054,-1.35579594321791e-05
20260927_101616_608,gamma_low,gamma_g,low,0.05,0.45,2.5,20,12,kg,low_debt,-0.00620115175788349,-0.00626382899393363,-6.26772360501349e-05,-0.00129190661622573,-0.00130496437373617,-1.30577575104447e-05
20260927_101616_608,gamma_low,gamma_g,low,0.05,0.45,2.5,20,13,kg,low_debt,-0.00664505781086611,-0.00670401757928296,-5.89597684168552e-05,-0.00138438704393044,-0.00139667032901728,-1.22832850868448e-05
20260927_101616_608,gamma_low,gamma_g,low,0.05,0.45,2.5,20,14,kg,low_debt,-0.00704159027805495,-0.00709571194011005,-5.41216620550955e-05,-0.00146699797459478,-0.00147827332085626,-1.12753462614781e-05
20260927_101616_608,gamma_low,gamma_g,low,0.05,0.45,2.5,20,15,kg,low_debt,-0.00738937465816214,-0.00743773665384673,-4.83619956845871e-05,-0.00153945305378378,-0.0015495284695514,-1.00754157676224e-05
20260927_101616_608,gamma_low,gamma_g,low,0.05,0.45,2.5,20,16,kg,low_debt,-0.00768807583409892,-0.00772995261948406,-4.18767853851421e-05,-0.00160168246543727,-0.00161040679572585,-8.72433028857133e-06
20260927_101616_608,gamma_low,gamma_g,low,0.05,0.45,2.5,20,17,kg,low_debt,-0.00793823939539173,-0.00797309370464205,-3.48543092503206e-05,-0.00165379987403994,-0.00166106118846709,-7.26131442715006e-06
20260927_101616_608,gamma_low,gamma_g,low,0.05,0.45,2.5,20,18,kg,low_debt,-0.00814114295755441,-0.00816861463963647,-2.74716820820586e-05,-0.0016960714494905,-0.00170179471659093,-5.72326710042881e-06
20260927_101616_608,gamma_low,gamma_g,low,0.05,0.45,2.5,20,19,kg,low_debt,-0.00829865853587464,-0.00831855095627976,-1.9892420405121e-05,-0.00172888719497388,-0.00173303144922495,-4.14425425106701e-06
20260927_101616_608,gamma_low,gamma_g,low,0.05,0.45,2.5,20,20,kg,low_debt,-0.00841312673568329,-0.00842539153988842,-1.2264804205131e-05,-0.00175273473660068,-0.00175528990414342,-2.55516754273555e-06
20260927_101616_608,gamma_low,gamma_g,low,0.05,0.45,2.5,20,21,kg,low_debt,-0.00848724317753735,-0.0084919640644765,-4.72088693914685e-06,-0.00176817566198695,-0.00176915918009927,-9.83518112322333e-07
20260927_101616_608,gamma_low,gamma_g,low,0.05,0.45,2.5,20,22,kg,low_debt,-0.00852395725055999,-0.00852133328666138,2.62396389860697e-06,-0.0017758244272,-0.00177527776805445,5.46659145543192e-07
20260927_101616_608,gamma_low,gamma_g,low,0.05,0.45,2.5,20,23,kg,low_debt,-0.00852638300886355,-0.00851671191694336,9.67109192018256e-06,-0.00177632979351324,-0.00177431498269653,2.01481081670484e-06
20260927_101616_608,gamma_low,gamma_g,low,0.05,0.45,2.5,20,24,kg,low_debt,-0.00849772180311348,-0.00848138357932626,1.63382237872156e-05,-0.00177035870898197,-0.00176695491235964,3.40379662233659e-06
20260927_101616_608,gamma_low,gamma_g,low,0.05,0.45,2.5,20,25,kg,low_debt,-0.00844119607030169,-0.0084186372126398,2.25588576618918e-05,-0.00175858251464619,-0.00175388275263329,4.69976201289413e-06
20260927_101616_608,gamma_low,gamma_g,low,0.05,0.45,2.5,20,26,kg,low_debt,-0.00835999358386541,-0.00833171215487916,2.82814289862543e-05,-0.00174166532997196,-0.00173577336559982,5.89196437213646e-06
20260927_101616_608,gamma_low,gamma_g,low,0.05,0.45,2.5,20,27,kg,low_debt,-0.0082572213861134,-0.00822375307906587,3.3468307047535e-05,-0.00172025445544029,-0.00171328189147206,6.97256396823653e-06
20260927_101616_608,gamma_low,gamma_g,low,0.05,0.45,2.5,20,28,kg,low_debt,-0.00813586857834725,-0.00809777390898958,3.80946693576689e-05,-0.00169497262048901,-0.0016870362310395,7.93638944951436e-06
20260927_101616_608,gamma_low,gamma_g,low,0.05,0.45,2.5,20,29,kg,low_debt,-0.00799877712434416,-0.00795662982927414,4.21472950700164e-05,-0.00166641190090503,-0.00165763121443211,8.78068647292007e-06
20260927_101616_608,gamma_low,gamma_g,low,0.05,0.45,2.5,20,30,kg,low_debt,-0.00784861982455087,-0.00780299651123784,4.56233133130368e-05,-0.00163512913011477,-0.00162562427317455,9.50485694021586e-06
20260927_101616_608,gamma_low,gamma_g,low,0.05,0.45,2.5,20,31,kg,low_debt,-0.00768788463643322,-0.00763935569911656,4.85289373166609e-05,-0.00160164263259025,-0.00159153243731595,1.01101952743043e-05
20260927_101616_608,gamma_low,gamma_g,low,0.05,0.45,2.5,20,32,kg,low_debt,-0.00751886454705275,-0.00746798633656898,5.08782104837735e-05,-0.00156643011396932,-0.0015558304867852,1.05996271841196e-05
20260927_101616_608,gamma_low,gamma_g,low,0.05,0.45,2.5,20,33,kg,low_debt,-0.00734365224386124,-0.00729096045764432,5.26917862169185e-05,-0.00152992755080443,-0.00151895009534257,1.0977455461858e-05
20260927_101616_608,gamma_low,gamma_g,low,0.05,0.45,2.5,20,34,kg,low_debt,-0.00716413887610923,-0.0071101431168783,5.39957592309293e-05,-0.00149252893252276,-0.00148127981601631,1.12491165064437e-05
20260927_101616_608,gamma_low,gamma_g,low,0.05,0.45,2.5,20,35,kg,low_debt,-0.00698201625007133,-0.00692719568775946,5.48205623118747e-05,-0.00145458671876486,-0.00144316576828322,1.14209504816405e-05
20260927_101616_608,gamma_low,gamma_g,low,0.05,0.45,2.5,20,36,kg,low_debt,-0.00679878185467331,-0.00674358191552216,5.51999391511515e-05,-0.00141641288639027,-0.00140491289906712,1.14999873231565e-05
20260927_101616_608,gamma_low,gamma_g,low,0.05,0.45,2.5,20,37,kg,low_debt,-0.00661574616854299,-0.0065605761678027,5.517000074029e-05,-0.00137828045177979,-0.00136678670162556,1.14937501542269e-05
20260927_101616_608,gamma_low,gamma_g,low,0.05,0.45,2.5,20,38,kg,low_debt,-0.00643404175392703,-0.00637927338376265,5.4768370164382e-05,-0.00134042536540147,-0.00132901528828389,1.14100771175796e-05
20260927_101616_608,gamma_low,gamma_g,low,0.05,0.45,2.5,20,39,kg,low_debt,-0.00625463369633739,-0.00620060027809899,5.40334182383972e-05,-0.00130304868673696,-0.00129179172460396,1.12569621329994e-05
20260927_101616_608,gamma_low,gamma_g,low,0.05,0.45,2.5,20,40,kg,low_debt,-0.00607833100038579,-0.00602532741003348,5.30035903523185e-05,-0.00126631895841371,-0.00125527654375697,1.10424146567329e-05
20260927_101616_608,gamma_low,gamma_g,low,0.05,0.45,2.5,20,1,kg,high_debt,-0.000489990629190196,-0.000498909395754588,-8.91876656439194e-06,-0.000102081381081291,-0.000103939457448872,-1.85807636758166e-06
20260927_101616_608,gamma_low,gamma_g,low,0.05,0.45,2.5,20,2,kg,high_debt,-0.00135209603202746,-0.00137535881878836,-2.32627867609025e-05,-0.000281686673339054,-0.000286533087247576,-4.84641390852136e-06
20260927_101616_608,gamma_low,gamma_g,low,0.05,0.45,2.5,20,3,kg,high_debt,-0.00248976544484414,-0.00253008364206764,-4.03181972234989e-05,-0.000518701134342529,-0.000527100758764091,-8.39962442156228e-06
20260927_101616_608,gamma_low,gamma_g,low,0.05,0.45,2.5,20,4,kg,high_debt,-0.00382270999373091,-0.0038807436477164,-5.80336539854898e-05,-0.000796397915360606,-0.000808488259940917,-1.20903445803103e-05
20260927_101616_608,gamma_low,gamma_g,low,0.05,0.45,2.5,20,5,kg,high_debt,-0.00528364647336055,-0.00535855112128658,-7.49046479260329e-05,-0.00110075968195011,-0.0011163648169347,-1.56051349845903e-05
20260927_101616_608,gamma_low,gamma_g,low,0.05,0.45,2.5,20,6,kg,high_debt,-0.00681612360064321,-0.00690599367291611,-8.98700722729018e-05,-0.001420025750134,-0.00143874868185752,-1.87229317235213e-05
20260927_101616_608,gamma_low,gamma_g,low,0.05,0.45,2.5,20,7,kg,high_debt,-0.00837298887708382,-0.00847521301405862,-0.000102224136974804,-0.0017443726827258,-0.00176566937792888,-2.12966952030842e-05
20260927_101616_608,gamma_low,gamma_g,low,0.05,0.45,2.5,20,8,kg,high_debt,-0.00991523122706983,-0.0100267743865059,-0.000111543159436067,-0.00206567317230621,-0.00208891133052206,-2.32381582158476e-05
20260927_101616_608,gamma_low,gamma_g,low,0.05,0.45,2.5,20,9,kg,high_debt,-0.0114110440566728,-0.01152866942871,-0.000117625372037189,-0.00237730084514017,-0.00240180613098125,-2.4505285841081e-05
20260927_101616_608,gamma_low,gamma_g,low,0.05,0.45,2.5,20,10,kg,high_debt,-0.0128350200814831,-0.0129554616525347,-0.000120441571051622,-0.00267396251697564,-0.00269905451094473,-2.50919939690877e-05
20260927_101616_608,gamma_low,gamma_g,low,0.05,0.45,2.5,20,11,kg,high_debt,-0.0141674291880047,-0.0142875237795934,-0.000120094591588682,-0.00295154774750099,-0.00297656745408196,-2.50197065809754e-05
20260927_101616_608,gamma_low,gamma_g,low,0.05,0.45,2.5,20,12,kg,high_debt,-0.0153935539329249,-0.0155103398536882,-0.000116785920763363,-0.00320699040269268,-0.00323132080285171,-2.43304001590339e-05
20260927_101616_608,gamma_low,gamma_g,low,0.05,0.45,2.5,20,13,kg,high_debt,-0.0165030705073335,-0.0166138586154521,-0.000110788108118598,-0.0034381396890278,-0.00346122054488585,-2.30808558580411e-05
20260927_101616_608,gamma_low,gamma_g,low,0.05,0.45,2.5,20,14,kg,high_debt,-0.0174894701418777,-0.017591892078217,-0.000102421936339248,-0.0036436396128912,-0.00366497751629521,-2.13379034040098e-05
20260927_101616_608,gamma_low,gamma_g,low,0.05,0.45,2.5,20,15,kg,high_debt,-0.0183495195067174,-0.0184415570644481,-9.20375577306842e-05,-0.00382281656389945,-0.00384199105509335,-1.91744911938927e-05
20260927_101616_608,gamma_low,gamma_g,low,0.05,0.45,2.5,20,16,kg,high_debt,-0.0190827601967944,-0.0191627591813042,-7.99989845097215e-05,-0.00397557504099884,-0.00399224149610504,-1.66664551061917e-05
20260927_101616_608,gamma_low,gamma_g,low,0.05,0.45,2.5,20,17,kg,high_debt,-0.0196910478100749,-0.0197577192632448,-6.66714531698531e-05,-0.00410230162709894,-0.00411619151317599,-1.38898860770524e-05
20260927_101616_608,gamma_low,gamma_g,low,0.05,0.45,2.5,20,18,kg,high_debt,-0.0201781309694082,-0.0202305422460904,-5.24112766822071e-05,-0.00420377728529338,-0.00421469630126884,-1.09190159754595e-05
20260927_101616_608,gamma_low,gamma_g,low,0.05,0.45,2.5,20,19,kg,high_debt,-0.0205492702231096,-0.020586828086528,-3.75578634184137e-05,-0.00428109796314783,-0.00428892251802667,-7.82455487883648e-06
20260927_101616_608,gamma_low,gamma_g,low,0.05,0.45,2.5,20,20,kg,high_debt,-0.0208108962618985,-0.0208333238890681,-2.24276271696411e-05,-0.00433560338789551,-0.00434027581022252,-4.67242232700914e-06
20260927_101616_608,gamma_low,gamma_g,low,0.05,0.45,2.5,20,21,kg,high_debt,-0.0209703064048377,-0.0209776159499562,-7.30954511851678e-06,-0.00436881383434118,-0.00437033665624087,-1.522821899691e-06
20260927_101616_608,gamma_low,gamma_g,low,0.05,0.45,2.5,20,22,kg,high_debt,-0.021035397880615,-0.0210278600252654,7.53785534968188e-06,-0.00438237455846147,-0.00438080417193028,1.57038653118315e-06
20260927_101616_608,gamma_low,gamma_g,low,0.05,0.45,2.5,20,23,kg,high_debt,-0.0210144360817957,-0.0209925478007991,2.18882809965848e-05,-0.00437800751704076,-0.00437344745849981,4.56005854095488e-06
20260927_101616_608,gamma_low,gamma_g,low,0.05,0.45,2.5,20,24,kg,high_debt,-0.0209158557025146,-0.0208803072903709,3.55484121437044e-05,-0.00435746993802388,-0.00435006401882728,7.40591919660451e-06
20260927_101616_608,gamma_low,gamma_g,low,0.05,0.45,2.5,20,25,kg,high_debt,-0.0207480924803649,-0.0206997347140065,4.83577663583645e-05,-0.00432251926674269,-0.0043124447320847,1.00745346579929e-05
20260927_101616_608,gamma_low,gamma_g,low,0.05,0.45,2.5,20,26,kg,high_debt,-0.0205194431434901,-0.0204592553016987,6.01878417914037e-05,-0.0042748839882271,-0.00426234485452056,1.25391337065421e-05
20260927_101616_608,gamma_low,gamma_g,low,0.05,0.45,2.5,20,27,kg,high_debt,-0.0202379511048072,-0.0201670104228509,7.09406819563441e-05,-0.0042162398135015,-0.00420146050476059,1.47793087409047e-05
20260927_101616_608,gamma_low,gamma_g,low,0.05,0.45,2.5,20,28,kg,high_debt,-0.019911315437759,-0.0198307684473571,8.05469904019418e-05,-0.0041481907161998,-0.00413141009319939,1.67806230004048e-05
20260927_101616_608,gamma_low,gamma_g,low,0.05,0.45,2.5,20,29,kg,high_debt,-0.0195468207030114,-0.0194578567925507,8.89639104606488e-05,-0.00407225431312737,-0.00405372016511474,1.85341480126357e-05
20260927_101616_608,gamma_low,gamma_g,low,0.05,0.45,2.5,20,30,kg,high_debt,-0.0191512852651288,-0.0190551126928016,9.61725723271911e-05,-0.00398985109690183,-0.00396981514433366,2.00359525681648e-05
20260927_101616_608,gamma_low,gamma_g,low,0.05,0.45,2.5,20,31,kg,high_debt,-0.0187310258350397,-0.0186288503379979,0.000102175497041834,-0.00390229704896661,-0.00388101048708289,2.12865618837155e-05
20260927_101616_608,gamma_low,gamma_g,low,0.05,0.45,2.5,20,32,kg,high_debt,-0.0182918360917279,-0.0181848421569608,0.000106993934767097,-0.00381079918577665,-0.00378850878270017,2.22904030764783e-05
20260927_101616_608,gamma_low,gamma_g,low,0.05,0.45,2.5,20,33,kg,high_debt,-0.0178389773694141,-0.0177283121662395,0.000110665203174598,-0.00371645361862794,-0.00369339836796656,2.30552506613746e-05
20260927_101616_608,gamma_low,gamma_g,low,0.05,0.45,2.5,20,34,kg,high_debt,-0.0173771795396824,-0.0172639394588758,0.000113240080806598,-0.00362024573743384,-0.00359665405393247,2.35916835013747e-05
20260927_101616_608,gamma_low,gamma_g,low,0.05,0.45,2.5,20,35,kg,high_debt,-0.0169106503673691,-0.0167958700672184,0.000114780300150663,-0.00352305215986855,-0.00349913959733716,2.39125625313883e-05
20260927_101616_608,gamma_low,gamma_g,low,0.05,0.45,2.5,20,36,kg,high_debt,-0.0164430917711345,-0.0163277355953113,0.000115356175823145,-0.00342564411898634,-0.00340161158235652,2.4032536629822e-05
20260927_101616_608,gamma_low,gamma_g,low,0.05,0.45,2.5,20,37,kg,high_debt,-0.0159777215714616,-0.0158626771766768,0.000115044394784825,-0.0033286919940545,-0.00330472441180766,2.39675822468382e-05
20260927_101616_608,gamma_low,gamma_g,low,0.05,0.45,2.5,20,38,kg,high_debt,-0.01551729945799,-0.0154033734700665,0.00011392598792348,-0.00323277072041458,-0.00320903613959718,2.37345808173917e-05
20260927_101616_608,gamma_low,gamma_g,low,0.05,0.45,2.5,20,39,kg,high_debt,-0.0150641560526266,-0.0149520715569764,0.000112084495650144,-0.0031383658442972,-0.00311501490770342,2.33509365937801e-05
20260927_101616_608,gamma_low,gamma_g,low,0.05,0.45,2.5,20,40,kg,high_debt,-0.0146202240832096,-0.0145106197489788,0.000109604334230795,-0.00304588001733534,-0.00302304578103726,2.28342362980825e-05
20260927_101616_608,gamma_low,gamma_g,low,0.05,0.45,2.5,20,1,xloc,low_debt,-0.00215692159939562,-0.00215936409982997,-2.44250043435201e-06,-0.00215692159939562,-0.00215936409982997,-2.44250043435201e-06
20260927_101616_608,gamma_low,gamma_g,low,0.05,0.45,2.5,20,2,xloc,low_debt,-0.00180820207018773,-0.00181183692415043,-3.63485396270846e-06,-0.00180820207018773,-0.00181183692415043,-3.63485396270846e-06
20260927_101616_608,gamma_low,gamma_g,low,0.05,0.45,2.5,20,3,xloc,low_debt,-0.0014751070217951,-0.00147874664493508,-3.63962313998378e-06,-0.0014751070217951,-0.00147874664493508,-3.63962313998378e-06
20260927_101616_608,gamma_low,gamma_g,low,0.05,0.45,2.5,20,4,xloc,low_debt,-0.00118902594036596,-0.00119201893211063,-2.99299174466583e-06,-0.00118902594036596,-0.00119201893211063,-2.99299174466583e-06
20260927_101616_608,gamma_low,gamma_g,low,0.05,0.45,2.5,20,5,xloc,low_debt,-0.000956795153412404,-0.00095883913911643,-2.04398570402553e-06,-0.000956795153412404,-0.00095883913911643,-2.04398570402553e-06
20260927_101616_608,gamma_low,gamma_g,low,0.05,0.45,2.5,20,6,xloc,low_debt,-0.000774177563178657,-0.000775185976498838,-1.00841332018042e-06,-0.000774177563178657,-0.000775185976498838,-1.00841332018042e-06
20260927_101616_608,gamma_low,gamma_g,low,0.05,0.45,2.5,20,7,xloc,low_debt,-0.000632928549094247,-0.000632940142728744,-1.15936344968759e-08,-0.000632928549094247,-0.000632940142728744,-1.15936344968759e-08
20260927_101616_608,gamma_low,gamma_g,low,0.05,0.45,2.5,20,8,xloc,low_debt,-0.000524260040957514,-0.000523379951011149,8.80089946364571e-07,-0.000524260040957514,-0.000523379951011149,8.80089946364571e-07
20260927_101616_608,gamma_low,gamma_g,low,0.05,0.45,2.5,20,9,xloc,low_debt,-0.00044034836618545,-0.000438711312689688,1.63705349576215e-06,-0.00044034836618545,-0.000438711312689688,1.63705349576215e-06
20260927_101616_608,gamma_low,gamma_g,low,0.05,0.45,2.5,20,10,xloc,low_debt,-0.000374828968047525,-0.000372577341464897,2.25162658262779e-06,-0.000374828968047525,-0.000372577341464897,2.25162658262779e-06
20260927_101616_608,gamma_low,gamma_g,low,0.05,0.45,2.5,20,11,xloc,low_debt,-0.000322804305364133,-0.000320075884326698,2.72842103743454e-06,-0.000322804305364133,-0.000320075884326698,2.72842103743454e-06
20260927_101616_608,gamma_low,gamma_g,low,0.05,0.45,2.5,20,12,xloc,low_debt,-0.000280648337018907,-0.000277570001261496,3.07833575741157e-06,-0.000280648337018907,-0.000277570001261496,3.07833575741157e-06
20260927_101616_608,gamma_low,gamma_g,low,0.05,0.45,2.5,20,13,xloc,low_debt,-0.000245752488347017,-0.000242437508846005,3.31497950101234e-06,-0.000245752488347017,-0.000242437508846005,3.31497950101234e-06
20260927_101616_608,gamma_low,gamma_g,low,0.05,0.45,2.5,20,14,xloc,low_debt,-0.000216281208052727,-0.000212828565491985,3.45264256074174e-06,-0.000216281208052727,-0.000212828565491985,3.45264256074174e-06
20260927_101616_608,gamma_low,gamma_g,low,0.05,0.45,2.5,20,15,xloc,low_debt,-0.000190964252035242,-0.000187459028954118,3.50522308112389e-06,-0.000190964252035242,-0.000187459028954118,3.50522308112389e-06
20260927_101616_608,gamma_low,gamma_g,low,0.05,0.45,2.5,20,16,xloc,low_debt,-0.000168932172118663,-0.000165446455261176,3.48571685748755e-06,-0.000168932172118663,-0.000165446455261176,3.48571685748755e-06
20260927_101616_608,gamma_low,gamma_g,low,0.05,0.45,2.5,20,17,xloc,low_debt,-0.000149592012941513,-0.000146185990426262,3.40602251525102e-06,-0.000149592012941513,-0.000146185990426262,3.40602251525102e-06
20260927_101616_608,gamma_low,gamma_g,low,0.05,0.45,2.5,20,18,xloc,low_debt,-0.000132536654396165,-0.000129259743562704,3.27691083346071e-06,-0.000132536654396165,-0.000129259743562704,3.27691083346071e-06
20260927_101616_608,gamma_low,gamma_g,low,0.05,0.45,2.5,20,19,xloc,low_debt,-0.000117480605137055,-0.000114372534910312,3.10807022674275e-06,-0.000117480605137055,-0.000114372534910312,3.10807022674275e-06
20260927_101616_608,gamma_low,gamma_g,low,0.05,0.45,2.5,20,20,xloc,low_debt,-0.000104215729218038,-0.000101307549008389,2.90818020964867e-06,-0.000104215729218038,-0.000101307549008389,2.90818020964867e-06
20260927_101616_608,gamma_low,gamma_g,low,0.05,0.45,2.5,20,21,xloc,low_debt,-9.2581523143509e-05,-8.98965344172664e-05,2.68498872624257e-06,-9.2581523143509e-05,-8.98965344172664e-05,2.68498872624257e-06
20260927_101616_608,gamma_low,gamma_g,low,0.05,0.45,2.5,20,22,xloc,low_debt,-8.24457397536893e-05,-8.00003566887586e-05,2.4453830649307e-06,-8.24457397536893e-05,-8.00003566887586e-05,2.4453830649307e-06
20260927_101616_608,gamma_low,gamma_g,low,0.05,0.45,2.5,20,23,xloc,low_debt,-7.3692199407227e-05,-7.14967478893103e-05,2.19545151791678e-06,-7.3692199407227e-05,-7.14967478893103e-05,2.19545151791678e-06
20260927_101616_608,gamma_low,gamma_g,low,0.05,0.45,2.5,20,24,xloc,low_debt,-6.62134806689307e-05,-6.42729441451273e-05,1.94053652380344e-06,-6.62134806689307e-05,-6.42729441451273e-05,1.94053652380344e-06
20260927_101616_608,gamma_low,gamma_g,low,0.05,0.45,2.5,20,25,xloc,low_debt,-5.99068432773908e-05,-5.82215618519788e-05,1.68528142541202e-06,-5.99068432773908e-05,-5.82215618519788e-05,1.68528142541202e-06
20260927_101616_608,gamma_low,gamma_g,low,0.05,0.45,2.5,20,26,xloc,low_debt,-5.46722308615299e-05,-5.3238557683799e-05,1.43367317773091e-06,-5.46722308615299e-05,-5.3238557683799e-05,1.43367317773091e-06
20260927_101616_608,gamma_low,gamma_g,low,0.05,0.45,2.5,20,27,xloc,low_debt,-5.04115618342738e-05,-4.92224788272155e-05,1.18908300705822e-06,-5.04115618342738e-05,-4.92224788272155e-05,1.18908300705822e-06
20260927_101616_608,gamma_low,gamma_g,low,0.05,0.45,2.5,20,28,xloc,low_debt,-4.70287748840503e-05,-4.60744684078751e-05,9.54306476175226e-07,-4.70287748840503e-05,-4.60744684078751e-05,9.54306476175226e-07
20260927_101616_608,gamma_low,gamma_g,low,0.05,0.45,2.5,20,29,xloc,low_debt,-4.44302767399485e-05,-4.36986728875599e-05,7.31603852388574e-07,-4.44302767399485e-05,-4.36986728875599e-05,7.31603852388574e-07
20260927_101616_608,gamma_low,gamma_g,low,0.05,0.45,2.5,20,30,xloc,low_debt,-4.25255653051515e-05,-4.20028241032711e-05,5.2274120188045e-07,-4.25255653051515e-05,-4.20028241032711e-05,5.2274120188045e-07
20260927_101616_608,gamma_low,gamma_g,low,0.05,0.45,2.5,20,31,xloc,low_debt,-4.12278868052729e-05,-4.08988545520517e-05,3.29032253221229e-07,-4.12278868052729e-05,-4.08988545520517e-05,3.29032253221229e-07
20260927_101616_608,gamma_low,gamma_g,low,0.05,0.45,2.5,20,32,xloc,low_debt,-4.04548431227614e-05,-4.03034623064347e-05,1.51380816326707e-07,-4.04548431227614e-05,-4.03034623064347e-05,1.51380816326707e-07
20260927_101616_608,gamma_low,gamma_g,low,0.05,0.45,2.5,20,33,xloc,low_debt,-4.01289035711905e-05,-4.01385801959142e-05,-9.67662472373121e-09,-4.01289035711905e-05,-4.01385801959142e-05,-9.67662472373121e-09
20260927_101616_608,gamma_low,gamma_g,low,0.05,0.45,2.5,20,34,xloc,low_debt,-4.01778000956865e-05,-4.03317287119842e-05,-1.53928616297705e-07,-4.01778000956865e-05,-4.03317287119842e-05,-1.53928616297705e-07
20260927_101616_608,gamma_low,gamma_g,low,0.05,0.45,2.5,20,35,xloc,low_debt,-4.05348005753092e-05,-4.08162478063856e-05,-2.8144723107637e-07,-4.05348005753092e-05,-4.08162478063856e-05,-2.8144723107637e-07
20260927_101616_608,gamma_low,gamma_g,low,0.05,0.45,2.5,20,36,xloc,low_debt,-4.1138864501189e-05,-4.15314123375365e-05,-3.92547836347568e-07,-4.1138864501189e-05,-4.15314123375365e-05,-3.92547836347568e-07
20260927_101616_608,gamma_low,gamma_g,low,0.05,0.45,2.5,20,37,xloc,low_debt,-4.19346908605567e-05,-4.24224414332652e-05,-4.87750572708556e-07,-4.19346908605567e-05,-4.24224414332652e-05,-4.87750572708556e-07
20260927_101616_608,gamma_low,gamma_g,low,0.05,0.45,2.5,20,38,xloc,low_debt,-4.28726709639227e-05,-4.34404148769163e-05,-5.67743912993635e-07,-4.28726709639227e-05,-4.34404148769163e-05,-5.67743912993635e-07
20260927_101616_608,gamma_low,gamma_g,low,0.05,0.45,2.5,20,39,xloc,low_debt,-4.39087601310506e-05,-4.45421107388988e-05,-6.33350607848193e-07,-4.39087601310506e-05,-4.45421107388988e-05,-6.33350607848193e-07
20260927_101616_608,gamma_low,gamma_g,low,0.05,0.45,2.5,20,40,xloc,low_debt,-4.50042822529584e-05,-4.56897784941734e-05,-6.85496241215056e-07,-4.50042822529584e-05,-4.56897784941734e-05,-6.85496241215056e-07
20260927_101616_608,gamma_low,gamma_g,low,0.05,0.45,2.5,20,1,xloc,high_debt,-0.00235847262831046,-0.00236248845626663,-4.01582795617195e-06,-0.00235847262831046,-0.00236248845626663,-4.01582795617195e-06
20260927_101616_608,gamma_low,gamma_g,low,0.05,0.45,2.5,20,2,xloc,high_debt,-0.00215710195064001,-0.00216327357300261,-6.17162236260516e-06,-0.00215710195064001,-0.00216327357300261,-6.17162236260516e-06
20260927_101616_608,gamma_low,gamma_g,low,0.05,0.45,2.5,20,3,xloc,high_debt,-0.00192641131324478,-0.00193304465926325,-6.63334601846977e-06,-0.00192641131324478,-0.00193304465926325,-6.63334601846977e-06
20260927_101616_608,gamma_low,gamma_g,low,0.05,0.45,2.5,20,4,xloc,high_debt,-0.00170651077110884,-0.00171255218450739,-6.0414133985498e-06,-0.00170651077110884,-0.00171255218450739,-6.0414133985498e-06
20260927_101616_608,gamma_low,gamma_g,low,0.05,0.45,2.5,20,5,xloc,high_debt,-0.0015119429164232,-0.00151678565636149,-4.84273993828221e-06,-0.0015119429164232,-0.00151678565636149,-4.84273993828221e-06
20260927_101616_608,gamma_low,gamma_g,low,0.05,0.45,2.5,20,6,xloc,high_debt,-0.00134501436845047,-0.00134835499089692,-3.34062244644606e-06,-0.00134501436845047,-0.00134835499089692,-3.34062244644606e-06
20260927_101616_608,gamma_low,gamma_g,low,0.05,0.45,2.5,20,7,xloc,high_debt,-0.00120288844621741,-0.00120462404489219,-1.73559867477913e-06,-0.00120288844621741,-0.00120462404489219,-1.73559867477913e-06
20260927_101616_608,gamma_low,gamma_g,low,0.05,0.45,2.5,20,8,xloc,high_debt,-0.0010811596653022,-0.00108131626230079,-1.56596998590608e-07,-0.0010811596653022,-0.00108131626230079,-1.56596998590608e-07
20260927_101616_608,gamma_low,gamma_g,low,0.05,0.45,2.5,20,9,xloc,high_debt,-0.000975503312992232,-0.00097418690191664,1.31641107559144e-06,-0.000975503312992232,-0.00097418690191664,1.31641107559144e-06
20260927_101616_608,gamma_low,gamma_g,low,0.05,0.45,2.5,20,10,xloc,high_debt,-0.000882314744970247,-0.000879678265495509,2.636479474738e-06,-0.000882314744970247,-0.000879678265495509,2.636479474738e-06
20260927_101616_608,gamma_low,gamma_g,low,0.05,0.45,2.5,20,11,xloc,high_debt,-0.000798850553780928,-0.000795071802314196,3.77875146673201e-06,-0.000798850553780928,-0.000795071802314196,3.77875146673201e-06
20260927_101616_608,gamma_low,gamma_g,low,0.05,0.45,2.5,20,12,xloc,high_debt,-0.000723149132721312,-0.000718416054665383,4.7330780559296e-06,-0.000723149132721312,-0.000718416054665383,4.7330780559296e-06
20260927_101616_608,gamma_low,gamma_g,low,0.05,0.45,2.5,20,13,xloc,high_debt,-0.000653874231564266,-0.000648375147644931,5.49908391933585e-06,-0.000653874231564266,-0.000648375147644931,5.49908391933585e-06
20260927_101616_608,gamma_low,gamma_g,low,0.05,0.45,2.5,20,14,xloc,high_debt,-0.000590150661632038,-0.000584067785550757,6.08287608128144e-06,-0.000590150661632038,-0.000584067785550757,6.08287608128144e-06
20260927_101616_608,gamma_low,gamma_g,low,0.05,0.45,2.5,20,15,xloc,high_debt,-0.000531421380406294,-0.000524926546649818,6.4948337564763e-06,-0.000531421380406294,-0.000524926546649818,6.4948337564763e-06
20260927_101616_608,gamma_low,gamma_g,low,0.05,0.45,2.5,20,16,xloc,high_debt,-0.000477334839992016,-0.000470586739672818,6.74810031919826e-06,-0.000477334839992016,-0.000470586739672818,6.74810031919826e-06
20260927_101616_608,gamma_low,gamma_g,low,0.05,0.45,2.5,20,17,xloc,high_debt,-0.000427661936014623,-0.00042080440727188,6.85752874274304e-06,-0.000427661936014623,-0.00042080440727188,6.85752874274304e-06
20260927_101616_608,gamma_low,gamma_g,low,0.05,0.45,2.5,20,18,xloc,high_debt,-0.000382238074057351,-0.000375399152634737,6.83892142261389e-06,-0.000382238074057351,-0.000375399152634737,6.83892142261389e-06
20260927_101616_608,gamma_low,gamma_g,low,0.05,0.45,2.5,20,19,xloc,high_debt,-0.00034092492135418,-0.000334216456520653,6.70846483352694e-06,-0.00034092492135418,-0.000334216456520653,6.70846483352694e-06
20260927_101616_608,gamma_low,gamma_g,low,0.05,0.45,2.5,20,20,xloc,high_debt,-0.000303586769363484,-0.000297104471538412,6.48229782507226e-06,-0.000303586769363484,-0.000297104471538412,6.48229782507226e-06
20260927_101616_608,gamma_low,gamma_g,low,0.05,0.45,2.5,20,21,xloc,high_debt,-0.000270077279067915,-0.000263901102721675,6.17617634623979e-06,-0.000270077279067915,-0.000263901102721675,6.17617634623979e-06
20260927_101616_608,gamma_low,gamma_g,low,0.05,0.45,2.5,20,22,xloc,high_debt,-0.000240233312800431,-0.000234428100881701,5.80521191873018e-06,-0.000240233312800431,-0.000234428100881701,5.80521191873018e-06
20260927_101616_608,gamma_low,gamma_g,low,0.05,0.45,2.5,20,23,xloc,high_debt,-0.000213873397108433,-0.000208489727426264,5.38366968216852e-06,-0.000213873397108433,-0.000208489727426264,5.38366968216852e-06
20260927_101616_608,gamma_low,gamma_g,low,0.05,0.45,2.5,20,24,xloc,high_debt,-0.000190799050290513,-0.000185874233656791,4.92481663372235e-06,-0.000190799050290513,-0.000185874233656791,4.92481663372235e-06
20260927_101616_608,gamma_low,gamma_g,low,0.05,0.45,2.5,20,25,xloc,high_debt,-0.000170797741492534,-0.000166356928225198,4.44081326733681e-06,-0.000170797741492534,-0.000166356928225198,4.44081326733681e-06
20260927_101616_608,gamma_low,gamma_g,low,0.05,0.45,2.5,20,26,xloc,high_debt,-0.000153646644976413,-0.000149704001812467,3.94264316394555e-06,-0.000153646644976413,-0.000149704001812467,3.94264316394555e-06
20260927_101616_608,gamma_low,gamma_g,low,0.05,0.45,2.5,20,27,xloc,high_debt,-0.000139116639758075,-0.000135676564013587,3.44007574448746e-06,-0.000139116639758075,-0.000135676564013587,3.44007574448746e-06
20260927_101616_608,gamma_low,gamma_g,low,0.05,0.45,2.5,20,28,xloc,high_debt,-0.000126976206999418,-0.000124034549236707,2.94165776271171e-06,-0.000126976206999418,-0.000124034549236707,2.94165776271171e-06
20260927_101616_608,gamma_low,gamma_g,low,0.05,0.45,2.5,20,29,xloc,high_debt,-0.000116995017253374,-0.000114540287931786,2.45472932158819e-06,-0.000116995017253374,-0.000114540287931786,2.45472932158819e-06
20260927_101616_608,gamma_low,gamma_g,low,0.05,0.45,2.5,20,30,xloc,high_debt,-0.000108947094375145,-0.000106961633973057,1.98546040208747e-06,-0.000108947094375145,-0.000106961633973057,1.98546040208747e-06
20260927_101616_608,gamma_low,gamma_g,low,0.05,0.45,2.5,20,31,xloc,high_debt,-0.000102613505814753,-0.000101074601716822,1.53890409793078e-06,-0.000102613505814753,-0.000101074601716822,1.53890409793078e-06
20260927_101616_608,gamma_low,gamma_g,low,0.05,0.45,2.5,20,32,xloc,high_debt,-9.77845698179047e-05,-9.66655068178612e-05,1.1190630000435e-06,-9.77845698179047e-05,-9.66655068178612e-05,1.1190630000435e-06
20260927_101616_608,gamma_low,gamma_g,low,0.05,0.45,2.5,20,33,xloc,high_debt,-9.42615957267856e-05,-9.35326302751172e-05,7.28965451668451e-07,-9.42615957267856e-05,-9.35326302751172e-05,7.28965451668451e-07
20260927_101616_608,gamma_low,gamma_g,low,0.05,0.45,2.5,20,34,xloc,high_debt,-9.1858188979943e-05,-9.14874402772048e-05,3.70748702738233e-07,-9.1858188979943e-05,-9.14874402772048e-05,3.70748702738233e-07
20260927_101616_608,gamma_low,gamma_g,low,0.05,0.45,2.5,20,35,xloc,high_debt,-9.04011609438315e-05,-9.03554146292063e-05,4.57463146252834e-08,-9.04011609438315e-05,-9.03554146292063e-05,4.57463146252834e-08
20260927_101616_608,gamma_low,gamma_g,low,0.05,0.45,2.5,20,36,xloc,high_debt,-8.97310876878388e-05,-8.99765101946004e-05,-2.45422506761628e-07,-8.97310876878388e-05,-8.99765101946004e-05,-2.45422506761628e-07
20260927_101616_608,gamma_low,gamma_g,low,0.05,0.45,2.5,20,37,xloc,high_debt,-8.97025628148196e-05,-9.02053264575375e-05,-5.02763642717952e-07,-8.97025628148196e-05,-9.02053264575375e-05,-5.02763642717952e-07
20260927_101616_608,gamma_low,gamma_g,low,0.05,0.45,2.5,20,38,xloc,high_debt,-9.01841885362353e-05,-9.09110090769882e-05,-7.26820540752904e-07,-9.01841885362353e-05,-9.09110090769882e-05,-7.26820540752904e-07
20260927_101616_608,gamma_low,gamma_g,low,0.05,0.45,2.5,20,39,xloc,high_debt,-9.10583470574711e-05,-9.19769368796786e-05,-9.18589822207494e-07,-9.10583470574711e-05,-9.19769368796786e-05,-9.18589822207494e-07
20260927_101616_608,gamma_low,gamma_g,low,0.05,0.45,2.5,20,40,xloc,high_debt,-9.22207914872963e-05,-9.33002326062304e-05,-1.0794411189341e-06,-9.22207914872963e-05,-9.33002326062304e-05,-1.0794411189341e-06
20260927_101616_608,gamma_high,gamma_g,high,0.15,0.45,2.5,20,1,ig,low_debt,-0.000212827673529731,-0.00021799557033346,-5.16789680372887e-06,-0.00177356394608109,-0.00181662975277883,-4.30658066977406e-05
20260927_101616_608,gamma_high,gamma_g,high,0.15,0.45,2.5,20,2,ig,low_debt,-0.000367409368146526,-0.000375451701583401,-8.0423334368751e-06,-0.00306174473455439,-0.00312876417986168,-6.70194453072925e-05
20260927_101616_608,gamma_high,gamma_g,high,0.15,0.45,2.5,20,3,ig,low_debt,-0.000480707444931283,-0.000489960169770681,-9.2527248393981e-06,-0.00400589537442736,-0.00408300141475568,-7.71060403283175e-05
20260927_101616_608,gamma_high,gamma_g,high,0.15,0.45,2.5,20,4,ig,low_debt,-0.000563191292559106,-0.000572491091967178,-9.2997994080718e-06,-0.00469326077132589,-0.00477075909972649,-7.7498328400598e-05
20260927_101616_608,gamma_high,gamma_g,high,0.15,0.45,2.5,20,5,ig,low_debt,-0.000621562363632228,-0.000630129560017414,-8.56719638518688e-06,-0.0051796863636019,-0.00525107966681179,-7.13933032098907e-05
20260927_101616_608,gamma_high,gamma_g,high,0.15,0.45,2.5,20,6,ig,low_debt,-0.000660361042048738,-0.000667702261351502,-7.34121930276443e-06,-0.00550300868373948,-0.00556418551126252,-6.11768275230367e-05
20260927_101616_608,gamma_high,gamma_g,high,0.15,0.45,2.5,20,7,ig,low_debt,-0.00068289536737498,-0.00068872672393798,-5.83135656299916e-06,-0.00569079472812484,-0.00573938936614983,-4.8594638024993e-05
20260927_101616_608,gamma_high,gamma_g,high,0.15,0.45,2.5,20,8,ig,low_debt,-0.000691764802753847,-0.000695953220212694,-4.18841745884746e-06,-0.00576470668961539,-0.00579961016843912,-3.49034788237283e-05
20260927_101616_608,gamma_high,gamma_g,high,0.15,0.45,2.5,20,9,ig,low_debt,-0.000689146640478408,-0.000691665947271658,-2.51930679324996e-06,-0.0057428886706534,-0.00576388289393048,-2.09942232770825e-05
20260927_101616_608,gamma_high,gamma_g,high,0.15,0.45,2.5,20,10,ig,low_debt,-0.000676946488484834,-0.000677844978724959,-8.98490240125449e-07,-0.00564122073737361,-0.00564870815604133,-7.48741866771208e-06
20260927_101616_608,gamma_high,gamma_g,high,0.15,0.45,2.5,20,11,ig,low_debt,-0.000656873286792536,-0.000656249905986284,6.23380806252793e-07,-0.00547394405660447,-0.00546874921655236,5.1948400521069e-06
20260927_101616_608,gamma_high,gamma_g,high,0.15,0.45,2.5,20,12,ig,low_debt,-0.000630474197868075,-0.000628461089131699,2.01310873637617e-06,-0.00525395164890063,-0.00523717574276416,1.67759061364681e-05
20260927_101616_608,gamma_high,gamma_g,high,0.15,0.45,2.5,20,13,ig,low_debt,-0.000599149543860422,-0.000595899231736613,3.25031212380922e-06,-0.00499291286550352,-0.00496582693113844,2.70859343650762e-05
20260927_101616_608,gamma_high,gamma_g,high,0.15,0.45,2.5,20,14,ig,low_debt,-0.000564158936469356,-0.000559834878373647,4.32405809570879e-06,-0.00470132447057796,-0.00466529065311372,3.60338174642399e-05
20260927_101616_608,gamma_high,gamma_g,high,0.15,0.45,2.5,20,15,ig,low_debt,-0.00052662447311852,-0.000521394062740044,5.23041037847616e-06,-0.00438853727598767,-0.0043449505228337,4.3586753153968e-05
20260927_101616_608,gamma_high,gamma_g,high,0.15,0.45,2.5,20,16,ig,low_debt,-0.000487533865930992,-0.000481563237949664,5.97062798132764e-06,-0.0040627822160916,-0.00401302698291387,4.975523317773e-05
20260927_101616_608,gamma_high,gamma_g,high,0.15,0.45,2.5,20,17,ig,low_debt,-0.000447744708201331,-0.000441194885588109,6.54982261322212e-06,-0.00373120590167776,-0.00367662404656757,5.45818551101846e-05
20260927_101616_608,gamma_high,gamma_g,high,0.15,0.45,2.5,20,18,ig,low_debt,-0.000407990205907829,-0.000401014266575503,6.97593933232654e-06,-0.00339991838256525,-0.00334178555479586,5.81328277693876e-05
20260927_101616_608,gamma_high,gamma_g,high,0.15,0.45,2.5,20,19,ig,low_debt,-0.000368886271916932,-0.000361627305283038,7.25896663389403e-06,-0.00307405226597444,-0.00301356087735865,6.04913886157834e-05
20260927_101616_608,gamma_high,gamma_g,high,0.15,0.45,2.5,20,20,ig,low_debt,-0.00033093969796949,-0.000323529385929944,7.41031203954634e-06,-0.00275783081641242,-0.00269607821608286,6.1752600329553e-05
20260927_101616_608,gamma_high,gamma_g,high,0.15,0.45,2.5,20,21,ig,low_debt,-0.000294557067977125,-0.000287114767917179,7.44230005994551e-06,-0.00245464223314271,-0.00239262306597649,6.20191671662123e-05
20260927_101616_608,gamma_high,gamma_g,high,0.15,0.45,2.5,20,22,ig,low_debt,-0.000260054089427156,-0.000252686325860632,7.36776356652369e-06,-0.00216711741189297,-0.00210571938217193,6.13980297210306e-05
20260927_101616_608,gamma_high,gamma_g,high,0.15,0.45,2.5,20,23,ig,low_debt,-0.000227665061254753,-0.000220465352215135,7.19970903961809e-06,-0.00189720884378961,-0.00183721126845946,5.99975753301507e-05
20260927_101616_608,gamma_high,gamma_g,high,0.15,0.45,2.5,20,24,ig,low_debt,-0.000197552247031857,-0.000190601204721974,6.95104230988286e-06,-0.00164626872526547,-0.00158834337268312,5.79253525823571e-05
20260927_101616_608,gamma_high,gamma_g,high,0.15,0.45,2.5,20,25,ig,low_debt,-0.000169814972115573,-0.000163180626778892,6.63434533668128e-06,-0.00141512476762977,-0.00135983855649076,5.52862111390107e-05
20260927_101616_608,gamma_high,gamma_g,high,0.15,0.45,2.5,20,26,ig,low_debt,-0.000144498308220997,-0.000138236611194179,6.26169702681867e-06,-0.00120415256850831,-0.00115197175995149,5.21808085568222e-05
20260927_101616_608,gamma_high,gamma_g,high,0.15,0.45,2.5,20,27,ig,low_debt,-0.000121601247284511,-0.000115756714673787,5.84453261072426e-06,-0.00101334372737093,-0.000964639288948225,4.87044384227021e-05
20260927_101616_608,gamma_high,gamma_g,high,0.15,0.45,2.5,20,28,ig,low_debt,-0.000101084298410284,-9.56907613932217e-05,5.39353701706213e-06,-0.000842369153419032,-0.000797423011610181,4.49461418088511e-05
20260927_101616_608,gamma_high,gamma_g,high,0.15,0.45,2.5,20,29,ig,low_debt,-8.28764677130306e-05,-7.79578994585944e-05,4.91856825443615e-06,-0.000690637230941922,-0.000649649162154954,4.09880687869679e-05
20260927_101616_608,gamma_high,gamma_g,high,0.15,0.45,2.5,20,30,ig,low_debt,-6.68816017641849e-05,-6.24529945899288e-05,4.42860717425608e-06,-0.000557346681368208,-0.00052044162158274,3.69050597854674e-05
20260927_101616_608,gamma_high,gamma_g,high,0.15,0.45,2.5,20,31,ig,low_debt,-5.29840919093888e-05,-4.90523616642619e-05,3.93173024512694e-06,-0.000441534099244907,-0.000408769680535515,3.27644187093912e-05
20260927_101616_608,gamma_high,gamma_g,high,0.15,0.45,2.5,20,32,ig,low_debt,-4.1053949674949e-05,-3.76188474996431e-05,3.43510217530596e-06,-0.000342116247291242,-0.000313490395830359,2.8625851460883e-05
20260927_101616_608,gamma_high,gamma_g,high,0.15,0.45,2.5,20,33,ig,low_debt,-3.09512734407158e-05,-2.80062880313181e-05,2.94498540939769e-06,-0.000257927278672632,-0.000233385733594318,2.45415450783141e-05
20260927_101616_608,gamma_high,gamma_g,high,0.15,0.45,2.5,20,34,ig,low_debt,-2.25301340455591e-05,-2.00633703322933e-05,2.46676371326582e-06,-0.000187751117046326,-0.000167194752769111,2.05563642772152e-05
20260927_101616_608,gamma_high,gamma_g,high,0.15,0.45,2.5,20,35,ig,low_debt,-1.56419124419938e-05,-1.36369351838167e-05,2.00497725817705e-06,-0.000130349270349948,-0.000113641126531806,1.67081438181421e-05
20260927_101616_608,gamma_high,gamma_g,high,0.15,0.45,2.5,20,36,ig,low_debt,-1.01381262822692e-05,-8.57475946318409e-06,1.56336681908509e-06,-8.44843856855765e-05,-7.14563288598674e-05,1.30280568257091e-05
20260927_101616_608,gamma_high,gamma_g,high,0.15,0.45,2.5,20,37,ig,low_debt,-5.87278469733887e-06,-4.72785978171408e-06,1.14492491562479e-06,-4.89398724778239e-05,-3.9398831514284e-05,9.54104096353992e-06
20260927_101616_608,gamma_high,gamma_g,high,0.15,0.45,2.5,20,38,ig,low_debt,-2.70431176636887e-06,-1.95235982594633e-06,7.51951940422546e-07,-2.25359313864073e-05,-1.62696652162194e-05,6.26626617018788e-06
20260927_101616_608,gamma_high,gamma_g,high,0.15,0.45,2.5,20,39,ig,low_debt,-4.97079479008788e-07,-1.10963941882258e-07,3.8611553712653e-07,-4.1423289917399e-06,-9.24699515685486e-07,3.21762947605442e-06
20260927_101616_608,gamma_high,gamma_g,high,0.15,0.45,2.5,20,40,ig,low_debt,8.7740946050352e-07,9.25921165864652e-07,4.85117053611317e-08,7.311745504196e-06,7.71600971553876e-06,4.04264211342764e-07
20260927_101616_608,gamma_high,gamma_g,high,0.15,0.45,2.5,20,1,ig,high_debt,-0.000475327796420885,-0.000482992652857742,-7.66485643685644e-06,-0.00396106497017404,-0.00402493877381451,-6.387380364047e-05
20260927_101616_608,gamma_high,gamma_g,high,0.15,0.45,2.5,20,2,ig,high_debt,-0.000847451781571695,-0.000859795688659834,-1.23439070881387e-05,-0.00706209817976413,-0.00716496407216528,-0.000102865892401155
20260927_101616_608,gamma_high,gamma_g,high,0.15,0.45,2.5,20,3,ig,high_debt,-0.0011346729622027,-0.00114937877503062,-1.47058128279198e-05,-0.0094556080183558,-0.00957815645858846,-0.000122548440232665
20260927_101616_608,gamma_high,gamma_g,high,0.15,0.45,2.5,20,4,ig,high_debt,-0.00135068571385086,-0.00136600341867416,-1.53177048232978e-05,-0.0112557142820905,-0.0113833618222846,-0.000127647540194148
20260927_101616_608,gamma_high,gamma_g,high,0.15,0.45,2.5,20,5,ig,high_debt,-0.00150629716641847,-0.001520942116377,-1.46449499585366e-05,-0.0125524763868206,-0.012674517636475,-0.000122041249654471
20260927_101616_608,gamma_high,gamma_g,high,0.15,0.45,2.5,20,6,ig,high_debt,-0.00161045129546362,-0.0016235133011933,-1.30620057296749e-05,-0.0134204274621969,-0.0135292775099442,-0.000108850047747289
20260927_101616_608,gamma_high,gamma_g,high,0.15,0.45,2.5,20,7,ig,high_debt,-0.0016708285486897,-0.00168169510849257,-1.0866559802869e-05,-0.0139235712390809,-0.0140141259041048,-9.05546650239088e-05
20260927_101616_608,gamma_high,gamma_g,high,0.15,0.45,2.5,20,8,ig,high_debt,-0.00169419087429618,-0.00170248419516246,-8.29332086628443e-06,-0.0141182572858015,-0.0141873682930205,-6.9111007219038e-05
20260927_101616_608,gamma_high,gamma_g,high,0.15,0.45,2.5,20,9,ig,high_debt,-0.00168657736460875,-0.00169210339152137,-5.52602691261672e-06,-0.0140548113717396,-0.0141008615960114,-4.60502242718049e-05
20260927_101616_608,gamma_high,gamma_g,high,0.15,0.45,2.5,20,10,ig,high_debt,-0.00165341474741421,-0.00165612207615332,-2.70732873910995e-06,-0.0137784562284517,-0.0138010173012776,-2.25610728259162e-05
20260927_101616_608,gamma_high,gamma_g,high,0.15,0.45,2.5,20,11,ig,high_debt,-0.00159958125977439,-0.00159952795550398,5.33042704004005e-08,-0.0133298438314532,-0.0133293996291999,4.44202253336093e-07
20260927_101616_608,gamma_high,gamma_g,high,0.15,0.45,2.5,20,12,ig,high_debt,-0.00152944651328733,-0.00152677318062865,2.67333265868697e-06,-0.0127453876107278,-0.0127231098385721,2.22777721557241e-05
20260927_101616_608,gamma_high,gamma_g,high,0.15,0.45,2.5,20,13,ig,high_debt,-0.00144690022037847,-0.00144180801888583,5.09220149264022e-06,-0.0120575018364872,-0.0120150668240486,4.24350124386685e-05
20260927_101616_608,gamma_high,gamma_g,high,0.15,0.45,2.5,20,14,ig,high_debt,-0.00135537678819057,-0.001348109395368,7.26739282257138e-06,-0.0112948065682548,-0.0112342449614,6.05616068547615e-05
20260927_101616_608,gamma_high,gamma_g,high,0.15,0.45,2.5,20,15,ig,high_debt,-0.00125787932587504,-0.0012487080976849,9.17122819013572e-06,-0.0104823277156253,-0.0104059008140409,7.64269015844643e-05
20260927_101616_608,gamma_high,gamma_g,high,0.15,0.45,2.5,20,16,ig,high_debt,-0.00115700462098746,-0.00114621638769219,1.07882332952697e-05,-0.00964170517489549,-0.00955180323076825,8.99019441272467e-05
20260927_101616_608,gamma_high,gamma_g,high,0.15,0.45,2.5,20,17,ig,high_debt,-0.001054969538442,-0.00104285661049873,1.21129279432725e-05,-0.00879141282035002,-0.00869047175415608,0.000100941066193938
20260927_101616_608,gamma_high,gamma_g,high,0.15,0.45,2.5,20,18,ig,high_debt,-0.000953638720319908,-0.000940490775994146,1.31479443257615e-05,-0.00794698933599923,-0.00783742313328455,0.000109566202714679
20260927_101616_608,gamma_high,gamma_g,high,0.15,0.45,2.5,20,19,ig,high_debt,-0.000854553196007815,-0.000840650789768735,1.39024062390802e-05,-0.00712127663339846,-0.00700542324807279,0.000115853385325669
20260927_101616_608,gamma_high,gamma_g,high,0.15,0.45,2.5,20,20,ig,high_debt,-0.000758959416308921,-0.000744568893526462,1.43905227824592e-05,-0.00632466180257435,-0.00620474077938719,0.00011992102318716
20260927_101616_608,gamma_high,gamma_g,high,0.15,0.45,2.5,20,21,ig,high_debt,-0.000667838222948941,-0.000653207858581598,1.46303643673434e-05,-0.00556531852457451,-0.00544339882151331,0.000121919703061195
20260927_101616_608,gamma_high,gamma_g,high,0.15,0.45,2.5,20,22,ig,high_debt,-0.000581933309877811,-0.000567290511597041,1.46427982807701e-05,-0.00484944424898176,-0.00472742092997534,0.000122023319006417
20260927_101616_608,gamma_high,gamma_g,high,0.15,0.45,2.5,20,23,ig,high_debt,-0.000501778798409971,-0.000487328231391596,1.44505670183759e-05,-0.00418148998674976,-0.00406106859492996,0.000120421391819799
20260927_101616_608,gamma_high,gamma_g,high,0.15,0.45,2.5,20,24,ig,high_debt,-0.000427725619837976,-0.000413648123591515,1.40774962464618e-05,-0.00356438016531647,-0.00344706769659596,0.000117312468720515
20260927_101616_608,gamma_high,gamma_g,high,0.15,0.45,2.5,20,25,ig,high_debt,-0.000359966468894801,-0.000346418647521662,1.35478213731388e-05,-0.00299972057412334,-0.00288682206268052,0.000112898511442823
20260927_101616_608,gamma_high,gamma_g,high,0.15,0.45,2.5,20,26,ig,high_debt,-0.000298559155501976,-0.000285673532616743,1.28856228852336e-05,-0.00248799296251647,-0.00238061277180619,0.00010738019071028
20260927_101616_608,gamma_high,gamma_g,high,0.15,0.45,2.5,20,27,ig,high_debt,-0.000243448239012248,-0.000231333877784179,1.21143612280689e-05,-0.00202873532510206,-0.00192778231486816,0.000100953010233907
20260927_101616_608,gamma_high,gamma_g,high,0.15,0.45,2.5,20,28,ig,high_debt,-0.000194484878237214,-0.000183228375902164,1.12565023350497e-05,-0.00162070731864345,-0.00152690313251803,9.38041861254144e-05
20260927_101616_608,gamma_high,gamma_g,high,0.15,0.45,2.5,20,29,ig,high_debt,-0.000151444872158235,-0.000141111647042919,1.03332251153165e-05,-0.00126204060131863,-0.00117593039202432,8.61102092943045e-05
20260927_101616_608,gamma_high,gamma_g,high,0.15,0.45,2.5,20,30,ig,high_debt,-0.000114044900873134,-0.000104680698488707,9.36420238442648e-06,-0.000950374173942781,-0.00087233915407256,7.80350198702207e-05
20260927_101616_608,gamma_high,gamma_g,high,0.15,0.45,2.5,20,31,ig,high_debt,-8.19570046671075e-05,-7.35895577383683e-05,8.36744692873925e-06,-0.000682975038892563,-0.000613246314486402,6.97287244061604e-05
20260927_101616_608,gamma_high,gamma_g,high,0.15,0.45,2.5,20,32,ig,high_debt,-5.48213617848486e-05,-4.74621471246717e-05,7.35921466017697e-06,-0.000456844681540405,-0.000395517892705597,6.13267888348081e-05
20260927_101616_608,gamma_high,gamma_g,high,0.15,0.45,2.5,20,33,ig,high_debt,-3.22574431699113e-05,-2.59034860212726e-05,6.35395714863873e-06,-0.000268812026415928,-0.000215862383510605,5.29496429053228e-05
20260927_101616_608,gamma_high,gamma_g,high,0.15,0.45,2.5,20,34,ig,high_debt,-1.38736357444408e-05,-8.50931952793565e-06,5.36431621650513e-06,-0.000115613631203673,-7.09109960661305e-05,4.47026351375427e-05
20260927_101616_608,gamma_high,gamma_g,high,0.15,0.45,2.5,20,35,ig,high_debt,7.24564704845942e-07,5.12571843659659e-06,4.40115373175065e-06,6.03803920704952e-06,4.27143203049716e-05,3.66762810979221e-05
20260927_101616_608,gamma_high,gamma_g,high,0.15,0.45,2.5,20,36,ig,high_debt,1.19276837657195e-05,1.54012939982545e-05,3.47361023253501e-06,9.93973647143293e-05,0.000128344116652121,2.89467519377917e-05
20260927_101616_608,gamma_high,gamma_g,high,0.15,0.45,2.5,20,37,ig,high_debt,2.01166111044315e-05,2.27057976482231e-05,2.58918654379159e-06,0.000167638425870263,0.000189214980401859,2.15765545315966e-05
20260927_101616_608,gamma_high,gamma_g,high,0.15,0.45,2.5,20,38,ig,high_debt,2.56580439602083e-05,2.7411887051354e-05,1.75384309114568e-06,0.000213817033001736,0.000228432392094617,1.46153590928807e-05
20260927_101616_608,gamma_high,gamma_g,high,0.15,0.45,2.5,20,39,ig,high_debt,2.89009207237317e-05,2.98730328930075e-05,9.7211216927573e-07,0.000240841006031098,0.000248941940775062,8.10093474396445e-06
20260927_101616_608,gamma_high,gamma_g,high,0.15,0.45,2.5,20,40,ig,high_debt,3.0173736487546e-05,3.04209554562312e-05,2.47218968685292e-07,0.000251447804062883,0.00025350796213526,2.06015807237742e-06
20260927_101616_608,gamma_high,gamma_g,high,0.15,0.45,2.5,20,1,kg,low_debt,-0.000212827673530036,-0.000217995570332974,-5.16789680293783e-06,-4.43390986520908e-05,-4.54157438193696e-05,-1.07664516727872e-06
20260927_101616_608,gamma_high,gamma_g,high,0.15,0.45,2.5,20,2,kg,low_debt,-0.000574916349838084,-0.000587997382660355,-1.30810328222708e-05,-0.000119774239549601,-0.000122499454720907,-2.72521517130643e-06
20260927_101616_608,gamma_high,gamma_g,high,0.15,0.45,2.5,20,3,kg,low_debt,-0.0010412508860238,-0.00106325761786685,-2.20067318430495e-05,-0.000216927267921626,-0.000221512003722261,-4.58473580063531e-06
20260927_101616_608,gamma_high,gamma_g,high,0.15,0.45,2.5,20,4,kg,low_debt,-0.00157841090643274,-0.00160916726938964,-3.07563629569074e-05,-0.00032883560550682,-0.000335243181122843,-6.4075756160224e-06
20260927_101616_608,gamma_high,gamma_g,high,0.15,0.45,2.5,20,5,kg,low_debt,-0.0021605129974045,-0.00219906764767508,-3.85546502705836e-05,-0.00045010687445927,-0.000458139093265642,-8.03221880637156e-06
20260927_101616_608,gamma_high,gamma_g,high,0.15,0.45,2.5,20,6,kg,low_debt,-0.00276686121451775,-0.00281179321783664,-4.49320033188982e-05,-0.000576429419691197,-0.000585790253715968,-9.36083402477039e-06
20260927_101616_608,gamma_high,gamma_g,high,0.15,0.45,2.5,20,7,kg,low_debt,-0.00338058505153072,-0.00343022511133029,-4.96400597995716e-05,-0.000704288552402232,-0.000714630231527143,-1.03416791249108e-05
20260927_101616_608,gamma_high,gamma_g,high,0.15,0.45,2.5,20,8,kg,low_debt,-0.00398783522799651,-0.00404042270376159,-5.25874757650868e-05,-0.000830799005832605,-0.000841754729950332,-1.09557241177265e-05
20260927_101616_608,gamma_high,gamma_g,high,0.15,0.45,2.5,20,9,kg,low_debt,-0.00457728598777507,-0.00463107808344088,-5.37920956658056e-05,-0.00095360124745314,-0.000964807934050183,-1.12066865970428e-05
20260927_101616_608,gamma_high,gamma_g,high,0.15,0.45,2.5,20,10,kg,low_debt,-0.00513980032656569,-0.00519314611008159,-5.33457835159012e-05,-0.00107079173470119,-0.00108190543960033,-1.11137048991461e-05
20260927_101616_608,gamma_high,gamma_g,high,0.15,0.45,2.5,20,11,kg,low_debt,-0.00566817860519464,-0.00571956736331725,-5.13887581226058e-05,-0.00118087054274888,-0.00119157653402443,-1.07059912755429e-05
20260927_101616_608,gamma_high,gamma_g,high,0.15,0.45,2.5,20,12,kg,low_debt,-0.00615694833793334,-0.00620503926836768,-4.80909304343413e-05,-0.00128269757040278,-0.00129271651424327,-1.00189438404878e-05
20260927_101616_608,gamma_high,gamma_g,high,0.15,0.45,2.5,20,13,kg,low_debt,-0.00660217417334596,-0.00664581251839635,-4.36383450503897e-05,-0.00137545295278041,-0.00138454427466591,-9.09132188549799e-06
20260927_101616_608,gamma_high,gamma_g,high,0.15,0.45,2.5,20,14,kg,low_debt,-0.00700127875548162,-0.00703950208381166,-3.82233283300337e-05,-0.00145859974072534,-0.00146656293412743,-7.96319340209029e-06
20260927_101616_608,gamma_high,gamma_g,high,0.15,0.45,2.5,20,15,kg,low_debt,-0.00735287125971329,-0.00738490859445751,-3.20373347442171e-05,-0.00153184817910694,-0.00153852262384531,-6.67444473837864e-06
20260927_101616_608,gamma_high,gamma_g,high,0.15,0.45,2.5,20,16,kg,low_debt,-0.00765658334415154,-0.00768184911754677,-2.52657733952333e-05,-0.00159512153003157,-0.00160038523282224,-5.26370279067346e-06
20260927_101616_608,gamma_high,gamma_g,high,0.15,0.45,2.5,20,17,kg,low_debt,-0.00791291346874967,-0.00793099777519757,-1.80843064478964e-05,-0.00164852363932285,-0.00165229120316616,-3.76756384331167e-06
20260927_101616_608,gamma_high,gamma_g,high,0.15,0.45,2.5,20,18,kg,low_debt,-0.00812308083793933,-0.00813373709739462,-1.06562594552884e-05,-0.00169230850790403,-0.00169452856195721,-2.22005405318515e-06
20260927_101616_608,gamma_high,gamma_g,high,0.15,0.45,2.5,20,19,kg,low_debt,-0.00828889008890776,-0.00829202097524373,-3.13088633596692e-06,-0.00172685210185578,-0.00172750436984244,-6.52267986659847e-07
20260927_101616_608,gamma_high,gamma_g,high,0.15,0.45,2.5,20,20,kg,low_debt,-0.00841260753465445,-0.00840824983679322,4.35769786122364e-06,-0.00175262656971968,-0.00175171871599859,9.07853721088259e-07
20260927_101616_608,gamma_high,gamma_g,high,0.15,0.45,2.5,20,21,kg,low_debt,-0.00849684941426609,-0.00848515835879127,1.16910554748273e-05,-0.00177017696130544,-0.00176774132474818,2.43563655725554e-06
20260927_101616_608,gamma_high,gamma_g,high,0.15,0.45,2.5,20,22,kg,low_debt,-0.00854448226833693,-0.00852571572568372,1.87665426532035e-05,-0.00178010047257019,-0.00177619077618411,3.90969638608407e-06
20260927_101616_608,gamma_high,gamma_g,high,0.15,0.45,2.5,20,23,kg,low_debt,-0.00855853527288364,-0.00853303818475748,2.54970881261585e-05,-0.00178302818185076,-0.00177771628849114,5.31189335961635e-06
20260927_101616_608,gamma_high,gamma_g,high,0.15,0.45,2.5,20,24,kg,low_debt,-0.00854212413809297,-0.00851031343486142,3.18107032315496e-05,-0.00177960919543603,-0.00177298196559613,6.62722983990616e-06
20260927_101616_608,gamma_high,gamma_g,high,0.15,0.45,2.5,20,25,kg,low_debt,-0.00849838600675668,-0.00846073622576959,3.76497809870813e-05,-0.00177049708474097,-0.00176265338036867,7.84370437230853e-06
20260927_101616_608,gamma_high,gamma_g,high,0.15,0.45,2.5,20,26,kg,low_debt,-0.00843042466480881,-0.00838745443132005,4.29702334887594e-05,-0.00175633847183517,-0.00174738633985834,8.95213197682487e-06
20260927_101616_608,gamma_high,gamma_g,high,0.15,0.45,2.5,20,27,kg,low_debt,-0.0083412652954733,-0.00829352478521184,4.77405102614625e-05,-0.0017377636032236,-0.0017278176635858,9.94593963780477e-06
20260927_101616_608,gamma_high,gamma_g,high,0.15,0.45,2.5,20,28,kg,low_debt,-0.00823381796149736,-0.00818187742697507,5.19405345222879e-05,-0.00171537874197862,-0.00170455779728647,1.08209446921432e-05
20260927_101616_608,gamma_high,gamma_g,high,0.15,0.45,2.5,20,29,kg,low_debt,-0.00811084898017356,-0.00805528839075986,5.55605894136946e-05,-0.00168976020420282,-0.0016781850814083,1.15751227945198e-05
20260927_101616_608,gamma_high,gamma_g,high,0.15,0.45,2.5,20,30,kg,low_debt,-0.00797495935743342,-0.00791635917558153,5.86001818518866e-05,-0.00166144986613196,-0.00164924149491282,1.2208371219143e-05
20260927_101616_608,gamma_high,gamma_g,high,0.15,0.45,2.5,20,31,kg,low_debt,-0.00782856946540722,-0.00776750255785696,6.10669075502557e-05,-0.00163095197195984,-0.00161822969955353,1.27222724063032e-05
20260927_101616_608,gamma_high,gamma_g,high,0.15,0.45,2.5,20,32,kg,low_debt,-0.00767390917844679,-0.00761093384141098,6.29753370358088e-05,-0.00159873107884308,-0.00158561121696062,1.31198618824602e-05
20260927_101616_608,gamma_high,gamma_g,high,0.15,0.45,2.5,20,33,kg,low_debt,-0.00751301272242699,-0.00744866678340816,6.43459390188283e-05,-0.00156521098383896,-0.0015518055798767,1.3405403962256e-05
20260927_101616_608,gamma_high,gamma_g,high,0.15,0.45,2.5,20,34,kg,low_debt,-0.00734771753841201,-0.00728251348415565,6.52040542563626e-05,-0.00153077448716917,-0.00151719030919909,1.35841779700756e-05
20260927_101616_608,gamma_high,gamma_g,high,0.15,0.45,2.5,20,35,kg,low_debt,-0.00717966651239355,-0.00711408758223619,6.55789301573506e-05,-0.00149576385674866,-0.00148210157963254,1.36622771161146e-05
20260927_101616_608,gamma_high,gamma_g,high,0.15,0.45,2.5,20,36,kg,low_debt,-0.00701031297586674,-0.00694481015214432,6.55028237224187e-05,-0.00146048186997224,-0.0014468354483634,1.36464216088372e-05
20260927_101616_608,gamma_high,gamma_g,high,0.15,0.45,2.5,20,37,kg,low_debt,-0.00684092793616742,-0.00677591775812303,6.5010178044389e-05,-0.00142519332003488,-0.0014116495329423,1.3543787092581e-05
20260927_101616_608,gamma_high,gamma_g,high,0.15,0.45,2.5,20,38,kg,low_debt,-0.00667260904952993,-0.00660847217399585,6.41368755340821e-05,-0.00139012688531874,-0.00137676503624914,1.33618490696004e-05
20260927_101616_608,gamma_high,gamma_g,high,0.15,0.45,2.5,20,39,kg,low_debt,-0.00650629090277111,-0.00644337133358874,6.29195691823625e-05,-0.00135547727141065,-0.00134236902783099,1.31082435796588e-05
20260927_101616_608,gamma_high,gamma_g,high,0.15,0.45,2.5,20,40,kg,low_debt,-0.00634275622074121,-0.00628136112908351,6.13950916577011e-05,-0.00132140754598775,-0.0013086169018924,1.27906440953542e-05
20260927_101616_608,gamma_high,gamma_g,high,0.15,0.45,2.5,20,1,kg,high_debt,-0.000475327796420899,-0.000482992652857561,-7.66485643666215e-06,-9.9026624254354e-05,-0.000100623469345325,-1.59684509097129e-06
20260927_101616_608,gamma_high,gamma_g,high,0.15,0.45,2.5,20,2,kg,high_debt,-0.00131089638308257,-0.00133071352520009,-1.98171421175175e-05,-0.000273103413142202,-0.000277231984416685,-4.1285712744828e-06
20260927_101616_608,gamma_high,gamma_g,high,0.15,0.45,2.5,20,3,kg,high_debt,-0.00241279693570817,-0.00244682446210387,-3.40275263956968e-05,-0.000502666028272536,-0.00050975509627164,-7.08906799910358e-06
20260927_101616_608,gamma_high,gamma_g,high,0.15,0.45,2.5,20,4,kg,high_debt,-0.00370316272616744,-0.00375165726922866,-4.84945430612171e-05,-0.000771492234618217,-0.000781595264422637,-1.01030298044202e-05
20260927_101616_608,gamma_high,gamma_g,high,0.15,0.45,2.5,20,5,kg,high_debt,-0.00511688082443129,-0.00517880795387793,-6.19271294466373e-05,-0.00106601683842319,-0.00107891832372457,-1.29014853013827e-05
20260927_101616_608,gamma_high,gamma_g,high,0.15,0.45,2.5,20,6,kg,high_debt,-0.00659941009928477,-0.00667285105622728,-7.34409569425054e-05,-0.00137487710401766,-0.00139017730338068,-1.5300199363022e-05
20260927_101616_608,gamma_high,gamma_g,high,0.15,0.45,2.5,20,7,kg,high_debt,-0.00810525339549262,-0.00818772488831687,-8.24714928242543e-05,-0.0016885944573943,-0.00170577601839935,-1.7181561005053e-05
20260927_101616_608,gamma_high,gamma_g,high,0.15,0.45,2.5,20,8,kg,high_debt,-0.00959681293490178,-0.00968551596127476,-8.87030263729827e-05,-0.00199933602810454,-0.00201781582526558,-1.84797971610382e-05
20260927_101616_608,gamma_high,gamma_g,high,0.15,0.45,2.5,20,9,kg,high_debt,-0.0110434699761379,-0.011135481453767,-9.20114776290504e-05,-0.0023007229116954,-0.00231989196953479,-1.91690578393855e-05
20260927_101616_608,gamma_high,gamma_g,high,0.15,0.45,2.5,20,10,kg,high_debt,-0.0124207979741486,-0.0125132164935779,-9.24185194293159e-05,-0.0025876662446143,-0.00260692010282874,-1.92538582144408e-05
20260927_101616_608,gamma_high,gamma_g,high,0.15,0.45,2.5,20,11,kg,high_debt,-0.0137098592845692,-0.0137999140367455,-9.00547521762718e-05,-0.00285622068428526,-0.00287498209098865,-1.87614067033901e-05
20260927_101616_608,gamma_high,gamma_g,high,0.15,0.45,2.5,20,12,kg,high_debt,-0.0148965593157424,-0.0149816893664578,-8.51300507154207e-05,-0.00310344985744634,-0.00312118528467871,-1.77354272323793e-05
20260927_101616_608,gamma_high,gamma_g,high,0.15,0.45,2.5,20,13,kg,high_debt,-0.0159710455532274,-0.0160489551511844,-7.79095979570599e-05,-0.00332730115692237,-0.00334353232316342,-1.62311662410541e-05
20260927_101616_608,gamma_high,gamma_g,high,0.15,0.45,2.5,20,14,kg,high_debt,-0.0169271462025868,-0.016995840667775,-6.86944651882015e-05,-0.00352648879220559,-0.0035408001391198,-1.43113469142087e-05
20260927_101616_608,gamma_high,gamma_g,high,0.15,0.45,2.5,20,15,kg,high_debt,-0.0177618468733973,-0.0178196527487682,-5.78058753708532e-05,-0.00370038476529111,-0.00371242765599337,-1.20428907022614e-05
20260927_101616_608,gamma_high,gamma_g,high,0.15,0.45,2.5,20,16,kg,high_debt,-0.0184748053225494,-0.018520377817743,-4.55724951935466e-05,-0.00384891777553113,-0.00385841204536312,-9.49426983198887e-06
20260927_101616_608,gamma_high,gamma_g,high,0.15,0.45,2.5,20,17,kg,high_debt,-0.019067904727927,-0.0191002249828003,-3.23202548733192e-05,-0.00397248015165145,-0.00397921353808339,-6.73338643194122e-06
20260927_101616_608,gamma_high,gamma_g,high,0.15,0.45,2.5,20,18,kg,high_debt,-0.0195448458300485,-0.0195632101342262,-1.8364304177787e-05,-0.00407184288126009,-0.0040756687779638,-3.82589670370592e-06
20260927_101616_608,gamma_high,gamma_g,high,0.15,0.45,2.5,20,19,kg,high_debt,-0.0199107778803054,-0.019914780670641,-4.00279033563322e-06,-0.00414807872506362,-0.00414891263971688,-8.3391465325721e-07
20260927_101616_608,gamma_high,gamma_g,high,0.15,0.45,2.5,20,20,kg,high_debt,-0.0201719678496062,-0.0201614800474035,1.04878022026966e-05,-0.00420249330200129,-0.00420030834320906,2.18495879222846e-06
20260927_101616_608,gamma_high,gamma_g,high,0.15,0.45,2.5,20,21,kg,high_debt,-0.0203355068763145,-0.0203106509048014,2.4855971513027e-05,-0.00423656393256551,-0.00423138560516697,5.17832739854729e-06
20260927_101616_608,gamma_high,gamma_g,high,0.15,0.45,2.5,20,22,kg,high_debt,-0.0204090525142844,-0.0203701751437801,3.88773705042311e-05,-0.00425188594047591,-0.00424378648828753,8.09945218838148e-06
20260927_101616_608,gamma_high,gamma_g,high,0.15,0.45,2.5,20,23,kg,high_debt,-0.0204006049998373,-0.0203482489965792,5.23560032581472e-05,-0.00425012604163277,-0.00423921854095399,1.09075006787807e-05
20260927_101616_608,gamma_high,gamma_g,high,0.15,0.45,2.5,20,24,kg,high_debt,-0.0203183154946789,-0.0202531908952581,6.51245994207628e-05,-0.00423298239472477,-0.00421941476984544,1.35676248793262e-05
20260927_101616_608,gamma_high,gamma_g,high,0.15,0.45,2.5,20,25,kg,high_debt,-0.0201703240762061,-0.0200932797703999,7.70443058062398e-05,-0.00420215084920961,-0.00418609995216664,1.6050897042966e-05
20260927_101616_608,gamma_high,gamma_g,high,0.15,0.45,2.5,20,26,kg,high_debt,-0.0199646251298029,-0.0198766213087582,8.80038210446799e-05,-0.00415929690204227,-0.00414096277265796,1.83341293843089e-05
20260927_101616_608,gamma_high,gamma_g,high,0.15,0.45,2.5,20,27,kg,high_debt,-0.01970895774057,-0.0196110396538245,9.79180867455298e-05,-0.00410603286261875,-0.00408563326121344,2.03996014053187e-05
20260927_101616_608,gamma_high,gamma_g,high,0.15,0.45,2.5,20,28,kg,high_debt,-0.0194107186752923,-0.0193039920383828,0.000106726636909471,-0.00404389972401923,-0.00402166500799643,2.22347160228065e-05
20260927_101616_608,gamma_high,gamma_g,high,0.15,0.45,2.5,20,29,kg,high_debt,-0.019076895580568,-0.0189625038844676,0.000114391696100391,-0.00397435324595167,-0.00395052164259742,2.38316033542478e-05
20260927_101616_608,gamma_high,gamma_g,high,0.15,0.45,2.5,20,30,kg,high_debt,-0.0187140180919272,-0.0185931219858464,0.000120896106080792,-0.0038987537691515,-0.00387356708038467,2.51866887668317e-05
20260927_101616_608,gamma_high,gamma_g,high,0.15,0.45,2.5,20,31,kg,high_debt,-0.0183281246442952,-0.0182018834939397,0.000126241150355533,-0.00381835930089484,-0.00379205906123744,2.63002396574028e-05
20260927_101616_608,gamma_high,gamma_g,high,0.15,0.45,2.5,20,32,kg,high_debt,-0.0179247428899725,-0.0177942985537172,0.000130444336255309,-0.00373432143541093,-0.00370714553202441,2.71759033865226e-05
20260927_101616_608,gamma_high,gamma_g,high,0.15,0.45,2.5,20,33,kg,high_debt,-0.017508881760893,-0.0173753445758971,0.00013353718499598,-0.00364768370018605,-0.00361986345331189,2.78202468741626e-05
20260927_101616_608,gamma_high,gamma_g,high,0.15,0.45,2.5,20,34,kg,high_debt,-0.0170850333526147,-0.0169494702810287,0.00013556307158602,-0.00355938194846139,-0.00353113964188097,2.82423065804207e-05
20260927_101616_608,gamma_high,gamma_g,high,0.15,0.45,2.5,20,35,kg,high_debt,-0.0166571829540949,-0.0165206078055684,0.000136575148526497,-0.00347024644876977,-0.00344179329282675,2.84531559430201e-05
20260927_101616_608,gamma_high,gamma_g,high,0.15,0.45,2.5,20,36,kg,high_debt,-0.0162288256964764,-0.0160921913164316,0.000136634380044853,-0.00338100535343259,-0.00335253985758991,2.84654958426778e-05
20260927_101616_608,gamma_high,gamma_g,high,0.15,0.45,2.5,20,37,kg,high_debt,-0.0158029884429602,-0.0156671807358739,0.000135807707086322,-0.00329228925895005,-0.0032639959866404,2.82932723096505e-05
20260927_101616_608,gamma_high,gamma_g,high,0.15,0.45,2.5,20,38,kg,high_debt,-0.0153822556879257,-0.0152480893304272,0.000134166357498522,-0.00320463660165119,-0.00317668527717233,2.79513244788587e-05
20260927_101616_608,gamma_high,gamma_g,high,0.15,0.45,2.5,20,39,kg,high_debt,-0.0149687983750031,-0.0148370140642751,0.000131784310728023,-0.00311849966145898,-0.00309104459672397,2.74550647350047e-05
20260927_101616_608,gamma_high,gamma_g,high,0.15,0.45,2.5,20,40,kg,high_debt,-0.0145644046791409,-0.0144356677572128,0.000128736921928052,-0.00303425097482102,-0.00300743078275267,2.68201920683442e-05
20260927_101616_608,gamma_high,gamma_g,high,0.15,0.45,2.5,20,1,xloc,low_debt,-0.00218484393941498,-0.0021874534256392,-2.60948622421431e-06,-0.00218484393941498,-0.0021874534256392,-2.60948622421431e-06
20260927_101616_608,gamma_high,gamma_g,high,0.15,0.45,2.5,20,2,xloc,low_debt,-0.00181465351782062,-0.00181844356023897,-3.79004241835013e-06,-0.00181465351782062,-0.00181844356023897,-3.79004241835013e-06
20260927_101616_608,gamma_high,gamma_g,high,0.15,0.45,2.5,20,3,xloc,low_debt,-0.00147116084176213,-0.00147505476100396,-3.89391924182636e-06,-0.00147116084176213,-0.00147505476100396,-3.89391924182636e-06
20260927_101616_608,gamma_high,gamma_g,high,0.15,0.45,2.5,20,4,xloc,low_debt,-0.00118326835567684,-0.00118668918477849,-3.42082910165242e-06,-0.00118326835567684,-0.00118668918477849,-3.42082910165242e-06
20260927_101616_608,gamma_high,gamma_g,high,0.15,0.45,2.5,20,5,xloc,low_debt,-0.000955634226575852,-0.000958322401529821,-2.68817495396867e-06,-0.000955634226575852,-0.000958322401529821,-2.68817495396867e-06
20260927_101616_608,gamma_high,gamma_g,high,0.15,0.45,2.5,20,6,xloc,low_debt,-0.000782221799798366,-0.000784107393556721,-1.88559375835506e-06,-0.000782221799798366,-0.000784107393556721,-1.88559375835506e-06
20260927_101616_608,gamma_high,gamma_g,high,0.15,0.45,2.5,20,7,xloc,low_debt,-0.000653350333253533,-0.000654468088032156,-1.11775477862341e-06,-0.000653350333253533,-0.000654468088032156,-1.11775477862341e-06
20260927_101616_608,gamma_high,gamma_g,high,0.15,0.45,2.5,20,8,xloc,low_debt,-0.000559110237146832,-0.000559545823933916,-4.35586787084219e-07,-0.000559110237146832,-0.000559545823933916,-4.35586787084219e-07
20260927_101616_608,gamma_high,gamma_g,high,0.15,0.45,2.5,20,9,xloc,low_debt,-0.00049081419709851,-0.00049067204276354,1.42154334970002e-07,-0.00049081419709851,-0.00049067204276354,1.42154334970002e-07
20260927_101616_608,gamma_high,gamma_g,high,0.15,0.45,2.5,20,10,xloc,low_debt,-0.000441439019702505,-0.000440824338210355,6.14681492150382e-07,-0.000441439019702505,-0.000440824338210355,6.14681492150382e-07
20260927_101616_608,gamma_high,gamma_g,high,0.15,0.45,2.5,20,11,xloc,low_debt,-0.000405588854870187,-0.000404598606676521,9.90248193666332e-07,-0.000405588854870187,-0.000404598606676521,9.90248193666332e-07
20260927_101616_608,gamma_high,gamma_g,high,0.15,0.45,2.5,20,12,xloc,low_debt,-0.000379263895594728,-0.000377983076160882,1.2808194338465e-06,-0.000379263895594728,-0.000377983076160882,1.2808194338465e-06
20260927_101616_608,gamma_high,gamma_g,high,0.15,0.45,2.5,20,13,xloc,low_debt,-0.000359578551131223,-0.00035807945920352,1.49909192770359e-06,-0.000359578551131223,-0.00035807945920352,1.49909192770359e-06
20260927_101616_608,gamma_high,gamma_g,high,0.15,0.45,2.5,20,14,xloc,low_debt,-0.000344495767276909,-0.000342838785835742,1.6569814411671e-06,-0.000344495767276909,-0.000342838785835742,1.6569814411671e-06
20260927_101616_608,gamma_high,gamma_g,high,0.15,0.45,2.5,20,15,xloc,low_debt,-0.000332603173606172,-0.000330838192038385,1.76498156778671e-06,-0.000332603173606172,-0.000330838192038385,1.76498156778671e-06
20260927_101616_608,gamma_high,gamma_g,high,0.15,0.45,2.5,20,16,xloc,low_debt,-0.00032293627168789,-0.00032110426360854,1.83200807934991e-06,-0.00032293627168789,-0.00032110426360854,1.83200807934991e-06
20260927_101616_608,gamma_high,gamma_g,high,0.15,0.45,2.5,20,17,xloc,low_debt,-0.000314844657623214,-0.000312979168352934,1.86548927028074e-06,-0.000314844657623214,-0.000312979168352934,1.86548927028074e-06
20260927_101616_608,gamma_high,gamma_g,high,0.15,0.45,2.5,20,18,xloc,low_debt,-0.000307893950457716,-0.000306022389812144,1.87156064557215e-06,-0.000307893950457716,-0.000306022389812144,1.87156064557215e-06
20260927_101616_608,gamma_high,gamma_g,high,0.15,0.45,2.5,20,19,xloc,low_debt,-0.000301795672070226,-0.000299940386730202,1.85528534002444e-06,-0.000301795672070226,-0.000299940386730202,1.85528534002444e-06
20260927_101616_608,gamma_high,gamma_g,high,0.15,0.45,2.5,20,20,xloc,low_debt,-0.000296358162072297,-0.000294537301456232,1.82086061606412e-06,-0.000296358162072297,-0.000294537301456232,1.82086061606412e-06
20260927_101616_608,gamma_high,gamma_g,high,0.15,0.45,2.5,20,21,xloc,low_debt,-0.000291452866847841,-0.00028968107309868,1.77179374916125e-06,-0.000291452866847841,-0.00028968107309868,1.77179374916125e-06
20260927_101616_608,gamma_high,gamma_g,high,0.15,0.45,2.5,20,22,xloc,low_debt,-0.000286991607489906,-0.000285280564175538,1.71104331436744e-06,-0.000286991607489906,-0.000285280564175538,1.71104331436744e-06
20260927_101616_608,gamma_high,gamma_g,high,0.15,0.45,2.5,20,23,xloc,low_debt,-0.000282911535711139,-0.000281270407425538,1.64112828560103e-06,-0.000282911535711139,-0.000281270407425538,1.64112828560103e-06
20260927_101616_608,gamma_high,gamma_g,high,0.15,0.45,2.5,20,24,xloc,low_debt,-0.000279165379460045,-0.000277601169415553,1.56421004449125e-06,-0.000279165379460045,-0.000277601169415553,1.56421004449125e-06
20260927_101616_608,gamma_high,gamma_g,high,0.15,0.45,2.5,20,25,xloc,low_debt,-0.000275715267618604,-0.000274233114591627,1.48215302697707e-06,-0.000275715267618604,-0.000274233114591627,1.48215302697707e-06
20260927_101616_608,gamma_high,gamma_g,high,0.15,0.45,2.5,20,26,xloc,low_debt,-0.000272528935380878,-0.000271132366048588,1.39656933229038e-06,-0.000272528935380878,-0.000271132366048588,1.39656933229038e-06
20260927_101616_608,gamma_high,gamma_g,high,0.15,0.45,2.5,20,27,xloc,low_debt,-0.000269577483958172,-0.000268268632179991,1.30885177818119e-06,-0.000269577483958172,-0.000268268632179991,1.30885177818119e-06
20260927_101616_608,gamma_high,gamma_g,high,0.15,0.45,2.5,20,28,xloc,low_debt,-0.00026683413314621,-0.000265613934205322,1.22019894088776e-06,-0.00026683413314621,-0.000265613934205322,1.22019894088776e-06
20260927_101616_608,gamma_high,gamma_g,high,0.15,0.45,2.5,20,29,xloc,low_debt,-0.00026427359078196,-0.000263141955946677,1.131634835283e-06,-0.00026427359078196,-0.000263141955946677,1.131634835283e-06
20260927_101616_608,gamma_high,gamma_g,high,0.15,0.45,2.5,20,30,xloc,low_debt,-0.000261871791154222,-0.000260827766017435,1.04402513678714e-06,-0.000261871791154222,-0.000260827766017435,1.04402513678714e-06
20260927_101616_608,gamma_high,gamma_g,high,0.15,0.45,2.5,20,31,xloc,low_debt,-0.000259605841673283,-0.000258647750419505,9.5809125377766e-07,-0.000259605841673283,-0.000258647750419505,9.5809125377766e-07
20260927_101616_608,gamma_high,gamma_g,high,0.15,0.45,2.5,20,32,xloc,low_debt,-0.000257454075812902,-0.000256579652712419,8.74423100483135e-07,-0.000257454075812902,-0.000256579652712419,8.74423100483135e-07
20260927_101616_608,gamma_high,gamma_g,high,0.15,0.45,2.5,20,33,xloc,low_debt,-0.000255396149364207,-0.000254602658276148,7.9349108805804e-07,-0.000255396149364207,-0.000254602658276148,7.9349108805804e-07
20260927_101616_608,gamma_high,gamma_g,high,0.15,0.45,2.5,20,34,xloc,low_debt,-0.000253413142646375,-0.000252697485024322,7.1565762205239e-07,-0.000253413142646375,-0.000252697485024322,7.1565762205239e-07
20260927_101616_608,gamma_high,gamma_g,high,0.15,0.45,2.5,20,35,xloc,low_debt,-0.000251487647865867,-0.000250846459631693,6.41188234173917e-07,-0.000251487647865867,-0.000250846459631693,6.41188234173917e-07
20260927_101616_608,gamma_high,gamma_g,high,0.15,0.45,2.5,20,36,xloc,low_debt,-0.000249603831319112,-0.000249033568940793,5.70262378318809e-07,-0.000249603831319112,-0.000249033568940793,5.70262378318809e-07
20260927_101616_608,gamma_high,gamma_g,high,0.15,0.45,2.5,20,37,xloc,low_debt,-0.000247747466642467,-0.000247244482777909,5.02983864558715e-07,-0.000247747466642467,-0.000247244482777909,5.02983864558715e-07
20260927_101616_608,gamma_high,gamma_g,high,0.15,0.45,2.5,20,38,xloc,low_debt,-0.000245905939206037,-0.000245466548333906,4.39390872131185e-07,-0.000245905939206037,-0.000245466548333906,4.39390872131185e-07
20260927_101616_608,gamma_high,gamma_g,high,0.15,0.45,2.5,20,39,xloc,low_debt,-0.000244068223954841,-0.00024368875848102,3.7946547382095e-07,-0.000244068223954841,-0.00024368875848102,3.7946547382095e-07
20260927_101616_608,gamma_high,gamma_g,high,0.15,0.45,2.5,20,40,xloc,low_debt,-0.000242224840134031,-0.000241901697528468,3.23142605562765e-07,-0.000242224840134031,-0.000241901697528468,3.23142605562765e-07
20260927_101616_608,gamma_high,gamma_g,high,0.15,0.45,2.5,20,1,xloc,high_debt,-0.00235802463841839,-0.0023618119154718,-3.78727705341309e-06,-0.00235802463841839,-0.0023618119154718,-3.78727705341309e-06
20260927_101616_608,gamma_high,gamma_g,high,0.15,0.45,2.5,20,2,xloc,high_debt,-0.00211627714334472,-0.00212197956607152,-5.70242272679433e-06,-0.00211627714334472,-0.00212197956607152,-5.70242272679433e-06
20260927_101616_608,gamma_high,gamma_g,high,0.15,0.45,2.5,20,3,xloc,high_debt,-0.00186439659129001,-0.00187056739970848,-6.17080841847084e-06,-0.00186439659129001,-0.00187056739970848,-6.17080841847084e-06
20260927_101616_608,gamma_high,gamma_g,high,0.15,0.45,2.5,20,4,xloc,high_debt,-0.00163873313853224,-0.00164450001767702,-5.76687914477514e-06,-0.00163873313853224,-0.00164450001767702,-5.76687914477514e-06
20260927_101616_608,gamma_high,gamma_g,high,0.15,0.45,2.5,20,5,xloc,high_debt,-0.00145046778190583,-0.00145534632436295,-4.87854245712072e-06,-0.00145046778190583,-0.00145534632436295,-4.87854245712072e-06
20260927_101616_608,gamma_high,gamma_g,high,0.15,0.45,2.5,20,6,xloc,high_debt,-0.00129902267616078,-0.00130278105876303,-3.75838260224803e-06,-0.00129902267616078,-0.00130278105876303,-3.75838260224803e-06
20260927_101616_608,gamma_high,gamma_g,high,0.15,0.45,2.5,20,7,xloc,high_debt,-0.00117914424067112,-0.00118170917725702,-2.56493658590262e-06,-0.00117914424067112,-0.00118170917725702,-2.56493658590262e-06
20260927_101616_608,gamma_high,gamma_g,high,0.15,0.45,2.5,20,8,xloc,high_debt,-0.00108443088388888,-0.00108582449917283,-1.3936152839511e-06,-0.00108443088388888,-0.00108582449917283,-1.3936152839511e-06
20260927_101616_608,gamma_high,gamma_g,high,0.15,0.45,2.5,20,9,xloc,high_debt,-0.00100892483084447,-0.00100922355355315,-2.98722708680366e-07,-0.00100892483084447,-0.00100922355355315,-2.98722708680366e-07
20260927_101616_608,gamma_high,gamma_g,high,0.15,0.45,2.5,20,10,xloc,high_debt,-0.000947695073316046,-0.000947003608257058,6.91465058988427e-07,-0.000947695073316046,-0.000947003608257058,6.91465058988427e-07
20260927_101616_608,gamma_high,gamma_g,high,0.15,0.45,2.5,20,11,xloc,high_debt,-0.000896928581983425,-0.000895363877100319,1.56470488310578e-06,-0.000896928581983425,-0.000895363877100319,1.56470488310578e-06
20260927_101616_608,gamma_high,gamma_g,high,0.15,0.45,2.5,20,12,xloc,high_debt,-0.000853808578674897,-0.000851490229271223,2.31834940367381e-06,-0.000853808578674897,-0.000851490229271223,2.31834940367381e-06
20260927_101616_608,gamma_high,gamma_g,high,0.15,0.45,2.5,20,13,xloc,high_debt,-0.000816323043971612,-0.000813367734533998,2.95530943761335e-06,-0.000816323043971612,-0.000813367734533998,2.95530943761335e-06
20260927_101616_608,gamma_high,gamma_g,high,0.15,0.45,2.5,20,14,xloc,high_debt,-0.000783071562398319,-0.000779589978889383,3.48158350893524e-06,-0.000783071562398319,-0.000779589978889383,3.48158350893524e-06
20260927_101616_608,gamma_high,gamma_g,high,0.15,0.45,2.5,20,15,xloc,high_debt,-0.000753098567806254,-0.000749193787009883,3.90478079637102e-06,-0.000753098567806254,-0.000749193787009883,3.90478079637102e-06
20260927_101616_608,gamma_high,gamma_g,high,0.15,0.45,2.5,20,16,xloc,high_debt,-0.00072576082169773,-0.000721527565828328,4.23325586940138e-06,-0.00072576082169773,-0.000721527565828328,4.23325586940138e-06
20260927_101616_608,gamma_high,gamma_g,high,0.15,0.45,2.5,20,17,xloc,high_debt,-0.000700627601842974,-0.000696151992384153,4.47560945882053e-06,-0.000700627601842974,-0.000696151992384153,4.47560945882053e-06
20260927_101616_608,gamma_high,gamma_g,high,0.15,0.45,2.5,20,18,xloc,high_debt,-0.000677408454897388,-0.000672768052963235,4.64040193415283e-06,-0.000677408454897388,-0.000672768052963235,4.64040193415283e-06
20260927_101616_608,gamma_high,gamma_g,high,0.15,0.45,2.5,20,19,xloc,high_debt,-0.000655902586377599,-0.00065116659943143,4.73598694616939e-06,-0.000655902586377599,-0.00065116659943143,4.73598694616939e-06
20260927_101616_608,gamma_high,gamma_g,high,0.15,0.45,2.5,20,20,xloc,high_debt,-0.000635964452950888,-0.000631194041584959,4.7704113659286e-06,-0.000635964452950888,-0.000631194041584959,4.7704113659286e-06
20260927_101616_608,gamma_high,gamma_g,high,0.15,0.45,2.5,20,21,xloc,high_debt,-0.000617481068047154,-0.000612729716576665,4.75135147048888e-06,-0.000617481068047154,-0.000612729716576665,4.75135147048888e-06
20260927_101616_608,gamma_high,gamma_g,high,0.15,0.45,2.5,20,22,xloc,high_debt,-0.000600357535204155,-0.000595671465759007,4.68606944514782e-06,-0.000600357535204155,-0.000595671465759007,4.68606944514782e-06
20260927_101616_608,gamma_high,gamma_g,high,0.15,0.45,2.5,20,23,xloc,high_debt,-0.000584508213658075,-0.000579926831352107,4.58138230596816e-06,-0.000584508213658075,-0.000579926831352107,4.58138230596816e-06
20260927_101616_608,gamma_high,gamma_g,high,0.15,0.45,2.5,20,24,xloc,high_debt,-0.000569851642918784,-0.000565408003281087,4.44363963769678e-06,-0.000569851642918784,-0.000565408003281087,4.44363963769678e-06
20260927_101616_608,gamma_high,gamma_g,high,0.15,0.45,2.5,20,25,xloc,high_debt,-0.000556307907942144,-0.000552029199273107,4.27870866903657e-06,-0.000556307907942144,-0.000552029199273107,4.27870866903657e-06
20260927_101616_608,gamma_high,gamma_g,high,0.15,0.45,2.5,20,26,xloc,high_debt,-0.000543797537019497,-0.00053970557090488,4.0919661146166e-06,-0.000543797537019497,-0.00053970557090488,4.0919661146166e-06
20260927_101616_608,gamma_high,gamma_g,high,0.15,0.45,2.5,20,27,xloc,high_debt,-0.000532241319757487,-0.000528353023277583,3.88829647990363e-06,-0.000532241319757487,-0.000528353023277583,3.88829647990363e-06
20260927_101616_608,gamma_high,gamma_g,high,0.15,0.45,2.5,20,28,xloc,high_debt,-0.0005215606401614,-0.000517888543651535,3.67209650986577e-06,-0.0005215606401614,-0.000517888543651535,3.67209650986577e-06
20260927_101616_608,gamma_high,gamma_g,high,0.15,0.45,2.5,20,29,xloc,high_debt,-0.000511678063124577,-0.000508230777792607,3.44728533197003e-06,-0.000511678063124577,-0.000508230777792607,3.44728533197003e-06
20260927_101616_608,gamma_high,gamma_g,high,0.15,0.45,2.5,20,30,xloc,high_debt,-0.000502518009872444,-0.000499300690173898,3.21731969854522e-06,-0.000502518009872444,-0.000499300690173898,3.21731969854522e-06
20260927_101616_608,gamma_high,gamma_g,high,0.15,0.45,2.5,20,31,xloc,high_debt,-0.000494007422891962,-0.00049102220925934,2.9852136326225e-06,-0.000494007422891962,-0.00049102220925934,2.9852136326225e-06
20260927_101616_608,gamma_high,gamma_g,high,0.15,0.45,2.5,20,32,xloc,high_debt,-0.000486076363620747,-0.000483322801915098,2.75356170564844e-06,-0.000486076363620747,-0.000483322801915098,2.75356170564844e-06
20260927_101616_608,gamma_high,gamma_g,high,0.15,0.45,2.5,20,33,xloc,high_debt,-0.000478658513823116,-0.000476133948660085,2.52456516303123e-06,-0.000478658513823116,-0.000476133948660085,2.52456516303123e-06
20260927_101616_608,gamma_high,gamma_g,high,0.15,0.45,2.5,20,34,xloc,high_debt,-0.000471691569117638,-0.000469391508995165,2.30006012247319e-06,-0.000471691569117638,-0.000469391508995165,2.30006012247319e-06
20260927_101616_608,gamma_high,gamma_g,high,0.15,0.45,2.5,20,35,xloc,high_debt,-0.000465117523949066,-0.000463035976830728,2.08154711833775e-06,-0.000465117523949066,-0.000463035976830728,2.08154711833775e-06
20260927_101616_608,gamma_high,gamma_g,high,0.15,0.45,2.5,20,36,xloc,high_debt,-0.000458882853738629,-0.000457012632413045,1.8702213255839e-06,-0.000458882853738629,-0.000457012632413045,1.8702213255839e-06
20260927_101616_608,gamma_high,gamma_g,high,0.15,0.45,2.5,20,37,xloc,high_debt,-0.000452938603534014,-0.000451271600662606,1.66700287140831e-06,-0.000452938603534014,-0.000451271600662606,1.66700287140831e-06
20260927_101616_608,gamma_high,gamma_g,high,0.15,0.45,2.5,20,38,xloc,high_debt,-0.000447240394245818,-0.00044576782752026,1.47256672555773e-06,-0.000447240394245818,-0.00044576782752026,1.47256672555773e-06
20260927_101616_608,gamma_high,gamma_g,high,0.15,0.45,2.5,20,39,xloc,high_debt,-0.000441748358163352,-0.000440460986423474,1.28737173987759e-06,-0.000441748358163352,-0.000440460986423474,1.28737173987759e-06
20260927_101616_608,gamma_high,gamma_g,high,0.15,0.45,2.5,20,40,xloc,high_debt,-0.000436427015330754,-0.000435315326845376,1.1116884853779e-06,-0.000436427015330754,-0.000435315326845376,1.1116884853779e-06
20260927_101616_608,phiI_low,phi_i,low,0.1,0.45,1.25,20,1,ig,low_debt,-0.000207398650410404,-0.000212296327313913,-4.89767690350917e-06,-0.00172832208675336,-0.00176913606094927,-4.08139741959097e-05
20260927_101616_608,phiI_low,phi_i,low,0.1,0.45,1.25,20,2,ig,low_debt,-0.00035844634411937,-0.000365645787976487,-7.19944385711713e-06,-0.00298705286766142,-0.00304704823313739,-5.99953654759761e-05
20260927_101616_608,phiI_low,phi_i,low,0.1,0.45,1.25,20,3,ig,low_debt,-0.000470205420781883,-0.000477955509960284,-7.75008917840159e-06,-0.00391837850651569,-0.00398296258300237,-6.45840764866802e-05
20260927_101616_608,phiI_low,phi_i,low,0.1,0.45,1.25,20,4,ig,low_debt,-0.000552814637970356,-0.000560022314950503,-7.20767698014768e-06,-0.00460678864975297,-0.00466685262458753,-6.00639748345637e-05
20260927_101616_608,phiI_low,phi_i,low,0.1,0.45,1.25,20,5,ig,low_debt,-0.000612449795552625,-0.000618494498333025,-6.04470278040004e-06,-0.00510374829627187,-0.00515412081944187,-5.03725231700003e-05
20260927_101616_608,phiI_low,phi_i,low,0.1,0.45,1.25,20,6,ig,low_debt,-0.000653117203427978,-0.000657698147196517,-4.58094376853957e-06,-0.00544264336189981,-0.00548081789330431,-3.8174531404497e-05
20260927_101616_608,phiI_low,phi_i,low,0.1,0.45,1.25,20,7,ig,low_debt,-0.000677685556277105,-0.000680708007445796,-3.02245116869104e-06,-0.00564737963564254,-0.00567256672871497,-2.51870930724251e-05
20260927_101616_608,phiI_low,phi_i,low,0.1,0.45,1.25,20,8,ig,low_debt,-0.000688445464956708,-0.00068994140840925,-1.49594345254245e-06,-0.0057370455413059,-0.00574951173674375,-1.24661954378543e-05
20260927_101616_608,phiI_low,phi_i,low,0.1,0.45,1.25,20,9,ig,low_debt,-0.000687390541644711,-0.000687465914479643,-7.53728349317528e-08,-0.00572825451370593,-0.00572888262066369,-6.28106957764607e-07
20260927_101616_608,phiI_low,phi_i,low,0.1,0.45,1.25,20,10,ig,low_debt,-0.000676343398462856,-0.000675144250054785,1.19914840807089e-06,-0.00563619498719047,-0.00562620208378987,9.99290340059078e-06
20260927_101616_608,phiI_low,phi_i,low,0.1,0.45,1.25,20,11,ig,low_debt,-0.000657001266225518,-0.000654692645818314,2.30862040720425e-06,-0.00547501055187932,-0.00545577204848595,1.92385033933691e-05
20260927_101616_608,phiI_low,phi_i,low,0.1,0.45,1.25,20,12,ig,low_debt,-0.000630944190778096,-0.000627697219698922,3.24697107917382e-06,-0.00525786825648413,-0.00523081016415769,2.70580923264485e-05
20260927_101616_608,phiI_low,phi_i,low,0.1,0.45,1.25,20,13,ig,low_debt,-0.000599629043612757,-0.000595613067979422,4.01597563333411e-06,-0.00499690869677297,-0.00496344223316185,3.34664636111176e-05
20260927_101616_608,phiI_low,phi_i,low,0.1,0.45,1.25,20,14,ig,low_debt,-0.000564380917409985,-0.000559758734663698,4.62218274628612e-06,-0.00470317431174987,-0.00466465612219749,3.85181895523846e-05
20260927_101616_608,phiI_low,phi_i,low,0.1,0.45,1.25,20,15,ig,low_debt,-0.000526386936157128,-0.000521311859146681,5.07507701044685e-06,-0.0043865578013094,-0.00434426549288901,4.2292308420391e-05
20260927_101616_608,phiI_low,phi_i,low,0.1,0.45,1.25,20,16,ig,low_debt,-0.000486694077058675,-0.000481308106883988,5.38597017468723e-06,-0.00405578397548896,-0.0040109008906999,4.48830847890602e-05
20260927_101616_608,phiI_low,phi_i,low,0.1,0.45,1.25,20,17,ig,low_debt,-0.000446210963365043,-0.000440643658361634,5.56730500340941e-06,-0.00371842469470869,-0.00367203048634695,4.63942083617449e-05
20260927_101616_608,phiI_low,phi_i,low,0.1,0.45,1.25,20,18,ig,low_debt,-0.000405712927570245,-0.000400080742311945,5.63218525830023e-06,-0.00338094106308538,-0.00333400618593288,4.69348771525019e-05
20260927_101616_608,phiI_low,phi_i,low,0.1,0.45,1.25,20,19,ig,low_debt,-0.000365849480192623,-0.000360255452036565,5.59402815605847e-06,-0.00304874566827186,-0.00300212876697137,4.66169013004871e-05
20260927_101616_608,phiI_low,phi_i,low,0.1,0.45,1.25,20,20,ig,low_debt,-0.000327153379115597,-0.000321687093435177,5.4662856804194e-06,-0.00272627815929664,-0.00268072577862648,4.5552380670162e-05
20260927_101616_608,phiI_low,phi_i,low,0.1,0.45,1.25,20,21,ig,low_debt,-0.000290050634945055,-0.000284788425405622,5.26220953943335e-06,-0.00241708862454212,-0.00237323687838018,4.38517461619444e-05
20260927_101616_608,phiI_low,phi_i,low,0.1,0.45,1.25,20,22,ig,low_debt,-0.000254870939692842,-0.00024987629017871,4.9946495141312e-06,-0.00212392449744035,-0.00208230241815592,4.1622079284427e-05
20260927_101616_608,phiI_low,phi_i,low,0.1,0.45,1.25,20,23,ig,low_debt,-0.0002218581403092,-0.000217182258328827,4.67588198037328e-06,-0.00184881783591,-0.00180985215274022,3.89656831697774e-05
20260927_101616_608,phiI_low,phi_i,low,0.1,0.45,1.25,20,24,ig,low_debt,-0.00019118048662399,-0.00018686301856384,4.31746806014988e-06,-0.00159317072186659,-0.00155719182136534,3.5978900501249e-05
20260927_101616_608,phiI_low,phi_i,low,0.1,0.45,1.25,20,25,ig,low_debt,-0.000162940465904524,-0.000159010324568831,3.93014133569236e-06,-0.00135783721587103,-0.00132508603807359,3.27511777974362e-05
20260927_101616_608,phiI_low,phi_i,low,0.1,0.45,1.25,20,26,ig,low_debt,-0.000137184097740828,-0.00013366037315625,3.52372458457817e-06,-0.0011432008145069,-0.00111383644296875,2.93643715381514e-05
20260927_101616_608,phiI_low,phi_i,low,0.1,0.45,1.25,20,27,ig,low_debt,-0.000113909608179308,-0.000110802533945006,3.10707423430145e-06,-0.000949246734827565,-0.00092335444954172,2.58922852858454e-05
20260927_101616_608,phiI_low,phi_i,low,0.1,0.45,1.25,20,28,ig,low_debt,-9.30754352212043e-05,-9.03873847051401e-05,2.68805051606424e-06,-0.000775628626843369,-0.000753228205876167,2.2400420967202e-05
20260927_101616_608,phiI_low,phi_i,low,0.1,0.45,1.25,20,29,ig,low_debt,-7.46075423319476e-05,-7.23340315812726e-05,2.27351075067495e-06,-0.000621729519432896,-0.000602783596510605,1.89459229222912e-05
20260927_101616_608,phiI_low,phi_i,low,0.1,0.45,1.25,20,30,ig,low_debt,-5.84060349170801e-05,-5.6536712062058e-05,1.86932285502206e-06,-0.000486716957642334,-0.000471139267183817,1.55776904585171e-05
20260927_101616_608,phiI_low,phi_i,low,0.1,0.45,1.25,20,31,ig,low_debt,-4.43510885237836e-05,-4.28706925241357e-05,1.48039599964789e-06,-0.000369592404364863,-0.000357255771034464,1.2336633330399e-05
20260927_101616_608,phiI_low,phi_i,low,0.1,0.45,1.25,20,32,ig,low_debt,-3.23082079907305e-05,-3.11974826499167e-05,1.1107253408138e-06,-0.000269235066589421,-0.000259979022082639,9.25604450678164e-06
20260927_101616_608,phiI_low,phi_i,low,0.1,0.45,1.25,20,33,ig,low_debt,-2.21328446828178e-05,-2.13693968255796e-05,7.63447857238253e-07,-0.000184440372356815,-0.00017807830687983,6.36206547698545e-06
20260927_101616_608,phiI_low,phi_i,low,0.1,0.45,1.25,20,34,ig,low_debt,-1.3674404850561e-05,-1.32334983424798e-05,4.40906508081262e-07,-0.000113953373754675,-0.000110279152853998,3.67422090067719e-06
20260927_101616_608,phiI_low,phi_i,low,0.1,0.45,1.25,20,35,ig,low_debt,-6.7796864228753e-06,-6.63496625588622e-06,1.44720166989076e-07,-5.64973868572941e-05,-5.52913854657185e-05,1.20600139157564e-06
20260927_101616_608,phiI_low,phi_i,low,0.1,0.45,1.25,20,36,ig,low_debt,-1.29578445527689e-06,-1.41992740039509e-06,-1.241429451182e-07,-1.07982037939741e-05,-1.18327283366258e-05,-1.03452454265167e-06
20260927_101616_608,phiI_low,phi_i,low,0.1,0.45,1.25,20,37,ig,low_debt,2.92749277087945e-06,2.56220244605754e-06,-3.6529032482191e-07,2.43957730906621e-05,2.13516870504795e-05,-3.04408604018258e-06
20260927_101616_608,phiI_low,phi_i,low,0.1,0.45,1.25,20,38,ig,low_debt,6.03565419164676e-06,5.45682372971035e-06,-5.78830461936408e-07,5.0297118263723e-05,4.54735310809196e-05,-4.8235871828034e-06
20260927_101616_608,phiI_low,phi_i,low,0.1,0.45,1.25,20,39,ig,low_debt,8.16796013894394e-06,7.40266037417558e-06,-7.65299764768357e-07,6.80663344911995e-05,6.16888364514632e-05,-6.37749803973631e-06
20260927_101616_608,phiI_low,phi_i,low,0.1,0.45,1.25,20,40,ig,low_debt,9.45621812127595e-06,8.530625808717e-06,-9.25592312558954e-07,7.88018176772996e-05,7.1088548405975e-05,-7.71326927132461e-06
20260927_101616_608,phiI_low,phi_i,low,0.1,0.45,1.25,20,1,ig,high_debt,-0.000467882984596962,-0.000475009531905518,-7.12654730855578e-06,-0.00389902487164135,-0.00395841276587932,-5.93878942379651e-05
20260927_101616_608,phiI_low,phi_i,low,0.1,0.45,1.25,20,2,ig,high_debt,-0.000834567536450573,-0.000845508091435118,-1.09405549845454e-05,-0.00695472947042144,-0.00704590076195932,-9.11712915378782e-05
20260927_101616_608,phiI_low,phi_i,low,0.1,0.45,1.25,20,3,ig,high_debt,-0.00111862826474601,-0.00113098093060417,-1.23526658581535e-05,-0.00932190220621678,-0.00942484108836806,-0.000102938882151279
20260927_101616_608,phiI_low,phi_i,low,0.1,0.45,1.25,20,4,ig,high_debt,-0.00133359809122767,-0.00134571021663077,-1.21121254030992e-05,-0.0111133174268972,-0.0112142518052564,-0.00010093437835916
20260927_101616_608,phiI_low,phi_i,low,0.1,0.45,1.25,20,5,ig,high_debt,-0.00148986924345088,-0.00150066215330635,-1.07929098554782e-05,-0.0124155770287573,-0.0125055179442196,-8.99409154623172e-05
20260927_101616_608,phiI_low,phi_i,low,0.1,0.45,1.25,20,6,ig,high_debt,-0.00159588521757457,-0.00160470170345234,-8.8164858777634e-06,-0.0132990434797881,-0.0133725141954362,-7.34707156480295e-05
20260927_101616_608,phiI_low,phi_i,low,0.1,0.45,1.25,20,7,ig,high_debt,-0.00165885029040086,-0.00166533477293573,-6.48448253487421e-06,-0.0138237524200072,-0.0138777897744644,-5.40373544572863e-05
20260927_101616_608,phiI_low,phi_i,low,0.1,0.45,1.25,20,8,ig,high_debt,-0.00168512960107732,-0.00168913909661933,-4.00949554200947e-06,-0.0140427466756443,-0.0140761591384944,-3.34124628500777e-05
20260927_101616_608,phiI_low,phi_i,low,0.1,0.45,1.25,20,9,ig,high_debt,-0.00168046162204381,-0.00168200157503989,-1.53995299607967e-06,-0.0140038468503651,-0.0140166797919991,-1.28329416339973e-05
20260927_101616_608,phiI_low,phi_i,low,0.1,0.45,1.25,20,10,ig,high_debt,-0.00165006363217456,-0.00164924221908569,8.2141308886674e-07,-0.0137505302681213,-0.0137436851590474,6.84510907388892e-06
20260927_101616_608,phiI_low,phi_i,low,0.1,0.45,1.25,20,11,ig,high_debt,-0.00159868070426633,-0.00159567619066775,3.00451359858123e-06,-0.0133223392022194,-0.0132973015888979,2.50376133215102e-05
20260927_101616_608,phiI_low,phi_i,low,0.1,0.45,1.25,20,12,ig,high_debt,-0.0015306081739111,-0.0015256452386537,4.96293525739655e-06,-0.0127550681159258,-0.0127137103221142,4.13577938116368e-05
20260927_101616_608,phiI_low,phi_i,low,0.1,0.45,1.25,20,13,ig,high_debt,-0.001449704286537,-0.0014430364490709,6.66783746609834e-06,-0.012080869054475,-0.0120253037422575,5.5565312217485e-05
20260927_101616_608,phiI_low,phi_i,low,0.1,0.45,1.25,20,14,ig,high_debt,-0.00135940157156157,-0.00135129781638842,8.10375517315554e-06,-0.0113283464296798,-0.0112608151365701,6.75312931096295e-05
20260927_101616_608,phiI_low,phi_i,low,0.1,0.45,1.25,20,15,ig,high_debt,-0.00126272074485308,-0.00125345512096377,9.26562388930963e-06,-0.0105226728737756,-0.0104454593413647,7.72135324109136e-05
20260927_101616_608,phiI_low,phi_i,low,0.1,0.45,1.25,20,16,ig,high_debt,-0.00116228833855245,-0.00115213176796326,1.01565705891843e-05,-0.00968573615460373,-0.00960109806636053,8.46380882432024e-05
20260927_101616_608,phiI_low,phi_i,low,0.1,0.45,1.25,20,17,ig,high_debt,-0.00106035794538338,-0.00104957176245506,1.0786182928324e-05,-0.00883631621152817,-0.00874643135379214,8.98848577360334e-05
20260927_101616_608,phiI_low,phi_i,low,0.1,0.45,1.25,20,18,ig,high_debt,-0.000958834389852919,-0.000947665304986411,1.1169084866508e-05,-0.00799028658210766,-0.00789721087488676,9.30757072209014e-05
20260927_101616_608,phiI_low,phi_i,low,0.1,0.45,1.25,20,19,ig,high_debt,-0.000859299960420265,-0.000847976239167797,1.13237212524681e-05,-0.00716083300350221,-0.00706646865973164,9.43643437705671e-05
20260927_101616_608,phiI_low,phi_i,low,0.1,0.45,1.25,20,20,ig,high_debt,-0.000763041854525345,-0.000751770555429271,1.12712990960745e-05,-0.00635868212104455,-0.00626475462857726,9.3927492467288e-05
20260927_101616_608,phiI_low,phi_i,low,0.1,0.45,1.25,20,21,ig,high_debt,-0.000671080090625706,-0.000660045231690942,1.10348589347636e-05,-0.00559233408854755,-0.00550037693075785,9.19571577896964e-05
20260927_101616_608,phiI_low,phi_i,low,0.1,0.45,1.25,20,22,ig,high_debt,-0.000584195269639362,-0.00057355680649962,1.06384631397421e-05,-0.00486829391366135,-0.0047796400541635,8.86538594978507e-05
20260927_101616_608,phiI_low,phi_i,low,0.1,0.45,1.25,20,23,ig,high_debt,-0.000502955694461543,-0.00049284920027523,1.01064941863127e-05,-0.00419129745384619,-0.00410707666896025,8.42207848859387e-05
20260927_101616_608,phiI_low,phi_i,low,0.1,0.45,1.25,20,24,ig,high_debt,-0.000427743469046282,-0.00041828041097515,9.46305807113246e-06,-0.00356452890871902,-0.00348567009145958,7.8858817259437e-05
20260927_101616_608,phiI_low,phi_i,low,0.1,0.45,1.25,20,25,ig,high_debt,-0.000358779294753239,-0.000350047806566653,8.73148818658631e-06,-0.00298982745627699,-0.00291706505472211,7.27624015548858e-05
20260927_101616_608,phiI_low,phi_i,low,0.1,0.45,1.25,20,26,ig,high_debt,-0.000296145761849234,-0.000288211817622439,7.93394422679561e-06,-0.00246788134874362,-0.00240176514685365,6.61162018899637e-05
20260927_101616_608,phiI_low,phi_i,low,0.1,0.45,1.25,20,27,ig,high_debt,-0.000239809000193242,-0.000232717900458271,7.09109973497102e-06,-0.00199840833494368,-0.00193931583715226,5.90924977914252e-05
20260927_101616_608,phiI_low,phi_i,low,0.1,0.45,1.25,20,28,ig,high_debt,-0.000189638607440951,-0.000183416696410754,6.22191103019643e-06,-0.00158032172867459,-0.00152847247008962,5.18492585849701e-05
20260927_101616_608,phiI_low,phi_i,low,0.1,0.45,1.25,20,29,ig,high_debt,-0.000145425817581313,-0.000140082357972013,5.34345960929994e-06,-0.00121188181317761,-0.00116735298310011,4.45288300774994e-05
20260927_101616_608,phiI_low,phi_i,low,0.1,0.45,1.25,20,30,ig,high_debt,-0.000106899908905889,-0.000102429049162467,4.47085974342176e-06,-0.000890832574215739,-0.000853575409687224,3.72571645285147e-05
20260927_101616_608,phiI_low,phi_i,low,0.1,0.45,1.25,20,31,ig,high_debt,-7.37428799176543e-05,-7.01256570493636e-05,3.61722286829069e-06,-0.000614523999313786,-0.000584380475411363,3.01435239024225e-05
20260927_101616_608,phiI_low,phi_i,low,0.1,0.45,1.25,20,32,ig,high_debt,-4.56024452375053e-05,-4.28087747696843e-05,2.79367046782109e-06,-0.000380020376979211,-0.000356739789747369,2.32805872318424e-05
20260927_101616_608,phiI_low,phi_i,low,0.1,0.45,1.25,20,33,ig,high_debt,-2.21034220849875e-05,-2.00940346529593e-05,2.00938743202816e-06,-0.000184195184041563,-0.000167450288774661,1.67448952669014e-05
20260927_101616_608,phiI_low,phi_i,low,0.1,0.45,1.25,20,34,ig,high_debt,-2.85759207262204e-06,-1.58588378119939e-06,1.27170829142265e-06,-2.38132672718503e-05,-1.32156981766616e-05,1.05975690951887e-05
20260927_101616_608,phiI_low,phi_i,low,0.1,0.45,1.25,20,35,ig,high_debt,1.25278665644157e-05,1.31140958193332e-05,5.8622925491747e-07,0.000104398888036798,0.000109284131827777,4.88524379097892e-06
20260927_101616_608,phiI_low,phi_i,low,0.1,0.45,1.25,20,36,ig,high_debt,2.44432740751088e-05,2.44002136500776e-05,-4.30604250312161e-08,0.000203693950625907,0.000203335113750647,-3.58836875260143e-07
20260927_101616_608,phiI_low,phi_i,low,0.1,0.45,1.25,20,37,ig,high_debt,3.32705651274606e-05,3.26569315300951e-05,-6.13633597365548e-07,0.000277254709395505,0.000272141096084126,-5.11361331137955e-06
20260927_101616_608,phiI_low,phi_i,low,0.1,0.45,1.25,20,38,ig,high_debt,3.93785171969724e-05,3.82542451543427e-05,-1.12427204262966e-06,0.00032815430997477,0.000318785376286189,-9.36893368858049e-06
20260927_101616_608,phiI_low,phi_i,low,0.1,0.45,1.25,20,39,ig,high_debt,4.31189832103829e-05,4.15440737088213e-05,-1.57490950156158e-06,0.000359324860086524,0.000346200614240177,-1.31242458463465e-05
20260927_101616_608,phiI_low,phi_i,low,0.1,0.45,1.25,20,40,ig,high_debt,4.4824022121151e-05,4.28575473571252e-05,-1.96647476402578e-06,0.000373533517676258,0.000357146227976043,-1.63872897002149e-05
20260927_101616_608,phiI_low,phi_i,low,0.1,0.45,1.25,20,1,kg,low_debt,-0.000207398650410084,-0.000212296327314121,-4.89767690403653e-06,-4.32080521687676e-05,-4.42284015237752e-05,-1.02034935500761e-06
20260927_101616_608,phiI_low,phi_i,low,0.1,0.45,1.25,20,2,kg,low_debt,-0.000560660028269488,-0.00057263470710911,-1.19746788396213e-05,-0.000116804172556143,-0.000119298897314398,-2.49472475825445e-06
20260927_101616_608,phiI_low,phi_i,low,0.1,0.45,1.25,20,3,kg,low_debt,-0.00101684894834442,-0.00103627434939391,-1.94254010494888e-05,-0.000211843530905087,-0.000215890489457064,-4.04695855197684e-06
20260927_101616_608,phiI_low,phi_i,low,0.1,0.45,1.25,20,4,kg,low_debt,-0.00154424236260642,-0.00157038980561097,-2.61474430045538e-05,-0.000321717158876337,-0.000327164542835619,-5.44738395928207e-06
20260927_101616_608,phiI_low,phi_i,low,0.1,0.45,1.25,20,5,kg,low_debt,-0.00211808609909347,-0.00214962455880574,-3.15384597122659e-05,-0.000441267937311141,-0.000447838449751196,-6.57051244005541e-06
20260927_101616_608,phiI_low,phi_i,low,0.1,0.45,1.25,20,6,kg,low_debt,-0.00271825115004365,-0.00275358209203347,-3.53309419898196e-05,-0.00056630232292576,-0.000573662935840306,-7.36061291454581e-06
20260927_101616_608,phiI_low,phi_i,low,0.1,0.45,1.25,20,7,kg,low_debt,-0.00332798042756988,-0.00336545054717963,-3.74701196097504e-05,-0.000693329255743724,-0.000701135530662422,-7.80627491869801e-06
20260927_101616_608,phiI_low,phi_i,low,0.1,0.45,1.25,20,8,kg,low_debt,-0.0039332263818368,-0.00397125569191115,-3.80293100743501e-05,-0.000819422162882666,-0.000827344935814822,-7.92277293215626e-06
20260927_101616_608,phiI_low,phi_i,low,0.1,0.45,1.25,20,9,kg,low_debt,-0.0045222862639358,-0.00455944021409405,-3.71539501582419e-05,-0.000942142971653293,-0.00094988337793626,-7.74040628296713e-06
20260927_101616_608,phiI_low,phi_i,low,0.1,0.45,1.25,20,10,kg,low_debt,-0.00508557250579944,-0.00512059845879786,-3.50259529984243e-05,-0.00105949427204155,-0.00106679134558289,-7.29707354133846e-06
20260927_101616_608,phiI_low,phi_i,low,0.1,0.45,1.25,20,11,kg,low_debt,-0.00561543445938018,-0.0056472761431472,-3.18416837670199e-05,-0.00116988217903754,-0.00117651586315567,-6.63368411812915e-06
20260927_101616_608,phiI_low,phi_i,low,0.1,0.45,1.25,20,12,kg,low_debt,-0.0061059927886733,-0.00613379145926896,-2.77986705956579e-05,-0.0012720818309736,-0.00127787322068103,-5.79138970742887e-06
20260927_101616_608,phiI_low,phi_i,low,0.1,0.45,1.25,20,13,kg,low_debt,-0.00655297201256921,-0.00657605974076692,-2.30877281977016e-05,-0.00136520250261859,-0.00137001244599311,-4.80994337452101e-06
20260927_101616_608,phiI_low,phi_i,low,0.1,0.45,1.25,20,14,kg,low_debt,-0.0069535286296647,-0.00697141698191306,-1.7888352248363e-05,-0.00144865179784681,-0.00145237853789855,-3.72674005174245e-06
20260927_101616_608,phiI_low,phi_i,low,0.1,0.45,1.25,20,15,kg,low_debt,-0.00730607735007993,-0.00731844341651211,-1.2366066432179e-05,-0.00152209944793332,-0.00152467571177336,-2.57626384003729e-06
20260927_101616_608,phiI_low,phi_i,low,0.1,0.45,1.25,20,16,kg,low_debt,-0.00761011949338553,-0.00761679043798402,-6.67094459849693e-06,-0.00158544156112198,-0.00158683134124667,-1.38978012468693e-06
20260927_101616_608,phiI_low,phi_i,low,0.1,0.45,1.25,20,17,kg,low_debt,-0.0078660774694157,-0.00786701433539694,-9.368659812381e-07,-0.0016387661394616,-0.00163896131987436,-1.9518041275801e-07
20260927_101616_608,phiI_low,phi_i,low,0.1,0.45,1.25,20,18,kg,low_debt,-0.00807513846025021,-0.00807041971932509,4.71874092511371e-06,-0.00168232051255213,-0.00168133744152606,9.83071026065211e-07
20260927_101616_608,phiI_low,phi_i,low,0.1,0.45,1.25,20,19,kg,low_debt,-0.00823910947893669,-0.00822891467837916,1.01948005575281e-05,-0.00171648114144514,-0.00171435722466233,2.12391678281842e-06
20260927_101616_608,phiI_low,phi_i,low,0.1,0.45,1.25,20,20,kg,low_debt,-0.00836028512107845,-0.0083448789048548,1.54062162236457e-05,-0.00174172606689134,-0.00173851643851142,3.20962837992633e-06
20260927_101616_608,phiI_low,phi_i,low,0.1,0.45,1.25,20,21,kg,low_debt,-0.00844132862799629,-0.00842104535763966,2.02832703566358e-05,-0.00175861013083256,-0.00175438444950826,4.22568132429912e-06
20260927_101616_608,phiI_low,phi_i,low,0.1,0.45,1.25,20,22,kg,low_debt,-0.00848516635198848,-0.00846039551387801,2.47708381104772e-05,-0.0017677429899976,-0.00176258239872458,5.16059127301594e-06
20260927_101616_608,phiI_low,phi_i,low,0.1,0.45,1.25,20,23,kg,low_debt,-0.00849489533349779,-0.00846606788436066,2.88274491371254e-05,-0.00176976986114537,-0.00176376414257514,6.00571857023446e-06
20260927_101616_608,phiI_low,phi_i,low,0.1,0.45,1.25,20,24,kg,low_debt,-0.00847370343678389,-0.00844127920581528,3.24242309686085e-05,-0.00176535488266331,-0.00175859983454485,6.75504811846017e-06
20260927_101616_608,phiI_low,phi_i,low,0.1,0.45,1.25,20,25,kg,low_debt,-0.00842480131676826,-0.00838925755023912,3.55437665291447e-05,-0.00175516694099339,-0.00174776198963315,7.40495136023855e-06
20260927_101616_608,phiI_low,phi_i,low,0.1,0.45,1.25,20,26,kg,low_debt,-0.00835136538159009,-0.00831318648464041,3.8178896949681e-05,-0.00173986778783127,-0.00173191385096675,7.95393686451695e-06
20260927_101616_608,phiI_low,phi_i,low,0.1,0.45,1.25,20,27,kg,low_debt,-0.00825649085522873,-0.00821615935646935,4.03314987593717e-05,-0.00172010226150598,-0.00171169986593112,8.4023955748691e-06
20260927_101616_608,phiI_low,phi_i,low,0.1,0.45,1.25,20,28,kg,low_debt,-0.00814315401906907,-0.00810114275726281,4.20112618062518e-05,-0.00169649042063939,-0.00168773807442975,8.75234620963572e-06
20260927_101616_608,phiI_low,phi_i,low,0.1,0.45,1.25,20,29,kg,low_debt,-0.00801418271092391,-0.00797094821991351,4.32344910104021e-05,-0.00166962139810915,-0.00166061421248198,9.00718562716718e-06
20260927_101616_608,phiI_low,phi_i,low,0.1,0.45,1.25,20,30,kg,low_debt,-0.00787223417806793,-0.00782821122647803,4.40229515898949e-05,-0.00164004878709748,-0.00163087733884959,9.17144824789484e-06
20260927_101616_608,phiI_low,phi_i,low,0.1,0.45,1.25,20,31,kg,low_debt,-0.00771977941213908,-0.00767537663833995,4.44027737991348e-05,-0.00160828737752898,-0.00159903679965416,9.25057787481975e-06
20260927_101616_608,phiI_low,phi_i,low,0.1,0.45,1.25,20,32,kg,low_debt,-0.00755909313482661,-0.00751468970503222,4.44034297943929e-05,-0.00157481106975554,-0.00156556035521505,9.25071454049853e-06
20260927_101616_608,phiI_low,phi_i,low,0.1,0.45,1.25,20,33,kg,low_debt,-0.00739224865113819,-0.00734819185923197,4.40567919062218e-05,-0.00154005180232046,-0.00153087330400666,9.17849831379614e-06
20260927_101616_608,phiI_low,phi_i,low,0.1,0.45,1.25,20,34,kg,low_debt,-0.00722111683970983,-0.00717772056109389,4.3396278615937e-05,-0.00150439934160621,-0.00149535845022789,9.0408913783202e-06
20260927_101616_608,phiI_low,phi_i,low,0.1,0.45,1.25,20,35,kg,low_debt,-0.00704736860514021,-0.00700491251332291,4.24560918173e-05,-0.00146820179273754,-0.00145935677360894,8.84501912860403e-06
20260927_101616_608,phiI_low,phi_i,low,0.1,0.45,1.25,20,36,kg,low_debt,-0.00687248017446684,-0.00683120962789019,4.1270546576655e-05,-0.00143176670301393,-0.00142316867247712,8.59803053680297e-06
20260927_101616_608,phiI_low,phi_i,low,0.1,0.45,1.25,20,37,kg,low_debt,-0.00669774067733364,-0.0066578671847477,3.98734925859401e-05,-0.00139536264111118,-0.0013870556634891,8.30697762207078e-06
20260927_101616_608,phiI_low,phi_i,low,0.1,0.45,1.25,20,38,kg,low_debt,-0.00652426150620844,-0.0064859636813992,3.82978248092414e-05,-0.00135922114712676,-0.00135124243362483,7.97871350192536e-06
20260927_101616_608,phiI_low,phi_i,low,0.1,0.45,1.25,20,39,kg,low_debt,-0.00635298700841425,-0.00631641192899046,3.6575079423784e-05,-0.0013235389600863,-0.00131591915187301,7.61980821328834e-06
20260927_101616_608,phiI_low,phi_i,low,0.1,0.45,1.25,20,40,kg,low_debt,-0.00618470611508215,-0.00614997100495707,3.47351101250837e-05,-0.00128848044064211,-0.00128124395936606,7.23648127605903e-06
20260927_101616_608,phiI_low,phi_i,low,0.1,0.45,1.25,20,1,kg,high_debt,-0.00046788298459699,-0.000475009531905712,-7.12654730872231e-06,-9.74756217910396e-05,-9.89603191470234e-05,-1.48469735598381e-06
20260927_101616_608,phiI_low,phi_i,low,0.1,0.45,1.25,20,2,kg,high_debt,-0.00129075344643237,-0.00130864238504369,-1.78889386113212e-05,-0.000268906968006744,-0.000272633830217435,-3.72686221069196e-06
20260927_101616_608,phiI_low,phi_i,low,0.1,0.45,1.25,20,3,kg,high_debt,-0.00237711287501785,-0.00240690725602288,-2.97943810050327e-05,-0.000495231848962052,-0.000501439011671434,-6.20716270938182e-06
20260927_101616_608,phiI_low,phi_i,low,0.1,0.45,1.25,20,4,kg,high_debt,-0.0036512831443698,-0.00369244479125364,-4.11616468838361e-05,-0.000760683988410375,-0.000769259331511174,-8.57534310079911e-06
20260927_101616_608,phiI_low,phi_i,low,0.1,0.45,1.25,20,5,kg,high_debt,-0.005049870309211,-0.00510079582477907,-5.09255155680677e-05,-0.00105205631441896,-0.00106266579682897,-1.06094824100142e-05
20260927_101616_608,phiI_low,phi_i,low,0.1,0.45,1.25,20,6,kg,high_debt,-0.00651950876905527,-0.00657797763261225,-5.84688635569819e-05,-0.00135823099355318,-0.00137041200679422,-1.21810132410378e-05
20260927_101616_608,phiI_low,phi_i,low,0.1,0.45,1.25,20,7,kg,high_debt,-0.00801537134023,-0.0080788629647337,-6.34916245036976e-05,-0.00166986902921458,-0.00168309645098619,-1.32274217716035e-05
20260927_101616_608,phiI_low,phi_i,low,0.1,0.45,1.25,20,8,kg,high_debt,-0.0095001166578017,-0.00956603048723537,-6.59138294336614e-05,-0.00197919097037536,-0.00199292301817403,-1.37320477986798e-05
20260927_101616_608,phiI_low,phi_i,low,0.1,0.45,1.25,20,9,kg,high_debt,-0.0109430753634001,-0.0110088813000946,-6.58059366944741e-05,-0.00227980736737502,-0.00229351693751971,-1.37095701446821e-05
20260927_101616_608,phiI_low,phi_i,low,0.1,0.45,1.25,20,10,kg,high_debt,-0.0123195621114895,-0.0123829014866779,-6.33393751883204e-05,-0.00256657543989366,-0.00257977114305789,-1.31957031642336e-05
20260927_101616_608,phiI_low,phi_i,low,0.1,0.45,1.25,20,11,kg,high_debt,-0.0136102537629688,-0.0136690051401791,-5.87513772103421e-05,-0.00283546953395183,-0.00284770940420398,-1.22398702521545e-05
20260927_101616_608,phiI_low,phi_i,low,0.1,0.45,1.25,20,12,kg,high_debt,-0.0148006055928054,-0.0148529252503291,-5.2319657523725e-05,-0.00308345949850112,-0.0030943594271519,-1.0899928650776e-05
20260927_101616_608,phiI_low,phi_i,low,0.1,0.45,1.25,20,13,kg,high_debt,-0.0158802947395218,-0.0159246385681424,-4.43438286206188e-05,-0.00330839473740037,-0.00331763303502967,-9.23829762929573e-06
20260927_101616_608,phiI_low,phi_i,low,0.1,0.45,1.25,20,14,kg,high_debt,-0.0168426889425959,-0.0168778204203273,-3.5131477731376e-05,-0.00350889352970748,-0.00351621258756818,-7.3190578607032e-06
20260927_101616_608,phiI_low,phi_i,low,0.1,0.45,1.25,20,15,kg,high_debt,-0.017684342463884,-0.0177093300307831,-2.49875668991706e-05,-0.00368423801330916,-0.00368944375641315,-5.20574310399402e-06
20260927_101616_608,phiI_low,phi_i,low,0.1,0.45,1.25,20,16,kg,high_debt,-0.0184045222408384,-0.0184187285479771,-1.42063071386644e-05,-0.00383427546684134,-0.0038372351141619,-2.95964732055509e-06
20260927_101616_608,phiI_low,phi_i,low,0.1,0.45,1.25,20,17,kg,high_debt,-0.0190047671302009,-0.0190078320967331,-3.06496653212918e-06,-0.00395932648545853,-0.00395996502015272,-6.38534694193289e-07
20260927_101616_608,phiI_low,phi_i,low,0.1,0.45,1.25,20,18,kg,high_debt,-0.0194884823417993,-0.0194803015993017,8.18074249764322e-06,-0.00406010048787486,-0.00405839616652119,1.70432135367538e-06
20260927_101616_608,phiI_low,phi_i,low,0.1,0.45,1.25,20,19,kg,high_debt,-0.019860570243674,-0.0198412702984871,1.92999451869014e-05,-0.00413761880076543,-0.00413359797885149,4.02082191393836e-06
20260927_101616_608,phiI_low,phi_i,low,0.1,0.45,1.25,20,20,kg,high_debt,-0.0201270978421073,-0.020097009096455,3.00887456523569e-05,-0.00419314538377236,-0.00418687689509478,6.26848867757435e-06
20260927_101616_608,phiI_low,phi_i,low,0.1,0.45,1.25,20,21,kg,high_debt,-0.0202950004866809,-0.0202546291007346,4.03713859462584e-05,-0.00422812510139185,-0.00421971439598638,8.41070540547051e-06
20260927_101616_608,phiI_low,phi_i,low,0.1,0.45,1.25,20,22,kg,high_debt,-0.0203718207441526,-0.0203218201797162,5.0000564436381e-05,-0.00424412932169845,-0.00423371253744087,1.041678425758e-05
20260927_101616_608,phiI_low,phi_i,low,0.1,0.45,1.25,20,23,kg,high_debt,-0.0203654809200104,-0.0203066238754985,5.88570445119174e-05,-0.00424280852500218,-0.00423054664072886,1.22618842733164e-05
20260927_101616_608,phiI_low,phi_i,low,0.1,0.45,1.25,20,24,kg,high_debt,-0.0202840873660559,-0.0202172386895869,6.68486764690002e-05,-0.00422585153459498,-0.00421192472699727,1.39268075977084e-05
20260927_101616_608,phiI_low,phi_i,low,0.1,0.45,1.25,20,25,kg,high_debt,-0.0201357644766578,-0.0200618555289136,7.39089477441723e-05,-0.00419495093263704,-0.00417955323519033,1.53976974467023e-05
20260927_101616_608,phiI_low,phi_i,low,0.1,0.45,1.25,20,26,kg,high_debt,-0.0199285161265905,-0.0198485209583135,7.99951682770583e-05,-0.00415177419303969,-0.00413510853298197,1.66656600577202e-05
20260927_101616_608,phiI_low,phi_i,low,0.1,0.45,1.25,20,27,kg,high_debt,-0.0196701122236194,-0.0195850258348145,8.50863888048892e-05,-0.00409794004658737,-0.00408021371558635,1.77263310010183e-05
20260927_101616_608,phiI_low,phi_i,low,0.1,0.45,1.25,20,28,kg,high_debt,-0.0193679980254693,-0.0192788168853548,8.91811401144693e-05,-0.00403499958863944,-0.00401642018444892,1.85794041905147e-05
20260927_101616_608,phiI_low,phi_i,low,0.1,0.45,1.25,20,29,kg,high_debt,-0.0190292238924137,-0.0189369288211934,9.22950712203274e-05,-0.00396442164425285,-0.00394519350441528,1.92281398375682e-05
20260927_101616_608,phiI_low,phi_i,low,0.1,0.45,1.25,20,30,kg,high_debt,-0.0186603932040095,-0.0185659346498257,9.44585541837739e-05,-0.00388758191750197,-0.00386790305204702,1.96788654549529e-05
20260927_101616_608,phiI_low,phi_i,low,0.1,0.45,1.25,20,31,kg,high_debt,-0.0182676262538264,-0.0181719119406303,9.57143131961047e-05,-0.00380575546954716,-0.00378581498763131,1.99404819158553e-05
20260927_101616_608,phiI_low,phi_i,low,0.1,0.45,1.25,20,32,kg,high_debt,-0.017856538042718,-0.0177604229168837,9.61151258342952e-05,-0.00372011209223292,-0.00370008810768411,2.00239845488115e-05
20260927_101616_608,phiI_low,phi_i,low,0.1,0.45,1.25,20,33,kg,high_debt,-0.0174322280137353,-0.0173365063786148,9.57216351205048e-05,-0.0036317141695282,-0.00361177216221142,1.9942007316772e-05
20260927_101616_608,phiI_low,phi_i,low,0.1,0.45,1.25,20,34,kg,high_debt,-0.0169992799054643,-0.0169046796029315,9.46003025328324e-05,-0.00354151664697174,-0.00352180825061073,1.97083963610067e-05
20260927_101616_608,phiI_low,phi_i,low,0.1,0.45,1.25,20,35,kg,high_debt,-0.016561770041263,-0.0164689485170388,9.28215242241848e-05,-0.00345036875859646,-0.00343103094104976,1.93378175467052e-05
20260927_101616_608,phiI_low,phi_i,low,0.1,0.45,1.25,20,36,kg,high_debt,-0.0161232825161566,-0.0160328245904626,9.04579256939542e-05,-0.00335901719086595,-0.00334017178967971,1.88454011862405e-05
20260927_101616_608,phiI_low,phi_i,low,0.1,0.45,1.25,20,37,kg,high_debt,-0.0156869298881253,-0.0155993470441711,8.75828439541593e-05,-0.00326811039335943,-0.00324986396753565,1.82464258237833e-05
20260927_101616_608,phiI_low,phi_i,low,0.1,0.45,1.25,20,38,kg,high_debt,-0.015255378123725,-0.015171109122913,8.42690008120428e-05,-0.00317820377577605,-0.0031606477339402,1.75560418358423e-05
20260927_101616_608,phiI_low,phi_i,low,0.1,0.45,1.25,20,39,kg,high_debt,-0.0148308746874211,-0.0147502873211316,8.05873662894641e-05,-0.00308976555987939,-0.00307297652523575,1.67890346436383e-05
20260927_101616_608,phiI_low,phi_i,low,0.1,0.45,1.25,20,40,kg,high_debt,-0.014415278798114,-0.0143386725907462,7.66062073678242e-05,-0.00300318308294042,-0.00298722345640545,1.59596265349635e-05
20260927_101616_608,phiI_low,phi_i,low,0.1,0.45,1.25,20,1,xloc,low_debt,-0.00266268948351434,-0.00266522816674475,-2.53868323041306e-06,-0.00266268948351434,-0.00266522816674475,-2.53868323041306e-06
20260927_101616_608,phiI_low,phi_i,low,0.1,0.45,1.25,20,2,xloc,low_debt,-0.00234001974573061,-0.00234312732249597,-3.10757676535989e-06,-0.00234001974573061,-0.00234312732249597,-3.10757676535989e-06
20260927_101616_608,phiI_low,phi_i,low,0.1,0.45,1.25,20,3,xloc,low_debt,-0.00186884697286838,-0.00187147575367486,-2.62878080647955e-06,-0.00186884697286838,-0.00187147575367486,-2.62878080647955e-06
20260927_101616_608,phiI_low,phi_i,low,0.1,0.45,1.25,20,4,xloc,low_debt,-0.00142303305687497,-0.00142477504078709,-1.74198391211799e-06,-0.00142303305687497,-0.00142477504078709,-1.74198391211799e-06
20260927_101616_608,phiI_low,phi_i,low,0.1,0.45,1.25,20,5,xloc,low_debt,-0.00106386224892141,-0.00106466703533048,-8.04786409069891e-07,-0.00106386224892141,-0.00106466703533048,-8.04786409069891e-07
20260927_101616_608,phiI_low,phi_i,low,0.1,0.45,1.25,20,6,xloc,low_debt,-0.000799113424124864,-0.000799100459116242,1.29650086222455e-08,-0.000799113424124864,-0.000799100459116242,1.29650086222455e-08
20260927_101616_608,phiI_low,phi_i,low,0.1,0.45,1.25,20,7,xloc,low_debt,-0.000614928446934671,-0.000614275576523049,6.52870411621542e-07,-0.000614928446934671,-0.000614275576523049,6.52870411621542e-07
20260927_101616_608,phiI_low,phi_i,low,0.1,0.45,1.25,20,8,xloc,low_debt,-0.000491728278885883,-0.000490613432479581,1.11484640630266e-06,-0.000491728278885883,-0.000490613432479581,1.11484640630266e-06
20260927_101616_608,phiI_low,phi_i,low,0.1,0.45,1.25,20,9,xloc,low_debt,-0.000411262946763302,-0.000409838892325265,1.42405443803728e-06,-0.000411262946763302,-0.000409838892325265,1.42405443803728e-06
20260927_101616_608,phiI_low,phi_i,low,0.1,0.45,1.25,20,10,xloc,low_debt,-0.000359050016896734,-0.000357437558520468,1.61245837626556e-06,-0.000359050016896734,-0.000357437558520468,1.61245837626556e-06
20260927_101616_608,phiI_low,phi_i,low,0.1,0.45,1.25,20,11,xloc,low_debt,-0.000324630807686299,-0.000322920916308922,1.7098913773772e-06,-0.000324630807686299,-0.000322920916308922,1.7098913773772e-06
20260927_101616_608,phiI_low,phi_i,low,0.1,0.45,1.25,20,12,xloc,low_debt,-0.000300952072204597,-0.000299211368883334,1.74070332126242e-06,-0.000300952072204597,-0.000299211368883334,1.74070332126242e-06
20260927_101616_608,phiI_low,phi_i,low,0.1,0.45,1.25,20,13,xloc,low_debt,-0.000283524388060785,-0.000281801063701015,1.7233243597703e-06,-0.000283524388060785,-0.000281801063701015,1.7233243597703e-06
20260927_101616_608,phiI_low,phi_i,low,0.1,0.45,1.25,20,14,xloc,low_debt,-0.000269644292585025,-0.000267973183905146,1.6711086798793e-06,-0.000269644292585025,-0.000267973183905146,1.6711086798793e-06
20260927_101616_608,phiI_low,phi_i,low,0.1,0.45,1.25,20,15,xloc,low_debt,-0.000257778194960312,-0.000256184643756763,1.5935512035492e-06,-0.000257778194960312,-0.000256184643756763,1.5935512035492e-06
20260927_101616_608,phiI_low,phi_i,low,0.1,0.45,1.25,20,16,xloc,low_debt,-0.000247116943395187,-0.000245619506912598,1.49743648258926e-06,-0.000247116943395187,-0.000245619506912598,1.49743648258926e-06
20260927_101616_608,phiI_low,phi_i,low,0.1,0.45,1.25,20,17,xloc,low_debt,-0.000237274421572176,-0.000235886670520435,1.38775105174016e-06,-0.000237274421572176,-0.000235886670520435,1.38775105174016e-06
20260927_101616_608,phiI_low,phi_i,low,0.1,0.45,1.25,20,18,xloc,low_debt,-0.000228094695474357,-0.000226826362678789,1.26833279556759e-06,-0.000228094695474357,-0.000226826362678789,1.26833279556759e-06
20260927_101616_608,phiI_low,phi_i,low,0.1,0.45,1.25,20,19,xloc,low_debt,-0.000219535078562427,-0.000218392784412047,1.14229415038025e-06,-0.000219535078562427,-0.000218392784412047,1.14229415038025e-06
20260927_101616_608,phiI_low,phi_i,low,0.1,0.45,1.25,20,20,xloc,low_debt,-0.000211599287851194,-0.000210587012419383,1.01227543181093e-06,-0.000211599287851194,-0.000210587012419383,1.01227543181093e-06
20260927_101616_608,phiI_low,phi_i,low,0.1,0.45,1.25,20,21,xloc,low_debt,-0.000204301984542243,-0.00020342140196139,8.80582580853329e-07,-0.000204301984542243,-0.00020342140196139,8.80582580853329e-07
20260927_101616_608,phiI_low,phi_i,low,0.1,0.45,1.25,20,22,xloc,low_debt,-0.000197651988497305,-0.00019690273535844,7.49253138865313e-07,-0.000197651988497305,-0.00019690273535844,7.49253138865313e-07
20260927_101616_608,phiI_low,phi_i,low,0.1,0.45,1.25,20,23,xloc,low_debt,-0.000191645973649957,-0.000191025891519758,6.20082130198263e-07,-0.000191645973649957,-0.000191025891519758,6.20082130198263e-07
20260927_101616_608,phiI_low,phi_i,low,0.1,0.45,1.25,20,24,xloc,low_debt,-0.000186267615668201,-0.000185772986839638,4.94628828562327e-07,-0.000186267615668201,-0.000185772986839638,4.94628828562327e-07
20260927_101616_608,phiI_low,phi_i,low,0.1,0.45,1.25,20,25,xloc,low_debt,-0.000181489257718326,-0.000181115040573276,3.74217145049371e-07,-0.000181489257718326,-0.000181115040573276,3.74217145049371e-07
20260927_101616_608,phiI_low,phi_i,low,0.1,0.45,1.25,20,26,xloc,low_debt,-0.000177274480140821,-0.000177014543558229,2.59936582591713e-07,-0.000177274480140821,-0.000177014543558229,2.59936582591713e-07
20260927_101616_608,phiI_low,phi_i,low,0.1,0.45,1.25,20,27,xloc,low_debt,-0.000173580753019431,-0.000173428106080342,1.52646939088896e-07,-0.000173580753019431,-0.000173428106080342,1.52646939088896e-07
20260927_101616_608,phiI_low,phi_i,low,0.1,0.45,1.25,20,28,xloc,low_debt,-0.000170361803496055,-0.000170308815814812,5.29876812427332e-08,-0.000170361803496055,-0.000170308815814812,5.29876812427332e-08
20260927_101616_608,phiI_low,phi_i,low,0.1,0.45,1.25,20,29,xloc,low_debt,-0.00016756957282249,-0.000167608181146472,-3.8608323982281e-08,-0.00016756957282249,-0.000167608181146472,-3.8608323982281e-08
20260927_101616_608,phiI_low,phi_i,low,0.1,0.45,1.25,20,30,xloc,low_debt,-0.00016515575803866,-0.000165277655636231,-1.21897597571419e-07,-0.00016515575803866,-0.000165277655636231,-1.21897597571419e-07
20260927_101616_608,phiI_low,phi_i,low,0.1,0.45,1.25,20,31,xloc,low_debt,-0.000163072984393331,-0.000163269790814935,-1.96806421604023e-07,-0.000163072984393331,-0.000163269790814935,-1.96806421604023e-07
20260927_101616_608,phiI_low,phi_i,low,0.1,0.45,1.25,20,32,xloc,low_debt,-0.000161275670078509,-0.000161539079904238,-2.63409825729255e-07,-0.000161275670078509,-0.000161539079904238,-2.63409825729255e-07
20260927_101616_608,phiI_low,phi_i,low,0.1,0.45,1.25,20,33,xloc,low_debt,-0.000159720643414851,-0.000160042553498774,-3.21910083922461e-07,-0.000159720643414851,-0.000160042553498774,-3.21910083922461e-07
20260927_101616_608,phiI_low,phi_i,low,0.1,0.45,1.25,20,34,xloc,low_debt,-0.000158367564521256,-0.000158740179971861,-3.72615450605629e-07,-0.000158367564521256,-0.000158740179971861,-3.72615450605629e-07
20260927_101616_608,phiI_low,phi_i,low,0.1,0.45,1.25,20,35,xloc,low_debt,-0.000157179193882473,-0.000157595113579267,-4.15919696794553e-07,-0.000157179193882473,-0.000157595113579267,-4.15919696794553e-07
20260927_101616_608,phiI_low,phi_i,low,0.1,0.45,1.25,20,36,xloc,low_debt,-0.000156121541360132,-0.000156573824216633,-4.52282856500119e-07,-0.000156121541360132,-0.000156573824216633,-4.52282856500119e-07
20260927_101616_608,phiI_low,phi_i,low,0.1,0.45,1.25,20,37,xloc,low_debt,-0.000155163921875978,-0.000155646135341025,-4.82213465047288e-07,-0.000155163921875978,-0.000155646135341025,-4.82213465047288e-07
20260927_101616_608,phiI_low,phi_i,low,0.1,0.45,1.25,20,38,xloc,low_debt,-0.000154278938296226,-0.000154785190763174,-5.06252466947466e-07,-0.000154278938296226,-0.000154785190763174,-5.06252466947466e-07
20260927_101616_608,phiI_low,phi_i,low,0.1,0.45,1.25,20,39,xloc,low_debt,-0.000153442407738513,-0.00015396736662765,-5.24958889136506e-07,-0.000153442407738513,-0.00015396736662765,-5.24958889136506e-07
20260927_101616_608,phiI_low,phi_i,low,0.1,0.45,1.25,20,40,xloc,low_debt,-0.0001526332443057,-0.000153172141612146,-5.3889730644574e-07,-0.0001526332443057,-0.000153172141612146,-5.3889730644574e-07
20260927_101616_608,phiI_low,phi_i,low,0.1,0.45,1.25,20,1,xloc,high_debt,-0.00287297237365447,-0.00287646027642663,-3.48790277215905e-06,-0.00287297237365447,-0.00287646027642663,-3.48790277215905e-06
20260927_101616_608,phiI_low,phi_i,low,0.1,0.45,1.25,20,2,xloc,high_debt,-0.00269403050139361,-0.00269857539408924,-4.54489269563485e-06,-0.00269403050139361,-0.00269857539408924,-4.54489269563485e-06
20260927_101616_608,phiI_low,phi_i,low,0.1,0.45,1.25,20,3,xloc,high_debt,-0.00231502881759638,-0.00231922384411709,-4.19502652071468e-06,-0.00231502881759638,-0.00231922384411709,-4.19502652071468e-06
20260927_101616_608,phiI_low,phi_i,low,0.1,0.45,1.25,20,4,xloc,high_debt,-0.00192301780081605,-0.00192619431008501,-3.17650926895396e-06,-0.00192301780081605,-0.00192619431008501,-3.17650926895396e-06
20260927_101616_608,phiI_low,phi_i,low,0.1,0.45,1.25,20,5,xloc,high_debt,-0.0015900901674093,-0.00159202356918564,-1.93340177634393e-06,-0.0015900901674093,-0.00159202356918564,-1.93340177634393e-06
20260927_101616_608,phiI_low,phi_i,low,0.1,0.45,1.25,20,6,xloc,high_debt,-0.00133244774998342,-0.00133315423308467,-7.06483101242661e-07,-0.00133244774998342,-0.00133315423308467,-7.06483101242661e-07
20260927_101616_608,phiI_low,phi_i,low,0.1,0.45,1.25,20,7,xloc,high_debt,-0.0011425426742725,-0.00114215192730716,3.90746965339694e-07,-0.0011425426742725,-0.00114215192730716,3.90746965339694e-07
20260927_101616_608,phiI_low,phi_i,low,0.1,0.45,1.25,20,8,xloc,high_debt,-0.00100537028270398,-0.0010040527824281,1.31750027587696e-06,-0.00100537028270398,-0.0010040527824281,1.31750027587696e-06
20260927_101616_608,phiI_low,phi_i,low,0.1,0.45,1.25,20,9,xloc,high_debt,-0.000905902344946918,-0.000903831935822663,2.07040912425516e-06,-0.000905902344946918,-0.000903831935822663,2.07040912425516e-06
20260927_101616_608,phiI_low,phi_i,low,0.1,0.45,1.25,20,10,xloc,high_debt,-0.000831866884804411,-0.000829204204842782,2.66267996162917e-06,-0.000831866884804411,-0.000829204204842782,2.66267996162917e-06
20260927_101616_608,phiI_low,phi_i,low,0.1,0.45,1.25,20,11,xloc,high_debt,-0.00077428534219437,-0.000771172433743583,3.11290845078638e-06,-0.00077428534219437,-0.000771172433743583,3.11290845078638e-06
20260927_101616_608,phiI_low,phi_i,low,0.1,0.45,1.25,20,12,xloc,high_debt,-0.000727072980896804,-0.000723633193655204,3.43978724159921e-06,-0.000727072980896804,-0.000723633193655204,3.43978724159921e-06
20260927_101616_608,phiI_low,phi_i,low,0.1,0.45,1.25,20,13,xloc,high_debt,-0.000686360267814434,-0.000682700176339091,3.66009147534374e-06,-0.000686360267814434,-0.000682700176339091,3.66009147534374e-06
20260927_101616_608,phiI_low,phi_i,low,0.1,0.45,1.25,20,14,xloc,high_debt,-0.000649832002287742,-0.000646043709888966,3.78829239877643e-06,-0.000649832002287742,-0.000646043709888966,3.78829239877643e-06
20260927_101616_608,phiI_low,phi_i,low,0.1,0.45,1.25,20,15,xloc,high_debt,-0.000616192385014647,-0.000612355538041287,3.83684697335962e-06,-0.000616192385014647,-0.000612355538041287,3.83684697335962e-06
20260927_101616_608,phiI_low,phi_i,low,0.1,0.45,1.25,20,16,xloc,high_debt,-0.000584774060645055,-0.00058095739364894,3.81666699611483e-06,-0.000584774060645055,-0.00058095739364894,3.81666699611483e-06
20260927_101616_608,phiI_low,phi_i,low,0.1,0.45,1.25,20,17,xloc,high_debt,-0.000555272095353221,-0.000551534551320731,3.73754403248938e-06,-0.000555272095353221,-0.000551534551320731,3.73754403248938e-06
20260927_101616_608,phiI_low,phi_i,low,0.1,0.45,1.25,20,18,xloc,high_debt,-0.000527573340104892,-0.000523964884688755,3.60845541613752e-06,-0.000527573340104892,-0.000523964884688755,3.60845541613752e-06
20260927_101616_608,phiI_low,phi_i,low,0.1,0.45,1.25,20,19,xloc,high_debt,-0.000501652972413891,-0.000498215223681431,3.43774873245994e-06,-0.000501652972413891,-0.000498215223681431,3.43774873245994e-06
20260927_101616_608,phiI_low,phi_i,low,0.1,0.45,1.25,20,20,xloc,high_debt,-0.000477515560238118,-0.000474282329582132,3.23323065598569e-06,-0.000477515560238118,-0.000474282329582132,3.23323065598569e-06
20260927_101616_608,phiI_low,phi_i,low,0.1,0.45,1.25,20,21,xloc,high_debt,-0.000455164128189245,-0.000452161936208562,3.0021919806833e-06,-0.000455164128189245,-0.000452161936208562,3.0021919806833e-06
20260927_101616_608,phiI_low,phi_i,low,0.1,0.45,1.25,20,22,xloc,high_debt,-0.000434585963668299,-0.000431834566941403,2.75139672689662e-06,-0.000434585963668299,-0.000431834566941403,2.75139672689662e-06
20260927_101616_608,phiI_low,phi_i,low,0.1,0.45,1.25,20,23,xloc,high_debt,-0.000415747886753803,-0.000413260830674167,2.4870560796364e-06,-0.000415747886753803,-0.000413260830674167,2.4870560796364e-06
20260927_101616_608,phiI_low,phi_i,low,0.1,0.45,1.25,20,24,xloc,high_debt,-0.000398596503507931,-0.000396381702622683,2.21480088524739e-06,-0.000398596503507931,-0.000396381702622683,2.21480088524739e-06
20260927_101616_608,phiI_low,phi_i,low,0.1,0.45,1.25,20,25,xloc,high_debt,-0.000383060811640079,-0.000381121150907271,1.93966073280816e-06,-0.000383060811640079,-0.000381121150907271,1.93966073280816e-06
20260927_101616_608,phiI_low,phi_i,low,0.1,0.45,1.25,20,26,xloc,high_debt,-0.000369055691415987,-0.00036738963786842,1.66605354756655e-06,-0.000369055691415987,-0.00036738963786842,1.66605354756655e-06
20260927_101616_608,phiI_low,phi_i,low,0.1,0.45,1.25,20,27,xloc,high_debt,-0.000356485514177662,-0.00035508772726367,1.3977869139925e-06,-0.000356485514177662,-0.00035508772726367,1.3977869139925e-06
20260927_101616_608,phiI_low,phi_i,low,0.1,0.45,1.25,20,28,xloc,high_debt,-0.000345247501882806,-0.000344109431170136,1.13807071266958e-06,-0.000345247501882806,-0.000344109431170136,1.13807071266958e-06
20260927_101616_608,phiI_low,phi_i,low,0.1,0.45,1.25,20,29,xloc,high_debt,-0.000335234689319397,-0.000334345149558546,8.89539760851044e-07,-0.000335234689319397,-0.000334345149558546,8.89539760851044e-07
20260927_101616_608,phiI_low,phi_i,low,0.1,0.45,1.25,20,30,xloc,high_debt,-0.000326338452067421,-0.00032568416732659,6.54284740830846e-07,-0.000326338452067421,-0.00032568416732659,6.54284740830846e-07
20260927_101616_608,phiI_low,phi_i,low,0.1,0.45,1.25,20,31,xloc,high_debt,-0.000318450615306554,-0.000318016725716519,4.33889590034653e-07,-0.000318450615306554,-0.000318016725716519,4.33889590034653e-07
20260927_101616_608,phiI_low,phi_i,low,0.1,0.45,1.25,20,32,xloc,high_debt,-0.000311465179453463,-0.000311235705867885,2.294735855779e-07,-0.000311465179453463,-0.000311235705867885,2.294735855779e-07
20260927_101616_608,phiI_low,phi_i,low,0.1,0.45,1.25,20,33,xloc,high_debt,-0.000305279704343353,-0.000305237967842098,4.17365012550519e-08,-0.000305279704343353,-0.000305237967842098,4.17365012550519e-08
20260927_101616_608,phiI_low,phi_i,low,0.1,0.45,1.25,20,34,xloc,high_debt,-0.000299796392808194,-0.000299925387406752,-1.28994598558307e-07,-0.000299796392808194,-0.000299925387406752,-1.28994598558307e-07
20260927_101616_608,phiI_low,phi_i,low,0.1,0.45,1.25,20,35,xloc,high_debt,-0.000294922911303841,-0.000295205629469497,-2.82718165656171e-07,-0.000294922911303841,-0.000295205629469497,-2.82718165656171e-07
20260927_101616_608,phiI_low,phi_i,low,0.1,0.45,1.25,20,36,xloc,high_debt,-0.000290572981609838,-0.000290992693228298,-4.19711618460106e-07,-0.000290572981609838,-0.000290992693228298,-4.19711618460106e-07
20260927_101616_608,phiI_low,phi_i,low,0.1,0.45,1.25,20,37,xloc,high_debt,-0.000286666774291233,-0.000287207260582623,-5.40486291389364e-07,-0.000286666774291233,-0.000287207260582623,-5.40486291389364e-07
20260927_101616_608,phiI_low,phi_i,low,0.1,0.45,1.25,20,38,xloc,high_debt,-0.000283131131718517,-0.000283776876286446,-6.45744567928652e-07,-0.000283131131718517,-0.000283776876286446,-6.45744567928652e-07
20260927_101616_608,phiI_low,phi_i,low,0.1,0.45,1.25,20,39,xloc,high_debt,-0.000279899645943549,-0.000280635985668964,-7.36339725415647e-07,-0.000279899645943549,-0.000280635985668964,-7.36339725415647e-07
20260927_101616_608,phiI_low,phi_i,low,0.1,0.45,1.25,20,40,xloc,high_debt,-0.000276912614507907,-0.000277725853385258,-8.13238877350742e-07,-0.000276912614507907,-0.000277725853385258,-8.13238877350742e-07
20260927_101616_608,phiI_high,phi_i,high,0.1,0.45,5,20,1,ig,low_debt,-0.000218921762897409,-0.000224693986969782,-5.77222407237288e-06,-0.00182434802414507,-0.00187244989141485,-4.81018672697741e-05
20260927_101616_608,phiI_high,phi_i,high,0.1,0.45,5,20,2,ig,low_debt,-0.000377885783847329,-0.000387302196536626,-9.4164126892976e-06,-0.00314904819872774,-0.00322751830447189,-7.84701057441467e-05
20260927_101616_608,phiI_high,phi_i,high,0.1,0.45,5,20,3,ig,low_debt,-0.000493672929870723,-0.000505100963994684,-1.14280341239614e-05,-0.00411394108225602,-0.0042091746999557,-9.5233617699678e-05
20260927_101616_608,phiI_high,phi_i,high,0.1,0.45,5,20,4,ig,low_debt,-0.000576919054136107,-0.000589118051945212,-1.21989978091042e-05,-0.00480765878446756,-0.00490931709954343,-0.000101658315075868
20260927_101616_608,phiI_high,phi_i,high,0.1,0.45,5,20,5,ig,low_debt,-0.000634680361417186,-0.000646722084269871,-1.20417228526848e-05,-0.00528900301180989,-0.00538935070224893,-0.00010034769043904
20260927_101616_608,phiI_high,phi_i,high,0.1,0.45,5,20,6,ig,low_debt,-0.000671909921474229,-0.000683116465916095,-1.12065444418663e-05,-0.00559924934561857,-0.00569263721596746,-9.33878703488862e-05
20260927_101616_608,phiI_high,phi_i,high,0.1,0.45,5,20,7,ig,low_debt,-0.000692303555988191,-0.000702198086873676,-9.89453088548475e-06,-0.00576919629990159,-0.0058516507239473,-8.24544240457066e-05
20260927_101616_608,phiI_high,phi_i,high,0.1,0.45,5,20,8,ig,low_debt,-0.000698781768139103,-0.000707048866224788,-8.26709808568471e-06,-0.0058231814011592,-0.00589207388520657,-6.88924840473726e-05
20260927_101616_608,phiI_high,phi_i,high,0.1,0.45,5,20,9,ig,low_debt,-0.000693762673635634,-0.000700216033438922,-6.45335980328787e-06,-0.00578135561363028,-0.00583513361199102,-5.37779983607323e-05
20260927_101616_608,phiI_high,phi_i,high,0.1,0.45,5,20,10,ig,low_debt,-0.000679315780351811,-0.000683871635745958,-4.55585539414771e-06,-0.00566096483626509,-0.00569893029788299,-3.79654616178976e-05
20260927_101616_608,phiI_high,phi_i,high,0.1,0.45,5,20,11,ig,low_debt,-0.000657248542213953,-0.000659903640308226,-2.655098094273e-06,-0.00547707118511628,-0.00549919700256855,-2.21258174522747e-05
20260927_101616_608,phiI_high,phi_i,high,0.1,0.45,5,20,12,ig,low_debt,-0.000629155552568747,-0.000629968805096526,-8.13252527778752e-07,-0.00524296293807289,-0.00524974004247105,-6.77710439815626e-06
20260927_101616_608,phiI_high,phi_i,high,0.1,0.45,5,20,13,ig,low_debt,-0.000596447430680422,-0.000595524588933541,9.22841746880954e-07,-0.00497039525567018,-0.00496270490777951,7.69034789067403e-06
20260927_101616_608,phiI_high,phi_i,high,0.1,0.45,5,20,14,ig,low_debt,-0.000560369033513489,-0.000557849886361456,2.51914715203305e-06,-0.00466974194594574,-0.00464874905301213,2.09928929336091e-05
20260927_101616_608,phiI_high,phi_i,high,0.1,0.45,5,20,15,ig,low_debt,-0.00052201234216577,-0.00051806004625507,3.95229591070023e-06,-0.00435010285138142,-0.00431716705212558,3.29357992558347e-05
20260927_101616_608,phiI_high,phi_i,high,0.1,0.45,5,20,16,ig,low_debt,-0.000482326915026643,-0.000477119145155483,5.20776987116001e-06,-0.00401939095855536,-0.00397599287629569,4.33980822596661e-05
20260927_101616_608,phiI_high,phi_i,high,0.1,0.45,5,20,17,ig,low_debt,-0.000442129402296168,-0.000435851067394716,6.27833490145224e-06,-0.0036844116858014,-0.0036320922282893,5.23194575121019e-05
20260927_101616_608,phiI_high,phi_i,high,0.1,0.45,5,20,18,ig,low_debt,-0.000402112832764603,-0.00039495014528737,7.16268747723292e-06,-0.00335094027303836,-0.00329125121072809,5.96890623102745e-05
20260927_101616_608,phiI_high,phi_i,high,0.1,0.45,5,20,19,ig,low_debt,-0.000362855953960781,-0.000354991672303281,7.86428165749919e-06,-0.00302379961633984,-0.00295826393586068,6.55356804791598e-05
20260927_101616_608,phiI_high,phi_i,high,0.1,0.45,5,20,20,ig,low_debt,-0.000324832679877499,-0.000316442367814085,8.39031206341379e-06,-0.00270693899897916,-0.00263701973178404,6.99192671951149e-05
20260927_101616_608,phiI_high,phi_i,high,0.1,0.45,5,20,21,ig,low_debt,-0.000288421588778329,-0.000279670755098313,8.75083368001572e-06,-0.00240351323981941,-0.00233058962581927,7.2923614000131e-05
20260927_101616_608,phiI_high,phi_i,high,0.1,0.45,5,20,22,ig,low_debt,-0.000253915366305396,-0.000244957363351464,8.95800295393212e-06,-0.0021159613858783,-0.0020413113612622,7.46500246161007e-05
20260927_101616_608,phiI_high,phi_i,high,0.1,0.45,5,20,23,ig,low_debt,-0.000221530076948584,-0.000212504649719031,9.02542722955313e-06,-0.00184608397457153,-0.00177087208099192,7.52118935796093e-05
20260927_101616_608,phiI_high,phi_i,high,0.1,0.45,5,20,24,ig,low_debt,-0.000191414153101463,-0.000182446541715162,8.96761138630131e-06,-0.00159511794251219,-0.00152038784762635,7.47300948858443e-05
20260927_101616_608,phiI_high,phi_i,high,0.1,0.45,5,20,25,ig,low_debt,-0.000163657005868775,-0.000154857514020848,8.79949184792728e-06,-0.00136380838223979,-0.00129047928350707,7.33290987327273e-05
20260927_101616_608,phiI_high,phi_i,high,0.1,0.45,5,20,26,ig,low_debt,-0.000138297180151209,-0.000129761131053827,8.53604909738237e-06,-0.00115247650126007,-0.00108134275878189,7.11337424781863e-05
20260927_101616_608,phiI_high,phi_i,high,0.1,0.45,5,20,27,ig,low_debt,-0.000115329995389504,-0.000107138004821511,8.19199056799336e-06,-0.000961083294912536,-0.000892816706845924,6.82665880666113e-05
20260927_101616_608,phiI_high,phi_i,high,0.1,0.45,5,20,28,ig,low_debt,-9.47146311650604e-05,-8.69331347912866e-05,7.78149637377379e-06,-0.00078928859304217,-0.000724442789927389,6.48458031147815e-05
20260927_101616_608,phiI_high,phi_i,high,0.1,0.45,5,20,29,ig,low_debt,-7.63806328858835e-05,-6.90626120411625e-05,7.318020844721e-06,-0.000636505274049029,-0.000575521767009687,6.09835070393416e-05
20260927_101616_608,phiI_high,phi_i,high,0.1,0.45,5,20,30,ig,low_debt,-6.0233826742126e-05,-5.34196834569428e-05,6.81414328518315e-06,-0.000501948556184383,-0.000445164028807857,5.67845273765263e-05
20260927_101616_608,phiI_high,phi_i,high,0.1,0.45,5,20,31,ig,low_debt,-4.61616449469876e-05,-3.98801831486412e-05,6.28146179834643e-06,-0.00038468037455823,-0.00033233485957201,5.23455149862203e-05
20260927_101616_608,phiI_high,phi_i,high,0.1,0.45,5,20,32,ig,low_debt,-3.40378720724427e-05,-2.83073476412682e-05,5.7305244311745e-06,-0.000283648933937022,-0.000235894563677235,4.77543702597875e-05
20260927_101616_608,phiI_high,phi_i,high,0.1,0.45,5,20,33,ig,low_debt,-2.37268311984729e-05,-1.85560388971939e-05,5.17079230127893e-06,-0.000197723593320607,-0.000154633657476616,4.30899358439911e-05
20260927_101616_608,phiI_high,phi_i,high,0.1,0.45,5,20,34,ig,low_debt,-1.50870348010895e-05,-1.04764050291861e-05,4.61062977190341e-06,-0.000125725290009079,-8.73033752432177e-05,3.84219147658617e-05
20260927_101616_608,phiI_high,phi_i,high,0.1,0.45,5,20,35,ig,low_debt,-7.97433000052084e-06,-3.91701285507029e-06,4.05731714545055e-06,-6.64527500043403e-05,-3.26417737922524e-05,3.38109762120879e-05
20260927_101616_608,phiI_high,phi_i,high,0.1,0.45,5,20,36,ig,low_debt,-2.24457116244914e-06,1.27251058386346e-06,3.5170817463126e-06,-1.87047596870762e-05,1.06042548655289e-05,2.9309014552605e-05
20260927_101616_608,phiI_high,phi_i,high,0.1,0.45,5,20,37,ig,low_debt,2.24414492654146e-06,5.23928858611744e-06,2.99514365957598e-06,1.87012077211788e-05,4.36607382176453e-05,2.49595304964665e-05
20260927_101616_608,phiI_high,phi_i,high,0.1,0.45,5,20,38,ig,low_debt,5.62964483813433e-06,8.12541761729957e-06,2.49577277916524e-06,4.69137069844527e-05,6.77118134774964e-05,2.07981064930437e-05
20260927_101616_608,phiI_high,phi_i,high,0.1,0.45,5,20,39,ig,low_debt,8.04420834001063e-06,1.00665625342861e-05,2.02235419427543e-06,6.70350695000886e-05,8.38880211190505e-05,1.68529516189619e-05
20260927_101616_608,phiI_high,phi_i,high,0.1,0.45,5,20,40,ig,low_debt,9.61342565632128e-06,1.1190884959697e-05,1.57745930337572e-06,8.0111880469344e-05,9.32573746641417e-05,1.31454941947976e-05
20260927_101616_608,phiI_high,phi_i,high,0.1,0.45,5,20,1,ig,high_debt,-0.000493390973069469,-0.000502398041859309,-9.00706878984026e-06,-0.00411159144224557,-0.00418665034882757,-7.50589065820024e-05
20260927_101616_608,phiI_high,phi_i,high,0.1,0.45,5,20,2,ig,high_debt,-0.000880130707841445,-0.000895210066469365,-1.50793586279202e-05,-0.00733442256534537,-0.00746008388724471,-0.000125661321899335
20260927_101616_608,phiI_high,phi_i,high,0.1,0.45,5,20,3,ig,high_debt,-0.00117834011229768,-0.00119708592710654,-1.87458148088598e-05,-0.00981950093581404,-0.00997571605922121,-0.000156215123407164
20260927_101616_608,phiI_high,phi_i,high,0.1,0.45,5,20,4,ig,high_debt,-0.00140187247848444,-0.00142233477568263,-2.04622971981816e-05,-0.011682270654037,-0.0118527897973552,-0.000170519143318181
20260927_101616_608,phiI_high,phi_i,high,0.1,0.45,5,20,5,ig,high_debt,-0.00156191430237944,-0.00158253872352004,-2.06244211406054e-05,-0.0130159525198287,-0.0131878226960004,-0.000171870176171712
20260927_101616_608,phiI_high,phi_i,high,0.1,0.45,5,20,6,ig,high_debt,-0.00166789676505266,-0.00168747281213524,-1.95760470825812e-05,-0.0138991397087722,-0.0140622734344604,-0.000163133725688177
20260927_101616_608,phiI_high,phi_i,high,0.1,0.45,5,20,7,ig,high_debt,-0.00172801268073462,-0.0017456279425689,-1.76152618342751e-05,-0.0144001056727885,-0.0145468995214075,-0.000146793848618959
20260927_101616_608,phiI_high,phi_i,high,0.1,0.45,5,20,8,ig,high_debt,-0.00174950971196694,-0.00176450864551192,-1.49989335449796e-05,-0.0145792475997245,-0.0147042387125993,-0.000124991112874831
20260927_101616_608,phiI_high,phi_i,high,0.1,0.45,5,20,9,ig,high_debt,-0.00173885842925067,-0.00175080489745617,-1.19464682055009e-05,-0.0144904869104223,-0.0145900408121348,-9.95539017125072e-05
20260927_101616_608,phiI_high,phi_i,high,0.1,0.45,5,20,10,ig,high_debt,-0.00170185177478178,-0.00171049489895088,-8.6431241690943e-06,-0.0141820981231815,-0.014254124157924,-7.2026034742453e-05
20260927_101616_608,phiI_high,phi_i,high,0.1,0.45,5,20,11,ig,high_debt,-0.00164366808595889,-0.00164891116544674,-5.24307948784886e-06,-0.0136972340496574,-0.0137409263787229,-4.36923290654083e-05
20260927_101616_608,phiI_high,phi_i,high,0.1,0.45,5,20,12,ig,high_debt,-0.00156891569797984,-0.00157078804915016,-1.87235117031503e-06,-0.0130742974831654,-0.0130899004095847,-1.5602926419292e-05
20260927_101616_608,phiI_high,phi_i,high,0.1,0.45,5,20,13,ig,high_debt,-0.00148166899017195,-0.0014803005998633,1.3683903086481e-06,-0.0123472415847662,-0.0123358383321942,1.14032525720675e-05
20260927_101616_608,phiI_high,phi_i,high,0.1,0.45,5,20,14,ig,high_debt,-0.00138550106774744,-0.00138109996828324,4.40109946420186e-06,-0.0115458422312287,-0.0115091664023604,3.66758288683489e-05
20260927_101616_608,phiI_high,phi_i,high,0.1,0.45,5,20,15,ig,high_debt,-0.00128351562144134,-0.00127634788917107,7.16773227027456e-06,-0.0106959635120112,-0.0106362324097589,5.97311022522886e-05
20260927_101616_608,phiI_high,phi_i,high,0.1,0.45,5,20,16,ig,high_debt,-0.00117837903186957,-0.00116875129827068,9.62773359888813e-06,-0.00981982526557975,-0.00973959415225568,8.02311133240672e-05
20260927_101616_608,phiI_high,phi_i,high,0.1,0.45,5,20,17,ig,high_debt,-0.00107235298794291,-0.00106059733678526,1.17556511576439e-05,-0.00893627489952422,-0.00883831113987719,9.79637596470323e-05
20260927_101616_608,phiI_high,phi_i,high,0.1,0.45,5,20,18,ig,high_debt,-0.000967327480631733,-0.000953788589728971,1.35388909027617e-05,-0.00806106233859777,-0.00794823824774143,0.000112824090856348
20260927_101616_608,phiI_high,phi_i,high,0.1,0.45,5,20,19,ig,high_debt,-0.000864853846770763,-0.000849878220146344,1.49756266244194e-05,-0.00720711538975636,-0.00708231850121953,0.000124796888536828
20260927_101616_608,phiI_high,phi_i,high,0.1,0.45,5,20,20,ig,high_debt,-0.000766177474749913,-0.000750104601485765,1.60728732641474e-05,-0.00638481228958261,-0.00625087167904805,0.000133940610534562
20260927_101616_608,phiI_high,phi_i,high,0.1,0.45,5,20,21,ig,high_debt,-0.000672269788205226,-0.000655425058126283,1.68447300789437e-05,-0.00560224823504355,-0.00546187548438569,0.000140372750657865
20260927_101616_608,phiI_high,phi_i,high,0.1,0.45,5,20,22,ig,high_debt,-0.000583859162478426,-0.000566548366124714,1.73107963537117e-05,-0.00486549302065355,-0.00472123638437262,0.00014425663628093
20260927_101616_608,phiI_high,phi_i,high,0.1,0.45,5,20,23,ig,high_debt,-0.000501460482877206,-0.000483965723688584,1.74947591886215e-05,-0.00417883735731005,-0.00403304769740487,0.000145789659905179
20260927_101616_608,phiI_high,phi_i,high,0.1,0.45,5,20,24,ig,high_debt,-0.00042540311300053,-0.00040797996293325,1.74231500672806e-05,-0.00354502594167109,-0.00339983302444375,0.000145192917227338
20260927_101616_608,phiI_high,phi_i,high,0.1,0.45,5,20,25,ig,high_debt,-0.00035585709969449,-0.000338732835190259,1.71242645042313e-05,-0.00296547583078742,-0.00282277362658549,0.000142702204201928
20260927_101616_608,phiI_high,phi_i,high,0.1,0.45,5,20,26,ig,high_debt,-0.000292857495440252,-0.000276230258345569,1.66272370946824e-05,-0.00244047912866877,-0.00230191881954641,0.000138560309122353
20260927_101616_608,phiI_high,phi_i,high,0.1,0.45,5,20,27,ig,high_debt,-0.000236326727617114,-0.00022036546487636,1.59612627407546e-05,-0.00196938939680929,-0.00183637887396966,0.000133010522839622
20260927_101616_608,phiI_high,phi_i,high,0.1,0.45,5,20,28,ig,high_debt,-0.000186094986534449,-0.000170940032853048,1.51549536814011e-05,-0.00155079155445374,-0.0014245002737754,0.000126291280678342
20260927_101616_608,phiI_high,phi_i,high,0.1,0.45,5,20,29,ig,high_debt,-0.000141918640324271,-0.000127682819147101,1.42358211771693e-05,-0.00118265533603559,-0.00106402349289251,0.000118631843143077
20260927_101616_608,phiI_high,phi_i,high,0.1,0.45,5,20,30,ig,high_debt,-0.000103496714971119,-9.02668447169686e-05,1.322987025415e-05,-0.000862472624759321,-0.000752223705974738,0.000110248918784583
20260927_101616_608,phiI_high,phi_i,high,0.1,0.45,5,20,31,ig,high_debt,-7.04855023317408e-05,-5.83242065781003e-05,1.21612957536404e-05,-0.00058737918609784,-0.000486035054817503,0.000101344131280337
20260927_101616_608,phiI_high,phi_i,high,0.1,0.45,5,20,32,ig,high_debt,-4.25113784518483e-05,-3.14591104292328e-05,1.10522680226155e-05,-0.000354261487098736,-0.00026215925357694,9.21022335217958e-05
20260927_101616_608,phiI_high,phi_i,high,0.1,0.45,5,20,33,ig,high_debt,-1.91819293385576e-05,-9.25913246643817e-06,9.92279687211939e-06,-0.000159849411154646,-7.71594372203181e-05,8.26899739343282e-05
20260927_101616_608,phiI_high,phi_i,high,0.1,0.45,5,20,34,ig,high_debt,-9.54921228896177e-08,8.69517076709792e-06,8.79066288998753e-06,-7.95767690746814e-07,7.24597563924826e-05,7.32555240832294e-05
20260927_101616_608,phiI_high,phi_i,high,0.1,0.45,5,20,35,ig,high_debt,1.51507732455008e-05,2.28221790267574e-05,7.67140578125658e-06,0.000126256443712507,0.000190184825222979,6.39283815104715e-05
20260927_101616_608,phiI_high,phi_i,high,0.1,0.45,5,20,36,ig,high_debt,2.69541625001618e-05,3.35325225943039e-05,6.57836009414214e-06,0.000224618020834682,0.000279437688285866,5.48196674511845e-05
20260927_101616_608,phiI_high,phi_i,high,0.1,0.45,5,20,37,ig,high_debt,3.57009349812726e-05,4.12236644214692e-05,5.52272944019661e-06,0.000297507791510605,0.000343530536845577,4.60227453349717e-05
20260927_101616_608,phiI_high,phi_i,high,0.1,0.45,5,20,38,ig,high_debt,4.17619309027589e-05,4.62756220121624e-05,4.51369110940347e-06,0.000348016090856324,0.000385630183434687,3.76140925783623e-05
20260927_101616_608,phiI_high,phi_i,high,0.1,0.45,5,20,39,ig,high_debt,4.54891804001767e-05,4.90477041921733e-05,3.55852379199662e-06,0.000379076503334806,0.000408730868268111,2.96543649333051e-05
20260927_101616_608,phiI_high,phi_i,high,0.1,0.45,5,20,40,ig,high_debt,4.72133907765265e-05,4.98761427065453e-05,2.66275193001875e-06,0.000393444923137721,0.000415634522554544,2.21895994168229e-05
20260927_101616_608,phiI_high,phi_i,high,0.1,0.45,5,20,1,kg,low_debt,-0.000218921762897395,-0.000224693986969449,-5.77222407205369e-06,-4.5608700603624e-05,-4.68112472853018e-05,-1.20254668167785e-06
20260927_101616_608,phiI_high,phi_i,high,0.1,0.45,5,20,2,kg,low_debt,-0.000591334502671792,-0.000606378833835741,-1.50443311639492e-05,-0.000123194688056623,-0.000126328923715779,-3.13423565915608e-06
20260927_101616_608,phiI_high,phi_i,high,0.1,0.45,5,20,3,kg,low_debt,-0.00107022406997626,-0.00109632032698759,-2.60962570113321e-05,-0.00022296334791172,-0.000228400068122414,-5.43672021069419e-06
20260927_101616_608,phiI_high,phi_i,high,0.1,0.45,5,20,4,kg,low_debt,-0.0016203875223626,-0.00165803037076095,-3.7642848398356e-05,-0.000337580733825541,-0.000345422993908532,-7.84226008299083e-06
20260927_101616_608,phiI_high,phi_i,high,0.1,0.45,5,20,5,kg,low_debt,-0.00221455819572114,-0.0022633016957645,-4.87435000433578e-05,-0.000461366290775237,-0.000471521186617604,-1.01548958423662e-05
20260927_101616_608,phiI_high,phi_i,high,0.1,0.45,5,20,6,kg,low_debt,-0.00283110416230148,-0.00288983561928902,-5.87314569875375e-05,-0.000589813367146141,-0.000602049087351878,-1.2235720205737e-05
20260927_101616_608,phiI_high,phi_i,high,0.1,0.45,5,20,7,kg,low_debt,-0.00345263011423214,-0.00351978781568274,-6.71577014506042e-05,-0.000719297940465028,-0.000733289128267238,-1.39911878022092e-05
20260927_101616_608,phiI_high,phi_i,high,0.1,0.45,5,20,8,kg,low_debt,-0.00406509612951567,-0.00413884198651804,-7.37458570023719e-05,-0.00084689502698243,-0.000862258747191258,-1.53637202088275e-05
20260927_101616_608,phiI_high,phi_i,high,0.1,0.45,5,20,9,kg,low_debt,-0.00465723139991336,-0.00473558697029652,-7.83555703831595e-05,-0.000970256541648618,-0.000986580618811776,-1.63240771631583e-05
20260927_101616_608,phiI_high,phi_i,high,0.1,0.45,5,20,10,kg,low_debt,-0.0052201163952672,-0.00530106893178761,-8.09525365204067e-05,-0.001087524249014,-0.00110438936078909,-1.68651117750847e-05
20260927_101616_608,phiI_high,phi_i,high,0.1,0.45,5,20,11,kg,low_debt,-0.00574686202759978,-0.00582844584880338,-8.15838212036013e-05,-0.00119726292241662,-0.00121425955183404,-1.69966294174171e-05
20260927_101616_608,phiI_high,phi_i,high,0.1,0.45,5,20,12,kg,low_debt,-0.00623234602947864,-0.00631270350768176,-8.03574782031191e-05,-0.00129840542280805,-0.00131514656410037,-1.67411412923164e-05
20260927_101616_608,phiI_high,phi_i,high,0.1,0.45,5,20,13,kg,low_debt,-0.00667298480942158,-0.00675041050892577,-7.74256995041966e-05,-0.0013902051686295,-0.00140633552269287,-1.61303540633742e-05
20260927_101616_608,phiI_high,phi_i,high,0.1,0.45,5,20,14,kg,low_debt,-0.00706652922269946,-0.00713950013256603,-7.29709098665765e-05,-0.00147219358806239,-0.00148739586095126,-1.52022728888701e-05
20260927_101616_608,phiI_high,phi_i,high,0.1,0.45,5,20,15,kg,low_debt,-0.00741187833429802,-0.00747907267550918,-6.71943412111631e-05,-0.00154414131964542,-0.00155814014073108,-1.3998821085659e-05
20260927_101616_608,phiI_high,phi_i,high,0.1,0.45,5,20,16,kg,low_debt,-0.00770890829096693,-0.00776921500377892,-6.03067128119861e-05,-0.00160602256061811,-0.00161858645912061,-1.2563898502497e-05
20260927_101616_608,phiI_high,phi_i,high,0.1,0.45,5,20,17,kg,low_debt,-0.00795831498598876,-0.00801083569608174,-5.25207100929848e-05,-0.00165798228874766,-0.00166892410335036,-1.09418146027052e-05
20260927_101616_608,phiI_high,phi_i,high,0.1,0.45,5,20,18,kg,low_debt,-0.00816146994410349,-0.00820551494896904,-4.4045004865545e-05,-0.00170030623835489,-0.00170948228103522,-9.1760426803218e-06
20260927_101616_608,phiI_high,phi_i,high,0.1,0.45,5,20,19,kg,low_debt,-0.00832028914946203,-0.00835536874754972,-3.50795980876839e-05,-0.00173339357280459,-0.00174070182240619,-7.30824960160081e-06
20260927_101616_608,phiI_high,phi_i,high,0.1,0.45,5,20,20,kg,low_debt,-0.00843711460060259,-0.00846292689667738,-2.58122960747897e-05,-0.00175773220845887,-0.00176310977014112,-5.37756168224801e-06
20260927_101616_608,phiI_high,phi_i,high,0.1,0.45,5,20,21,kg,low_debt,-0.0085146083243659,-0.00853102447936038,-1.64161549944808e-05,-0.0017738767342429,-0.00177729676653341,-3.4200322905169e-06
20260927_101616_608,phiI_high,phi_i,high,0.1,0.45,5,20,22,kg,low_debt,-0.00855565848256212,-0.0085627062307303,-7.04774816817633e-06,-0.00178242885053378,-0.00178389713140215,-1.46828086836992e-06
20260927_101616_608,phiI_high,phi_i,high,0.1,0.45,5,20,23,kg,low_debt,-0.00856329709744674,-0.00856114322468304,2.15387276369938e-06,-0.00178402022863474,-0.0017835715051423,4.48723492437516e-07
20260927_101616_608,phiI_high,phi_i,high,0.1,0.45,5,20,24,kg,low_debt,-0.0085406288231118,-0.00852956118578252,1.10676373292762e-05,-0.00177929767148162,-0.00177699191370469,2.30575777693254e-06
20260927_101616_608,phiI_high,phi_i,high,0.1,0.45,5,20,25,kg,low_debt,-0.00849077010840293,-0.00847117967016064,1.95904382422896e-05,-0.00176891043925061,-0.00176482909795013,4.08134130047699e-06
20260927_101616_608,phiI_high,phi_i,high,0.1,0.45,5,20,26,kg,low_debt,-0.00841679803584405,-0.00838916130946288,2.7636726381175e-05,-0.00175349959080084,-0.00174774193947143,5.75765132941131e-06
20260927_101616_608,phiI_high,phi_i,high,0.1,0.45,5,20,27,kg,low_debt,-0.00832170808033705,-0.00828657028154911,3.51377987879431e-05,-0.00173368918340355,-0.00172636880865606,7.32037474748815e-06
20260927_101616_608,phiI_high,phi_i,high,0.1,0.45,5,20,28,kg,low_debt,-0.00820838000949387,-0.00816633915930343,4.2040850190439e-05,-0.00171007916864456,-0.00170132065818821,8.75851045634146e-06
20260927_101616_608,phiI_high,phi_i,high,0.1,0.45,5,20,29,kg,low_debt,-0.00807955114214209,-0.00803124329236393,4.83078497781619e-05,-0.0016832398212796,-0.00167317568590915,1.00641353704503e-05
20260927_101616_608,phiI_high,phi_i,high,0.1,0.45,5,20,30,kg,low_debt,-0.00793779619033064,-0.0078838818935143,5.39142968163375e-05,-0.00165370753965222,-0.00164247539448215,1.12321451700703e-05
20260927_101616_608,phiI_high,phi_i,high,0.1,0.45,5,20,31,kg,low_debt,-0.00778551293051954,-0.00772666502932662,5.88479011929266e-05,-0.00162198186052491,-0.00160972188110971,1.2259979415193e-05
20260927_101616_608,phiI_high,phi_i,high,0.1,0.45,5,20,32,kg,low_debt,-0.00762491297932932,-0.00756180575123633,6.31072280929956e-05,-0.00158852353736028,-0.00157537619817424,1.31473391860406e-05
20260927_101616_608,phiI_high,phi_i,high,0.1,0.45,5,20,33,kg,low_debt,-0.00745801698604431,-0.00739131664635462,6.67003396896959e-05,-0.00155375353875923,-0.00153985763465721,1.38959041020199e-05
20260927_101616_608,phiI_high,phi_i,high,0.1,0.45,5,20,34,kg,low_debt,-0.00728665359619463,-0.00721701013522669,6.96434609679386e-05,-0.00151805283254055,-0.00150354377817223,1.45090543683206e-05
20260927_101616_608,phiI_high,phi_i,high,0.1,0.45,5,20,35,kg,low_debt,-0.00711246158628942,-0.00704050189470262,7.19596915867982e-05,-0.00148176283047696,-0.00146677122806305,1.49916024139163e-05
20260927_101616_608,phiI_high,phi_i,high,0.1,0.45,5,20,36,kg,low_debt,-0.00693689461779545,-0.00686321683675306,7.36777810423916e-05,-0.00144518637870739,-0.00142983684099022,1.53495377171649e-05
20260927_101616_608,phiI_high,phi_i,high,0.1,0.45,5,20,37,kg,low_debt,-0.00676122810742363,-0.0066863971272495,7.48309801741343e-05,-0.00140858918904659,-0.00139299940151031,1.5589787536278e-05
20260927_101616_608,phiI_high,phi_i,high,0.1,0.45,5,20,38,kg,low_debt,-0.00658656775989996,-0.00651111178145225,7.54559784477138e-05,-0.00137220161664583,-0.00135648162113589,1.57199955099405e-05
20260927_101616_608,phiI_high,phi_i,high,0.1,0.45,5,20,39,kg,low_debt,-0.00641385935756222,-0.00633826742438348,7.55919331787425e-05,-0.00133622069949213,-0.00132047238007989,1.57483194122379e-05
20260927_101616_608,phiI_high,phi_i,high,0.1,0.45,5,20,40,kg,low_debt,-0.00624389944796722,-0.006168619853816,7.52795941512119e-05,-0.00130081238499317,-0.00128512913621167,1.56832487815024e-05
20260927_101616_608,phiI_high,phi_i,high,0.1,0.45,5,20,1,kg,high_debt,-0.000493390973069552,-0.000502398041859031,-9.00706878947943e-06,-0.000102789786056157,-0.000104666258720632,-1.87647266447488e-06
20260927_101616_608,phiI_high,phi_i,high,0.1,0.45,5,20,2,kg,high_debt,-0.0013611869065846,-0.00138504815728346,-2.38612506988645e-05,-0.000283580605538458,-0.000288551699434055,-4.9710938955968e-06
20260927_101616_608,phiI_high,phi_i,high,0.1,0.45,5,20,3,kg,high_debt,-0.00250549734621774,-0.00254750788045843,-4.20105342406885e-05,-0.000521978613795363,-0.00053073080842884,-8.75219463347676e-06
20260927_101616_608,phiI_high,phi_i,high,0.1,0.45,5,20,4,kg,high_debt,-0.00384473239104732,-0.0039061549591306,-6.14225680832803e-05,-0.000800985914801526,-0.000813782283152209,-1.27963683506833e-05
20260927_101616_608,phiI_high,phi_i,high,0.1,0.45,5,20,5,kg,high_debt,-0.00531052838365031,-0.00539103980867317,-8.05114250228556e-05,-0.00110636007992715,-0.00112313329347358,-1.67732135464282e-05
20260927_101616_608,phiI_high,phi_i,high,0.1,0.45,5,20,6,kg,high_debt,-0.00684566193911262,-0.00694373662559222,-9.80746864795989e-05,-0.00142617957064846,-0.00144661179699838,-2.04322263499164e-05
20260927_101616_608,phiI_high,phi_i,high,0.1,0.45,5,20,7,kg,high_debt,-0.00840253307136951,-0.00851577115252233,-0.000113238081152822,-0.00175052772320198,-0.00177411899010882,-2.35912669068379e-05
20260927_101616_608,phiI_high,phi_i,high,0.1,0.45,5,20,8,kg,high_debt,-0.00994197945655273,-0.0100673855192213,-0.000125406062668532,-0.00207124572011515,-0.0020973719831711,-2.61262630559442e-05
20260927_101616_608,phiI_high,phi_i,high,0.1,0.45,5,20,9,kg,high_debt,-0.0114322883993898,-0.0115665057786982,-0.00013421737930841,-0.00238172674987288,-0.00240968870389546,-2.79619540225853e-05
20260927_101616_608,phiI_high,phi_i,high,0.1,0.45,5,20,10,kg,high_debt,-0.0128483329641869,-0.0129878380331823,-0.000139505068995405,-0.0026767360342056,-0.00270579959024631,-2.90635560407093e-05
20260927_101616_608,phiI_high,phi_i,high,0.1,0.45,5,20,11,kg,high_debt,-0.0141707927260413,-0.0143120532478003,-0.000141260521759001,-0.00295224848459193,-0.00298167775995839,-2.94292753664585e-05
20260927_101616_608,phiI_high,phi_i,high,0.1,0.45,5,20,12,kg,high_debt,-0.01538543860587,-0.0155250399657563,-0.000139601359886221,-0.00320529970955626,-0.00323438332619922,-2.90836166429629e-05
20260927_101616_608,phiI_high,phi_i,high,0.1,0.45,5,20,13,kg,high_debt,-0.0164824716308951,-0.0166172145664758,-0.00013474293558069,-0.00343384825643648,-0.00346191970134913,-2.80714449126434e-05
20260927_101616_608,phiI_high,phi_i,high,0.1,0.45,5,20,14,kg,high_debt,-0.0174559109078709,-0.0175828841705981,-0.000126973262727148,-0.00363664810580644,-0.0036631008688746,-2.64527630681561e-05
20260927_101616_608,phiI_high,phi_i,high,0.1,0.45,5,20,15,kg,high_debt,-0.0183030287566153,-0.0184196599555051,-0.000116631198889827,-0.00381313099096151,-0.0038374291573969,-2.42981664353805e-05
20260927_101616_608,phiI_high,phi_i,high,0.1,0.45,5,20,16,kg,high_debt,-0.0190238320695695,-0.0191279197548893,-0.000104087685319776,-0.00396329834782698,-0.00398498328226859,-2.16849344416197e-05
20260927_101616_608,phiI_high,phi_i,high,0.1,0.45,5,20,17,kg,high_debt,-0.0196205892557737,-0.0197103190978023,-8.97298420285964e-05,-0.00408762276161952,-0.00410631647870881,-1.86937170892909e-05
20260927_101616_608,phiI_high,phi_i,high,0.1,0.45,5,20,18,kg,high_debt,-0.0200974020050113,-0.020171349710087,-7.39477050757387e-05,-0.00418695875104402,-0.0042023645229348,-1.54057718907792e-05
20260927_101616_608,phiI_high,phi_i,high,0.1,0.45,5,20,19,kg,high_debt,-0.0204598208016566,-0.0205169441874817,-5.71233858250864e-05,-0.0042624626670118,-0.00427436337239203,-1.19007053802269e-05
20260927_101616_608,phiI_high,phi_i,high,0.1,0.45,5,20,20,kg,high_debt,-0.0207145027563653,-0.0207541251842818,-3.96224279164414e-05,-0.00431552140757611,-0.0043237760800587,-8.25467248259226e-06
20260927_101616_608,phiI_high,phi_i,high,0.1,0.45,5,20,21,kg,high_debt,-0.020868909975662,-0.0208906971128009,-2.17871371388512e-05,-0.00434768957826293,-0.00435222856516685,-4.53898690392762e-06
20260927_101616_608,phiI_high,phi_i,high,0.1,0.45,5,20,22,kg,high_debt,-0.0209310463887489,-0.0209349780511063,-3.93166235745923e-06,-0.00436063466432268,-0.00436145376064715,-8.19096324470962e-07
20260927_101616_608,phiI_high,phi_i,high,0.1,0.45,5,20,23,kg,high_debt,-0.020909230711907,-0.0208955693235184,1.36613883885417e-05,-0.00435608973164729,-0.00435324360906634,2.84612258094619e-06
20260927_101616_608,phiI_high,phi_i,high,0.1,0.45,5,20,24,kg,high_debt,-0.0208119030571101,-0.0207811600533638,3.07430037462808e-05,-0.00433581313689794,-0.0043294083444508,6.40479244714155e-06
20260927_101616_608,phiI_high,phi_i,high,0.1,0.45,5,20,25,kg,high_debt,-0.020647462580377,-0.0206003638872208,4.70986931562223e-05,-0.0043015547042452,-0.00429174247650432,9.81222774087964e-06
20260927_101616_608,phiI_high,phi_i,high,0.1,0.45,5,20,26,kg,high_debt,-0.020424133511308,-0.020361585048386,6.25484629219741e-05,-0.00425502781485584,-0.00424199688508042,1.30309297754119e-05
20260927_101616_608,phiI_high,phi_i,high,0.1,0.45,5,20,27,kg,high_debt,-0.020149856901142,-0.0200729108870537,7.69460140883638e-05,-0.00419788685440459,-0.00418185643480284,1.60304196017425e-05
20260927_101616_608,phiI_high,phi_i,high,0.1,0.45,5,20,28,kg,high_debt,-0.0198322054651481,-0.0197420281477312,9.01773174168952e-05,-0.00413170947190585,-0.00411292253077733,1.87869411285204e-05
20260927_101616_608,phiI_high,phi_i,high,0.1,0.45,5,20,29,kg,high_debt,-0.0194783189688437,-0.0193761602631852,0.000102158705658439,-0.0040579831185091,-0.00403670005483026,2.12830636788421e-05
20260927_101616_608,phiI_high,phi_i,high,0.1,0.45,5,20,30,kg,high_debt,-0.019094857709594,-0.0189820231013229,0.000112834608271051,-0.00397809535616541,-0.00395458814610894,2.35072100564695e-05
20260927_101616_608,phiI_high,phi_i,high,0.1,0.45,5,20,31,kg,high_debt,-0.0186879717691859,-0.0185657967303685,0.000122175038817396,-0.00389332745191373,-0.00386787431882677,2.54531330869572e-05
20260927_101616_608,phiI_high,phi_i,high,0.1,0.45,5,20,32,kg,high_debt,-0.0182632838534085,-0.0181331109225393,0.000130172930869143,-0.00380485080279343,-0.00377773144219569,2.71193605977382e-05
20260927_101616_608,phiI_high,phi_i,high,0.1,0.45,5,20,33,kg,high_debt,-0.0178258836864114,-0.0176890422819431,0.000136841404468235,-0.00371372576800237,-0.00368521714207148,2.85086259308827e-05
20260927_101616_608,phiI_high,phi_i,high,0.1,0.45,5,20,34,kg,high_debt,-0.0173803320863746,-0.0172381210541275,0.000142211032247097,-0.0036209025179947,-0.00359127521960989,2.9627298384812e-05
20260927_101616_608,phiI_high,phi_i,high,0.1,0.45,5,20,35,kg,high_debt,-0.01693067301097,-0.0167843458487482,0.000146327162221738,-0.00352722354395207,-0.00349673871848921,3.0484825462862e-05
20260927_101616_608,phiI_high,phi_i,high,0.1,0.45,5,20,36,kg,high_debt,-0.0164804520231954,-0.0163312046799353,0.000149247343260051,-0.00343342750483237,-0.00340233430831986,3.10931965125105e-05
20260927_101616_608,phiI_high,phi_i,high,0.1,0.45,5,20,37,kg,high_debt,-0.0160327397876339,-0.0158817008985164,0.000151038889117494,-0.00334015412242372,-0.00330868768719091,3.14664352328111e-05
20260927_101616_608,phiI_high,phi_i,high,0.1,0.45,5,20,38,kg,high_debt,-0.0155901593620404,-0.0154383827540414,0.000151776607999032,-0.00324794986709176,-0.00321632974042529,3.16201266664651e-05
20260927_101616_608,phiI_high,phi_i,high,0.1,0.45,5,20,39,kg,high_debt,-0.0151549161975897,-0.0150033754809993,0.000151540716590404,-0.00315727420783118,-0.00312570322520818,3.15709826230006e-05
20260927_101616_608,phiI_high,phi_i,high,0.1,0.45,5,20,40,kg,high_debt,-0.0147288299018733,-0.0145784149512682,0.000150414950605082,-0.00306850622955694,-0.00303716978151421,3.13364480427256e-05
20260927_101616_608,phiI_high,phi_i,high,0.1,0.45,5,20,1,xloc,low_debt,-0.00188250754233377,-0.00188499473407711,-2.48719174333889e-06,-0.00188250754233377,-0.00188499473407711,-2.48719174333889e-06
20260927_101616_608,phiI_high,phi_i,high,0.1,0.45,5,20,2,xloc,low_debt,-0.00147315200868403,-0.00147749042739653,-4.33841871250173e-06,-0.00147315200868403,-0.00147749042739653,-4.33841871250173e-06
20260927_101616_608,phiI_high,phi_i,high,0.1,0.45,5,20,3,xloc,low_debt,-0.00118907599329887,-0.00119409456396335,-5.01857066448341e-06,-0.00118907599329887,-0.00119409456396335,-5.01857066448341e-06
20260927_101616_608,phiI_high,phi_i,high,0.1,0.45,5,20,4,xloc,low_debt,-0.000985798087018708,-0.000990745401879711,-4.94731486100353e-06,-0.000985798087018708,-0.000990745401879711,-4.94731486100353e-06
20260927_101616_608,phiI_high,phi_i,high,0.1,0.45,5,20,5,xloc,low_debt,-0.000835703878053984,-0.000840117533830842,-4.41365577685815e-06,-0.000835703878053984,-0.000840117533830842,-4.41365577685815e-06
20260927_101616_608,phiI_high,phi_i,high,0.1,0.45,5,20,6,xloc,low_debt,-0.000721423512146435,-0.000725040023792811,-3.616511646376e-06,-0.000721423512146435,-0.000725040023792811,-3.616511646376e-06
20260927_101616_608,phiI_high,phi_i,high,0.1,0.45,5,20,7,xloc,low_debt,-0.000631868599900498,-0.000634560689925623,-2.69209002512483e-06,-0.000631868599900498,-0.000634560689925623,-2.69209002512483e-06
20260927_101616_608,phiI_high,phi_i,high,0.1,0.45,5,20,8,xloc,low_debt,-0.000559844815211208,-0.000561577416375525,-1.73260116431706e-06,-0.000559844815211208,-0.000561577416375525,-1.73260116431706e-06
20260927_101616_608,phiI_high,phi_i,high,0.1,0.45,5,20,9,xloc,low_debt,-0.000500602070808931,-0.000501401277389069,-7.99206580137657e-07,-0.000500602070808931,-0.000501401277389069,-7.99206580137657e-07
20260927_101616_608,phiI_high,phi_i,high,0.1,0.45,5,20,10,xloc,low_debt,-0.000450945561488725,-0.000450876639839226,6.89216494986766e-08,-0.000450945561488725,-0.000450876639839226,6.89216494986766e-08
20260927_101616_608,phiI_high,phi_i,high,0.1,0.45,5,20,11,xloc,low_debt,-0.000408684560486927,-0.000407836360869496,8.48199617431433e-07,-0.000408684560486927,-0.000407836360869496,8.48199617431433e-07
20260927_101616_608,phiI_high,phi_i,high,0.1,0.45,5,20,12,xloc,low_debt,-0.000372286274872069,-0.000370760206038545,1.52606883352391e-06,-0.000372286274872069,-0.000370760206038545,1.52606883352391e-06
20260927_101616_608,phiI_high,phi_i,high,0.1,0.45,5,20,13,xloc,low_debt,-0.000340655426447678,-0.000338557707148412,2.0977192992655e-06,-0.000340655426447678,-0.000338557707148412,2.0977192992655e-06
20260927_101616_608,phiI_high,phi_i,high,0.1,0.45,5,20,14,xloc,low_debt,-0.000312991814147678,-0.000310428093109771,2.56372103790703e-06,-0.000312991814147678,-0.000310428093109771,2.56372103790703e-06
20260927_101616_608,phiI_high,phi_i,high,0.1,0.45,5,20,15,xloc,low_debt,-0.000288696890260454,-0.000285768586758439,2.92830350201445e-06,-0.000288696890260454,-0.000285768586758439,2.92830350201445e-06
20260927_101616_608,phiI_high,phi_i,high,0.1,0.45,5,20,16,xloc,low_debt,-0.000267311600310127,-0.000264113499256258,3.19810105386953e-06,-0.000267311600310127,-0.000264113499256258,3.19810105386953e-06
20260927_101616_608,phiI_high,phi_i,high,0.1,0.45,5,20,17,xloc,low_debt,-0.00024847448120513,-0.000245093244707673,3.38123649745725e-06,-0.00024847448120513,-0.000245093244707673,3.38123649745725e-06
20260927_101616_608,phiI_high,phi_i,high,0.1,0.45,5,20,18,xloc,low_debt,-0.000231893100172131,-0.000228406448437135,3.48665173499629e-06,-0.000231893100172131,-0.000228406448437135,3.48665173499629e-06
20260927_101616_608,phiI_high,phi_i,high,0.1,0.45,5,20,19,xloc,low_debt,-0.000217324418915088,-0.000213800798460118,3.52362045497046e-06,-0.000217324418915088,-0.000213800798460118,3.52362045497046e-06
20260927_101616_608,phiI_high,phi_i,high,0.1,0.45,5,20,20,xloc,low_debt,-0.000204561216737842,-0.000201059820849725,3.50139588811693e-06,-0.000204561216737842,-0.000201059820849725,3.50139588811693e-06
20260927_101616_608,phiI_high,phi_i,high,0.1,0.45,5,20,21,xloc,low_debt,-0.00019342267905198,-0.00018999371956685,3.42895948513e-06,-0.00019342267905198,-0.00018999371956685,3.42895948513e-06
20260927_101616_608,phiI_high,phi_i,high,0.1,0.45,5,20,22,xloc,low_debt,-0.000183747878041762,-0.000180433032548444,3.31484549331851e-06,-0.000183747878041762,-0.000180433032548444,3.31484549331851e-06
20260927_101616_608,phiI_high,phi_i,high,0.1,0.45,5,20,23,xloc,low_debt,-0.000175391274830905,-0.000172224251899999,3.16702293090554e-06,-0.000175391274830905,-0.000172224251899999,3.16702293090554e-06
20260927_101616_608,phiI_high,phi_i,high,0.1,0.45,5,20,24,xloc,low_debt,-0.000168219638643663,-0.000165226817485209,2.99282115845401e-06,-0.000168219638643663,-0.000165226817485209,2.99282115845401e-06
20260927_101616_608,phiI_high,phi_i,high,0.1,0.45,5,20,25,xloc,low_debt,-0.000162109957785983,-0.000159311069139245,2.79888864673783e-06,-0.000162109957785983,-0.000159311069139245,2.79888864673783e-06
20260927_101616_608,phiI_high,phi_i,high,0.1,0.45,5,20,26,xloc,low_debt,-0.000156948040392013,-0.000154356863373506,2.5911770185072e-06,-0.000156948040392013,-0.000154356863373506,2.5911770185072e-06
20260927_101616_608,phiI_high,phi_i,high,0.1,0.45,5,20,27,xloc,low_debt,-0.000152627588910548,-0.000150252644645077,2.3749442654708e-06,-0.000152627588910548,-0.000150252644645077,2.3749442654708e-06
20260927_101616_608,phiI_high,phi_i,high,0.1,0.45,5,20,28,xloc,low_debt,-0.000149049593369366,-0.000146894820979071,2.15477239029482e-06,-0.000149049593369366,-0.000146894820979071,2.15477239029482e-06
20260927_101616_608,phiI_high,phi_i,high,0.1,0.45,5,20,29,xloc,low_debt,-0.00014612193237884,-0.000144187336641455,1.93459573738508e-06,-0.00014612193237884,-0.000144187336641455,1.93459573738508e-06
20260927_101616_608,phiI_high,phi_i,high,0.1,0.45,5,20,30,xloc,low_debt,-0.000143759102772312,-0.000142041365728707,1.71773704360501e-06,-0.000143759102772312,-0.000142041365728707,1.71773704360501e-06
20260927_101616_608,phiI_high,phi_i,high,0.1,0.45,5,20,31,xloc,low_debt,-0.000141882022166473,-0.000140375073331089,1.5069488353836e-06,-0.000141882022166473,-0.000140375073331089,1.5069488353836e-06
20260927_101616_608,phiI_high,phi_i,high,0.1,0.45,5,20,32,xloc,low_debt,-0.000140417865934994,-0.000139113407673919,1.3044582610755e-06,-0.000140417865934994,-0.000139113407673919,1.3044582610755e-06
20260927_101616_608,phiI_high,phi_i,high,0.1,0.45,5,20,33,xloc,low_debt,-0.000139299912759183,-0.000138187898943598,1.11201381558512e-06,-0.000139299912759183,-0.000138187898943598,1.11201381558512e-06
20260927_101616_608,phiI_high,phi_i,high,0.1,0.45,5,20,34,xloc,low_debt,-0.000138467382227114,-0.000137536449509645,9.30932717468913e-07,-0.000138467382227114,-0.000137536449509645,9.30932717468913e-07
20260927_101616_608,phiI_high,phi_i,high,0.1,0.45,5,20,35,xloc,low_debt,-0.000137865254747793,-0.000137103106808478,7.6214793931495e-07,-0.000137865254747793,-0.000137103106808478,7.6214793931495e-07
20260927_101616_608,phiI_high,phi_i,high,0.1,0.45,5,20,36,xloc,low_debt,-0.000137444068945003,-0.00013683781484275,6.06254102253345e-07,-0.000137444068945003,-0.00013683781484275,6.06254102253345e-07
20260927_101616_608,phiI_high,phi_i,high,0.1,0.45,5,20,37,xloc,low_debt,-0.00013715969516781,-0.000136696143555159,4.63551612650548e-07,-0.00013715969516781,-0.000136696143555159,4.63551612650548e-07
20260927_101616_608,phiI_high,phi_i,high,0.1,0.45,5,20,38,xloc,low_debt,-0.000136973086148462,-0.00013663899757943,3.34088569031721e-07,-0.000136973086148462,-0.00013663899757943,3.34088569031721e-07
20260927_101616_608,phiI_high,phi_i,high,0.1,0.45,5,20,39,xloc,low_debt,-0.000136850007415146,-0.000136632307326856,2.17700088289696e-07,-0.000136850007415146,-0.000136632307326856,2.17700088289696e-07
20260927_101616_608,phiI_high,phi_i,high,0.1,0.45,5,20,40,xloc,low_debt,-0.000136760751040965,-0.000136646706228927,1.14044812038472e-07,-0.000136760751040965,-0.000136646706228927,1.14044812038472e-07
20260927_101616_608,phiI_high,phi_i,high,0.1,0.45,5,20,1,xloc,high_debt,-0.00205699102921764,-0.00206113043439438,-4.13940517673961e-06,-0.00205699102921764,-0.00206113043439438,-4.13940517673961e-06
20260927_101616_608,phiI_high,phi_i,high,0.1,0.45,5,20,2,xloc,high_debt,-0.00178192599784621,-0.00178903552655951,-7.10952871330051e-06,-0.00178192599784621,-0.00178903552655951,-7.10952871330051e-06
20260927_101616_608,phiI_high,phi_i,high,0.1,0.45,5,20,3,xloc,high_debt,-0.00159746531371996,-0.00160590934693228,-8.44403321231812e-06,-0.00159746531371996,-0.00160590934693228,-8.44403321231812e-06
20260927_101616_608,phiI_high,phi_i,high,0.1,0.45,5,20,4,xloc,high_debt,-0.00146465928306627,-0.00147329519494621,-8.63591187993951e-06,-0.00146465928306627,-0.00147329519494621,-8.63591187993951e-06
20260927_101616_608,phiI_high,phi_i,high,0.1,0.45,5,20,5,xloc,high_debt,-0.00136102843348751,-0.00136907577827394,-8.04734478643265e-06,-0.00136102843348751,-0.00136907577827394,-8.04734478643265e-06
20260927_101616_608,phiI_high,phi_i,high,0.1,0.45,5,20,6,xloc,high_debt,-0.0012737721399807,-0.00128071906678628,-6.9469268055844e-06,-0.0012737721399807,-0.00128071906678628,-6.9469268055844e-06
20260927_101616_608,phiI_high,phi_i,high,0.1,0.45,5,20,7,xloc,high_debt,-0.00119576384219044,-0.0012012986816774,-5.53483948695366e-06,-0.00119576384219044,-0.0012012986816774,-5.53483948695366e-06
20260927_101616_608,phiI_high,phi_i,high,0.1,0.45,5,20,8,xloc,high_debt,-0.00112318548685542,-0.00112714575656736,-3.96026971194452e-06,-0.00112318548685542,-0.00112714575656736,-3.96026971194452e-06
20260927_101616_608,phiI_high,phi_i,high,0.1,0.45,5,20,9,xloc,high_debt,-0.00105412824552165,-0.00105646199858234,-2.33375306069039e-06,-0.00105412824552165,-0.00105646199858234,-2.33375306069039e-06
20260927_101616_608,phiI_high,phi_i,high,0.1,0.45,5,20,10,xloc,high_debt,-0.000987764243555511,-0.000988500374116685,-7.36130561174164e-07,-0.000987764243555511,-0.000988500374116685,-7.36130561174164e-07
20260927_101616_608,phiI_high,phi_i,high,0.1,0.45,5,20,11,xloc,high_debt,-0.00092385670915196,-0.000923081908066559,7.748010854014e-07,-0.00092385670915196,-0.000923081908066559,7.748010854014e-07
20260927_101616_608,phiI_high,phi_i,high,0.1,0.45,5,20,12,xloc,high_debt,-0.000862471352533256,-0.00086031210807902,2.15924445423621e-06,-0.000862471352533256,-0.00086031210807902,2.15924445423621e-06
20260927_101616_608,phiI_high,phi_i,high,0.1,0.45,5,20,13,xloc,high_debt,-0.000803807815862423,-0.000800416317025321,3.39149883710199e-06,-0.000803807815862423,-0.000800416317025321,3.39149883710199e-06
20260927_101616_608,phiI_high,phi_i,high,0.1,0.45,5,20,14,xloc,high_debt,-0.000748103003565981,-0.000743646113707364,4.45688985861725e-06,-0.000748103003565981,-0.000743646113707364,4.45688985861725e-06
20260927_101616_608,phiI_high,phi_i,high,0.1,0.45,5,20,15,xloc,high_debt,-0.000695577549734705,-0.000690228230187051,5.34931954765394e-06,-0.000695577549734705,-0.000690228230187051,5.34931954765394e-06
20260927_101616_608,phiI_high,phi_i,high,0.1,0.45,5,20,16,xloc,high_debt,-0.000646408186200431,-0.00064033889642956,6.0692897708714e-06,-0.000646408186200431,-0.00064033889642956,6.0692897708714e-06
20260927_101616_608,phiI_high,phi_i,high,0.1,0.45,5,20,17,xloc,high_debt,-0.000600715611021596,-0.000594093316139799,6.62229488179733e-06,-0.000600715611021596,-0.000594093316139799,6.62229488179733e-06
20260927_101616_608,phiI_high,phi_i,high,0.1,0.45,5,20,18,xloc,high_debt,-0.000558561539017233,-0.000551544030703788,7.01750831344494e-06,-0.000558561539017233,-0.000551544030703788,7.01750831344494e-06
20260927_101616_608,phiI_high,phi_i,high,0.1,0.45,5,20,19,xloc,high_debt,-0.000519951068788771,-0.000512684361277826,7.26670751094449e-06,-0.000519951068788771,-0.000512684361277826,7.26670751094449e-06
20260927_101616_608,phiI_high,phi_i,high,0.1,0.45,5,20,20,xloc,high_debt,-0.000484837985988751,-0.000477454590819493,7.38339516925812e-06,-0.000484837985988751,-0.000477454590819493,7.38339516925812e-06
20260927_101616_608,phiI_high,phi_i,high,0.1,0.45,5,20,21,xloc,high_debt,-0.00045313153039328,-0.000445749446190247,7.38208420303366e-06,-0.00045313153039328,-0.000445749446190247,7.38208420303366e-06
20260927_101616_608,phiI_high,phi_i,high,0.1,0.45,5,20,22,xloc,high_debt,-0.000424703715153352,-0.000417425994548193,7.27772060515885e-06,-0.000424703715153352,-0.000417425994548193,7.27772060515885e-06
20260927_101616_608,phiI_high,phi_i,high,0.1,0.45,5,20,23,xloc,high_debt,-0.000399396637204452,-0.000392311414028401,7.08522317605098e-06,-0.000399396637204452,-0.000392311414028401,7.08522317605098e-06
20260927_101616_608,phiI_high,phi_i,high,0.1,0.45,5,20,24,xloc,high_debt,-0.000377029439810994,-0.000370210317133357,6.81912267763707e-06,-0.000377029439810994,-0.000370210317133357,6.81912267763707e-06
20260927_101616_608,phiI_high,phi_i,high,0.1,0.45,5,20,25,xloc,high_debt,-0.000357404730530919,-0.000350911444895075,6.49328563584461e-06,-0.000357404730530919,-0.000350911444895075,6.49328563584461e-06
20260927_101616_608,phiI_high,phi_i,high,0.1,0.45,5,20,26,xloc,high_debt,-0.000340314350133708,-0.000334193640039393,6.12071009431503e-06,-0.000340314350133708,-0.000334193640039393,6.12071009431503e-06
20260927_101616_608,phiI_high,phi_i,high,0.1,0.45,5,20,27,xloc,high_debt,-0.000325544448274928,-0.000319831066000864,5.71338227406404e-06,-0.000325544448274928,-0.000319831066000864,5.71338227406404e-06
20260927_101616_608,phiI_high,phi_i,high,0.1,0.45,5,20,28,xloc,high_debt,-0.000312879861198101,-0.000307597676748039,5.28218445006168e-06,-0.000312879861198101,-0.000307597676748039,5.28218445006168e-06
20260927_101616_608,phiI_high,phi_i,high,0.1,0.45,5,20,29,xloc,high_debt,-0.000302107812428565,-0.000297270966921781,4.83684550678376e-06,-0.000302107812428565,-0.000297270966921781,4.83684550678376e-06
20260927_101616_608,phiI_high,phi_i,high,0.1,0.45,5,20,30,xloc,high_debt,-0.000293020973821667,-0.000288635047190122,4.38592663154491e-06,-0.000293020973821667,-0.000288635047190122,4.38592663154491e-06
20260927_101616_608,phiI_high,phi_i,high,0.1,0.45,5,20,31,xloc,high_debt,-0.000285419934340725,-0.000281483098851787,3.93683548893797e-06,-0.000285419934340725,-0.000281483098851787,3.93683548893797e-06
20260927_101616_608,phiI_high,phi_i,high,0.1,0.45,5,20,32,xloc,high_debt,-0.000279115129519836,-0.000275619266502103,3.49586301773286e-06,-0.000279115129519836,-0.000275619266502103,3.49586301773286e-06
20260927_101616_608,phiI_high,phi_i,high,0.1,0.45,5,20,33,xloc,high_debt,-0.000273928287019221,-0.000270860049305988,3.06823771323295e-06,-0.000273928287019221,-0.000270860049305988,3.06823771323295e-06
20260927_101616_608,phiI_high,phi_i,high,0.1,0.45,5,20,34,xloc,high_debt,-0.000269693443942787,-0.000267035251018677,2.65819292410985e-06,-0.000269693443942787,-0.000267035251018677,2.65819292410985e-06
20260927_101616_608,phiI_high,phi_i,high,0.1,0.45,5,20,35,xloc,high_debt,-0.000266257590293861,-0.000263988546992611,2.26904330125066e-06,-0.000266257590293861,-0.000263988546992611,2.26904330125066e-06
20260927_101616_608,phiI_high,phi_i,high,0.1,0.45,5,20,36,xloc,high_debt,-0.000263480990585263,-0.000261577723493445,1.90326709181843e-06,-0.000263480990585263,-0.000261577723493445,1.90326709181843e-06
20260927_101616_608,phiI_high,phi_i,high,0.1,0.45,5,20,37,xloc,high_debt,-0.000261237232536016,-0.000259674641050367,1.56259148564875e-06,-0.000261237232536016,-0.000259674641050367,1.56259148564875e-06
20260927_101616_608,phiI_high,phi_i,high,0.1,0.45,5,20,38,xloc,high_debt,-0.000259413048242174,-0.000258164969559771,1.24807868240318e-06,-0.000259413048242174,-0.000258164969559771,1.24807868240318e-06
20260927_101616_608,phiI_high,phi_i,high,0.1,0.45,5,20,39,xloc,high_debt,-0.000257907949398062,-0.00025694773862861,9.60210769451741e-07,-0.000257907949398062,-0.00025694773862861,9.60210769451741e-07
20260927_101616_608,phiI_high,phi_i,high,0.1,0.45,5,20,40,xloc,high_debt,-0.000256633714224352,-0.000255934742344643,6.98971879709021e-07,-0.000256633714224352,-0.000255934742344643,6.98971879709021e-07
20260927_101616_608,chiIG_low,chi_ig,low,0.1,0.45,2.5,10,1,ig,low_debt,-0.000306849682166169,-0.000316908309801647,-1.00586276354786e-05,-0.00255708068471807,-0.00264090258168039,-8.38218969623217e-05
20260927_101616_608,chiIG_low,chi_ig,low,0.1,0.45,2.5,10,2,ig,low_debt,-0.000509648697014031,-0.00052505556468814,-1.54068676741087e-05,-0.00424707247511693,-0.00437546303906783,-0.000128390563950906
20260927_101616_608,chiIG_low,chi_ig,low,0.1,0.45,2.5,10,3,ig,low_debt,-0.000642541052534681,-0.000659919287060745,-1.73782345260637e-05,-0.00535450877112235,-0.00549932739217288,-0.00014481862105053
20260927_101616_608,chiIG_low,chi_ig,low,0.1,0.45,2.5,10,4,ig,low_debt,-0.000726512480194008,-0.000743552559558616,-1.70400793646081e-05,-0.0060542706682834,-0.00619627132965514,-0.000142000661371734
20260927_101616_608,chiIG_low,chi_ig,low,0.1,0.45,2.5,10,5,ig,low_debt,-0.000774813702882279,-0.000790024398899525,-1.52106960172455e-05,-0.00645678085735233,-0.00658353665749604,-0.000126755800143712
20260927_101616_608,chiIG_low,chi_ig,low,0.1,0.45,2.5,10,6,ig,low_debt,-0.000796187366736131,-0.000808685251831129,-1.24978850949975e-05,-0.00663489472280109,-0.00673904376525941,-0.000104149042458312
20260927_101616_608,chiIG_low,chi_ig,low,0.1,0.45,2.5,10,7,ig,low_debt,-0.000796752596397873,-0.000806094011424521,-9.34141502664798e-06,-0.00663960496998228,-0.00671745009520434,-7.78451252220662e-05
20260927_101616_608,chiIG_low,chi_ig,low,0.1,0.45,2.5,10,8,ig,low_debt,-0.000781082250114196,-0.000787133851275712,-6.05160116151637e-06,-0.00650901875095163,-0.00655944876063093,-5.04300096793031e-05
20260927_101616_608,chiIG_low,chi_ig,low,0.1,0.45,2.5,10,9,ig,low_debt,-0.000752803792849435,-0.000755645111783443,-2.84131893400763e-06,-0.00627336494041196,-0.00629704259819536,-2.36776577833969e-05
20260927_101616_608,chiIG_low,chi_ig,low,0.1,0.45,2.5,10,10,ig,low_debt,-0.000714925492085877,-0.00071477672247354,1.48769612337563e-07,-0.00595771243404898,-0.0059564726872795,1.23974676947969e-06
20260927_101616_608,chiIG_low,chi_ig,low,0.1,0.45,2.5,10,11,ig,low_debt,-0.000670008838688452,-0.000667177883122635,2.83095556581625e-06,-0.00558340698907043,-0.00555981569268863,2.35912963818018e-05
20260927_101616_608,chiIG_low,chi_ig,low,0.1,0.45,2.5,10,12,ig,low_debt,-0.000620258217459174,-0.000615102161514267,5.15605594490764e-06,-0.00516881847882645,-0.00512585134595222,4.29671328742304e-05
20260927_101616_608,chiIG_low,chi_ig,low,0.1,0.45,2.5,10,13,ig,low_debt,-0.000567568505147678,-0.000560465789534836,7.1027156128417e-06,-0.00472973754289732,-0.00467054824612364,5.91892967736806e-05
20260927_101616_608,chiIG_low,chi_ig,low,0.1,0.45,2.5,10,14,ig,low_debt,-0.000513553116039303,-0.000504883616447349,8.66949959195396e-06,-0.00427960930032753,-0.00420736347039458,7.22458299329499e-05
20260927_101616_608,chiIG_low,chi_ig,low,0.1,0.45,2.5,10,15,ig,low_debt,-0.000459564368127385,-0.000449695333448338,9.86903467904698e-06,-0.00382970306772821,-0.00374746111206949,8.22419556587252e-05
20260927_101616_608,chiIG_low,chi_ig,low,0.1,0.45,2.5,10,16,ig,low_debt,-0.000406711958122752,-0.000395988315879878,1.07236422428741e-05,-0.0033892663176896,-0.00329990263233231,8.93636853572842e-05
20260927_101616_608,chiIG_low,chi_ig,low,0.1,0.45,2.5,10,17,ig,low_debt,-0.000355881975226846,-0.000344619920038619,1.1262055188227e-05,-0.00296568312689038,-0.00287183266698849,9.38504599018912e-05
20260927_101616_608,chiIG_low,chi_ig,low,0.1,0.45,2.5,10,18,ig,low_debt,-0.000307757122785107,-0.00029624019407426,1.15169287108474e-05,-0.00256464268987589,-0.00246866828395217,9.59744059237286e-05
20260927_101616_608,chiIG_low,chi_ig,low,0.1,0.45,2.5,10,19,ig,low_debt,-0.000262837969144031,-0.000251315028691676,1.15229404523548e-05,-0.00219031640953359,-0.00209429190576397,9.60245037696233e-05
20260927_101616_608,chiIG_low,chi_ig,low,0.1,0.45,2.5,10,20,ig,low_debt,-0.000221464705822572,-0.000210149368918916,1.13153369036556e-05,-0.0018455392151881,-0.00175124474099097,9.42944741971299e-05
20260927_101616_608,chiIG_low,chi_ig,low,0.1,0.45,2.5,10,21,ig,low_debt,-0.000183838813381548,-0.000172909988026146,1.09288253554024e-05,-0.0015319901115129,-0.00144091656688455,9.10735446283534e-05
20260927_101616_608,chiIG_low,chi_ig,low,0.1,0.45,2.5,10,22,ig,low_debt,-0.000150044086466253,-0.000139647346975205,1.03967394910476e-05,-0.00125036738721877,-0.00116372789146004,8.66394957587298e-05
20260927_101616_608,chiIG_low,chi_ig,low,0.1,0.45,2.5,10,23,ig,low_debt,-0.000120066573722377,-0.000110316147782091,9.75042594028586e-06,-0.00100055478101981,-0.000919301231517428,8.12535495023823e-05
20260927_101616_608,chiIG_low,chi_ig,low,0.1,0.45,2.5,10,24,ig,low_debt,-9.38131055922692e-05,-8.47942937664548e-05,9.01881182581443e-06,-0.000781775879935577,-0.000706619114720456,7.51567652151203e-05
20260927_101616_608,chiIG_low,chi_ig,low,0.1,0.45,2.5,10,25,ig,low_debt,-7.11281936730673e-05,-6.29000719204187e-05,8.22812175264864e-06,-0.000592734947275561,-0.000524167266003489,6.8567681272072e-05
20260927_101616_608,chiIG_low,chi_ig,low,0.1,0.45,2.5,10,26,ig,low_debt,-5.18091809200011e-05,-4.44074625699786e-05,7.40171835002246e-06,-0.000431743174333342,-0.000370062188083155,6.16809862501871e-05
20260927_101616_608,chiIG_low,chi_ig,low,0.1,0.45,2.5,10,27,ig,low_debt,-3.56196000438763e-05,-2.90595556242668e-05,6.56004441960956e-06,-0.000296830000365636,-0.000242162963535556,5.46670368300796e-05
20260927_101616_608,chiIG_low,chi_ig,low,0.1,0.45,2.5,10,28,ig,low_debt,-2.23007585001961e-05,-1.65801108492486e-05,5.72064765094749e-06,-0.000185839654168301,-0.000138167590410405,4.76720637578957e-05
20260927_101616_608,chiIG_low,chi_ig,low,0.1,0.45,2.5,10,29,ig,low_debt,-1.15816143266001e-05,-6.68334316175634e-06,4.89827116484376e-06,-9.65134527216675e-05,-5.56945263479695e-05,4.0818926373698e-05
20260927_101616_608,chiIG_low,chi_ig,low,0.1,0.45,2.5,10,30,ig,low_debt,-3.18704002075232e-06,9.17955075341315e-07,4.10499509609363e-06,-2.65586668396027e-05,7.64962562784429e-06,3.42082924674469e-05
20260927_101616_608,chiIG_low,chi_ig,low,0.1,0.45,2.5,10,31,ig,low_debt,3.15540607981335e-06,6.50582225696084e-06,3.35041617714749e-06,2.62950506651113e-05,5.42151854746736e-05,2.79201348095624e-05
20260927_101616_608,chiIG_low,chi_ig,low,0.1,0.45,2.5,10,32,ig,low_debt,7.71006779312633e-06,1.0351921703497e-05,2.64185391037064e-06,6.42505649427194e-05,8.62660141958081e-05,2.20154492530887e-05
20260927_101616_608,chiIG_low,chi_ig,low,0.1,0.45,2.5,10,33,ig,low_debt,1.07289985014913e-05,1.27135719532739e-05,1.9845734517826e-06,8.94083208457612e-05,0.000105946432943949,1.65381120981883e-05
20260927_101616_608,chiIG_low,chi_ig,low,0.1,0.45,2.5,10,34,ig,low_debt,1.24488464822714e-05,1.38308632676443e-05,1.38201678537286e-06,0.000103740387352262,0.000115257193897036,1.15168065447739e-05
20260927_101616_608,chiIG_low,chi_ig,low,0.1,0.45,2.5,10,35,ig,low_debt,1.30886791925577e-05,1.39247143307736e-05,8.3603513821584e-07,0.000109072326604648,0.00011603928608978,6.96695948513201e-06
20260927_101616_608,chiIG_low,chi_ig,low,0.1,0.45,2.5,10,36,ig,low_debt,1.28486130773209e-05,1.31957299442514e-05,3.47116866930564e-07,0.000107071775644341,0.000109964416202095,2.89264055775471e-06
20260927_101616_608,chiIG_low,chi_ig,low,0.1,0.45,2.5,10,37,ig,low_debt,1.19091231733232e-05,1.1823729398161e-05,-8.53937751621459e-08,9.92426931110263e-05,9.85310783180084e-05,-7.11614793017873e-07
20260927_101616_608,chiIG_low,chi_ig,low,0.1,0.45,2.5,10,38,ig,low_debt,1.04309159583427e-05,9.96782544790409e-06,-4.6309051043858e-07,8.69242996528556e-05,8.30652120658674e-05,-3.85908758698816e-06
20260927_101616_608,chiIG_low,chi_ig,low,0.1,0.45,2.5,10,39,ig,low_debt,8.55525898603438e-06,7.76694487339413e-06,-7.88314112640243e-07,7.12938248836198e-05,6.47245406116178e-05,-6.56928427200201e-06
20260927_101616_608,chiIG_low,chi_ig,low,0.1,0.45,2.5,10,40,ig,low_debt,6.40467140429479e-06,5.34069299604201e-06,-1.06397840825279e-06,5.33722617024566e-05,4.45057749670167e-05,-8.86648673543988e-06
20260927_101616_608,chiIG_low,chi_ig,low,0.1,0.45,2.5,10,1,ig,high_debt,-0.000674895377497181,-0.00069042896925417,-1.55335917569888e-05,-0.00562412814580984,-0.00575357474378475,-0.000129446597974907
20260927_101616_608,chiIG_low,chi_ig,low,0.1,0.45,2.5,10,2,ig,high_debt,-0.00117061080760052,-0.00119520237118084,-2.45915635803257e-05,-0.00975509006333764,-0.00996001975984035,-0.000204929696502714
20260927_101616_608,chiIG_low,chi_ig,low,0.1,0.45,2.5,10,3,ig,high_debt,-0.00152448278107703,-0.00155315113346111,-2.86683523840758e-05,-0.0127040231756419,-0.0129429261121759,-0.000238902936533966
20260927_101616_608,chiIG_low,chi_ig,low,0.1,0.45,2.5,10,4,ig,high_debt,-0.001764342721455,-0.00179340136096072,-2.90586395057246e-05,-0.014702856012125,-0.0149450113413393,-0.000242155329214372
20260927_101616_608,chiIG_low,chi_ig,low,0.1,0.45,2.5,10,5,ig,high_debt,-0.00191186839141617,-0.0019387061933704,-2.6837801954227e-05,-0.0159322365951348,-0.0161558849447533,-0.00022364834961856
20260927_101616_608,chiIG_low,chi_ig,low,0.1,0.45,2.5,10,6,ig,high_debt,-0.00198460857198779,-0.00200748276075378,-2.2874188765995e-05,-0.0165384047665649,-0.0167290230062815,-0.000190618239716625
20260927_101616_608,chiIG_low,chi_ig,low,0.1,0.45,2.5,10,7,ig,high_debt,-0.00199719489385689,-0.00201504882595965,-1.78539321027682e-05,-0.0166432907821407,-0.0167920735496638,-0.000148782767523066
20260927_101616_608,chiIG_low,chi_ig,low,0.1,0.45,2.5,10,8,ig,high_debt,-0.00196206505023098,-0.00197437371557305,-1.23086653420618e-05,-0.0163505420852582,-0.0164531142964421,-0.000102572211183847
20260927_101616_608,chiIG_low,chi_ig,low,0.1,0.45,2.5,10,9,ig,high_debt,-0.00188989886475766,-0.00189654063527038,-6.64177051272474e-06,-0.0157491572063138,-0.0158045052939198,-5.53480876060407e-05
20260927_101616_608,chiIG_low,chi_ig,low,0.1,0.45,2.5,10,10,ig,high_debt,-0.00178989021987574,-0.00179104172466432,-1.15150478857684e-06,-0.0149157518322979,-0.014925347705536,-9.59587323814091e-06
20260927_101616_608,chiIG_low,chi_ig,low,0.1,0.45,2.5,10,11,ig,high_debt,-0.00166992835217833,-0.00166597903349333,3.94931868499815e-06,-0.0139160696014861,-0.0138831586124444,3.29109890416512e-05
20260927_101616_608,chiIG_low,chi_ig,low,0.1,0.45,2.5,10,12,ig,high_debt,-0.00153673124967997,-0.00152821440444623,8.51684523374419e-06,-0.0128060937473331,-0.0127351200370519,7.09737102812004e-05
20260927_101616_608,chiIG_low,chi_ig,low,0.1,0.45,2.5,10,13,ig,high_debt,-0.00139595507708343,-0.00138349263300416,1.24624440792642e-05,-0.0116329589756952,-0.0115291052750347,0.000103853700660536
20260927_101616_608,chiIG_low,chi_ig,low,0.1,0.45,2.5,10,14,ig,high_debt,-0.00125229229391391,-0.00123655102889551,1.57412650183958e-05,-0.0104357691159492,-0.0103045919074626,0.000131177208486632
20260927_101616_608,chiIG_low,chi_ig,low,0.1,0.45,2.5,10,15,ig,high_debt,-0.001109564567222,-0.00109122188432985,1.83426828921501e-05,-0.00924637139351666,-0.00909351570274874,0.000152855690767917
20260927_101616_608,chiIG_low,chi_ig,low,0.1,0.45,2.5,10,16,ig,high_debt,-0.000970812897229237,-0.000950530595682911,2.0282301546326e-05,-0.00809010747691031,-0.00792108829735759,0.000169019179552718
20260927_101616_608,chiIG_low,chi_ig,low,0.1,0.45,2.5,10,17,ig,high_debt,-0.000838385424090329,-0.000816790164560821,2.15952595295082e-05,-0.00698654520075274,-0.00680658470467351,0.000179960496079235
20260927_101616_608,chiIG_low,chi_ig,low,0.1,0.45,2.5,10,18,ig,high_debt,-0.00071402245259361,-0.000691691815295936,2.23306372976739e-05,-0.00595018710494675,-0.00576409846079947,0.000186088644147282
20260927_101616_608,chiIG_low,chi_ig,low,0.1,0.45,2.5,10,19,ig,high_debt,-0.000598937880247091,-0.0005763910711927,2.25468090543912e-05,-0.00499114900205909,-0.00480325892660583,0.00018789007545326
20260927_101616_608,chiIG_low,chi_ig,low,0.1,0.45,2.5,10,20,ig,high_debt,-0.000493896177400074,-0.000471588563947953,2.23076134521216e-05,-0.00411580147833395,-0.00392990469956627,0.00018589677876768
20260927_101616_608,chiIG_low,chi_ig,low,0.1,0.45,2.5,10,21,ig,high_debt,-0.000399284188415533,-0.00037760494939898,2.16792390165532e-05,-0.00332736823679611,-0.00314670791165816,0.000180660325137944
20260927_101616_608,chiIG_low,chi_ig,low,0.1,0.45,2.5,10,22,ig,high_debt,-0.00031517720940781,-0.000294449474358069,2.07277350497415e-05,-0.00262647674506509,-0.00245374561965057,0.000172731125414512
20260927_101616_608,chiIG_low,chi_ig,low,0.1,0.45,2.5,10,23,ig,high_debt,-0.000241398999921136,-0.000221881930757242,1.95170691638935e-05,-0.00201165833267613,-0.00184901608964369,0.000162642243032446
20260927_101616_608,chiIG_low,chi_ig,low,0.1,0.45,2.5,10,24,ig,high_debt,-0.00017757557638412,-0.000159467916197101,1.81076601870195e-05,-0.00147979646986767,-0.00132889930164251,0.000150897168225162
20260927_101616_608,chiIG_low,chi_ig,low,0.1,0.45,2.5,10,25,ig,high_debt,-0.000123182801517976,-0.000106627480368923,1.65553211490532e-05,-0.00102652334598314,-0.000888562336407694,0.000137961009575444
20260927_101616_608,chiIG_low,chi_ig,low,0.1,0.45,2.5,10,26,ig,high_debt,-7.7587921387387e-05,-6.26773692100624e-05,1.49105521773246e-05,-0.000646566011561558,-0.000522311410083853,0.000124254601477705
20260927_101616_608,chiIG_low,chi_ig,low,0.1,0.45,2.5,10,27,ig,high_debt,-4.00853101444471e-05,-2.68671822683392e-05,1.32181278761079e-05,-0.000334044251203725,-0.000223893185569493,0.000110151065634232
20260927_101616_608,chiIG_low,chi_ig,low,0.1,0.45,2.5,10,28,ig,high_debt,-9.92676367954359e-06,1.590164710491e-06,1.15169283900346e-05,-8.27230306628633e-05,1.3251372587425e-05,9.59744032502883e-05
20260927_101616_608,chiIG_low,chi_ig,low,0.1,0.45,2.5,10,29,ig,high_debt,1.36532596392708e-05,2.34932276056282e-05,9.83996796635744e-06,0.00011377716366059,0.000195776896713569,8.19997330529787e-05
20260927_101616_608,chiIG_low,chi_ig,low,0.1,0.45,2.5,10,30,ig,high_debt,3.14170168197597e-05,3.96315962790383e-05,8.21457945927861e-06,0.000261808473497998,0.00033026330232532,6.84548288273218e-05
20260927_101616_608,chiIG_low,chi_ig,low,0.1,0.45,2.5,10,31,ig,high_debt,4.41070237139907e-05,5.0769741541265e-05,6.66271782727434e-06,0.000367558530949922,0.000423081179510542,5.55226485606196e-05
20260927_101616_608,chiIG_low,chi_ig,low,0.1,0.45,2.5,10,32,ig,high_debt,5.24333067890848e-05,5.76346569979985e-05,5.20135020891377e-06,0.000436944223242373,0.000480288808316654,4.33445850742814e-05
20260927_101616_608,chiIG_low,chi_ig,low,0.1,0.45,2.5,10,33,ig,high_debt,5.7063913016478e-05,6.09068175740912e-05,3.84290455761327e-06,0.00047553260847065,0.000507556813117427,3.20242046467772e-05
20260927_101616_608,chiIG_low,chi_ig,low,0.1,0.45,2.5,10,34,ig,high_debt,5.86182437488786e-05,6.12139967599984e-05,2.59575301111981e-06,0.000488485364573988,0.000510116639666653,2.1631275092665e-05
20260927_101616_608,chiIG_low,chi_ig,low,0.1,0.45,2.5,10,35,ig,high_debt,5.76628012167874e-05,5.91275113296791e-05,1.46471011289173e-06,0.000480523343473228,0.000492729261080659,1.22059176074311e-05
20260927_101616_608,chiIG_low,chi_ig,low,0.1,0.45,2.5,10,36,ig,high_debt,5.47089638434639e-05,5.51604934945632e-05,4.51529651099292e-07,0.000455908032028866,0.00045967077912136,3.76274709249408e-06
20260927_101616_608,chiIG_low,chi_ig,low,0.1,0.45,2.5,10,37,ig,high_debt,5.02124373329971e-05,4.97678245367228e-05,-4.4461279627428e-07,0.000418436977774976,0.000414731871139357,-3.70510663561901e-06
20260927_101616_608,chiIG_low,chi_ig,low,0.1,0.45,2.5,10,38,ig,high_debt,4.45740610776207e-05,4.33473995394285e-05,-1.22666153819229e-06,0.000371450508980173,0.000361228329495237,-1.02221794849357e-05
20260927_101616_608,chiIG_low,chi_ig,low,0.1,0.45,2.5,10,39,ig,high_debt,3.81416827433395e-05,3.62424287820851e-05,-1.89925396125445e-06,0.000317847356194496,0.000302020239850709,-1.58271163437871e-05
20260927_101616_608,chiIG_low,chi_ig,low,0.1,0.45,2.5,10,40,ig,high_debt,3.12128470255912e-05,2.87445167909406e-05,-2.46833023465065e-06,0.000260107058546594,0.000239537639924505,-2.05694186220887e-05
20260927_101616_608,chiIG_low,chi_ig,low,0.1,0.45,2.5,10,1,kg,low_debt,-0.000306849682166543,-0.000316908309801356,-1.00586276348125e-05,-6.39270171180299e-05,-6.60225645419491e-05,-2.09554742391926e-06
20260927_101616_608,chiIG_low,chi_ig,low,0.1,0.45,2.5,10,2,kg,low_debt,-0.000808827137126045,-0.000834041166744903,-2.52140296188585e-05,-0.000168505653567926,-0.000173758576405188,-5.2529228372622e-06
20260927_101616_608,chiIG_low,chi_ig,low,0.1,0.45,2.5,10,3,kg,low_debt,-0.00143114751123186,-0.0014731094246363,-4.19619134044424e-05,-0.000298155731506637,-0.000306897796799229,-8.74206529259219e-06
20260927_101616_608,chiIG_low,chi_ig,low,0.1,0.45,2.5,10,4,kg,low_debt,-0.00212188130364499,-0.00217983424857948,-5.79529449344918e-05,-0.00044205860492604,-0.000454132135120725,-1.20735301946858e-05
20260927_101616_608,chiIG_low,chi_ig,low,0.1,0.45,2.5,10,5,kg,low_debt,-0.00284364797393621,-0.00291536279126436,-7.17148173281501e-05,-0.000592426661236711,-0.000607367248180076,-1.49405869433646e-05
20260927_101616_608,chiIG_low,chi_ig,low,0.1,0.45,2.5,10,6,kg,low_debt,-0.00356874414132324,-0.00365116397331455,-8.24198319913094e-05,-0.000743488362775676,-0.000760659161107199,-1.71707983315228e-05
20260927_101616_608,chiIG_low,chi_ig,low,0.1,0.45,2.5,10,7,kg,low_debt,-0.00427627813418852,-0.00436597888540646,-8.97007512179471e-05,-0.000890891277955941,-0.00090957893445968,-1.8687656503739e-05
20260927_101616_608,chiIG_low,chi_ig,low,0.1,0.45,2.5,10,8,kg,low_debt,-0.00495045343094791,-0.00504396326454692,-9.35098335990148e-05,-0.00103134446478081,-0.00105082568011394,-1.94812153331281e-05
20260927_101616_608,chiIG_low,chi_ig,low,0.1,0.45,2.5,10,9,kg,low_debt,-0.00557949588802309,-0.00567350929471644,-9.40134066933496e-05,-0.00116239497667148,-0.00118198110306592,-1.95861263944479e-05
20260927_101616_608,chiIG_low,chi_ig,low,0.1,0.45,2.5,10,10,kg,low_debt,-0.00615493398290834,-0.00624644828482257,-9.15143019142306e-05,-0.0012822779131059,-0.00130134339267137,-1.90654795654648e-05
20260927_101616_608,chiIG_low,chi_ig,low,0.1,0.45,2.5,10,11,kg,low_debt,-0.00667106947202356,-0.00675746496082485,-8.63954888012941e-05,-0.00138980614000491,-0.00140780520017184,-1.79990601669362e-05
20260927_101616_608,chiIG_low,chi_ig,low,0.1,0.45,2.5,10,12,kg,low_debt,-0.00712455095268272,-0.00720363049831807,-7.90795456353521e-05,-0.00148428144847557,-0.00150075635381626,-1.64749053406985e-05
20260927_101616_608,chiIG_low,chi_ig,low,0.1,0.45,2.5,10,13,kg,low_debt,-0.00751400568401284,-0.00758400552539573,-6.99998413828951e-05,-0.00156541785083601,-0.00158000115112411,-1.45833002881031e-05
20260927_101616_608,chiIG_low,chi_ig,low,0.1,0.45,2.5,10,14,kg,low_debt,-0.00783970865795158,-0.00789928900370818,-5.95803457565935e-05,-0.00163327263707325,-0.00164568520910587,-1.24125720326238e-05
20260927_101616_608,chiIG_low,chi_ig,low,0.1,0.45,2.5,10,15,kg,low_debt,-0.00810328030962992,-0.00815150211206372,-4.8221802433801e-05,-0.00168818339783957,-0.00169822960667994,-1.00462088403752e-05
20260927_101616_608,chiIG_low,chi_ig,low,0.1,0.45,2.5,10,16,kg,low_debt,-0.00830741026001203,-0.00834370287514208,-3.62926151300513e-05,-0.00173071047083584,-0.00173827143232127,-7.56096148542751e-06
20260927_101616_608,chiIG_low,chi_ig,low,0.1,0.45,2.5,10,17,kg,low_debt,-0.00845560697873893,-0.00847973022330262,-2.41232445636896e-05,-0.00176158478723728,-0.00176661046318805,-5.02567595076853e-06
20260927_101616_608,chiIG_low,chi_ig,low,0.1,0.45,2.5,10,18,kg,low_debt,-0.0085519739270552,-0.00856397716179469,-1.20032347394883e-05,-0.00178166123480317,-0.00178416190870723,-2.50067390406006e-06
20260927_101616_608,chiIG_low,chi_ig,low,0.1,0.45,2.5,10,19,kg,low_debt,-0.0086010125480227,-0.00860119276144111,-1.80213418410347e-07,-0.0017918776141714,-0.00179191515863357,-3.75444621687499e-08
20260927_101616_608,chiIG_low,chi_ig,low,0.1,0.45,2.5,10,20,kg,low_debt,-0.00860745194014445,-0.00859631231132418,1.1139628820267e-05,-0.00179321915419676,-0.00179089839819254,2.32075600422221e-06
20260927_101616_608,chiIG_low,chi_ig,low,0.1,0.45,2.5,10,21,kg,low_debt,-0.0085761044550221,-0.00855431449156807,2.17899634540331e-05,-0.00178668842812961,-0.00178214885241001,4.53957571959029e-06
20260927_101616_608,chiIG_low,chi_ig,low,0.1,0.45,2.5,10,22,kg,low_debt,-0.00851174593011272,-0.00848010397625387,3.16419538588519e-05,-0.00177328040210682,-0.00176668832838622,6.59207372059423e-06
20260927_101616_608,chiIG_low,chi_ig,low,0.1,0.45,2.5,10,23,kg,low_debt,-0.00841901885558283,-0.00837841752462953,4.06013309532938e-05,-0.00175396226157976,-0.00174550365096449,8.45861061526954e-06
20260927_101616_608,chiIG_low,chi_ig,low,0.1,0.45,2.5,10,24,kg,low_debt,-0.00830235648978483,-0.00825375138028051,4.86051095043294e-05,-0.00172965760203851,-0.00171953153755844,1.01260644800687e-05
20260927_101616_608,chiIG_low,chi_ig,low,0.1,0.45,2.5,10,25,kg,low_debt,-0.00816592577121344,-0.00811030766769427,5.56181035191727e-05,-0.00170123453566947,-0.00168964743076964,1.15871048998277e-05
20260927_101616_608,chiIG_low,chi_ig,low,0.1,0.45,2.5,10,26,kg,low_debt,-0.00801358680785302,-0.00795195743857224,6.16293692807801e-05,-0.00166949725163605,-0.00165665779970255,1.28394519334958e-05
20260927_101616_608,chiIG_low,chi_ig,low,0.1,0.45,2.5,10,27,kg,low_debt,-0.00784886673770036,-0.00778221805823165,6.6648679468706e-05,-0.00163518057035424,-0.00162129542879826,1.38851415559804e-05
20260927_101616_608,chiIG_low,chi_ig,low,0.1,0.45,2.5,10,28,kg,low_debt,-0.00767494582775807,-0.00760424271762528,7.07031101327971e-05,-0.0015989470474496,-0.0015842172328386,1.47298146109993e-05
20260927_101616_608,chiIG_low,chi_ig,low,0.1,0.45,2.5,10,29,kg,low_debt,-0.00749465379639069,-0.00742081999284672,7.38338035439767e-05,-0.00156138620758139,-0.0015460041651764,1.53820424049951e-05
20260927_101616_608,chiIG_low,chi_ig,low,0.1,0.45,2.5,10,30,kg,low_debt,-0.00731047449150157,-0.00723438153795009,7.60929535514876e-05,-0.00152301551906283,-0.00150716282040627,1.58526986565599e-05
20260927_101616_608,chiIG_low,chi_ig,low,0.1,0.45,2.5,10,31,kg,low_debt,-0.00712455722313443,-0.00704701617724446,7.75410458899728e-05,-0.00148428275481967,-0.00146812837025926,1.61543845604111e-05
20260927_101616_608,chiIG_low,chi_ig,low,0.1,0.45,2.5,10,32,kg,low_debt,-0.00693873322476257,-0.00686048885111035,7.82443736522254e-05,-0.00144556942182554,-0.00142926851064799,1.6300911177547e-05
20260927_101616_608,chiIG_low,chi_ig,low,0.1,0.45,2.5,10,33,kg,low_debt,-0.00675453589564246,-0.00667626305787916,7.82728377632935e-05,-0.00140719497825884,-0.00139088813705816,1.63068412006862e-05
20260927_101616_608,chiIG_low,chi_ig,low,0.1,0.45,2.5,10,34,kg,low_debt,-0.0065732236517686,-0.00649552561816513,7.76980336034683e-05,-0.00136942159411846,-0.0013532345037844,1.61870903340557e-05
20260927_101616_608,chiIG_low,chi_ig,low,0.1,0.45,2.5,10,35,kg,low_debt,-0.00639580438128196,-0.00631921276337977,7.65916179021886e-05,-0.00133245924610041,-0.00131650265903745,1.59565870629559e-05
20260927_101616_608,chiIG_low,chi_ig,low,0.1,0.45,2.5,10,36,kg,low_debt,-0.00622306065867217,-0.00614803671435116,7.50239443210177e-05,-0.0012964709705567,-0.00128084098215649,1.5629988400212e-05
20260927_101616_608,chiIG_low,chi_ig,low,0.1,0.45,2.5,10,37,kg,low_debt,-0.00605557501903231,-0.00598251206709488,7.30629519374304e-05,-0.00126157812896506,-0.00124635668064477,1.52214483202981e-05
20260927_101616_608,chiIG_low,chi_ig,low,0.1,0.45,2.5,10,38,kg,low_debt,-0.00589375472759812,-0.00582298143996951,7.07732876286116e-05,-0.00122786556824961,-0.00121312113332698,1.47444349226273e-05
20260927_101616_608,chiIG_low,chi_ig,low,0.1,0.45,2.5,10,39,kg,low_debt,-0.00573785560042239,-0.00566963995909653,6.82156413258639e-05,-0.00119538658342133,-0.00118117499147844,1.42115919428882e-05
20260927_101616_608,chiIG_low,chi_ig,low,0.1,0.45,2.5,10,40,kg,low_debt,-0.00558800453900687,-0.00552255826712322,6.54462718836513e-05,-0.0011641676122931,-0.00115053297231734,1.36346399757605e-05
20260927_101616_608,chiIG_low,chi_ig,low,0.1,0.45,2.5,10,1,kg,high_debt,-0.000674895377497542,-0.00069042896925442,-1.55335917568777e-05,-0.000140603203645321,-0.000143839368594671,-3.23616494934953e-06
20260927_101616_608,chiIG_low,chi_ig,low,0.1,0.45,2.5,10,2,kg,high_debt,-0.00182863380066056,-0.00186837061620437,-3.97368155438116e-05,-0.000380965375137617,-0.000389243878375911,-8.27850323829404e-06
20260927_101616_608,chiIG_low,chi_ig,low,0.1,0.45,2.5,10,3,kg,high_debt,-0.00330740073672064,-0.00337481248426119,-6.74117475405467e-05,-0.000689041820150134,-0.000703085934221082,-1.40441140709472e-05
20260927_101616_608,chiIG_low,chi_ig,low,0.1,0.45,2.5,10,4,kg,high_debt,-0.00498905843975805,-0.00508384353311619,-9.47850933581407e-05,-0.00103938717494959,-0.00105913406939921,-1.97468944496126e-05
20260927_101616_608,chiIG_low,chi_ig,low,0.1,0.45,2.5,10,5,kg,high_debt,-0.00677620037018034,-0.00689545363815913,-0.000119253267978792,-0.00141170841045424,-0.00143655284128315,-2.48444308289151e-05
20260927_101616_608,chiIG_low,chi_ig,low,0.1,0.45,2.5,10,6,kg,high_debt,-0.00859140393291291,-0.00873055005795997,-0.000139146125047063,-0.00178987581935686,-0.00181886459540833,-2.89887760514715e-05
20260927_101616_608,chiIG_low,chi_ig,low,0.1,0.45,2.5,10,7,kg,high_debt,-0.0103738137284477,-0.0105273351324717,-0.000153521404024026,-0.0021612111934266,-0.00219319481926494,-3.19836258383388e-05
20260927_101616_608,chiIG_low,chi_ig,low,0.1,0.45,2.5,10,8,kg,high_debt,-0.0120765334354669,-0.0122385254697335,-0.000161992034266589,-0.00251594446572227,-0.00254969280619447,-3.37483404722061e-05
20260927_101616_608,chiIG_low,chi_ig,low,0.1,0.45,2.5,10,9,kg,high_debt,-0.0136645189643385,-0.0138291029682609,-0.000164584003922386,-0.00284677478423719,-0.00288106311838769,-3.42883341504971e-05
20260927_101616_608,chiIG_low,chi_ig,low,0.1,0.45,2.5,10,10,kg,high_debt,-0.0151127962101052,-0.0152744171187198,-0.000161620908614601,-0.00314849921043858,-0.00318217023306662,-3.36710226280421e-05
20260927_101616_608,chiIG_low,chi_ig,low,0.1,0.45,2.5,10,11,kg,high_debt,-0.0164049046570307,-0.0165585357242453,-0.000153631067214555,-0.00341768847021473,-0.0034496949425511,-3.20064723363656e-05
20260927_101616_608,chiIG_low,chi_ig,low,0.1,0.45,2.5,10,12,kg,high_debt,-0.0175315132902849,-0.0176727867355861,-0.000141273445301238,-0.00365239860214269,-0.00368183056991378,-2.9431967771091e-05
20260927_101616_608,chiIG_low,chi_ig,low,0.1,0.45,2.5,10,13,kg,high_debt,-0.0184891805351119,-0.0186144597002018,-0.000125279165089864,-0.00385191261148166,-0.00387801243754204,-2.60998260603884e-05
20260927_101616_608,chiIG_low,chi_ig,low,0.1,0.45,2.5,10,14,kg,high_debt,-0.0192792433156477,-0.0193856492365923,-0.000106405920944574,-0.00401650902409327,-0.00403867692429005,-2.21679001967861e-05
20260927_101616_608,chiIG_low,chi_ig,low,0.1,0.45,2.5,10,15,kg,high_debt,-0.0199068267999785,-0.0199922298900086,-8.54030900301339e-05,-0.00414725558332885,-0.00416504789375179,-1.77923104229451e-05
20260927_101616_608,chiIG_low,chi_ig,low,0.1,0.45,2.5,10,16,kg,high_debt,-0.0203799690272088,-0.0204429547384413,-6.29857112324217e-05,-0.00424582688066851,-0.00425894890384193,-1.31220231734206e-05
20260927_101616_608,chiIG_low,chi_ig,low,0.1,0.45,2.5,10,17,kg,high_debt,-0.0207088552256183,-0.0207486710345419,-3.98158089236489e-05,-0.00431434483867047,-0.0043226397988629,-8.29496019242714e-06
20260927_101616_608,chiIG_low,chi_ig,low,0.1,0.45,2.5,10,18,kg,high_debt,-0.0209051562975722,-0.0209216460739752,-1.64897764030059e-05,-0.00435524089532754,-0.0043586762654115,-3.43537008395955e-06
20260927_101616_608,chiIG_low,chi_ig,low,0.1,0.45,2.5,10,19,kg,high_debt,-0.0209814652703795,-0.0209749959933188,6.46927706071665e-06,-0.00437113859799572,-0.00436979083194141,1.34776605431597e-06
20260927_101616_608,chiIG_low,chi_ig,low,0.1,0.45,2.5,10,20,kg,high_debt,-0.02095082481602,-0.0209222096574342,2.86151585857652e-05,-0.00436475517000416,-0.00435879367863212,5.96149137203471e-06
20260927_101616_608,chiIG_low,chi_ig,low,0.1,0.45,2.5,10,21,kg,high_debt,-0.020826338384035,-0.0207767593653978,4.95790186372247e-05,-0.00433882049667396,-0.00432849153445788,1.03289622160885e-05
20260927_101616_608,chiIG_low,chi_ig,low,0.1,0.45,2.5,10,22,kg,high_debt,-0.0206208571338422,-0.020551789855622,6.90672782202029e-05,-0.00429601190288379,-0.00428162288658792,1.43890162958753e-05
20260927_101616_608,chiIG_low,chi_ig,low,0.1,0.45,2.5,10,23,kg,high_debt,-0.0203467347054174,-0.0202598770399893,8.68576654280417e-05,-0.00423890306362862,-0.00422080771666444,1.80953469641754e-05
20260927_101616_608,chiIG_low,chi_ig,low,0.1,0.45,2.5,10,24,kg,high_debt,-0.0200156419141662,-0.0199128480301871,0.000102793883979047,-0.00416992539878462,-0.00414851000628898,2.14153924956344e-05
20260927_101616_608,chiIG_low,chi_ig,low,0.1,0.45,2.5,10,25,kg,high_debt,-0.0196384336678301,-0.019521654309802,0.000116779358028118,-0.00409134034746461,-0.00406701131454209,2.43290329225241e-05
20260927_101616_608,chiIG_low,chi_ig,low,0.1,0.45,2.5,10,26,kg,high_debt,-0.0192250607475213,-0.0190962903212677,0.000128770426253588,-0.00400522098906693,-0.00397839381693077,2.68271721361648e-05
20260927_101616_608,chiIG_low,chi_ig,low,0.1,0.45,2.5,10,27,kg,high_debt,-0.0187845195389782,-0.0186457502455042,0.000138769293474006,-0.00391344157062046,-0.00388453130114671,2.89102694737511e-05
20260927_101616_608,chiIG_low,chi_ig,low,0.1,0.45,2.5,10,28,kg,high_debt,-0.0183248333141837,-0.018178016324657,0.000146816989526677,-0.0038176736071216,-0.00378708673430354,3.05868728180574e-05
20260927_101616_608,chiIG_low,chi_ig,low,0.1,0.45,2.5,10,29,kg,high_debt,-0.0178530592216894,-0.0177000726889354,0.000152986532754085,-0.00371938733785197,-0.0036875151435282,3.18721943237676e-05
20260927_101616_608,chiIG_low,chi_ig,low,0.1,0.45,2.5,10,30,kg,high_debt,-0.017375315724327,-0.017217939275433,0.00015737644889402,-0.00361985744256813,-0.00358707068238188,3.27867601862541e-05
20260927_101616_608,chiIG_low,chi_ig,low,0.1,0.45,2.5,10,31,kg,high_debt,-0.0168968258075051,-0.0167367210520064,0.000160104755498658,-0.00352017204323022,-0.00348681688583467,3.33551573955537e-05
20260927_101616_608,chiIG_low,chi_ig,low,0.1,0.45,2.5,10,32,kg,high_debt,-0.0164219718555287,-0.0162606683687088,0.000161303486819975,-0.00342124413656849,-0.00338763924348099,3.36048930874946e-05
20260927_101616_608,chiIG_low,chi_ig,low,0.1,0.45,2.5,10,33,kg,high_debt,-0.0159543586461242,-0.0157932448419178,0.000161113804206359,-0.00332382471794253,-0.00329025934206621,3.35653758763246e-05
20260927_101616_608,chiIG_low,chi_ig,low,0.1,0.45,2.5,10,34,kg,high_debt,-0.0154968814362224,-0.0153371997241099,0.000159681712112558,-0.00322851696587967,-0.00319524994252289,3.32670233567827e-05
20260927_101616_608,chiIG_low,chi_ig,low,0.1,0.45,2.5,10,35,kg,high_debt,-0.0150517965991002,-0.0148946422196783,0.000157154379421875,-0.00313579095814587,-0.00310305046243298,3.27404957128907e-05
20260927_101616_608,chiIG_low,chi_ig,low,0.1,0.45,2.5,10,36,kg,high_debt,-0.0146207927202786,-0.0144671156706924,0.000153677049586243,-0.00304599848339138,-0.00301398243139424,3.20160519971338e-05
20260927_101616_608,chiIG_low,chi_ig,low,0.1,0.45,2.5,10,37,kg,high_debt,-0.0142050604649384,-0.0140556699543888,0.00014939051054963,-0.00295938759686217,-0.002928264573831,3.1123023031173e-05
20260927_101616_608,chiIG_low,chi_ig,low,0.1,0.45,2.5,10,38,kg,high_debt,-0.0138053598922374,-0.0136609308059894,0.00014442908624801,-0.00287611664421613,-0.00284602725124779,3.00893929683355e-05
20260927_101616_608,chiIG_low,chi_ig,low,0.1,0.45,2.5,10,39,kg,high_debt,-0.0134220842121886,-0.0132831651070582,0.000138919105130419,-0.00279626754420596,-0.00276732606397045,2.89414802355044e-05
20260927_101616_608,chiIG_low,chi_ig,low,0.1,0.45,2.5,10,40,kg,high_debt,-0.0130553192598581,-0.0129223414625912,0.000132977797266953,-0.00271985817913711,-0.00269215447137316,2.77037077639486e-05
20260927_101616_608,chiIG_low,chi_ig,low,0.1,0.45,2.5,10,1,xloc,low_debt,-0.00221259499002791,-0.00221781948975497,-5.2244997270634e-06,-0.00221259499002791,-0.00221781948975497,-5.2244997270634e-06
20260927_101616_608,chiIG_low,chi_ig,low,0.1,0.45,2.5,10,2,xloc,low_debt,-0.00187162823893006,-0.00187918710697887,-7.55886804881811e-06,-0.00187162823893006,-0.00187918710697887,-7.55886804881811e-06
20260927_101616_608,chiIG_low,chi_ig,low,0.1,0.45,2.5,10,3,xloc,low_debt,-0.00153215842805599,-0.00153975947989538,-7.60105183938986e-06,-0.00153215842805599,-0.00153975947989538,-7.60105183938986e-06
20260927_101616_608,chiIG_low,chi_ig,low,0.1,0.45,2.5,10,4,xloc,low_debt,-0.00123518701414616,-0.00124161274227252,-6.4257281263691e-06,-0.00123518701414616,-0.00124161274227252,-6.4257281263691e-06
20260927_101616_608,chiIG_low,chi_ig,low,0.1,0.45,2.5,10,5,xloc,low_debt,-0.000992225859261064,-0.000996949162246796,-4.72330298573187e-06,-0.000992225859261064,-0.000996949162246796,-4.72330298573187e-06
20260927_101616_608,chiIG_low,chi_ig,low,0.1,0.45,2.5,10,6,xloc,low_debt,-0.000801021499285182,-0.000803931696423232,-2.91019713805074e-06,-0.000801021499285182,-0.000803931696423232,-2.91019713805074e-06
20260927_101616_608,chiIG_low,chi_ig,low,0.1,0.45,2.5,10,7,xloc,low_debt,-0.000653921292144033,-0.000655139065672272,-1.21777352823926e-06,-0.000653921292144033,-0.000655139065672272,-1.21777352823926e-06
20260927_101616_608,chiIG_low,chi_ig,low,0.1,0.45,2.5,10,8,xloc,low_debt,-0.000542065744781772,-0.000541824245357203,2.41499424569191e-07,-0.000542065744781772,-0.000541824245357203,2.41499424569191e-07
20260927_101616_608,chiIG_low,chi_ig,low,0.1,0.45,2.5,10,9,xloc,low_debt,-0.000457287032443521,-0.000455859439519979,1.42759292354189e-06,-0.000457287032443521,-0.000455859439519979,1.42759292354189e-06
20260927_101616_608,chiIG_low,chi_ig,low,0.1,0.45,2.5,10,10,xloc,low_debt,-0.000392801054794778,-0.0003904592238827,2.34183091207818e-06,-0.000392801054794778,-0.0003904592238827,2.34183091207818e-06
20260927_101616_608,chiIG_low,chi_ig,low,0.1,0.45,2.5,10,11,xloc,low_debt,-0.000343305974481511,-0.000340298971886921,3.00700259459052e-06,-0.000343305974481511,-0.000340298971886921,3.00700259459052e-06
20260927_101616_608,chiIG_low,chi_ig,low,0.1,0.45,2.5,10,12,xloc,low_debt,-0.000304821279283218,-0.000301366051258967,3.45522802425169e-06,-0.000304821279283218,-0.000301366051258967,3.45522802425169e-06
20260927_101616_608,chiIG_low,chi_ig,low,0.1,0.45,2.5,10,13,xloc,low_debt,-0.000274440921832042,-0.000270719962415678,3.72095941636452e-06,-0.000274440921832042,-0.000270719962415678,3.72095941636452e-06
20260927_101616_608,chiIG_low,chi_ig,low,0.1,0.45,2.5,10,14,xloc,low_debt,-0.000250084209740709,-0.000246246965986741,3.83724375396799e-06,-0.000250084209740709,-0.000246246965986741,3.83724375396799e-06
20260927_101616_608,chiIG_low,chi_ig,low,0.1,0.45,2.5,10,15,xloc,low_debt,-0.0002302795667255,-0.000226445601292591,3.83396543290893e-06,-0.0002302795667255,-0.000226445601292591,3.83396543290893e-06
20260927_101616_608,chiIG_low,chi_ig,low,0.1,0.45,2.5,10,16,xloc,low_debt,-0.000213991388083423,-0.000210254159345502,3.73722873792115e-06,-0.000213991388083423,-0.000210254159345502,3.73722873792115e-06
20260927_101616_608,chiIG_low,chi_ig,low,0.1,0.45,2.5,10,17,xloc,low_debt,-0.000200488474396798,-0.000196919123161998,3.56935123480007e-06,-0.000200488474396798,-0.000196919123161998,3.56935123480007e-06
20260927_101616_608,chiIG_low,chi_ig,low,0.1,0.45,2.5,10,18,xloc,low_debt,-0.000189247828985106,-0.000185898679364693,3.34914962041299e-06,-0.000189247828985106,-0.000185898679364693,3.34914962041299e-06
20260927_101616_608,chiIG_low,chi_ig,low,0.1,0.45,2.5,10,19,xloc,low_debt,-0.00017988646605005,-0.000176794129705504,3.09233634454564e-06,-0.00017988646605005,-0.000176794129705504,3.09233634454564e-06
20260927_101616_608,chiIG_low,chi_ig,low,0.1,0.45,2.5,10,20,xloc,low_debt,-0.000172114375219468,-0.000169302444520514,2.8119306989538e-06,-0.000172114375219468,-0.000169302444520514,2.8119306989538e-06
20260927_101616_608,chiIG_low,chi_ig,low,0.1,0.45,2.5,10,21,xloc,low_debt,-0.000165702905859044,-0.000163184266834815,2.51863902422933e-06,-0.000165702905859044,-0.000163184266834815,2.51863902422933e-06
20260927_101616_608,chiIG_low,chi_ig,low,0.1,0.45,2.5,10,22,xloc,low_debt,-0.00016046406418524,-0.000158242876746817,2.22118743842259e-06,-0.00016046406418524,-0.000158242876746817,2.22118743842259e-06
20260927_101616_608,chiIG_low,chi_ig,low,0.1,0.45,2.5,10,23,xloc,low_debt,-0.000156237331218279,-0.000154310725747342,1.92660547093659e-06,-0.000156237331218279,-0.000154310725747342,1.92660547093659e-06
20260927_101616_608,chiIG_low,chi_ig,low,0.1,0.45,2.5,10,24,xloc,low_debt,-0.000152881530187665,-0.000151241064375585,1.64046581208055e-06,-0.000152881530187665,-0.000151241064375585,1.64046581208055e-06
20260927_101616_608,chiIG_low,chi_ig,low,0.1,0.45,2.5,10,25,xloc,low_debt,-0.000150269990162433,-0.000148902902511239,1.36708765119398e-06,-0.000150269990162433,-0.000148902902511239,1.36708765119398e-06
20260927_101616_608,chiIG_low,chi_ig,low,0.1,0.45,2.5,10,26,xloc,low_debt,-0.000148287791561286,-0.000147178080556976,1.10971100431012e-06,-0.000148287791561286,-0.000147178080556976,1.10971100431012e-06
20260927_101616_608,chiIG_low,chi_ig,low,0.1,0.45,2.5,10,27,xloc,low_debt,-0.00014683027185991,-0.000145959623537362,8.70648322548462e-07,-0.00014683027185991,-0.000145959623537362,8.70648322548462e-07
20260927_101616_608,chiIG_low,chi_ig,low,0.1,0.45,2.5,10,28,xloc,low_debt,-0.000145802249214788,-0.000145150830949015,6.51418265773529e-07,-0.000145802249214788,-0.000145150830949015,6.51418265773529e-07
20260927_101616_608,chiIG_low,chi_ig,low,0.1,0.45,2.5,10,29,xloc,low_debt,-0.00014511761641478,-0.000144664751228429,4.52865186351126e-07,-0.00014511761641478,-0.000144664751228429,4.52865186351126e-07
20260927_101616_608,chiIG_low,chi_ig,low,0.1,0.45,2.5,10,30,xloc,low_debt,-0.000144699090604883,-0.000144423823859041,2.75266745841662e-07,-0.000144699090604883,-0.000144423823859041,2.75266745841662e-07
20260927_101616_608,chiIG_low,chi_ig,low,0.1,0.45,2.5,10,31,xloc,low_debt,-0.000144477993306968,-0.000144359562054386,1.18431252582596e-07,-0.000144477993306968,-0.000144359562054386,1.18431252582596e-07
20260927_101616_608,chiIG_low,chi_ig,low,0.1,0.45,2.5,10,32,xloc,low_debt,-0.000144393993574021,-0.00014441220786654,-1.82142925186923e-08,-0.000144393993574021,-0.00014441220786654,-1.82142925186923e-08
20260927_101616_608,chiIG_low,chi_ig,low,0.1,0.45,2.5,10,33,xloc,low_debt,-0.00014439478424777,-0.000144530329076464,-1.35544828694378e-07,-0.00014439478424777,-0.000144530329076464,-1.35544828694378e-07
20260927_101616_608,chiIG_low,chi_ig,low,0.1,0.45,2.5,10,34,xloc,low_debt,-0.00014443568405742,-0.000144670350212817,-2.34666155396468e-07,-0.00014443568405742,-0.000144670350212817,-2.34666155396468e-07
20260927_101616_608,chiIG_low,chi_ig,low,0.1,0.45,2.5,10,35,xloc,low_debt,-0.000144479171497736,-0.000144796023343829,-3.16851846093869e-07,-0.000144479171497736,-0.000144796023343829,-3.16851846093869e-07
20260927_101616_608,chiIG_low,chi_ig,low,0.1,0.45,2.5,10,36,xloc,low_debt,-0.000144494363360614,-0.000144877851246283,-3.83487885668998e-07,-0.000144494363360614,-0.000144877851246283,-3.83487885668998e-07
20260927_101616_608,chiIG_low,chi_ig,low,0.1,0.45,2.5,10,37,xloc,low_debt,-0.000144456453728514,-0.000144892478467717,-4.36024739203233e-07,-0.000144456453728514,-0.000144892478467717,-4.36024739203233e-07
20260927_101616_608,chiIG_low,chi_ig,low,0.1,0.45,2.5,10,38,xloc,low_debt,-0.000144346129697714,-0.000144822066207029,-4.75936509314323e-07,-0.000144346129697714,-0.000144822066207029,-4.75936509314323e-07
20260927_101616_608,chiIG_low,chi_ig,low,0.1,0.45,2.5,10,39,xloc,low_debt,-0.000144148979104197,-0.000144653665884564,-5.04686780367081e-07,-0.000144148979104197,-0.000144653665884564,-5.04686780367081e-07
20260927_101616_608,chiIG_low,chi_ig,low,0.1,0.45,2.5,10,40,xloc,low_debt,-0.0001438549037307,-0.000144378604429507,-5.23700698806806e-07,-0.0001438549037307,-0.000144378604429507,-5.23700698806806e-07
20260927_101616_608,chiIG_low,chi_ig,low,0.1,0.45,2.5,10,1,xloc,high_debt,-0.00245107261249533,-0.00245904034111089,-7.96772861555439e-06,-0.00245107261249533,-0.00245904034111089,-7.96772861555439e-06
20260927_101616_608,chiIG_low,chi_ig,low,0.1,0.45,2.5,10,2,xloc,high_debt,-0.00227926839394677,-0.00229115601396035,-1.18876200135842e-05,-0.00227926839394677,-0.00229115601396035,-1.18876200135842e-05
20260927_101616_608,chiIG_low,chi_ig,low,0.1,0.45,2.5,10,3,xloc,high_debt,-0.00205144430742621,-0.00206401746039664,-1.25731529704298e-05,-0.00205144430742621,-0.00206401746039664,-1.25731529704298e-05
20260927_101616_608,chiIG_low,chi_ig,low,0.1,0.45,2.5,10,4,xloc,high_debt,-0.00182039546660984,-0.00183171420747408,-1.13187408642412e-05,-0.00182039546660984,-0.00183171420747408,-1.13187408642412e-05
20260927_101616_608,chiIG_low,chi_ig,low,0.1,0.45,2.5,10,5,xloc,high_debt,-0.00160831220693836,-0.00161733189167601,-9.01968473765447e-06,-0.00160831220693836,-0.00161733189167601,-9.01968473765447e-06
20260927_101616_608,chiIG_low,chi_ig,low,0.1,0.45,2.5,10,6,xloc,high_debt,-0.00142206097612396,-0.00142833274696741,-6.27177084344677e-06,-0.00142206097612396,-0.00142833274696741,-6.27177084344677e-06
20260927_101616_608,chiIG_low,chi_ig,low,0.1,0.45,2.5,10,7,xloc,high_debt,-0.00126147434788282,-0.00126492988668225,-3.45553879943505e-06,-0.00126147434788282,-0.00126492988668225,-3.45553879943505e-06
20260927_101616_608,chiIG_low,chi_ig,low,0.1,0.45,2.5,10,8,xloc,high_debt,-0.00112365399784853,-0.0011244558421174,-8.01844268871754e-07,-0.00112365399784853,-0.0011244558421174,-8.01844268871754e-07
20260927_101616_608,chiIG_low,chi_ig,low,0.1,0.45,2.5,10,9,xloc,high_debt,-0.00100506135985523,-0.0010035015937383,1.55976611693198e-06,-0.00100506135985523,-0.0010035015937383,1.55976611693198e-06
20260927_101616_608,chiIG_low,chi_ig,low,0.1,0.45,2.5,10,10,xloc,high_debt,-0.000902424461410978,-0.000898857803824482,3.56665758649566e-06,-0.000902424461410978,-0.000898857803824482,3.56665758649566e-06
20260927_101616_608,chiIG_low,chi_ig,low,0.1,0.45,2.5,10,11,xloc,high_debt,-0.000813043123716994,-0.000807843818337761,5.19930537923319e-06,-0.000813043123716994,-0.000807843818337761,5.19930537923319e-06
20260927_101616_608,chiIG_low,chi_ig,low,0.1,0.45,2.5,10,12,xloc,high_debt,-0.000734812318215261,-0.000728347160376175,6.46515783908619e-06,-0.000734812318215261,-0.000728347160376175,6.46515783908619e-06
20260927_101616_608,chiIG_low,chi_ig,low,0.1,0.45,2.5,10,13,xloc,high_debt,-0.000666132322564517,-0.00065874446052927,7.38786203524633e-06,-0.000666132322564517,-0.00065874446052927,7.38786203524633e-06
20260927_101616_608,chiIG_low,chi_ig,low,0.1,0.45,2.5,10,14,xloc,high_debt,-0.000605789420384584,-0.000597789270771365,8.00014961321871e-06,-0.000605789420384584,-0.000597789270771365,8.00014961321871e-06
20260927_101616_608,chiIG_low,chi_ig,low,0.1,0.45,2.5,10,15,xloc,high_debt,-0.000552844742686132,-0.000544505565779008,8.33917690712394e-06,-0.000552844742686132,-0.000544505565779008,8.33917690712394e-06
20260927_101616_608,chiIG_low,chi_ig,low,0.1,0.45,2.5,10,16,xloc,high_debt,-0.000506544885989668,-0.00049810139400408,8.44349198558803e-06,-0.000506544885989668,-0.00049810139400408,8.44349198558803e-06
20260927_101616_608,chiIG_low,chi_ig,low,0.1,0.45,2.5,10,17,xloc,high_debt,-0.000466256339133442,-0.000457905264142244,8.35107499119747e-06,-0.000466256339133442,-0.000457905264142244,8.35107499119747e-06
20260927_101616_608,chiIG_low,chi_ig,low,0.1,0.45,2.5,10,18,xloc,high_debt,-0.000431420791880521,-0.000423322703720808,8.09808815971369e-06,-0.000431420791880521,-0.000423322703720808,8.09808815971369e-06
20260927_101616_608,chiIG_low,chi_ig,low,0.1,0.45,2.5,10,19,xloc,high_debt,-0.000401526833129884,-0.000393808733461953,7.71809966793047e-06,-0.000401526833129884,-0.000393808733461953,7.71809966793047e-06
20260927_101616_608,chiIG_low,chi_ig,low,0.1,0.45,2.5,10,20,xloc,high_debt,-0.000376093579190329,-0.000368851950117377,7.24162907295156e-06,-0.000376093579190329,-0.000368851950117377,7.24162907295156e-06
20260927_101616_608,chiIG_low,chi_ig,low,0.1,0.45,2.5,10,21,xloc,high_debt,-0.000354662449404519,-0.000347966533804867,6.69591559965266e-06,-0.000354662449404519,-0.000347966533804867,6.69591559965266e-06
20260927_101616_608,chiIG_low,chi_ig,low,0.1,0.45,2.5,10,22,xloc,high_debt,-0.00033679414902732,-0.000330689304872456,6.1048441548639e-06,-0.00033679414902732,-0.000330689304872456,6.1048441548639e-06
20260927_101616_608,chiIG_low,chi_ig,low,0.1,0.45,2.5,10,23,xloc,high_debt,-0.00032206870946061,-0.000316579724647936,5.48898481267379e-06,-0.00032206870946061,-0.000316579724647936,5.48898481267379e-06
20260927_101616_608,chiIG_low,chi_ig,low,0.1,0.45,2.5,10,24,xloc,high_debt,-0.000310087091961342,-0.000305221377509768,4.86571445157402e-06,-0.000310087091961342,-0.000305221377509768,4.86571445157402e-06
20260927_101616_608,chiIG_low,chi_ig,low,0.1,0.45,2.5,10,25,xloc,high_debt,-0.000300473367989107,-0.000296223970656762,4.24939733234542e-06,-0.000300473367989107,-0.000296223970656762,4.24939733234542e-06
20260927_101616_608,chiIG_low,chi_ig,low,0.1,0.45,2.5,10,26,xloc,high_debt,-0.000292876862138858,-0.000289225255463266,3.65160667559206e-06,-0.000292876862138858,-0.000289225255463266,3.65160667559206e-06
20260927_101616_608,chiIG_low,chi_ig,low,0.1,0.45,2.5,10,27,xloc,high_debt,-0.000286973906784338,-0.000283892533875729,3.08137290860877e-06,-0.000286973906784338,-0.000283892533875729,3.08137290860877e-06
20260927_101616_608,chiIG_low,chi_ig,low,0.1,0.45,2.5,10,28,xloc,high_debt,-0.000282469036537503,-0.00027992358961193,2.54544692557257e-06,-0.000282469036537503,-0.00027992358961193,2.54544692557257e-06
20260927_101616_608,chiIG_low,chi_ig,low,0.1,0.45,2.5,10,29,xloc,high_debt,-0.000279095567577103,-0.000277046998743313,2.04856883379012e-06,-0.000279095567577103,-0.000277046998743313,2.04856883379012e-06
20260927_101616_608,chiIG_low,chi_ig,low,0.1,0.45,2.5,10,30,xloc,high_debt,-0.000276615579633877,-0.000275021845180135,1.593734453742e-06,-0.000276615579633877,-0.000275021845180135,1.593734453742e-06
20260927_101616_608,chiIG_low,chi_ig,low,0.1,0.45,2.5,10,31,xloc,high_debt,-0.000274819360517875,-0.000273636907107688,1.18245341018675e-06,-0.000274819360517875,-0.000273636907107688,1.18245341018675e-06
20260927_101616_608,chiIG_low,chi_ig,low,0.1,0.45,2.5,10,32,xloc,high_debt,-0.000273524394517888,-0.000272709400464977,8.14994052911189e-07,-0.000273524394517888,-0.000272709400464977,8.14994052911189e-07
20260927_101616_608,chiIG_low,chi_ig,low,0.1,0.45,2.5,10,33,xloc,high_debt,-0.00027257398392222,-0.000272083372244158,4.90611678061192e-07,-0.00027257398392222,-0.000272083372244158,4.90611678061192e-07
20260927_101616_608,chiIG_low,chi_ig,low,0.1,0.45,2.5,10,34,xloc,high_debt,-0.000271835592294822,-0.000271627834676935,2.07757617887161e-07,-0.000271835592294822,-0.000271627834676935,2.07757617887161e-07
20260927_101616_608,chiIG_low,chi_ig,low,0.1,0.45,2.5,10,35,xloc,high_debt,-0.000271198992404798,-0.000271234724697145,-3.57322923472125e-08,-0.000271198992404798,-0.000271234724697145,-3.57322923472125e-08
20260927_101616_608,chiIG_low,chi_ig,low,0.1,0.45,2.5,10,36,xloc,high_debt,-0.000270574293150028,-0.000270816763702553,-2.4247055252502e-07,-0.000270574293150028,-0.000270816763702553,-2.4247055252502e-07
20260927_101616_608,chiIG_low,chi_ig,low,0.1,0.45,2.5,10,37,xloc,high_debt,-0.000269889909948806,-0.000270305282109584,-4.15372160778027e-07,-0.000269889909948806,-0.000270305282109584,-4.15372160778027e-07
20260927_101616_608,chiIG_low,chi_ig,low,0.1,0.45,2.5,10,38,xloc,high_debt,-0.000269090532892036,-0.000269648062467986,-5.57529575950788e-07,-0.000269090532892036,-0.000269648062467986,-5.57529575950788e-07
20260927_101616_608,chiIG_low,chi_ig,low,0.1,0.45,2.5,10,39,xloc,high_debt,-0.000268135137038161,-0.000268807244575231,-6.72107537069699e-07,-0.000268135137038161,-0.000268807244575231,-6.72107537069699e-07
20260927_101616_608,chiIG_low,chi_ig,low,0.1,0.45,2.5,10,40,xloc,high_debt,-0.000266995069993503,-0.000267757326469664,-7.62256476161127e-07,-0.000266995069993503,-0.000267757326469664,-7.62256476161127e-07
20260927_101616_608,chiIG_high,chi_ig,high,0.1,0.45,2.5,40,1,ig,low_debt,-0.000150414944693963,-0.000153161217486972,-2.74627279300832e-06,-0.0012534578724497,-0.0012763434790581,-2.28856066084027e-05
20260927_101616_608,chiIG_high,chi_ig,high,0.1,0.45,2.5,40,2,ig,low_debt,-0.000267889913205796,-0.00027223125715127,-4.34134394547425e-06,-0.00223241594338163,-0.00226859380959392,-3.61778662122851e-05
20260927_101616_608,chiIG_high,chi_ig,high,0.1,0.45,2.5,40,3,ig,low_debt,-0.000360823177016398,-0.000365914702566306,-5.09152554990788e-06,-0.00300685980846998,-0.00304928918805255,-4.24293795825655e-05
20260927_101616_608,chiIG_high,chi_ig,high,0.1,0.45,2.5,40,4,ig,low_debt,-0.000434424599503935,-0.000439664102925438,-5.23950342150303e-06,-0.00362020499586613,-0.00366386752437865,-4.36625285125253e-05
20260927_101616_608,chiIG_high,chi_ig,high,0.1,0.45,2.5,40,5,ig,low_debt,-0.0004920682985846,-0.000497039746075581,-4.97144749098122e-06,-0.00410056915487167,-0.00414199788396317,-4.14287290915099e-05
20260927_101616_608,chiIG_high,chi_ig,high,0.1,0.45,2.5,40,6,ig,low_debt,-0.000536087661408155,-0.000540514804894282,-4.42714348612705e-06,-0.00446739717840129,-0.00450429004078568,-3.68928623843924e-05
20260927_101616_608,chiIG_high,chi_ig,high,0.1,0.45,2.5,40,7,ig,low_debt,-0.000568233105202959,-0.000571943143055656,-3.71003785269719e-06,-0.00473527587669132,-0.00476619285879713,-3.09169821058096e-05
20260927_101616_608,chiIG_high,chi_ig,high,0.1,0.45,2.5,40,8,ig,low_debt,-0.000589928862610625,-0.000592824786289026,-2.89592367840041e-06,-0.00491607385508854,-0.00494020655240855,-2.41326973200034e-05
20260927_101616_608,chiIG_high,chi_ig,high,0.1,0.45,2.5,40,9,ig,low_debt,-0.000602412117188728,-0.00060445204216554,-2.03992497681271e-06,-0.00502010097657273,-0.0050371003513795,-1.69993748067726e-05
20260927_101616_608,chiIG_high,chi_ig,high,0.1,0.45,2.5,40,10,ig,low_debt,-0.000606804796911734,-0.000607986663777177,-1.18186686544342e-06,-0.00505670664093111,-0.00506655553147647,-9.84889054536121e-06
20260927_101616_608,chiIG_high,chi_ig,high,0.1,0.45,2.5,40,11,ig,low_debt,-0.000604147955424156,-0.000604498240500795,-3.50285076639034e-07,-0.0050345662952013,-0.00503748533750662,-2.91904230532557e-06
20260927_101616_608,chiIG_high,chi_ig,high,0.1,0.45,2.5,40,12,ig,low_debt,-0.000595416234150575,-0.000594981596694993,4.34637455581921e-07,-0.00496180195125479,-0.00495817997245828,3.62197879651572e-06
20260927_101616_608,chiIG_high,chi_ig,high,0.1,0.45,2.5,40,13,ig,low_debt,-0.000581522403505744,-0.000580363459555519,1.15894395022464e-06,-0.00484602002921453,-0.00483636216296266,9.65786625187204e-06
20260927_101616_608,chiIG_high,chi_ig,high,0.1,0.45,2.5,40,14,ig,low_debt,-0.000563317530206761,-0.000561504160234955,1.81336997180648e-06,-0.00469431275172301,-0.00467920133529129,1.51114164317206e-05
20260927_101616_608,chiIG_high,chi_ig,high,0.1,0.45,2.5,40,15,ig,low_debt,-0.000541589719911556,-0.000539197486104398,2.39223380715803e-06,-0.00451324766592963,-0.00449331238420332,1.99352817263172e-05
20260927_101616_608,chiIG_high,chi_ig,high,0.1,0.45,2.5,40,16,ig,low_debt,-0.000517062901070467,-0.000514170275711684,2.89262535878299e-06,-0.00430885750892056,-0.00428475229759737,2.41052113231915e-05
20260927_101616_608,chiIG_high,chi_ig,high,0.1,0.45,2.5,40,17,ig,low_debt,-0.000490396292858408,-0.000487082490052831,3.3138028055768e-06,-0.00408663577382007,-0.00405902075044026,2.76150233798067e-05
20260927_101616_608,chiIG_high,chi_ig,high,0.1,0.45,2.5,40,18,ig,low_debt,-0.000462184761490306,-0.000458528028360133,3.65673313017234e-06,-0.00385153967908588,-0.00382106690300111,3.04727760847695e-05
20260927_101616_608,chiIG_high,chi_ig,high,0.1,0.45,2.5,40,19,ig,low_debt,-0.000432960049690082,-0.000429036317219161,3.92373247092015e-06,-0.00360800041408401,-0.00357530264349301,3.26977705910015e-05
20260927_101616_608,chiIG_high,chi_ig,high,0.1,0.45,2.5,40,20,ig,low_debt,-0.00040319276586262,-0.000399074589354453,4.11817650816659e-06,-0.00335993971552183,-0.00332562157795378,3.43181375680548e-05
20260927_101616_608,chiIG_high,chi_ig,high,0.1,0.45,2.5,40,21,ig,low_debt,-0.000373294985904785,-0.00036905072483831,4.24426106647446e-06,-0.00311079154920654,-0.00307542270698592,3.53688422206205e-05
20260927_101616_608,chiIG_high,chi_ig,high,0.1,0.45,2.5,40,22,ig,low_debt,-0.000343623319405004,-0.000339316519469349,4.30679993565497e-06,-0.00286352766170836,-0.00282763766224457,3.58899994637916e-05
20260927_101616_608,chiIG_high,chi_ig,high,0.1,0.45,2.5,40,23,ig,low_debt,-0.000314482305473415,-0.000310171253998209,4.31105147520594e-06,-0.00262068587894513,-0.00258476044998508,3.59254289600494e-05
20260927_101616_608,chiIG_high,chi_ig,high,0.1,0.45,2.5,40,24,ig,low_debt,-0.000286128022214019,-0.000281865453663432,4.26256855058649e-06,-0.00238440018511682,-0.0023488787805286,3.55214045882207e-05
20260927_101616_608,chiIG_high,chi_ig,high,0.1,0.45,2.5,40,25,ig,low_debt,-0.000258771813201858,-0.000254604744950926,4.16706825093205e-06,-0.00215643177668215,-0.00212170620792438,3.47255687577668e-05
20260927_101616_608,chiIG_high,chi_ig,high,0.1,0.45,2.5,40,26,ig,low_debt,-0.000232584052149057,-0.000228553733134906,4.03031901415052e-06,-0.00193820043457547,-0.00190461444279089,3.35859917845877e-05
20260927_101616_608,chiIG_high,chi_ig,high,0.1,0.45,2.5,40,27,ig,low_debt,-0.000207697882477542,-0.000203839838990721,3.85804348682073e-06,-0.00173081568731285,-0.00169866532492268,3.21503623901727e-05
20260927_101616_608,chiIG_high,chi_ig,high,0.1,0.45,2.5,40,28,ig,low_debt,-0.000184212881671253,-0.000180557045828547,3.65583584270579e-06,-0.00153510734726044,-0.00150464204857123,3.0465298689215e-05
20260927_101616_608,chiIG_high,chi_ig,high,0.1,0.45,2.5,40,29,ig,low_debt,-0.000162198611264402,-0.000158769518770363,3.42909249403944e-06,-0.00135165509387002,-0.00132307932308636,2.8575770783662e-05
20260927_101616_608,chiIG_high,chi_ig,high,0.1,0.45,2.5,40,30,ig,low_debt,-0.00014169802243541,-0.0001385150672083,3.1829552271101e-06,-0.00118081685362842,-0.00115429222673584,2.65246268925841e-05
20260927_101616_608,chiIG_high,chi_ig,high,0.1,0.45,2.5,40,31,ig,low_debt,-0.000122730694731676,-0.000119808428900969,2.92226583070709e-06,-0.00102275578943064,-0.000998403574174744,2.43522152558926e-05
20260927_101616_608,chiIG_high,chi_ig,high,0.1,0.45,2.5,40,32,ig,low_debt,-0.000105295891722992,-0.000102644360429893,2.65153129309914e-06,-0.00087746576435827,-0.00085536967024911,2.20960941091595e-05
20260927_101616_608,chiIG_high,chi_ig,high,0.1,0.45,2.5,40,33,ig,low_debt,-8.93754226013732e-05,-8.70005239628074e-05,2.37489863856577e-06,-0.000744795188344777,-0.000725004366356729,1.9790821988048e-05
20260927_101616_608,chiIG_high,chi_ig,high,0.1,0.45,2.5,40,34,ig,low_debt,-7.49363030987937e-05,-7.28401646265114e-05,2.09613847228229e-06,-0.000624469192489948,-0.000607001371887595,1.74678206023524e-05
20260927_101616_608,chiIG_high,chi_ig,high,0.1,0.45,2.5,40,35,ig,low_debt,-6.19332127251848e-05,-6.01145764208277e-05,1.81863630435708e-06,-0.000516110106043207,-0.000500954803506898,1.5155302536309e-05
20260927_101616_608,chiIG_high,chi_ig,high,0.1,0.45,2.5,40,36,ig,low_debt,-5.03107483551812e-05,-4.87653576179137e-05,1.54539073726756e-06,-0.000419256236293177,-0.000406377980149281,1.28782561438964e-05
20260927_101616_608,chiIG_high,chi_ig,high,0.1,0.45,2.5,40,37,ig,low_debt,-4.00054767003555e-05,-3.87264590774872e-05,1.27901762286831e-06,-0.000333378972502962,-0.000322720492312393,1.06584801905692e-05
20260927_101616_608,chiIG_high,chi_ig,high,0.1,0.45,2.5,40,38,ig,low_debt,-3.09477902692701e-05,-2.99260309422483e-05,1.02175932702175e-06,-0.000257898252243917,-0.000249383591185403,8.51466105851462e-06
20260927_101616_608,chiIG_high,chi_ig,high,0.1,0.45,2.5,40,39,ig,low_debt,-2.30635730974066e-05,-2.22880748169257e-05,7.75498280480846e-07,-0.000192196442478388,-0.000185733956807715,6.46248567067373e-06
20260927_101616_608,chiIG_high,chi_ig,high,0.1,0.45,2.5,40,40,ig,low_debt,-1.62756838723577e-05,-1.57339098307979e-05,5.41774041559751e-07,-0.000135630698936314,-0.000131115915256649,4.5147836796646e-06
20260927_101616_608,chiIG_high,chi_ig,high,0.1,0.45,2.5,40,1,ig,high_debt,-0.000345663798407128,-0.000349602565657636,-3.93876725050812e-06,-0.00288053165339273,-0.00291335471381364,-3.28230604209013e-05
20260927_101616_608,chiIG_high,chi_ig,high,0.1,0.45,2.5,40,2,ig,high_debt,-0.000630473522931801,-0.000636895882276403,-6.42235934460167e-06,-0.00525394602443168,-0.00530746568563669,-5.35196612050136e-05
20260927_101616_608,chiIG_high,chi_ig,high,0.1,0.45,2.5,40,3,ig,high_debt,-0.000863436099299356,-0.000871205110767909,-7.76901146855302e-06,-0.00719530082749463,-0.00726004258973257,-6.47417622379421e-05
20260927_101616_608,chiIG_high,chi_ig,high,0.1,0.45,2.5,40,4,ig,high_debt,-0.00105133219117463,-0.00105957738917982,-8.24519800518564e-06,-0.00876110159312195,-0.00882981157649849,-6.8709983376547e-05
20260927_101616_608,chiIG_high,chi_ig,high,0.1,0.45,2.5,40,5,ig,high_debt,-0.00119958001617194,-0.00120764816537482,-8.06814920287224e-06,-0.0099965001347662,-0.0100637347114568,-6.72345766906026e-05
20260927_101616_608,chiIG_high,chi_ig,high,0.1,0.45,2.5,40,6,ig,high_debt,-0.0013127473790446,-0.00132015986693834,-7.41248789373761e-06,-0.0109395614920384,-0.0110013322244862,-6.17707324478134e-05
20260927_101616_608,chiIG_high,chi_ig,high,0.1,0.45,2.5,40,7,ig,high_debt,-0.00139484891304227,-0.00140126661327716,-6.41770023489252e-06,-0.0116237409420189,-0.0116772217773097,-5.34808352907704e-05
20260927_101616_608,chiIG_high,chi_ig,high,0.1,0.45,2.5,40,8,ig,high_debt,-0.00144951423672725,-0.00145470922455924,-5.19498783199679e-06,-0.0120792853060604,-0.012122576871327,-4.32915652666399e-05
20260927_101616_608,chiIG_high,chi_ig,high,0.1,0.45,2.5,40,9,ig,high_debt,-0.00148008006327825,-0.00148391305968788,-3.83299640963064e-06,-0.0123340005273188,-0.0123659421640657,-3.19416367469232e-05
20260927_101616_608,chiIG_high,chi_ig,high,0.1,0.45,2.5,40,10,ig,high_debt,-0.00148963867682024,-0.0014920410488207,-2.40237200045679e-06,-0.0124136556401687,-0.0124336754068391,-2.00197666704732e-05
20260927_101616_608,chiIG_high,chi_ig,high,0.1,0.45,2.5,40,11,ig,high_debt,-0.00148106229767174,-0.00148202158539303,-9.59287721286062e-07,-0.0123421858139312,-0.0123501798782752,-7.99406434405167e-06
20260927_101616_608,chiIG_high,chi_ig,high,0.1,0.45,2.5,40,12,ig,high_debt,-0.00145701488154469,-0.00145656302363438,4.51857910310771e-07,-0.0121417906795391,-0.0121380251969532,3.76548258592194e-06
20260927_101616_608,chiIG_high,chi_ig,high,0.1,0.45,2.5,40,13,ig,high_debt,-0.00141995801886768,-0.00141816164376504,1.79637510264175e-06,-0.011832983490564,-0.011818013698042,1.49697925220151e-05
20260927_101616_608,chiIG_high,chi_ig,high,0.1,0.45,2.5,40,14,ig,high_debt,-0.00137215465553477,-0.00136910697227978,3.04768325498639e-06,-0.0114346221294564,-0.0114092247689982,2.53973604582187e-05
20260927_101616_608,chiIG_high,chi_ig,high,0.1,0.45,2.5,40,15,ig,high_debt,-0.00131567260673601,-0.00131148655913239,4.18604760361874e-06,-0.0109639383894668,-0.0109290546594366,3.48837300301556e-05
20260927_101616_608,chiIG_high,chi_ig,high,0.1,0.45,2.5,40,16,ig,high_debt,-0.00125238881644878,-0.00124719126117376,5.19755527501886e-06,-0.0104365734704065,-0.0103932605097813,4.33129606251578e-05
20260927_101616_608,chiIG_high,chi_ig,high,0.1,0.45,2.5,40,17,ig,high_debt,-0.00118399473717624,-0.00117792147556456,6.07326161168598e-06,-0.00986662280980204,-0.00981601229637132,5.06105134307159e-05
20260927_101616_608,chiIG_high,chi_ig,high,0.1,0.45,2.5,40,18,ig,high_debt,-0.00111200288906949,-0.00110519443006298,6.80845900651039e-06,-0.00926669074224571,-0.00920995358385813,5.67371583875872e-05
20260927_101616_608,chiIG_high,chi_ig,high,0.1,0.45,2.5,40,19,ig,high_debt,-0.00103775449574167,-0.00103035245951008,7.40203623159075e-06,-0.0086479541311806,-0.00858627049591734,6.16836352632568e-05
20260927_101616_608,chiIG_high,chi_ig,high,0.1,0.45,2.5,40,20,ig,high_debt,-0.000962428020232442,-0.000954572112819532,7.85590741290976e-06,-0.00802023350193702,-0.00795476760682944,6.54658951075825e-05
20260927_101616_608,chiIG_high,chi_ig,high,0.1,0.45,2.5,40,21,ig,high_debt,-0.000887048399682039,-0.000878873902235192,8.17449744684728e-06,-0.00739206999735032,-0.00732394918529326,6.8120812057061e-05
20260927_101616_608,chiIG_high,chi_ig,high,0.1,0.45,2.5,40,22,ig,high_debt,-0.000812496778500732,-0.000804132502796873,8.36427570385934e-06,-0.0067708064875061,-0.00670110418997394,6.97022975321617e-05
20260927_101616_608,chiIG_high,chi_ig,high,0.1,0.45,2.5,40,23,ig,high_debt,-0.000739520554070006,-0.000731087221003623,8.43333306638216e-06,-0.00616267128391671,-0.00609239350836353,7.02777755531847e-05
20260927_101616_608,chiIG_high,chi_ig,high,0.1,0.45,2.5,40,24,ig,high_debt,-0.000668743568955812,-0.000660352569683401,8.39099927241183e-06,-0.00557286307463177,-0.00550293808069501,6.99249939367652e-05
20260927_101616_608,chiIG_high,chi_ig,high,0.1,0.45,2.5,40,25,ig,high_debt,-0.000600676305278602,-0.000592428806673317,8.24749860528495e-06,-0.00500563587732169,-0.00493690672227765,6.87291550440419e-05
20260927_101616_608,chiIG_high,chi_ig,high,0.1,0.45,2.5,40,26,ig,high_debt,-0.000535725958215161,-0.000527712315731566,8.01364248359526e-06,-0.00446438298512634,-0.00439760263109638,6.67803540299605e-05
20260927_101616_608,chiIG_high,chi_ig,high,0.1,0.45,2.5,40,27,ig,high_debt,-0.000474206285625681,-0.000466505727949637,7.70055767604361e-06,-0.00395171904688067,-0.00388754773291364,6.41713139670299e-05
20260927_101616_608,chiIG_high,chi_ig,high,0.1,0.45,2.5,40,28,ig,high_debt,-0.000416347149099605,-0.00040902770026402,7.31944883558544e-06,-0.00346955957583004,-0.00340856416886683,6.09954069632121e-05
20260927_101616_608,chiIG_high,chi_ig,high,0.1,0.45,2.5,40,29,ig,high_debt,-0.000362303678196424,-0.000355422284282397,6.88139391402665e-06,-0.00301919731830353,-0.00296185236901998,5.73449492835554e-05
20260927_101616_608,chiIG_high,chi_ig,high,0.1,0.45,2.5,40,30,ig,high_debt,-0.0003121650043625,-0.000305767833520751,6.39717084174873e-06,-0.00260137503635416,-0.00254806527933959,5.33097570145726e-05
20260927_101616_608,chiIG_high,chi_ig,high,0.1,0.45,2.5,40,31,ig,high_debt,-0.000265962524038474,-0.000260085410359379,5.87711367909527e-06,-0.00221635436698728,-0.00216737841966149,4.89759473257939e-05
20260927_101616_608,chiIG_high,chi_ig,high,0.1,0.45,2.5,40,32,ig,high_debt,-0.000223677661960159,-0.00021834666567358,5.33099628657885e-06,-0.00186398051633466,-0.00181955554727983,4.44249690548237e-05
20260927_101616_608,chiIG_high,chi_ig,high,0.1,0.45,2.5,40,33,ig,high_debt,-0.00018524911572558,-0.000180481174290203,4.76794143537684e-06,-0.0015437426310465,-0.0015040097857517,3.9732845294807e-05
20260927_101616_608,chiIG_high,chi_ig,high,0.1,0.45,2.5,40,34,ig,high_debt,-0.000150579571473186,-0.000146383218282226,4.19635319096057e-06,-0.00125482976227655,-0.00121986015235188,3.49696099246715e-05
20260927_101616_608,chiIG_high,chi_ig,high,0.1,0.45,2.5,40,35,ig,high_debt,-0.000119541888101746,-0.000115918017747865,3.62387035388045e-06,-0.000996182400847881,-0.00096598348123221,3.01989196156704e-05
20260927_101616_608,chiIG_high,chi_ig,high,0.1,0.45,2.5,40,36,ig,high_debt,-9.19847539642277e-05,-8.89274152341274e-05,3.05733873010028e-06,-0.000766539616368564,-0.000741061793617728,2.54778227508357e-05
20260927_101616_608,chiIG_high,chi_ig,high,0.1,0.45,2.5,40,37,ig,high_debt,-6.77378254790167e-05,-6.52350254534279e-05,2.50280002558889e-06,-0.000564481878991806,-0.000543625212111899,2.08566668799074e-05
20260927_101616_608,chiIG_high,chi_ig,high,0.1,0.45,2.5,40,38,ig,high_debt,-4.66163617111603e-05,-4.46508664979223e-05,1.96549521323808e-06,-0.000388469680926336,-0.000372090554149352,1.6379126776984e-05
20260927_101616_608,chiIG_high,chi_ig,high,0.1,0.45,2.5,40,39,ig,high_debt,-2.84253727648176e-05,-2.6975492467024e-05,1.44988029779358e-06,-0.00023687810637348,-0.000224795770558534,1.20823358149465e-05
20260927_101616_608,chiIG_high,chi_ig,high,0.1,0.45,2.5,40,40,ig,high_debt,-1.29633028736614e-05,-1.20036503697685e-05,9.5965250389296e-07,-0.000108027523947179,-0.000100030419748071,7.99710419910801e-06
20260927_101616_608,chiIG_high,chi_ig,high,0.1,0.45,2.5,40,1,kg,low_debt,-0.000150414944694255,-0.000153161217486542,-2.74627279228667e-06,-3.13364468113031e-05,-3.19085869763628e-05,-5.72140165059728e-07
20260927_101616_608,chiIG_high,chi_ig,high,0.1,0.45,2.5,40,2,kg,low_debt,-0.000414544484281798,-0.000421563444205297,-7.01895992349932e-06,-8.63634342253746e-05,-8.78257175427703e-05,-1.46228331739569e-06
20260927_101616_608,chiIG_high,chi_ig,high,0.1,0.45,2.5,40,3,kg,low_debt,-0.000765004049190665,-0.000776939060671111,-1.19350114804462e-05,-0.000159375843581389,-0.000161862304306482,-2.48646072509295e-06
20260927_101616_608,chiIG_high,chi_ig,high,0.1,0.45,2.5,40,4,kg,low_debt,-0.00118030354746512,-0.00119717968708422,-1.68761396190931e-05,-0.000245896572388567,-0.000249412434809212,-3.51586242064439e-06
20260927_101616_608,chiIG_high,chi_ig,high,0.1,0.45,2.5,40,5,kg,low_debt,-0.00164286425736204,-0.00166428994098755,-2.14256836255089e-05,-0.000342263386950425,-0.000346727071039073,-4.46368408864772e-06
20260927_101616_608,chiIG_high,chi_ig,high,0.1,0.45,2.5,40,6,kg,low_debt,-0.00213788031233619,-0.00216319749736105,-2.53171850248535e-05,-0.000445391731736707,-0.000450666145283551,-5.27441354684444e-06
20260927_101616_608,chiIG_high,chi_ig,high,0.1,0.45,2.5,40,7,kg,low_debt,-0.00265266640973039,-0.00268106070298657,-2.83942932561843e-05,-0.000552638835360497,-0.000558554313122202,-5.91547776170509e-06
20260927_101616_608,chiIG_high,chi_ig,high,0.1,0.45,2.5,40,8,kg,low_debt,-0.00317627861209768,-0.00320685897170581,-3.05803596081233e-05,-0.000661724710853684,-0.000668095619105376,-6.3709082516924e-06
20260927_101616_608,chiIG_high,chi_ig,high,0.1,0.45,2.5,40,9,kg,low_debt,-0.0036992837639831,-0.00373113953958271,-3.18557755996096e-05,-0.000770684117496478,-0.000777320737413064,-6.63661991658537e-06
20260927_101616_608,chiIG_high,chi_ig,high,0.1,0.45,2.5,40,10,kg,low_debt,-0.00421360646679503,-0.00424584771487435,-3.22412480793233e-05,-0.000877834680582298,-0.00088455160726549,-6.71692668319235e-06
20260927_101616_608,chiIG_high,chi_ig,high,0.1,0.45,2.5,40,11,kg,low_debt,-0.00471241426054902,-0.00474419976250751,-3.17855019584812e-05,-0.000981752970947714,-0.000988374950522397,-6.62197957468358e-06
20260927_101616_608,chiIG_high,chi_ig,high,0.1,0.45,2.5,40,12,kg,low_debt,-0.00519002013818515,-0.00522057636514361,-3.05562269584669e-05,-0.00108125419545524,-0.00108762007607159,-6.36588061634735e-06
20260927_101616_608,chiIG_high,chi_ig,high,0.1,0.45,2.5,40,13,kg,low_debt,-0.00564179203823567,-0.00567042541557417,-2.86333773384939e-05,-0.0011753733412991,-0.00118133862824462,-5.96528694551957e-06
20260927_101616_608,chiIG_high,chi_ig,high,0.1,0.45,2.5,40,14,kg,low_debt,-0.00606406476748678,-0.0060901689404238,-2.61041729370248e-05,-0.00126334682655975,-0.00126878519592163,-5.43836936188024e-06
20260927_101616_608,chiIG_high,chi_ig,high,0.1,0.45,2.5,40,15,kg,low_debt,-0.00645405286821088,-0.00647711220302138,-2.30593348105046e-05,-0.00134459434754393,-0.00134939837562946,-4.80402808552172e-06
20260927_101616_608,chiIG_high,chi_ig,high,0.1,0.45,2.5,40,16,kg,low_debt,-0.00680976444757508,-0.00682935467366175,-1.95902260866632e-05,-0.00141870092657814,-0.00142278222367953,-4.08129710138816e-06
20260927_101616_608,chiIG_high,chi_ig,high,0.1,0.45,2.5,40,17,kg,low_debt,-0.00712991662924356,-0.00714570329687714,-1.57866676335772e-05,-0.00148539929775908,-0.0014886881868494,-3.28888909032865e-06
20260927_101616_608,chiIG_high,chi_ig,high,0.1,0.45,2.5,40,18,kg,low_debt,-0.00741385347500234,-0.00742558874281851,-1.17352678161708e-05,-0.00154455280729215,-0.00154699765475386,-2.44484746170226e-06
20260927_101616_608,chiIG_high,chi_ig,high,0.1,0.45,2.5,40,19,kg,low_debt,-0.00766146718781702,-0.00766898534147131,-7.51815365429565e-06,-0.00159613899746188,-0.00159770527947319,-1.56628201131159e-06
20260927_101616_608,chiIG_high,chi_ig,high,0.1,0.45,2.5,40,20,kg,low_debt,-0.00787312327398393,-0.00787633529729259,-3.21202330866299e-06,-0.00164023401541332,-0.00164090318693596,-6.69171522638123e-07
20260927_101616_608,chiIG_high,chi_ig,high,0.1,0.45,2.5,40,21,kg,low_debt,-0.00804959017803863,-0.00804847763970251,1.11253833612324e-06,-0.00167699795375805,-0.00167676617493802,2.31778820025674e-07
20260927_101616_608,chiIG_high,chi_ig,high,0.1,0.45,2.5,40,22,kg,low_debt,-0.00819197374299208,-0.00818658221818325,5.39152480882876e-06,-0.00170666119645668,-0.00170553796212151,1.12323433517259e-06
20260927_101616_608,chiIG_high,chi_ig,high,0.1,0.45,2.5,40,23,kg,low_debt,-0.0083016567048908,-0.00829208891672994,9.56778816085802e-06,-0.00172951181351892,-0.00172751852431874,1.99328920017883e-06
20260927_101616_608,chiIG_high,chi_ig,high,0.1,0.45,2.5,40,24,kg,low_debt,-0.00838024330948173,-0.00836665214747878,1.35911620029461e-05,-0.00174588402280869,-0.00174305253072475,2.83149208394717e-06
20260927_101616_608,chiIG_high,chi_ig,high,0.1,0.45,2.5,40,25,kg,low_debt,-0.00842950903994666,-0.00841209058874615,1.74184512005127e-05,-0.00175614771665555,-0.00175251887265545,3.62884400010666e-06
20260927_101616_608,chiIG_high,chi_ig,high,0.1,0.45,2.5,40,26,kg,low_debt,-0.00845135536609654,-0.00843034205716631,2.10133089302289e-05,-0.00176069903460345,-0.00175632126190965,4.37777269379769e-06
20260927_101616_608,chiIG_high,chi_ig,high,0.1,0.45,2.5,40,27,kg,low_debt,-0.00844776936442138,-0.00842342334473134,2.43460196900358e-05,-0.00175995195092112,-0.0017548798634857,5.0720874354242e-06
20260927_101616_608,chiIG_high,chi_ig,high,0.1,0.45,2.5,40,28,kg,low_debt,-0.0084207880119811,-0.00839339480694434,2.7393205036752e-05,-0.00175433083582939,-0.0017486239181134,5.70691771599008e-06
20260927_101616_608,chiIG_high,chi_ig,high,0.1,0.45,2.5,40,29,kg,low_debt,-0.00837246692294613,-0.00834232945554447,3.01374674016586e-05,-0.00174426394228044,-0.00173798530323843,6.2786390420122e-06
20260927_101616_608,chiIG_high,chi_ig,high,0.1,0.45,2.5,40,30,kg,low_debt,-0.0083048532723069,-0.00827228628636778,3.25669859391198e-05,-0.00173017776506394,-0.00172339297632662,6.78478873731669e-06
20260927_101616_608,chiIG_high,chi_ig,high,0.1,0.45,2.5,40,31,kg,low_debt,-0.00821996263523062,-0.00818528755811254,3.46750771180737e-05,-0.00171249221567304,-0.00170526824127345,7.22397439959855e-06
20260927_101616_608,chiIG_high,chi_ig,high,0.1,0.45,2.5,40,32,kg,low_debt,-0.00811975946107246,-0.00808329972959321,3.64597314792547e-05,-0.0016916165543901,-0.00168402077699858,7.5957773915114e-06
20260927_101616_608,chiIG_high,chi_ig,high,0.1,0.45,2.5,40,33,kg,low_debt,-0.00800614089714724,-0.00796821776031909,3.79231368281552e-05,-0.00166794602023901,-0.00166004536673314,7.90065350586566e-06
20260927_101616_608,chiIG_high,chi_ig,high,0.1,0.45,2.5,40,34,kg,low_debt,-0.00788092367781701,-0.00784185248094094,3.90711968760726e-05,-0.00164185909954521,-0.0016337192668627,8.13983268251506e-06
20260927_101616_608,chiIG_high,chi_ig,high,0.1,0.45,2.5,40,35,kg,low_debt,-0.00774583379859628,-0.00770592074534093,3.99130532553471e-05,-0.00161371537470756,-0.00160540015527936,8.31521942819724e-06
20260927_101616_608,chiIG_high,chi_ig,high,0.1,0.45,2.5,40,36,kg,low_debt,-0.00760249870198582,-0.00756203808432776,4.04606176580558e-05,-0.00158385389624704,-0.00157542460090162,8.42929534542814e-06
20260927_101616_608,chiIG_high,chi_ig,high,0.1,0.45,2.5,40,37,kg,low_debt,-0.0074524417111359,-0.00741171359130011,4.07281198357978e-05,-0.00155259202315331,-0.00154410699818752,8.48502496579129e-06
20260927_101616_608,chiIG_high,chi_ig,high,0.1,0.45,2.5,40,38,kg,low_debt,-0.00729707845862659,-0.00725634678246312,4.07316761634746e-05,-0.00152022467888054,-0.00151173891301315,8.48576586739069e-06
20260927_101616_608,chiIG_high,chi_ig,high,0.1,0.45,2.5,40,39,kg,low_debt,-0.00713771507025829,-0.00709722618772091,4.04888825373817e-05,-0.00148702397297048,-0.00147858878910852,8.43518386195452e-06
20260927_101616_608,chiIG_high,chi_ig,high,0.1,0.45,2.5,40,40,kg,low_debt,-0.00697554787737342,-0.00693552944286147,4.0018434511957e-05,-0.00145323914111946,-0.00144490196726281,8.33717385665777e-06
20260927_101616_608,chiIG_high,chi_ig,high,0.1,0.45,2.5,40,1,kg,high_debt,-0.000345663798406726,-0.000349602565657747,-3.9387672510216e-06,-7.20132913347345e-05,-7.2833867845364e-05,-8.205765106295e-07
20260927_101616_608,chiIG_high,chi_ig,high,0.1,0.45,2.5,40,2,kg,high_debt,-0.000967495726379219,-0.000977758383794658,-1.02626574154385e-05,-0.000201561609662337,-0.000203699663290554,-2.13805362821637e-06
20260927_101616_608,chiIG_high,chi_ig,high,0.1,0.45,2.5,40,3,kg,high_debt,-0.00180674443251849,-0.00182451953496976,-1.77751024512673e-05,-0.000376405090108019,-0.000380108236452033,-3.70314634401403e-06
20260927_101616_608,chiIG_high,chi_ig,high,0.1,0.45,2.5,40,4,kg,high_debt,-0.00281290801288048,-0.00283848393577646,-2.55759228959818e-05,-0.000586022502683433,-0.000591350819953429,-5.32831726999616e-06
20260927_101616_608,chiIG_high,chi_ig,high,0.1,0.45,2.5,40,5,kg,high_debt,-0.0039421653287306,-0.00397517000275904,-3.30046740284473e-05,-0.000821284443485541,-0.000828160417241467,-6.87597375592652e-06
20260927_101616_608,chiIG_high,chi_ig,high,0.1,0.45,2.5,40,6,kg,high_debt,-0.0051563585745571,-0.00519595061962974,-3.9592045072645e-05,-0.0010742413696994,-0.00108248971242286,-8.24834272346764e-06
20260927_101616_608,chiIG_high,chi_ig,high,0.1,0.45,2.5,40,7,kg,high_debt,-0.00642229852323606,-0.00646731846741844,-4.50199441823784e-05,-0.00133797885900751,-0.00134735801404551,-9.37915503799536e-06
20260927_101616_608,chiIG_high,chi_ig,high,0.1,0.45,2.5,40,8,kg,high_debt,-0.00771125529688277,-0.0077603447302943,-4.9089433411531e-05,-0.00160651152018391,-0.00161673848547798,-1.0226965294069e-05
20260927_101616_608,chiIG_high,chi_ig,high,0.1,0.45,2.5,40,9,kg,high_debt,-0.00899855397773841,-0.00905024917172614,-5.1695193987733e-05,-0.00187469874536217,-0.00188546857744295,-1.07698320807779e-05
20260927_101616_608,chiIG_high,chi_ig,high,0.1,0.45,2.5,40,10,kg,high_debt,-0.0102632288051154,-0.0103160339912565,-5.28051861410361e-05,-0.00213817266773238,-0.00214917374817843,-1.10010804460492e-05
20260927_101616_608,chiIG_high,chi_ig,high,0.1,0.45,2.5,40,11,kg,high_debt,-0.0114877103826601,-0.0115401547268696,-5.24443442095901e-05,-0.00239327299638751,-0.00240419890143118,-1.09259050436643e-05
20260927_101616_608,chiIG_high,chi_ig,high,0.1,0.45,2.5,40,12,kg,high_debt,-0.0126575325046385,-0.0127082138823349,-5.0681377696371e-05,-0.00263698593846636,-0.00264754455881977,-1.05586203534105e-05
20260927_101616_608,chiIG_high,chi_ig,high,0.1,0.45,2.5,40,13,kg,high_debt,-0.0137610522108904,-0.013808670179043,-4.76179681525579e-05,-0.00286688587726884,-0.00287680628730062,-9.9204100317829e-06
20260927_101616_608,chiIG_high,chi_ig,high,0.1,0.45,2.5,40,14,kg,high_debt,-0.0147891805611531,-0.0148325603968491,-4.33798356960224e-05,-0.00308107928357356,-0.00309011674934356,-9.03746577000453e-06
20260927_101616_608,chiIG_high,chi_ig,high,0.1,0.45,2.5,40,15,kg,high_debt,-0.0157351236538608,-0.0157732329460627,-3.81092922019377e-05,-0.00327815076122099,-0.0032860901970964,-7.93943587540369e-06
20260927_101616_608,chiIG_high,chi_ig,high,0.1,0.45,2.5,40,16,kg,high_debt,-0.0165941343789626,-0.0166260933835876,-3.19590046249374e-05,-0.00345711132895055,-0.00346376945491407,-6.65812596352877e-06
20260927_101616_608,chiIG_high,chi_ig,high,0.1,0.45,2.5,40,17,kg,high_debt,-0.017363275756666,-0.0173883625245645,-2.50867678985855e-05,-0.00361734911597208,-0.00362257552595095,-5.22640997887213e-06
20260927_101616_608,chiIG_high,chi_ig,high,0.1,0.45,2.5,40,18,kg,high_debt,-0.0180411967518186,-0.018058847891516,-1.76511396974277e-05,-0.00375858265662887,-0.00376225997739917,-3.67732077029758e-06
20260927_101616_608,chiIG_high,chi_ig,high,0.1,0.45,2.5,40,19,kg,high_debt,-0.0186279213287648,-0.0186377291537401,-9.8078249752831e-06,-0.00388081694349266,-0.00388286024036251,-2.0432968698505e-06
20260927_101616_608,chiIG_high,chi_ig,high,0.1,0.45,2.5,40,20,kg,high_debt,-0.0191246513157788,-0.0191263580377186,-1.70672193977595e-06,-0.00398430235745391,-0.0039846579245247,-3.55567070786655e-07
20260927_101616_608,chiIG_high,chi_ig,high,0.1,0.45,2.5,40,21,kg,high_debt,-0.0195335834325663,-0.0195270729890131,6.51044355315378e-06,-0.00406949654845131,-0.0040681402060444,1.35634240690762e-06
20260927_101616_608,chiIG_high,chi_ig,high,0.1,0.45,2.5,40,22,kg,high_debt,-0.0198577406252536,-0.0198430286670872,1.47119581663802e-05,-0.00413702929692783,-0.00413396430564317,3.06499128466253e-06
20260927_101616_608,chiIG_high,chi_ig,high,0.1,0.45,2.5,40,23,kg,high_debt,-0.0201008176636925,-0.0200780401714162,2.27774922763047e-05,-0.00418767034660261,-0.00418292503571172,4.7453108908968e-06
20260927_101616_608,chiIG_high,chi_ig,high,0.1,0.45,2.5,40,24,kg,high_debt,-0.0202670407910563,-0.0202364417368166,3.05990542397439e-05,-0.00422230016480341,-0.00421592536183679,6.3748029666133e-06
20260927_101616_608,chiIG_high,chi_ig,high,0.1,0.45,2.5,40,25,kg,high_debt,-0.0203610410765593,-0.0203229595000725,3.80815764868814e-05,-0.00424188355761653,-0.00423394989584843,7.93366176810029e-06
20260927_101616_608,chiIG_high,chi_ig,high,0.1,0.45,2.5,40,26,kg,high_debt,-0.0203877410078608,-0.0203425978283045,4.5143179556284e-05,-0.00424744604330433,-0.0042380412142301,9.40482907422612e-06
20260927_101616_608,chiIG_high,chi_ig,high,0.1,0.45,2.5,40,27,kg,high_debt,-0.0203522537682899,-0.0203005386105488,5.17151577410502e-05,-0.00424005286839372,-0.00422927887719767,1.07739911960518e-05
20260927_101616_608,chiIG_high,chi_ig,high,0.1,0.45,2.5,40,28,kg,high_debt,-0.0202597945731826,-0.0202020528455522,5.77417276304004e-05,-0.00422079053607971,-0.00420876100949004,1.20295265896662e-05
20260927_101616_608,chiIG_high,chi_ig,high,0.1,0.45,2.5,40,29,kg,high_debt,-0.0201156033870502,-0.0200524238086981,6.31795783521127e-05,-0.00419075070563546,-0.00417758829347877,1.31624121566896e-05
20260927_101616_608,chiIG_high,chi_ig,high,0.1,0.45,2.5,40,30,kg,high_debt,-0.0199248783067363,-0.0198568810470032,6.79972597330547e-05,-0.00415101631390339,-0.00413685021812567,1.41660957777194e-05
20260927_101616_608,chiIG_high,chi_ig,high,0.1,0.45,2.5,40,31,kg,high_debt,-0.0196927188731069,-0.0196205444311905,7.21744419163173e-05,-0.0041026497652306,-0.0040876134231647,1.50363420658994e-05
20260927_101616_608,chiIG_high,chi_ig,high,0.1,0.45,2.5,40,32,kg,high_debt,-0.0194240785632394,-0.0193483774860868,7.57010771526012e-05,-0.0040466830340082,-0.00403091197626807,1.57710577401255e-05
20260927_101616_608,chiIG_high,chi_ig,high,0.1,0.45,2.5,40,33,kg,high_debt,-0.0191237257148842,-0.0190451492232269,7.85764916573228e-05,-0.00398410952393421,-0.0039677394215056,1.63701024286089e-05
20260927_101616_608,chiIG_high,chi_ig,high,0.1,0.45,2.5,40,34,kg,high_debt,-0.0187962121434859,-0.0187154037109307,8.08084325552016e-05,-0.0039158775298929,-0.00389904243977723,1.68350901156673e-05
20260927_101616_608,chiIG_high,chi_ig,high,0.1,0.45,2.5,40,35,kg,high_debt,-0.0184458487280006,-0.0183634366359078,8.24120920928095e-05,-0.00384288515166679,-0.00382571596581412,1.71691858526688e-05
20260927_101616_608,chiIG_high,chi_ig,high,0.1,0.45,2.5,40,36,kg,high_debt,-0.0180766872637657,-0.0179932781352461,8.34091285195626e-05,-0.00376597651328451,-0.0037485996115096,1.7376901774909e-05
20260927_101616_608,chiIG_high,chi_ig,high,0.1,0.45,2.5,40,37,kg,high_debt,-0.0176925079076504,-0.01760868120732,8.38267003304694e-05,-0.00368593914742717,-0.00366847525152499,1.74638959021811e-05
20260927_101616_608,chiIG_high,chi_ig,high,0.1,0.45,2.5,40,38,kg,high_debt,-0.0172968115716703,-0.0172131150436377,8.36965280326396e-05,-0.00360350241076464,-0.00358606563409118,1.74367766734664e-05
20260927_101616_608,chiIG_high,chi_ig,high,0.1,0.45,2.5,40,39,kg,high_debt,-0.0168928166551439,-0.0168097626600154,8.30539951284237e-05,-0.00351933680315497,-0.00350203388750322,1.73029156517548e-05
20260927_101616_608,chiIG_high,chi_ig,high,0.1,0.45,2.5,40,40,kg,high_debt,-0.0164834595416394,-0.0164015222438865,8.19372977529653e-05,-0.00343405407117488,-0.00341698380080968,1.70702703652013e-05
20260927_101616_608,chiIG_high,chi_ig,high,0.1,0.45,2.5,40,1,xloc,low_debt,-0.00215152319670342,-0.00215279904790799,-1.27585120457407e-06,-0.00215152319670342,-0.00215279904790799,-1.27585120457407e-06
20260927_101616_608,chiIG_high,chi_ig,high,0.1,0.45,2.5,40,2,xloc,low_debt,-0.00177932100987055,-0.00178114505576699,-1.82404589643692e-06,-0.00177932100987055,-0.00178114505576699,-1.82404589643692e-06
20260927_101616_608,chiIG_high,chi_ig,high,0.1,0.45,2.5,40,3,xloc,low_debt,-0.00143989603919747,-0.00144172784030261,-1.83180110513437e-06,-0.00143989603919747,-0.00144172784030261,-1.83180110513437e-06
20260927_101616_608,chiIG_high,chi_ig,high,0.1,0.45,2.5,40,4,xloc,low_debt,-0.00115751667083741,-0.00115906337273519,-1.54670189778106e-06,-0.00115751667083741,-0.00115906337273519,-1.54670189778106e-06
20260927_101616_608,chiIG_high,chi_ig,high,0.1,0.45,2.5,40,5,xloc,low_debt,-0.000934695347093228,-0.000935822539654518,-1.1271925612899e-06,-0.000934695347093228,-0.000935822539654518,-1.1271925612899e-06
20260927_101616_608,chiIG_high,chi_ig,high,0.1,0.45,2.5,40,6,xloc,low_debt,-0.000764578380075376,-0.00076524772138431,-6.69341308934257e-07,-0.000764578380075376,-0.00076524772138431,-6.69341308934257e-07
20260927_101616_608,chiIG_high,chi_ig,high,0.1,0.45,2.5,40,7,xloc,low_debt,-0.000637333636323123,-0.00063756122640346,-2.27590080337237e-07,-0.000637333636323123,-0.00063756122640346,-2.27590080337237e-07
20260927_101616_608,chiIG_high,chi_ig,high,0.1,0.45,2.5,40,8,xloc,low_debt,-0.000543200099118901,-0.000543029914238935,1.70184879966229e-07,-0.000543200099118901,-0.000543029914238935,1.70184879966229e-07
20260927_101616_608,chiIG_high,chi_ig,high,0.1,0.45,2.5,40,9,xloc,low_debt,-0.000473746856187174,-0.000473234577913373,5.12278273800959e-07,-0.000473746856187174,-0.000473234577913373,5.12278273800959e-07
20260927_101616_608,chiIG_high,chi_ig,high,0.1,0.45,2.5,40,10,xloc,low_debt,-0.000422221017158608,-0.000421424730399189,7.96286759419118e-07,-0.000422221017158608,-0.000421424730399189,7.96286759419118e-07
20260927_101616_608,chiIG_high,chi_ig,high,0.1,0.45,2.5,40,11,xloc,low_debt,-0.000383470443873768,-0.000382445687352573,1.02475652119516e-06,-0.000383470443873768,-0.000382445687352573,1.02475652119516e-06
20260927_101616_608,chiIG_high,chi_ig,high,0.1,0.45,2.5,40,12,xloc,low_debt,-0.000353699492815829,-0.00035249694578765,1.20254702817846e-06,-0.000353699492815829,-0.00035249694578765,1.20254702817846e-06
20260927_101616_608,chiIG_high,chi_ig,high,0.1,0.45,2.5,40,13,xloc,low_debt,-0.000330187264804493,-0.00032885194647081,1.33531833368394e-06,-0.000330187264804493,-0.00032885194647081,1.33531833368394e-06
20260927_101616_608,chiIG_high,chi_ig,high,0.1,0.45,2.5,40,14,xloc,low_debt,-0.000311027258978025,-0.000309598534327771,1.42872465025423e-06,-0.000311027258978025,-0.000309598534327771,1.42872465025423e-06
20260927_101616_608,chiIG_high,chi_ig,high,0.1,0.45,2.5,40,15,xloc,low_debt,-0.000294910190331898,-0.00029342215788053,1.48803245136886e-06,-0.000294910190331898,-0.00029342215788053,1.48803245136886e-06
20260927_101616_608,chiIG_high,chi_ig,high,0.1,0.45,2.5,40,16,xloc,low_debt,-0.00028095339942058,-0.00027943541935993,1.51798006065018e-06,-0.00028095339942058,-0.00027943541935993,1.51798006065018e-06
20260927_101616_608,chiIG_high,chi_ig,high,0.1,0.45,2.5,40,17,xloc,low_debt,-0.0002685721900062,-0.000267049425580868,1.52276442533239e-06,-0.0002685721900062,-0.000267049425580868,1.52276442533239e-06
20260927_101616_608,chiIG_high,chi_ig,high,0.1,0.45,2.5,40,18,xloc,low_debt,-0.000257385663995913,-0.000255879577192308,1.50608680360431e-06,-0.000257385663995913,-0.000255879577192308,1.50608680360431e-06
20260927_101616_608,chiIG_high,chi_ig,high,0.1,0.45,2.5,40,19,xloc,low_debt,-0.000247149438989291,-0.000245678220165857,1.47121882343448e-06,-0.000247149438989291,-0.000245678220165857,1.47121882343448e-06
20260927_101616_608,chiIG_high,chi_ig,high,0.1,0.45,2.5,40,20,xloc,low_debt,-0.000237708550671401,-0.00023628748181892,1.42106885248072e-06,-0.000237708550671401,-0.00023628748181892,1.42106885248072e-06
20260927_101616_608,chiIG_high,chi_ig,high,0.1,0.45,2.5,40,21,xloc,low_debt,-0.000228965098650891,-0.00022760685903489,1.35823961600057e-06,-0.000228965098650891,-0.00022760685903489,1.35823961600057e-06
20260927_101616_608,chiIG_high,chi_ig,high,0.1,0.45,2.5,40,22,xloc,low_debt,-0.000220856428364224,-0.000219571354186376,1.28507417784807e-06,-0.000220856428364224,-0.000219571354186376,1.28507417784807e-06
20260927_101616_608,chiIG_high,chi_ig,high,0.1,0.45,2.5,40,23,xloc,low_debt,-0.000213340705441434,-0.000212137014828584,1.20369061284986e-06,-0.000213340705441434,-0.000212137014828584,1.20369061284986e-06
20260927_101616_608,chiIG_high,chi_ig,high,0.1,0.45,2.5,40,24,xloc,low_debt,-0.000206387593002511,-0.00020527158588024,1.11600712227045e-06,-0.000206387593002511,-0.00020527158588024,1.11600712227045e-06
20260927_101616_608,chiIG_high,chi_ig,high,0.1,0.45,2.5,40,25,xloc,low_debt,-0.000199972397666559,-0.000198948637880947,1.0237597856122e-06,-0.000199972397666559,-0.000198948637880947,1.0237597856122e-06
20260927_101616_608,chiIG_high,chi_ig,high,0.1,0.45,2.5,40,26,xloc,low_debt,-0.00019407253708259,-0.00019314402201942,9.28515063169932e-07,-0.00019407253708259,-0.00019314402201942,9.28515063169932e-07
20260927_101616_608,chiIG_high,chi_ig,high,0.1,0.45,2.5,40,27,xloc,low_debt,-0.0001886655351796,-0.000187833856333808,8.31678845791828e-07,-0.0001886655351796,-0.000187833856333808,8.31678845791828e-07
20260927_101616_608,chiIG_high,chi_ig,high,0.1,0.45,2.5,40,28,xloc,low_debt,-0.000183728002966954,-0.000182993499496131,7.34503470822823e-07,-0.000183728002966954,-0.000182993499496131,7.34503470822823e-07
20260927_101616_608,chiIG_high,chi_ig,high,0.1,0.45,2.5,40,29,xloc,low_debt,-0.00017923523911878,-0.000178597145373938,6.38093744842472e-07,-0.00017923523911878,-0.000178597145373938,6.38093744842472e-07
20260927_101616_608,chiIG_high,chi_ig,high,0.1,0.45,2.5,40,30,xloc,low_debt,-0.000175161206628749,-0.000174617793935683,5.43412693065903e-07,-0.000175161206628749,-0.000174617793935683,5.43412693065903e-07
20260927_101616_608,chiIG_high,chi_ig,high,0.1,0.45,2.5,40,31,xloc,low_debt,-0.000171478725295104,-0.000171027437801397,4.5128749370793e-07,-0.000171478725295104,-0.000171027437801397,4.5128749370793e-07
20260927_101616_608,chiIG_high,chi_ig,high,0.1,0.45,2.5,40,32,xloc,low_debt,-0.000168159776285148,-0.000167797360431376,3.62415853771836e-07,-0.000168159776285148,-0.000167797360431376,3.62415853771836e-07
20260927_101616_608,chiIG_high,chi_ig,high,0.1,0.45,2.5,40,33,xloc,low_debt,-0.000165175852883226,-0.000164898479945053,2.77372938173315e-07,-0.000165175852883226,-0.000164898479945053,2.77372938173315e-07
20260927_101616_608,chiIG_high,chi_ig,high,0.1,0.45,2.5,40,34,xloc,low_debt,-0.000162498316652493,-0.000162301697793965,1.96618858527842e-07,-0.000162498316652493,-0.000162301697793965,1.96618858527842e-07
20260927_101616_608,chiIG_high,chi_ig,high,0.1,0.45,2.5,40,35,xloc,low_debt,-0.000160098734747649,-0.000159978228084889,1.20506662759645e-07,-0.000160098734747649,-0.000159978228084889,1.20506662759645e-07
20260927_101616_608,chiIG_high,chi_ig,high,0.1,0.45,2.5,40,36,xloc,low_debt,-0.000157949184848127,-0.00015789989412307,4.92907250571051e-08,-0.000157949184848127,-0.00015789989412307,4.92907250571051e-08
20260927_101616_608,chiIG_high,chi_ig,high,0.1,0.45,2.5,40,37,xloc,low_debt,-0.00015602252106528,-0.000156039385652673,-1.68645873932505e-08,-0.00015602252106528,-0.000156039385652673,-1.68645873932505e-08
20260927_101616_608,chiIG_high,chi_ig,high,0.1,0.45,2.5,40,38,xloc,low_debt,-0.000154292598522954,-0.000154370474624743,-7.78761017894425e-08,-0.000154292598522954,-0.000154370474624743,-7.78761017894425e-08
20260927_101616_608,chiIG_high,chi_ig,high,0.1,0.45,2.5,40,39,xloc,low_debt,-0.000152734456996151,-0.000152868190003819,-1.33733007667836e-07,-0.000152734456996151,-0.000152868190003819,-1.33733007667836e-07
20260927_101616_608,chiIG_high,chi_ig,high,0.1,0.45,2.5,40,40,xloc,low_debt,-0.000151324465589409,-0.000151508953717405,-1.84488127996651e-07,-0.000151324465589409,-0.000151508953717405,-1.84488127996651e-07
20260927_101616_608,chiIG_high,chi_ig,high,0.1,0.45,2.5,40,1,xloc,high_debt,-0.00230072957792649,-0.00230252903366523,-1.79945573874907e-06,-0.00230072957792649,-0.00230252903366523,-1.79945573874907e-06
20260927_101616_608,chiIG_high,chi_ig,high,0.1,0.45,2.5,40,2,xloc,high_debt,-0.00204148926737824,-0.00204416341360514,-2.67414622689977e-06,-0.00204148926737824,-0.00204416341360514,-2.67414622689977e-06
20260927_101616_608,chiIG_high,chi_ig,high,0.1,0.45,2.5,40,3,xloc,high_debt,-0.00178527271759976,-0.00178811376546206,-2.84104786230088e-06,-0.00178527271759976,-0.00178811376546206,-2.84104786230088e-06
20260927_101616_608,chiIG_high,chi_ig,high,0.1,0.45,2.5,40,4,xloc,high_debt,-0.00156217526013047,-0.00156475403283751,-2.57877270704032e-06,-0.00156217526013047,-0.00156475403283751,-2.57877270704032e-06
20260927_101616_608,chiIG_high,chi_ig,high,0.1,0.45,2.5,40,5,xloc,high_debt,-0.00137969765965407,-0.00138177329589451,-2.07563624043949e-06,-0.00137969765965407,-0.00138177329589451,-2.07563624043949e-06
20260927_101616_608,chiIG_high,chi_ig,high,0.1,0.45,2.5,40,6,xloc,high_debt,-0.00123512501820122,-0.00123658001024196,-1.45499204073918e-06,-0.00123512501820122,-0.00123658001024196,-1.45499204073918e-06
20260927_101616_608,chiIG_high,chi_ig,high,0.1,0.45,2.5,40,7,xloc,high_debt,-0.00112198513707218,-0.00112278039552904,-7.952584568649e-07,-0.00112198513707218,-0.00112278039552904,-7.952584568649e-07
20260927_101616_608,chiIG_high,chi_ig,high,0.1,0.45,2.5,40,8,xloc,high_debt,-0.00103320251010919,-0.00103334724414428,-1.44734035090188e-07,-0.00103320251010919,-0.00103334724414428,-1.44734035090188e-07
20260927_101616_608,chiIG_high,chi_ig,high,0.1,0.45,2.5,40,9,xloc,high_debt,-0.000962468860061572,-0.000962000911990279,4.67948071292135e-07,-0.000962468860061572,-0.000962000911990279,4.67948071292135e-07
20260927_101616_608,chiIG_high,chi_ig,high,0.1,0.45,2.5,40,10,xloc,high_debt,-0.000904695953971357,-0.000903669242186989,1.02671178436875e-06,-0.000904695953971357,-0.000903669242186989,1.02671178436875e-06
20260927_101616_608,chiIG_high,chi_ig,high,0.1,0.45,2.5,40,11,xloc,high_debt,-0.000856030406261588,-0.000854507052942211,1.52335331937703e-06,-0.000856030406261588,-0.000854507052942211,1.52335331937703e-06
20260927_101616_608,chiIG_high,chi_ig,high,0.1,0.45,2.5,40,12,xloc,high_debt,-0.000813686800168023,-0.000811732263260256,1.9545369077667e-06,-0.000813686800168023,-0.000811732263260256,1.9545369077667e-06
20260927_101616_608,chiIG_high,chi_ig,high,0.1,0.45,2.5,40,13,xloc,high_debt,-0.000775729047847729,-0.000773409133519531,2.31991432819711e-06,-0.000775729047847729,-0.000773409133519531,2.31991432819711e-06
20260927_101616_608,chiIG_high,chi_ig,high,0.1,0.45,2.5,40,14,xloc,high_debt,-0.000740860404708665,-0.000738239432805932,2.62097190273369e-06,-0.000740860404708665,-0.000738239432805932,2.62097190273369e-06
20260927_101616_608,chiIG_high,chi_ig,high,0.1,0.45,2.5,40,15,xloc,high_debt,-0.000708245817216957,-0.000705385483234289,2.86033398266827e-06,-0.000708245817216957,-0.000705385483234289,2.86033398266827e-06
20260927_101616_608,chiIG_high,chi_ig,high,0.1,0.45,2.5,40,16,xloc,high_debt,-0.00067737197592932,-0.000674330631830866,3.04134409845336e-06,-0.00067737197592932,-0.000674330631830866,3.04134409845336e-06
20260927_101616_608,chiIG_high,chi_ig,high,0.1,0.45,2.5,40,17,xloc,high_debt,-0.000647942186511097,-0.000644774376856061,3.16780965503582e-06,-0.000647942186511097,-0.000644774376856061,3.16780965503582e-06
20260927_101616_608,chiIG_high,chi_ig,high,0.1,0.45,2.5,40,18,xloc,high_debt,-0.000619800160132522,-0.000616556320315542,3.24383981697984e-06,-0.000619800160132522,-0.000616556320315542,3.24383981697984e-06
20260927_101616_608,chiIG_high,chi_ig,high,0.1,0.45,2.5,40,19,xloc,high_debt,-0.000592876378759599,-0.000589602643934262,3.27373482533755e-06,-0.000592876378759599,-0.000589602643934262,3.27373482533755e-06
20260927_101616_608,chiIG_high,chi_ig,high,0.1,0.45,2.5,40,20,xloc,high_debt,-0.000567151361202223,-0.000563889458128797,3.261903073426e-06,-0.000567151361202223,-0.000563889458128797,3.261903073426e-06
20260927_101616_608,chiIG_high,chi_ig,high,0.1,0.45,2.5,40,21,xloc,high_debt,-0.000542631195504573,-0.00053941840221472,3.21279328985291e-06,-0.000542631195504573,-0.00053941840221472,3.21279328985291e-06
20260927_101616_608,chiIG_high,chi_ig,high,0.1,0.45,2.5,40,22,xloc,high_debt,-0.000519331755191366,-0.000516200919568166,3.1308356231996e-06,-0.000519331755191366,-0.000516200919568166,3.1308356231996e-06
20260927_101616_608,chiIG_high,chi_ig,high,0.1,0.45,2.5,40,23,xloc,high_debt,-0.000497268932317718,-0.000494248543319475,3.02038899824275e-06,-0.000497268932317718,-0.000494248543319475,3.02038899824275e-06
20260927_101616_608,chiIG_high,chi_ig,high,0.1,0.45,2.5,40,24,xloc,high_debt,-0.00047645295636578,-0.000473567262429753,2.88569393602778e-06,-0.00047645295636578,-0.000473567262429753,2.88569393602778e-06
20260927_101616_608,chiIG_high,chi_ig,high,0.1,0.45,2.5,40,25,xloc,high_debt,-0.000456885431297627,-0.000454154600448287,2.73083084934012e-06,-0.000456885431297627,-0.000454154600448287,2.73083084934012e-06
20260927_101616_608,chiIG_high,chi_ig,high,0.1,0.45,2.5,40,26,xloc,high_debt,-0.000438558139454925,-0.000435998455375897,2.55968407902873e-06,-0.000438558139454925,-0.000435998455375897,2.55968407902873e-06
20260927_101616_608,chiIG_high,chi_ig,high,0.1,0.45,2.5,40,27,xloc,high_debt,-0.000421452960963409,-0.00041907704904276,2.37591192064901e-06,-0.000421452960963409,-0.00041907704904276,2.37591192064901e-06
20260927_101616_608,chiIG_high,chi_ig,high,0.1,0.45,2.5,40,28,xloc,high_debt,-0.000405542469058884,-0.000403359546316207,2.18292274267728e-06,-0.000405542469058884,-0.000403359546316207,2.18292274267728e-06
20260927_101616_608,chiIG_high,chi_ig,high,0.1,0.45,2.5,40,29,xloc,high_debt,-0.000390790908798344,-0.000388807051672546,1.98385712579796e-06,-0.000390790908798344,-0.000388807051672546,1.98385712579796e-06
20260927_101616_608,chiIG_high,chi_ig,high,0.1,0.45,2.5,40,30,xloc,high_debt,-0.000377155367327409,-0.000375373791537958,1.78157578945015e-06,-0.000377155367327409,-0.000375373791537958,1.78157578945015e-06
20260927_101616_608,chiIG_high,chi_ig,high,0.1,0.45,2.5,40,31,xloc,high_debt,-0.000364587012035456,-0.000363008359100081,1.57865293537451e-06,-0.000364587012035456,-0.000363008359100081,1.57865293537451e-06
20260927_101616_608,chiIG_high,chi_ig,high,0.1,0.45,2.5,40,32,xloc,high_debt,-0.000353032318596735,-0.000351654944052537,1.37737454419806e-06,-0.000353032318596735,-0.000351654944052537,1.37737454419806e-06
20260927_101616_608,chiIG_high,chi_ig,high,0.1,0.45,2.5,40,33,xloc,high_debt,-0.000342434241210277,-0.000341254500116239,1.17974109403729e-06,-0.000342434241210277,-0.000341254500116239,1.17974109403729e-06
20260927_101616_608,chiIG_high,chi_ig,high,0.1,0.45,2.5,40,34,xloc,high_debt,-0.000332733297321752,-0.000331745823181517,9.87474140234923e-07,-0.000332733297321752,-0.000331745823181517,9.87474140234923e-07
20260927_101616_608,chiIG_high,chi_ig,high,0.1,0.45,2.5,40,35,xloc,high_debt,-0.000323868552154605,-0.000323066525972471,8.02026182133986e-07,-0.000323868552154605,-0.000323066525972471,8.02026182133986e-07
20260927_101616_608,chiIG_high,chi_ig,high,0.1,0.45,2.5,40,36,xloc,high_debt,-0.00031577849684139,-0.000315153903588605,6.24593252784855e-07,-0.00031577849684139,-0.000315153903588605,6.24593252784855e-07
20260927_101616_608,chiIG_high,chi_ig,high,0.1,0.45,2.5,40,37,xloc,high_debt,-0.000308401819383075,-0.00030794568969017,4.56129692905094e-07,-0.000308401819383075,-0.00030794568969017,4.56129692905094e-07
20260927_101616_608,chiIG_high,chi_ig,high,0.1,0.45,2.5,40,38,xloc,high_debt,-0.000301678071112255,-0.000301380706516419,2.97364595835958e-07,-0.000301678071112255,-0.000301380706516419,2.97364595835958e-07
20260927_101616_608,chiIG_high,chi_ig,high,0.1,0.45,2.5,40,39,xloc,high_debt,-0.000295548233484766,-0.000295399414027009,1.48819457757021e-07,-0.000295548233484766,-0.000295399414027009,1.48819457757021e-07
20260927_101616_608,chiIG_high,chi_ig,high,0.1,0.45,2.5,40,40,xloc,high_debt,-0.000289955191314251,-0.000289944364710748,1.08266035026006e-08,-0.000289955191314251,-0.000289944364710748,1.08266035026006e-08
20260927_101616_608,alpha_low,alpha,low,0.1,0.4,2.5,20,1,ig,low_debt,-0.000215999266007363,-0.000220885355077013,-4.88608906965005e-06,-0.0017999938833947,-0.00184071129230845,-4.07174089137503e-05
20260927_101616_608,alpha_low,alpha,low,0.1,0.4,2.5,20,2,ig,low_debt,-0.000373163506465699,-0.000380866595372592,-7.70308890689353e-06,-0.00310969588721415,-0.0031738882947716,-6.41924075574459e-05
20260927_101616_608,alpha_low,alpha,low,0.1,0.4,2.5,20,3,ig,low_debt,-0.000488239885444053,-0.000497229637568819,-8.98975212476616e-06,-0.00406866571203377,-0.00414358031307349,-7.49146010397177e-05
20260927_101616_608,alpha_low,alpha,low,0.1,0.4,2.5,20,4,ig,low_debt,-0.000571709708557452,-0.000580887998711338,-9.1782901538856e-06,-0.0047642475713121,-0.00484073332259448,-7.64857512823803e-05
20260927_101616_608,alpha_low,alpha,low,0.1,0.4,2.5,20,5,ig,low_debt,-0.000630398169780638,-0.000639004537664897,-8.60636788425906e-06,-0.00525331808150532,-0.00532503781387414,-7.17197323688258e-05
20260927_101616_608,alpha_low,alpha,low,0.1,0.4,2.5,20,6,ig,low_debt,-0.000669006159038324,-0.000676539004008103,-7.53284496977924e-06,-0.00557505132531937,-0.00563782503340086,-6.2773708081494e-05
20260927_101616_608,alpha_low,alpha,low,0.1,0.4,2.5,20,7,ig,low_debt,-0.000690996870783181,-0.000697150148606995,-6.15327782381436e-06,-0.00575830725652651,-0.00580958457172496,-5.1277315198453e-05
20260927_101616_608,alpha_low,alpha,low,0.1,0.4,2.5,20,8,ig,low_debt,-0.000699100141022077,-0.000703713656316565,-4.61351529448817e-06,-0.00582583450851731,-0.00586428046930471,-3.84459607874017e-05
20260927_101616_608,alpha_low,alpha,low,0.1,0.4,2.5,20,9,ig,low_debt,-0.00069559320168841,-0.000698614112487742,-3.0209107993312e-06,-0.00579661001407009,-0.00582178427073118,-2.51742566610936e-05
20260927_101616_608,alpha_low,alpha,low,0.1,0.4,2.5,20,10,ig,low_debt,-0.000682452854910809,-0.000683906092265638,-1.45323735482872e-06,-0.00568710712425674,-0.00569921743554698,-1.21103112902393e-05
20260927_101616_608,alpha_low,alpha,low,0.1,0.4,2.5,20,11,ig,low_debt,-0.000661435371444558,-0.000661400991644329,3.4379800228912e-08,-0.00551196142870465,-0.00551167493036941,2.86498335240644e-07
20260927_101616_608,alpha_low,alpha,low,0.1,0.4,2.5,20,12,ig,low_debt,-0.000634117054298292,-0.000632712913703204,1.40414059508764e-06,-0.0052843087858191,-0.00527260761419337,1.17011716257304e-05
20260927_101616_608,alpha_low,alpha,low,0.1,0.4,2.5,20,13,ig,low_debt,-0.000601914412871746,-0.000599282905910783,2.63150696096226e-06,-0.00501595344059788,-0.0049940242159232,2.19292246746855e-05
20260927_101616_608,alpha_low,alpha,low,0.1,0.4,2.5,20,14,ig,low_debt,-0.000566094588863947,-0.000562392487491417,3.70210137252969e-06,-0.00471745490719956,-0.00468660406242848,3.0850844771081e-05
20260927_101616_608,alpha_low,alpha,low,0.1,0.4,2.5,20,15,ig,low_debt,-0.000527781807777586,-0.000523172479016829,4.60932876075737e-06,-0.00439818173147988,-0.00435977065847357,3.84110730063114e-05
20260927_101616_608,alpha_low,alpha,low,0.1,0.4,2.5,20,16,ig,low_debt,-0.00048796282200371,-0.000482610283787085,5.35253821662418e-06,-0.00406635685003091,-0.00402175236489238,4.46044851385346e-05
20260927_101616_608,alpha_low,alpha,low,0.1,0.4,2.5,20,17,ig,low_debt,-0.000447492726800641,-0.000441557139973084,5.93558682755735e-06,-0.00372910605667201,-0.00367964283310903,4.94632235629776e-05
20260927_101616_608,alpha_low,alpha,low,0.1,0.4,2.5,20,18,ig,low_debt,-0.000407101664055803,-0.000400735959670689,6.36570438511397e-06,-0.0033925138671317,-0.00333946633058908,5.30475365426164e-05
20260927_101616_608,alpha_low,alpha,low,0.1,0.4,2.5,20,19,ig,low_debt,-0.000367402477942924,-0.000360749892475976,6.65258546694858e-06,-0.00306168731619103,-0.00300624910396646,5.54382122245718e-05
20260927_101616_608,alpha_low,alpha,low,0.1,0.4,2.5,20,20,ig,low_debt,-0.000328899171694749,-0.00032209151571462,6.80765598012889e-06,-0.00274082643078958,-0.0026840959642885,5.67304665010739e-05
20260927_101616_608,alpha_low,alpha,low,0.1,0.4,2.5,20,21,ig,low_debt,-0.000291995930054703,-0.000285152453877099,6.84347617760372e-06,-0.00243329941712253,-0.00237627044897583,5.7028968146698e-05
20260927_101616_608,alpha_low,alpha,low,0.1,0.4,2.5,20,22,ig,low_debt,-0.000257006456291828,-0.000250233203511349,6.77325278047869e-06,-0.00214172046909857,-0.00208527669592791,5.64437731706557e-05
20260927_101616_608,alpha_low,alpha,low,0.1,0.4,2.5,20,23,ig,low_debt,-0.000224163391066928,-0.000217552950787236,6.61044027969182e-06,-0.00186802825889107,-0.0018129412565603,5.5087002330765e-05
20260927_101616_608,alpha_low,alpha,low,0.1,0.4,2.5,20,24,ig,low_debt,-0.00019362761352322,-0.000187259196887057,6.36841663616272e-06,-0.00161356344602683,-0.00156049330739214,5.30701386346893e-05
20260927_101616_608,alpha_low,alpha,low,0.1,0.4,2.5,20,25,ig,low_debt,-0.000165497262320138,-0.000159437040202617,6.060222117521e-06,-0.00137914385266782,-0.00132864200168848,5.05018509793416e-05
20260927_101616_608,alpha_low,alpha,low,0.1,0.4,2.5,20,26,ig,low_debt,-0.000139816350643432,-0.000134117998239772,5.69835240366023e-06,-0.00116513625536193,-0.00111764998533143,4.74862700305019e-05
20260927_101616_608,alpha_low,alpha,low,0.1,0.4,2.5,20,27,ig,low_debt,-0.0001165828820687,-0.000111288283350761,5.29459871793925e-06,-0.000971524017239165,-0.000927402361256338,4.41216559828271e-05
20260927_101616_608,alpha_low,alpha,low,0.1,0.4,2.5,20,28,ig,low_debt,-9.57564026405205e-05,-9.08964737841716e-05,4.85992885634889e-06,-0.000797970022004338,-0.000757470614868097,4.04994071362408e-05
20260927_101616_608,alpha_low,alpha,low,0.1,0.4,2.5,20,29,ig,low_debt,-7.72649485602378e-05,-7.28605447906094e-05,4.40440376962836e-06,-0.000643874571335315,-0.000607171206588412,3.67033647469029e-05
20260927_101616_608,alpha_low,alpha,low,0.1,0.4,2.5,20,30,ig,low_debt,-6.10113687364577e-05,-5.70742438126964e-05,3.9371249237613e-06,-0.000508428072803815,-0.000475618698439137,3.28093743646776e-05
20260927_101616_608,alpha_low,alpha,low,0.1,0.4,2.5,20,31,ig,low_debt,-4.68790175868067e-05,-4.34128094780606e-05,3.46620810874609e-06,-0.000390658479890056,-0.000361773412317172,2.88850675728841e-05
20260927_101616_608,alpha_low,alpha,low,0.1,0.4,2.5,20,32,ig,low_debt,-3.47368263609593e-05,-3.17380466302863e-05,2.99877973067297e-06,-0.000289473553007994,-0.000264483721919053,2.49898310889414e-05
20260927_101616_608,alpha_low,alpha,low,0.1,0.4,2.5,20,33,ig,low_debt,-2.44437713458473e-05,-2.19027793980919e-05,2.54099194775537e-06,-0.000203698094548728,-0.000182523161650766,2.11749328979614e-05
20260927_101616_608,alpha_low,alpha,low,0.1,0.4,2.5,20,34,ig,low_debt,-1.58527650289675e-05,-1.37547117174813e-05,2.09805331148616e-06,-0.000132106375241396,-0.000114622597645678,1.7483777595718e-05
20260927_101616_608,alpha_low,alpha,low,0.1,0.4,2.5,20,35,ig,low_debt,-8.81400200328231e-06,-7.1397301387166e-06,1.6742718645657e-06,-7.34500166940192e-05,-5.94977511559717e-05,1.39522655380475e-05
20260927_101616_608,alpha_low,alpha,low,0.1,0.4,2.5,20,36,ig,low_debt,-3.17779541784968e-06,-1.90468748738348e-06,1.2731079304662e-06,-2.64816284820807e-05,-1.58723957281957e-05,1.0609232753885e-05
20260927_101616_608,alpha_low,alpha,low,0.1,0.4,2.5,20,37,ig,low_debt,1.20305761222572e-06,2.10029171979209e-06,8.97234107566369e-07,1.0025480101881e-05,1.75024309982674e-05,7.47695089638641e-06
20260927_101616_608,alpha_low,alpha,low,0.1,0.4,2.5,20,38,ig,low_debt,4.47134178550856e-06,5.01994203956635e-06,5.48600254057785e-07,3.72611815459047e-05,4.18328503297196e-05,4.57166878381488e-06
20260927_101616_608,alpha_low,alpha,low,0.1,0.4,2.5,20,39,ig,low_debt,6.7638802596498e-06,6.99238177466477e-06,2.28501515014967e-07,5.6365668830415e-05,5.82698481222064e-05,1.9041792917914e-06
20260927_101616_608,alpha_low,alpha,low,0.1,0.4,2.5,20,40,ig,low_debt,8.21034215413297e-06,8.14798985354637e-06,-6.23523005865989e-08,6.84195179511081e-05,6.78999154462197e-05,-5.1960250488832e-07
20260927_101616_608,alpha_low,alpha,low,0.1,0.4,2.5,20,1,ig,high_debt,-0.000483523884898474,-0.000490821780063655,-7.29789516518142e-06,-0.00402936570748728,-0.00409018150053046,-6.08157930431785e-05
20260927_101616_608,alpha_low,alpha,low,0.1,0.4,2.5,20,2,ig,high_debt,-0.000862745988514699,-0.00087462517390699,-1.18791853922912e-05,-0.00718954990428916,-0.00728854311589158,-9.8993211602426e-05
20260927_101616_608,alpha_low,alpha,low,0.1,0.4,2.5,20,3,ig,high_debt,-0.00115572634754491,-0.0011700390042375,-1.43126566925916e-05,-0.00963105289620754,-0.00975032503531248,-0.000119272139104931
20260927_101616_608,alpha_low,alpha,low,0.1,0.4,2.5,20,4,ig,high_debt,-0.00137612776920015,-0.00139121537356808,-1.50876043679277e-05,-0.0114677314100013,-0.0115934614464007,-0.000125730036399397
20260927_101616_608,alpha_low,alpha,low,0.1,0.4,2.5,20,5,ig,high_debt,-0.00153484895870798,-0.0015494639776903,-1.46150189823252e-05,-0.0127904079892332,-0.0129121998140859,-0.00012179182485271
20260927_101616_608,alpha_low,alpha,low,0.1,0.4,2.5,20,6,ig,high_debt,-0.00164098557910645,-0.00165422053835039,-1.32349592439351e-05,-0.0136748798258871,-0.0137851711529199,-0.000110291327032793
20260927_101616_608,alpha_low,alpha,low,0.1,0.4,2.5,20,7,ig,high_debt,-0.00170238931922818,-0.00171361516008567,-1.12258408574845e-05,-0.0141865776602349,-0.0142801263340472,-9.35486738123693e-05
20260927_101616_608,alpha_low,alpha,low,0.1,0.4,2.5,20,8,ig,high_debt,-0.00172598963196569,-0.00173480324846094,-8.81361649525403e-06,-0.0143832469330474,-0.0144566937371745,-7.34468041271169e-05
20260927_101616_608,alpha_low,alpha,low,0.1,0.4,2.5,20,9,ig,high_debt,-0.00171797779401502,-0.00172415780811105,-6.1800140960383e-06,-0.0143164816167918,-0.0143679817342588,-5.15001174669853e-05
20260927_101616_608,alpha_low,alpha,low,0.1,0.4,2.5,20,10,ig,high_debt,-0.00168391302106241,-0.00168738262199901,-3.46960093659809e-06,-0.0140326085088534,-0.0140615218499917,-2.89133411383174e-05
20260927_101616_608,alpha_low,alpha,low,0.1,0.4,2.5,20,11,ig,high_debt,-0.00162878599140759,-0.00162958170925794,-7.95717850346489e-07,-0.0135732165950632,-0.0135798475771495,-6.63098208622016e-06
20260927_101616_608,alpha_low,alpha,low,0.1,0.4,2.5,20,12,ig,high_debt,-0.00155706033499844,-0.00155530577001049,1.7545649879519e-06,-0.0129755027916537,-0.0129608814167541,1.46213748995986e-05
20260927_101616_608,alpha_low,alpha,low,0.1,0.4,2.5,20,13,ig,high_debt,-0.0014727037383547,-0.00146858744199813,4.11629635657662e-06,-0.0122725311529559,-0.0122382286833177,3.43024696381391e-05
20260927_101616_608,alpha_low,alpha,low,0.1,0.4,2.5,20,14,ig,high_debt,-0.00137921501132661,-0.0013729718747187,6.24313660790854e-06,-0.0114934584277217,-0.0114414322893225,5.20261383992367e-05
20260927_101616_608,alpha_low,alpha,low,0.1,0.4,2.5,20,15,ig,high_debt,-0.00127965034787296,-0.00127154598510172,8.10436277123849e-06,-0.0106637528989413,-0.0105962165425143,6.75363564269886e-05
20260927_101616_608,alpha_low,alpha,low,0.1,0.4,2.5,20,16,ig,high_debt,-0.00117665022282246,-0.0011669679391117,9.68228371076019e-06,-0.00980541852352047,-0.0097247328259308,8.06856975896688e-05
20260927_101616_608,alpha_low,alpha,low,0.1,0.4,2.5,20,17,ig,high_debt,-0.00107246736926776,-0.00106149738050937,1.09699887583942e-05,-0.00893722807723136,-0.00884581150424474,9.14165729866186e-05
20260927_101616_608,alpha_low,alpha,low,0.1,0.4,2.5,20,18,ig,high_debt,-0.000968995753757196,-0.000957026379859616,1.19693738975801e-05,-0.0080749646146433,-0.00797521983216347,9.97447824798332e-05
20260927_101616_608,alpha_low,alpha,low,0.1,0.4,2.5,20,19,ig,high_debt,-0.00086780021322426,-0.000855110808147819,1.26894050764409e-05,-0.0072316684435355,-0.00712592340123182,0.000105745042303674
20260927_101616_608,alpha_low,alpha,low,0.1,0.4,2.5,20,20,ig,high_debt,-0.000770146321052531,-0.000757001731744603,1.31445893079285e-05,-0.00641788600877109,-0.00630834776453836,0.000109538244232738
20260927_101616_608,alpha_low,alpha,low,0.1,0.4,2.5,20,21,ig,high_debt,-0.000677030039716267,-0.000663676407927305,1.33536317889621e-05,-0.00564191699763556,-0.00553063673272754,0.000111280264908017
20260927_101616_608,alpha_low,alpha,low,0.1,0.4,2.5,20,22,ig,high_debt,-0.000589206752721477,-0.000575868490491904,1.3338262229573e-05,-0.00491005627267898,-0.00479890408743254,0.000111152185246442
20260927_101616_608,alpha_low,alpha,low,0.1,0.4,2.5,20,23,ig,high_debt,-0.000507219325051697,-0.000494097108380082,1.31222166716155e-05,-0.00422682770876414,-0.00411747590316735,0.000109351805596796
20260927_101616_608,alpha_low,alpha,low,0.1,0.4,2.5,20,24,ig,high_debt,-0.000431424905295019,-0.000418694542397915,1.27303628971037e-05,-0.00359520754412516,-0.0034891211866493,0.000106086357475864
20260927_101616_608,alpha_low,alpha,low,0.1,0.4,2.5,20,25,ig,high_debt,-0.00036202024651201,-0.000349832287989349,1.21879585226609e-05,-0.00301683538760008,-0.00291526906657791,0.000101566321022174
20260927_101616_608,alpha_low,alpha,low,0.1,0.4,2.5,20,26,ig,high_debt,-0.00029906538271339,-0.000287545351333934,1.15200313794556e-05,-0.00249221152261158,-0.00239621126111612,9.6000261495463e-05
20260927_101616_608,alpha_low,alpha,low,0.1,0.4,2.5,20,27,ig,high_debt,-0.00024250555164608,-0.000231754679631144,1.07508720149363e-05,-0.00202087959705067,-0.0019312889969262,8.95906001244693e-05
20260927_101616_608,alpha_low,alpha,low,0.1,0.4,2.5,20,28,ig,high_debt,-0.000192191301715355,-0.000182287673440279,9.9036282750764e-06,-0.00160159418096129,-0.00151906394533566,8.25302356256368e-05
20260927_101616_608,alpha_low,alpha,low,0.1,0.4,2.5,20,29,ig,high_debt,-0.000147896761238428,-0.000138896769203353,8.99999203507473e-06,-0.00123247301032023,-0.00115747307669461,7.49999336256228e-05
20260927_101616_608,alpha_low,alpha,low,0.1,0.4,2.5,20,30,ig,high_debt,-0.000109336082122435,-0.000101276113823712,8.05996829872369e-06,-0.000911134017686962,-0.000843967615197598,6.7166402489364e-05
20260927_101616_608,alpha_low,alpha,low,0.1,0.4,2.5,20,31,ig,high_debt,-7.617809795471e-05,-6.90763808429556e-05,7.10171711175434e-06,-0.000634817482955917,-0.00057563650702463,5.91809759312861e-05
20260927_101616_608,alpha_low,alpha,low,0.1,0.4,2.5,20,32,ig,high_debt,-4.80592589344603e-05,-4.19177998873671e-05,6.14145904709318e-06,-0.000400493824453836,-0.000349314999061393,5.11788253924432e-05
20260927_101616_608,alpha_low,alpha,low,0.1,0.4,2.5,20,33,ig,high_debt,-2.4594923628482e-05,-1.94014882135968e-05,5.19343541488526e-06,-0.000204957696904017,-0.00016167906844664,4.32786284573772e-05
20260927_101616_608,alpha_low,alpha,low,0.1,0.4,2.5,20,34,ig,high_debt,-5.3891007625595e-06,-1.11918593945215e-06,4.26991482310735e-06,-4.49091730213291e-05,-9.32654949543458e-06,3.55826235258945e-05
20260927_101616_608,alpha_low,alpha,low,0.1,0.4,2.5,20,35,ig,high_debt,9.95725630059674e-06,1.33384945498333e-05,3.38123824923653e-06,8.29771358383062e-05,0.000111154121248611,2.81769854103044e-05
20260927_101616_608,alpha_low,alpha,low,0.1,0.4,2.5,20,36,ig,high_debt,2.18392935905087e-05,2.43751889587862e-05,2.53589536827747e-06,0.000181994113254239,0.000203126574656552,2.11324614023123e-05
20260927_101616_608,alpha_low,alpha,low,0.1,0.4,2.5,20,37,ig,high_debt,3.0642526920005e-05,3.23831524189772e-05,1.74062549897214e-06,0.000255354391000042,0.000269859603491476,1.45052124914344e-05
20260927_101616_608,alpha_low,alpha,low,0.1,0.4,2.5,20,38,ig,high_debt,3.67382255389015e-05,3.77387627056858e-05,1.00053716678428e-06,0.000306151879490846,0.000314489689214048,8.33780972320231e-06
20260927_101616_608,alpha_low,alpha,low,0.1,0.4,2.5,20,39,ig,high_debt,4.04797969888321e-05,4.07990379115014e-05,3.19240922669328e-07,0.000337331641573601,0.000339991982595845,2.66034102224438e-06
20260927_101616_608,alpha_low,alpha,low,0.1,0.4,2.5,20,40,ig,high_debt,4.22000637694819e-05,4.18990544613501e-05,-3.01009308131817e-07,0.000351667198079016,0.000349158787177918,-2.50841090109849e-06
20260927_101616_608,alpha_low,alpha,low,0.1,0.4,2.5,20,1,kg,low_debt,-0.000215999266007572,-0.000220885355076916,-4.88608906934473e-06,-4.49998470849107e-05,-4.60177823076909e-05,-1.01793522278015e-06
20260927_101616_608,alpha_low,alpha,low,0.1,0.4,2.5,20,2,kg,low_debt,-0.000583762790823172,-0.000596229816569149,-1.24670257459769e-05,-0.000121617248088161,-0.000124214545118573,-2.59729703041185e-06
20260927_101616_608,alpha_low,alpha,low,0.1,0.4,2.5,20,3,kg,low_debt,-0.0010574086064965,-0.00107855370871945,-2.11451022229525e-05,-0.000220293459686771,-0.000224698689316553,-4.40522962978179e-06
20260927_101616_608,alpha_low,alpha,low,0.1,0.4,2.5,20,4,kg,low_debt,-0.00160268309989142,-0.00163247786470944,-2.97947648180141e-05,-0.00033389231247738,-0.000340099555147799,-6.20724267041961e-06
20260927_101616_608,alpha_low,alpha,low,0.1,0.4,2.5,20,5,kg,low_debt,-0.00219301419217466,-0.00223067045575309,-3.76562635784339e-05,-0.000456877956703054,-0.000464723011615228,-7.84505491217374e-06
20260927_101616_608,alpha_low,alpha,low,0.1,0.4,2.5,20,6,kg,low_debt,-0.00280719499640902,-0.0028514426983639,-4.42477019548804e-05,-0.000584832290918547,-0.000594050562159147,-9.21827124060015e-06
20260927_101616_608,alpha_low,alpha,low,0.1,0.4,2.5,20,7,kg,low_debt,-0.00342801199228226,-0.00347730677950864,-4.92947872263727e-05,-0.000714169165058805,-0.000724438912397633,-1.02697473388277e-05
20260927_101616_608,alpha_low,alpha,low,0.1,0.4,2.5,20,8,kg,low_debt,-0.00404141183349704,-0.00409408776633491,-5.26759328378645e-05,-0.000841960798645218,-0.000852934951319773,-1.0974152674555e-05
20260927_101616_608,alpha_low,alpha,low,0.1,0.4,2.5,20,9,kg,low_debt,-0.00463596973934877,-0.00469034968466087,-5.43799453120997e-05,-0.000965827029030993,-0.000977156184304347,-1.13291552733542e-05
20260927_101616_608,alpha_low,alpha,low,0.1,0.4,2.5,20,10,kg,low_debt,-0.00520252335077576,-0.00525699703480775,-5.4473684031997e-05,-0.00108385903141162,-0.00109520771558495,-1.13486841733328e-05
20260927_101616_608,alpha_low,alpha,low,0.1,0.4,2.5,20,11,kg,low_debt,-0.00573389563845073,-0.00578697310057841,-5.30774621276819e-05,-0.0011945615913439,-0.00120561939595384,-1.10578046099339e-05
20260927_101616_608,alpha_low,alpha,low,0.1,0.4,2.5,20,12,kg,low_debt,-0.00622466530178833,-0.00627501168676492,-5.03463849765851e-05,-0.0012968052712059,-0.00130729410140936,-1.04888302034554e-05
20260927_101616_608,alpha_low,alpha,low,0.1,0.4,2.5,20,13,kg,low_debt,-0.00667096308211512,-0.00671741930050374,-4.6456218388613e-05,-0.00138978397544065,-0.00139946235427161,-9.67837883096112e-06
20260927_101616_608,alpha_low,alpha,low,0.1,0.4,2.5,20,14,kg,low_debt,-0.0070702835939267,-0.00711187630547983,-4.15927115531289e-05,-0.00147297574873473,-0.00148164089697496,-8.66514824023534e-06
20260927_101616_608,alpha_low,alpha,low,0.1,0.4,2.5,20,15,kg,low_debt,-0.00742130831185595,-0.00745725187685764,-3.59435650016948e-05,-0.00154610589830332,-0.00155359414101201,-7.48824270868642e-06
20260927_101616_608,alpha_low,alpha,low,0.1,0.4,2.5,20,16,kg,low_debt,-0.00772373842606378,-0.00775343086372082,-2.96924376570473e-05,-0.00160911217209662,-0.0016152980966085,-6.18592451188493e-06
20260927_101616_608,alpha_low,alpha,low,0.1,0.4,2.5,20,17,kg,low_debt,-0.00797813769221278,-0.00800115223209819,-2.3014539885402e-05,-0.001662112019211,-0.00166690671502046,-4.79469580945868e-06
20260927_101616_608,alpha_low,alpha,low,0.1,0.4,2.5,20,18,kg,low_debt,-0.00818578591396335,-0.00820185938596385,-1.60734720004996e-05,-0.00170537206540903,-0.00170872070540914,-3.34864000010415e-06
20260927_101616_608,alpha_low,alpha,low,0.1,0.4,2.5,20,19,kg,low_debt,-0.00834854374405758,-0.00835756279378863,-9.01904973105161e-06,-0.00173927994667866,-0.00174115891537263,-1.87896869396909e-06
20260927_101616_608,alpha_low,alpha,low,0.1,0.4,2.5,20,20,kg,low_debt,-0.00846872932215081,-0.00847071523965592,-1.98591750510957e-06,-0.00176431860878142,-0.00176473234159498,-4.13732813564494e-07
20260927_101616_608,alpha_low,alpha,low,0.1,0.4,2.5,20,21,kg,low_debt,-0.00854900701915184,-0.00854409981254012,4.90720661172617e-06,-0.00178104312898997,-0.00178002079427919,1.02233471077628e-06
20260927_101616_608,alpha_low,alpha,low,0.1,0.4,2.5,20,22,kg,low_debt,-0.00859228829996539,-0.00858073052073571,1.15577792296762e-05,-0.00179006006249279,-0.00178765219181994,2.4078706728492e-06
20260927_101616_608,alpha_low,alpha,low,0.1,0.4,2.5,20,23,kg,low_debt,-0.00860164448353284,-0.00858376520850257,1.78792750302748e-05,-0.00179200926740268,-0.00178828441843804,3.72484896464065e-06
20260927_101616_608,alpha_low,alpha,low,0.1,0.4,2.5,20,24,kg,low_debt,-0.0085802309849683,-0.00855643027517505,2.38007097932424e-05,-0.0017875481218684,-0.00178258964066147,4.95848120692565e-06
20260927_101616_608,alpha_low,alpha,low,0.1,0.4,2.5,20,25,kg,low_debt,-0.00853122247266391,-0.00850195655849628,2.9265914167631e-05,-0.00177733801513832,-0.00177124094968673,6.09706545158994e-06
20260927_101616_608,alpha_low,alpha,low,0.1,0.4,2.5,20,26,kg,low_debt,-0.00845775826149087,-0.0084235256427716,3.42326187192654e-05,-0.00176203297114393,-0.00175490117557742,7.13179556651377e-06
20260927_101616_608,alpha_low,alpha,low,0.1,0.4,2.5,20,27,kg,low_debt,-0.00836289718702243,-0.0083242257850511,3.86714019713352e-05,-0.00174227024729634,-0.00173421370521898,8.05654207736151e-06
20260927_101616_608,alpha_low,alpha,low,0.1,0.4,2.5,20,28,kg,low_debt,-0.00824958115998786,-0.00820701661420653,4.25645457813317e-05,-0.00171866274166414,-0.00170979512795969,8.86761370444411e-06
20260927_101616_608,alpha_low,alpha,low,0.1,0.4,2.5,20,29,kg,low_debt,-0.00812060657954827,-0.00807470174364067,4.59048359076064e-05,-0.00169179303740589,-0.00168222952992514,9.56350748075141e-06
20260927_101616_608,alpha_low,alpha,low,0.1,0.4,2.5,20,30,kg,low_debt,-0.0079786027837967,-0.00792990844386043,4.86943399362616e-05,-0.00166220891329098,-0.00165206425913759,1.01446541533878e-05
20260927_101616_608,alpha_low,alpha,low,0.1,0.4,2.5,20,31,kg,low_debt,-0.00782601673178807,-0.00777507354224038,5.09431895476808e-05,-0.00163042015245585,-0.00161980698796675,1.06131644891001e-05
20260927_101616_608,alpha_low,alpha,low,0.1,0.4,2.5,20,32,kg,low_debt,-0.00766510313985425,-0.00761243475031304,5.26683895412106e-05,-0.00159689648746963,-0.00158592390631522,1.09725811544188e-05
20260927_101616_608,alpha_low,alpha,low,0.1,0.4,2.5,20,33,kg,low_debt,-0.00749791933270405,-0.00744402666095123,5.38926717528199e-05,-0.00156206652764668,-0.00155083888769817,1.12276399485041e-05
20260927_101616_608,alpha_low,alpha,low,0.1,0.4,2.5,20,34,kg,low_debt,-0.00732632411441525,-0.00727168070614326,5.46434082719927e-05,-0.00152631752383651,-0.00151493348044651,1.13840433899985e-05
20260927_101616_608,alpha_low,alpha,low,0.1,0.4,2.5,20,35,kg,low_debt,-0.00715198001355866,-0.00709702841862647,5.49515949321844e-05,-0.00148999583615805,-0.00147854758721385,1.14482489442049e-05
20260927_101616_608,alpha_low,alpha,low,0.1,0.4,2.5,20,36,kg,low_debt,-0.00697635830863774,-0.00692150739564656,5.48509129911778e-05,-0.0014534079809662,-0.00144198070742637,1.14272735398286e-05
20260927_101616_608,alpha_low,alpha,low,0.1,0.4,2.5,20,37,kg,low_debt,-0.00680074629330907,-0.00674636941903373,5.43768742753414e-05,-0.00141682214443939,-0.00140549362896536,1.13285154740295e-05
20260927_101616_608,alpha_low,alpha,low,0.1,0.4,2.5,20,38,kg,low_debt,-0.006626256294191,-0.00657269024151752,5.35660526734816e-05,-0.00138047006128979,-0.00136931046698282,1.11595943069753e-05
20260927_101616_608,alpha_low,alpha,low,0.1,0.4,2.5,20,39,kg,low_debt,-0.00645383600657645,-0.00640138060370266,5.24554028737967e-05,-0.00134454916803676,-0.00133362095910472,1.0928208932041e-05
20260927_101616_608,alpha_low,alpha,low,0.1,0.4,2.5,20,40,kg,low_debt,-0.00628427976425794,-0.00623319809875511,5.10816655028279e-05,-0.00130922495088707,-0.00129858293724065,1.06420136464225e-05
20260927_101616_608,alpha_low,alpha,low,0.1,0.4,2.5,20,1,kg,high_debt,-0.00048352388489814,-0.000490821780063655,-7.29789516551449e-06,-0.000100734142687113,-0.000102254537513261,-1.52039482614885e-06
20260927_101616_608,alpha_low,alpha,low,0.1,0.4,2.5,20,2,kg,high_debt,-0.00133418177629085,-0.00135317640947274,-1.89946331818902e-05,-0.000277954536727261,-0.000281911751973489,-3.95721524622711e-06
20260927_101616_608,alpha_low,alpha,low,0.1,0.4,2.5,20,3,kg,high_debt,-0.00245655357942898,-0.00248938600347781,-3.28324240488342e-05,-0.00051178199571437,-0.000518622084057877,-6.84008834350713e-06
20260927_101616_608,alpha_low,alpha,low,0.1,0.4,2.5,20,4,kg,high_debt,-0.00377126750914325,-0.00381836672696334,-4.70992178200902e-05,-0.00078568073107151,-0.000795493068117363,-9.81233704585216e-06
20260927_101616_608,alpha_low,alpha,low,0.1,0.4,2.5,20,5,kg,high_debt,-0.00521183478012244,-0.00527237153648308,-6.05367563606407e-05,-0.00108579891252551,-0.00109841073676731,-1.26118242418001e-05
20260927_101616_608,alpha_low,alpha,low,0.1,0.4,2.5,20,6,kg,high_debt,-0.00672252448972621,-0.0067947827864252,-7.22582966989904e-05,-0.00140052593535963,-0.00141557974717192,-1.50538118122896e-05
20260927_101616_608,alpha_low,alpha,low,0.1,0.4,2.5,20,7,kg,high_debt,-0.00825685069671156,-0.00833852837685445,-8.16776801428887e-05,-0.00172017722848158,-0.00173719341184468,-1.70161833631017e-05
20260927_101616_608,alpha_low,alpha,low,0.1,0.4,2.5,20,8,kg,high_debt,-0.00977641906125903,-0.00986486841589773,-8.84493546386977e-05,-0.00203675397109563,-0.00205518091997869,-1.84269488830617e-05
20260927_101616_608,alpha_low,alpha,low,0.1,0.4,2.5,20,9,kg,high_debt,-0.0112499863787425,-0.0113424045136155,-9.24181348729292e-05,-0.00234374716223803,-0.00236300094033655,-1.92537780985269e-05
20260927_101616_608,alpha_low,alpha,low,0.1,0.4,2.5,20,10,kg,high_debt,-0.0126526497403372,-0.0127462270227774,-9.35772824401937e-05,-0.00263596869590358,-0.00265546396307862,-1.94952671750404e-05
20260927_101616_608,alpha_low,alpha,low,0.1,0.4,2.5,20,11,kg,high_debt,-0.013965119488236,-0.0140571530564699,-9.20335682339513e-05,-0.0029093998933825,-0.00292857355343124,-1.91736600487396e-05
20260927_101616_608,alpha_low,alpha,low,0.1,0.4,2.5,20,12,kg,high_debt,-0.0151730518360287,-0.0152610300000724,-8.79781640437116e-05,-0.00316105246583931,-0.00317938125001508,-1.83287841757735e-05
20260927_101616_608,alpha_low,alpha,low,0.1,0.4,2.5,20,13,kg,high_debt,-0.0162664292784829,-0.0163480916920724,-8.16624135895339e-05,-0.00338883943301727,-0.00340585243584842,-1.7013002831153e-05
20260927_101616_608,alpha_low,alpha,low,0.1,0.4,2.5,20,14,kg,high_debt,-0.0172389835578475,-0.0173123612744925,-7.33777166450622e-05,-0.00359145490788489,-0.00360674193218595,-1.52870243010548e-05
20260927_101616_608,alpha_low,alpha,low,0.1,0.4,2.5,20,15,kg,high_debt,-0.018087659316774,-0.0181510982277358,-6.34389109617217e-05,-0.00376826235766126,-0.00378147879744495,-1.3216439783692e-05
20260927_101616_608,alpha_low,alpha,low,0.1,0.4,2.5,20,16,kg,high_debt,-0.0188121180566769,-0.018864288711157,-5.21706544800438e-05,-0.00391919126180769,-0.0039300601481577,-1.08688863500088e-05
20260927_101616_608,alpha_low,alpha,low,0.1,0.4,2.5,20,17,kg,high_debt,-0.0194142824745285,-0.0194541788738913,-3.98963993628598e-05,-0.00404464218219343,-0.0040529539320607,-8.31174986726246e-06
20260927_101616_608,alpha_low,alpha,low,0.1,0.4,2.5,20,18,kg,high_debt,-0.0198979211664225,-0.0199248507819068,-2.6929615484228e-05,-0.00414540024300469,-0.00415101057956391,-5.61033655921417e-06
20260927_101616_608,alpha_low,alpha,low,0.1,0.4,2.5,20,19,kg,high_debt,-0.020268273350486,-0.0202818403205107,-1.35669700247476e-05,-0.00422255694801791,-0.0042253834001064,-2.82645208848908e-06
20260927_101616_608,alpha_low,alpha,low,0.1,0.4,2.5,20,20,kg,high_debt,-0.0205317128377764,-0.0205317960442457,-8.32064692701806e-08,-0.00427744017453676,-0.00427745750921786,-1.73346810976652e-08
20260927_101616_608,alpha_low,alpha,low,0.1,0.4,2.5,20,21,kg,high_debt,-0.0206954500565484,-0.0206821775510697,1.32725054786675e-05,-0.00431155209511425,-0.00430878698980619,2.76510530805574e-06
20260927_101616_608,alpha_low,alpha,low,0.1,0.4,2.5,20,22,kg,high_debt,-0.0207672705578563,-0.0207409916027883,2.62789550680154e-05,-0.0043265146995534,-0.00432103991724756,5.47478230583653e-06
20260927_101616_608,alpha_low,alpha,low,0.1,0.4,2.5,20,23,kg,high_debt,-0.0207553081189618,-0.020716563921102,3.87441978597636e-05,-0.0043240225247837,-0.00431595081689625,8.07170788745017e-06
20260927_101616_608,alpha_low,alpha,low,0.1,0.4,2.5,20,24,kg,high_debt,-0.0206678503212823,-0.0206173443654754,5.05059558069121e-05,-0.00430580215026714,-0.0042952800761407,1.052207412644e-05
20260927_101616_608,alpha_low,alpha,low,0.1,0.4,2.5,20,25,kg,high_debt,-0.0205131743097624,-0.0204517430443305,6.14312654318994e-05,-0.0042735779812005,-0.00426077980090219,1.27981802983124e-05
20260927_101616_608,alpha_low,alpha,low,0.1,0.4,2.5,20,26,kg,high_debt,-0.020299410334732,-0.0202279948195594,7.14155151726459e-05,-0.00422904381973584,-0.00421416558740821,1.48782323276348e-05
20260927_101616_608,alpha_low,alpha,low,0.1,0.4,2.5,20,27,kg,high_debt,-0.0200344306280096,-0.019954049628705,8.03809993046301e-05,-0.00417383971416866,-0.00415709367264687,1.67460415217979e-05
20260927_101616_608,alpha_low,alpha,low,0.1,0.4,2.5,20,28,kg,high_debt,-0.0197257611640245,-0.0196374860614306,8.82751025939044e-05,-0.00410953357583843,-0.0040911429294647,1.83906463737298e-05
20260927_101616_608,alpha_low,alpha,low,0.1,0.4,2.5,20,29,kg,high_debt,-0.0193805138961629,-0.0192854456791007,9.50682170621775e-05,-0.00403760706170061,-0.00401780118314599,1.98058785546209e-05
20260927_101616_608,alpha_low,alpha,low,0.1,0.4,2.5,20,30,kg,high_debt,-0.0190053371308805,-0.01890458565095,0.000100751479930494,-0.0039594452356001,-0.00393845534394791,2.0989891652186e-05
20260927_101616_608,alpha_low,alpha,low,0.1,0.4,2.5,20,31,kg,high_debt,-0.0186063818005637,-0.0185010473905214,0.000105334410042346,-0.00387632954178411,-0.00385438487302529,2.19446687588221e-05
20260927_101616_608,alpha_low,alpha,low,0.1,0.4,2.5,20,32,kg,high_debt,-0.0181892815144842,-0.018080439005649,0.000108842508835139,-0.00378943364885087,-0.00376675812617688,2.26755226739872e-05
20260927_101616_608,alpha_low,alpha,low,0.1,0.4,2.5,20,33,kg,high_debt,-0.0177591444002507,-0.0176478295187241,0.000111314881526603,-0.00369982175005223,-0.00367663114973419,2.3190600318042e-05
20260927_101616_608,alpha_low,alpha,low,0.1,0.4,2.5,20,34,kg,high_debt,-0.0173205548910067,-0.0172077529666979,0.000112801924308847,-0.0036084489356264,-0.00358494853472872,2.35004008976763e-05
20260927_101616_608,alpha_low,alpha,low,0.1,0.4,2.5,20,35,kg,high_debt,-0.0168775837624304,-0.0167642206479828,0.000113363114447651,-0.00351616328383967,-0.00349254596832975,2.36173155099273e-05
20260927_101616_608,alpha_low,alpha,low,0.1,0.4,2.5,20,36,kg,high_debt,-0.0164338048747794,-0.0163207399428273,0.000113064931952067,-0.00342370934891238,-0.0034001541547557,2.35551941566809e-05
20260927_101616_608,alpha_low,alpha,low,0.1,0.4,2.5,20,37,kg,high_debt,-0.0159923172259901,-0.01588033829184,0.000111978934150159,-0.00333173275541461,-0.0033084038108,2.33289446146165e-05
20260927_101616_608,alpha_low,alpha,low,0.1,0.4,2.5,20,38,kg,high_debt,-0.0155557710698018,-0.015445591071841,0.000110179997960813,-0.00324078563954204,-0.0032178314733002,2.29541662418362e-05
20260927_101616_608,alpha_low,alpha,low,0.1,0.4,2.5,20,39,kg,high_debt,-0.0151263969960675,-0.0150186522571358,0.000107744738931714,-0.00315133270751407,-0.0031288858869033,2.2446820610774e-05
20260927_101616_608,alpha_low,alpha,low,0.1,0.4,2.5,20,40,kg,high_debt,-0.0147060370073966,-0.0146012868962488,0.000104750111147744,-0.00306375770987429,-0.00304193477005184,2.18229398224468e-05
20260927_101616_608,alpha_low,alpha,low,0.1,0.4,2.5,20,1,xloc,low_debt,-0.00222176113036909,-0.0022241503844932,-2.38925412410218e-06,-0.00222176113036909,-0.0022241503844932,-2.38925412410218e-06
20260927_101616_608,alpha_low,alpha,low,0.1,0.4,2.5,20,2,xloc,low_debt,-0.00183616592606006,-0.00183979737659001,-3.63145052995062e-06,-0.00183616592606006,-0.00183979737659001,-3.63145052995062e-06
20260927_101616_608,alpha_low,alpha,low,0.1,0.4,2.5,20,3,xloc,low_debt,-0.00150187858649087,-0.00150570141494788,-3.82282845701187e-06,-0.00150187858649087,-0.00150570141494788,-3.82282845701187e-06
20260927_101616_608,alpha_low,alpha,low,0.1,0.4,2.5,20,4,xloc,low_debt,-0.00122719646986191,-0.00123060511924988,-3.40864938797036e-06,-0.00122719646986191,-0.00123060511924988,-3.40864938797036e-06
20260927_101616_608,alpha_low,alpha,low,0.1,0.4,2.5,20,5,xloc,low_debt,-0.00100858531237791,-0.00101127050459593,-2.68519221802155e-06,-0.00100858531237791,-0.00101127050459593,-2.68519221802155e-06
20260927_101616_608,alpha_low,alpha,low,0.1,0.4,2.5,20,6,xloc,low_debt,-0.000837878819921589,-0.000839720714985281,-1.84189506369226e-06,-0.000837878819921589,-0.000839720714985281,-1.84189506369226e-06
20260927_101616_608,alpha_low,alpha,low,0.1,0.4,2.5,20,7,xloc,low_debt,-0.00070591686303334,-0.000706911072680505,-9.94209647164901e-07,-0.00070591686303334,-0.000706911072680505,-9.94209647164901e-07
20260927_101616_608,alpha_low,alpha,low,0.1,0.4,2.5,20,8,xloc,low_debt,-0.000604222233135832,-0.000604430191048388,-2.079579125569e-07,-0.000604222233135832,-0.000604430191048388,-2.079579125569e-07
20260927_101616_608,alpha_low,alpha,low,0.1,0.4,2.5,20,9,xloc,low_debt,-0.000525636004561125,-0.000525152719012212,4.83285548913415e-07,-0.000525636004561125,-0.000525152719012212,4.83285548913415e-07
20260927_101616_608,alpha_low,alpha,low,0.1,0.4,2.5,20,10,xloc,low_debt,-0.000464430326273413,-0.000463364151383372,1.06617489004091e-06,-0.000464430326273413,-0.000463364151383372,1.06617489004091e-06
20260927_101616_608,alpha_low,alpha,low,0.1,0.4,2.5,20,11,xloc,low_debt,-0.000416183561221528,-0.000414644043659762,1.53951756176607e-06,-0.000416183561221528,-0.000414644043659762,1.53951756176607e-06
20260927_101616_608,alpha_low,alpha,low,0.1,0.4,2.5,20,12,xloc,low_debt,-0.000377568404365758,-0.000375659406306239,1.90899805951883e-06,-0.000377568404365758,-0.000375659406306239,1.90899805951883e-06
20260927_101616_608,alpha_low,alpha,low,0.1,0.4,2.5,20,13,xloc,low_debt,-0.000346128045082161,-0.000343944214162395,2.18383091976637e-06,-0.000346128045082161,-0.000343944214162395,2.18383091976637e-06
20260927_101616_608,alpha_low,alpha,low,0.1,0.4,2.5,20,14,xloc,low_debt,-0.000320074062515885,-0.000317699354502876,2.37470801300876e-06,-0.000320074062515885,-0.000317699354502876,2.37470801300876e-06
20260927_101616_608,alpha_low,alpha,low,0.1,0.4,2.5,20,15,xloc,low_debt,-0.000298117960173983,-0.00029562536866834,2.49259150564285e-06,-0.000298117960173983,-0.00029562536866834,2.49259150564285e-06
20260927_101616_608,alpha_low,alpha,low,0.1,0.4,2.5,20,16,xloc,low_debt,-0.000279337466094876,-0.000276789421834289,2.5480442605863e-06,-0.000279337466094876,-0.000276789421834289,2.5480442605863e-06
20260927_101616_608,alpha_low,alpha,low,0.1,0.4,2.5,20,17,xloc,low_debt,-0.000263073951560888,-0.000260523060238826,2.55089132206177e-06,-0.000263073951560888,-0.000260523060238826,2.55089132206177e-06
20260927_101616_608,alpha_low,alpha,low,0.1,0.4,2.5,20,18,xloc,low_debt,-0.000248855696185268,-0.00024634561832948,2.5100778557885e-06,-0.000248855696185268,-0.00024634561832948,2.5100778557885e-06
20260927_101616_608,alpha_low,alpha,low,0.1,0.4,2.5,20,19,xloc,low_debt,-0.000236341649018201,-0.000233908010926154,2.43363809204755e-06,-0.000236341649018201,-0.000233908010926154,2.43363809204755e-06
20260927_101616_608,alpha_low,alpha,low,0.1,0.4,2.5,20,20,xloc,low_debt,-0.000225280932563021,-0.000222952209869898,2.32872269312345e-06,-0.000225280932563021,-0.000222952209869898,2.32872269312345e-06
20260927_101616_608,alpha_low,alpha,low,0.1,0.4,2.5,20,21,xloc,low_debt,-0.000215484154601819,-0.000213282501187018,2.20165341480172e-06,-0.000215484154601819,-0.000213282501187018,2.20165341480172e-06
20260927_101616_608,alpha_low,alpha,low,0.1,0.4,2.5,20,22,xloc,low_debt,-0.000206803409750544,-0.000204745422218156,2.05798753238895e-06,-0.000206803409750544,-0.000204745422218156,2.05798753238895e-06
20260927_101616_608,alpha_low,alpha,low,0.1,0.4,2.5,20,23,xloc,low_debt,-0.000199118573332879,-0.000197215990464183,1.90258286869582e-06,-0.000199118573332879,-0.000197215990464183,1.90258286869582e-06
20260927_101616_608,alpha_low,alpha,low,0.1,0.4,2.5,20,24,xloc,low_debt,-0.000192328084727467,-0.000190588425522664,1.73965920480246e-06,-0.000192328084727467,-0.000190588425522664,1.73965920480246e-06
20260927_101616_608,alpha_low,alpha,low,0.1,0.4,2.5,20,25,xloc,low_debt,-0.000186342887779634,-0.000184770033158199,1.57285462143442e-06,-0.000186342887779634,-0.000184770033158199,1.57285462143442e-06
20260927_101616_608,alpha_low,alpha,low,0.1,0.4,2.5,20,26,xloc,low_debt,-0.000181082557591861,-0.000179677280843782,1.40527674807878e-06,-0.000181082557591861,-0.000179677280843782,1.40527674807878e-06
20260927_101616_608,alpha_low,alpha,low,0.1,0.4,2.5,20,27,xloc,low_debt,-0.000176472915389581,-0.00017523336586367,1.23954952591099e-06,-0.000176472915389581,-0.00017523336586367,1.23954952591099e-06
20260927_101616_608,alpha_low,alpha,low,0.1,0.4,2.5,20,28,xloc,low_debt,-0.000172444635010871,-0.000171366778732196,1.07785627867507e-06,-0.000172444635010871,-0.000171366778732196,1.07785627867507e-06
20260927_101616_608,alpha_low,alpha,low,0.1,0.4,2.5,20,29,xloc,low_debt,-0.00016893249224581,-0.00016801051240678,9.21979839030307e-07,-0.00016893249224581,-0.00016801051240678,9.21979839030307e-07
20260927_101616_608,alpha_low,alpha,low,0.1,0.4,2.5,20,30,xloc,low_debt,-0.000165875015142425,-0.000165101674809431,7.73340332993477e-07,-0.000165875015142425,-0.000165101674809431,7.73340332993477e-07
20260927_101616_608,alpha_low,alpha,low,0.1,0.4,2.5,20,31,xloc,low_debt,-0.000163214370028086,-0.00016258133897773,6.33031050356614e-07,-0.000163214370028086,-0.00016258133897773,6.33031050356614e-07
20260927_101616_608,alpha_low,alpha,low,0.1,0.4,2.5,20,32,xloc,low_debt,-0.000160896372461528,-0.000160394519792884,5.01852668643998e-07,-0.000160896372461528,-0.000160394519792884,5.01852668643998e-07
20260927_101616_608,alpha_low,alpha,low,0.1,0.4,2.5,20,33,xloc,low_debt,-0.000158870550681756,-0.000158490204718698,3.80345963058026e-07,-0.000158870550681756,-0.000158490204718698,3.80345963058026e-07
20260927_101616_608,alpha_low,alpha,low,0.1,0.4,2.5,20,34,xloc,low_debt,-0.000157090215886169,-0.000156821392850226,2.68823035942667e-07,-0.000157090215886169,-0.000156821392850226,2.68823035942667e-07
20260927_101616_608,alpha_low,alpha,low,0.1,0.4,2.5,20,35,xloc,low_debt,-0.000155512512122979,-0.000155345115092853,1.67397030126359e-07,-0.000155512512122979,-0.000155345115092853,1.67397030126359e-07
20260927_101616_608,alpha_low,alpha,low,0.1,0.4,2.5,20,36,xloc,low_debt,-0.000154098431146998,-0.000154022420891131,7.60102558672315e-08,-0.000154098431146998,-0.000154022420891131,7.60102558672315e-08
20260927_101616_608,alpha_low,alpha,low,0.1,0.4,2.5,20,37,xloc,low_debt,-0.000152812785966572,-0.000152818325327209,-5.53936063685256e-09,-0.000152812785966572,-0.000152818325327209,-5.53936063685256e-09
20260927_101616_608,alpha_low,alpha,low,0.1,0.4,2.5,20,38,xloc,low_debt,-0.000151624142271323,-0.000151701715865538,-7.7573594214897e-08,-0.000151624142271323,-0.000151701715865538,-7.7573594214897e-08
20260927_101616_608,alpha_low,alpha,low,0.1,0.4,2.5,20,39,xloc,low_debt,-0.000150504710334065,-0.000150645221413725,-1.40511079660399e-07,-0.000150504710334065,-0.000150645221413725,-1.40511079660399e-07
20260927_101616_608,alpha_low,alpha,low,0.1,0.4,2.5,20,40,xloc,low_debt,-0.000149430201981882,-0.000149625048351476,-1.94846369594437e-07,-0.000149430201981882,-0.000149625048351476,-1.94846369594437e-07
20260927_101616_608,alpha_low,alpha,low,0.1,0.4,2.5,20,1,xloc,high_debt,-0.00240858710002689,-0.00241217377980785,-3.58667978095362e-06,-0.00240858710002689,-0.00241217377980785,-3.58667978095362e-06
20260927_101616_608,alpha_low,alpha,low,0.1,0.4,2.5,20,2,xloc,high_debt,-0.00216328273740019,-0.00216887621556794,-5.59347816775357e-06,-0.00216328273740019,-0.00216887621556794,-5.59347816775357e-06
20260927_101616_608,alpha_low,alpha,low,0.1,0.4,2.5,20,3,xloc,high_debt,-0.0019300449716585,-0.00193622334530164,-6.17837364313978e-06,-0.0019300449716585,-0.00193622334530164,-6.17837364313978e-06
20260927_101616_608,alpha_low,alpha,low,0.1,0.4,2.5,20,4,xloc,high_debt,-0.00172427812357179,-0.00173013167846137,-5.85355488957884e-06,-0.00172427812357179,-0.00173013167846137,-5.85355488957884e-06
20260927_101616_608,alpha_low,alpha,low,0.1,0.4,2.5,20,5,xloc,high_debt,-0.00154887347173227,-0.00155385497079363,-4.9814990613628e-06,-0.00154887347173227,-0.00155385497079363,-4.9814990613628e-06
20260927_101616_608,alpha_low,alpha,low,0.1,0.4,2.5,20,6,xloc,high_debt,-0.00140122057903436,-0.00140503387719959,-3.8132981652339e-06,-0.00140122057903436,-0.00140503387719959,-3.8132981652339e-06
20260927_101616_608,alpha_low,alpha,low,0.1,0.4,2.5,20,7,xloc,high_debt,-0.00127682361981007,-0.00127934293095366,-2.5193111435895e-06,-0.00127682361981007,-0.00127934293095366,-2.5193111435895e-06
20260927_101616_608,alpha_low,alpha,low,0.1,0.4,2.5,20,8,xloc,high_debt,-0.00117104002906865,-0.00117225252046993,-1.21249140128121e-06,-0.00117104002906865,-0.00117225252046993,-1.21249140128121e-06
20260927_101616_608,alpha_low,alpha,low,0.1,0.4,2.5,20,9,xloc,high_debt,-0.0010798139014393,-0.00107977945175786,3.44496814408402e-08,-0.0010798139014393,-0.00107977945175786,3.44496814408402e-08
20260927_101616_608,alpha_low,alpha,low,0.1,0.4,2.5,20,10,xloc,high_debt,-0.000999896537639433,-0.000998719822079774,1.1767155596587e-06,-0.000999896537639433,-0.000998719822079774,1.1767155596587e-06
20260927_101616_608,alpha_low,alpha,low,0.1,0.4,2.5,20,11,xloc,high_debt,-0.000928825257183519,-0.00092663653376035,2.18872342316878e-06,-0.000928825257183519,-0.00092663653376035,2.18872342316878e-06
20260927_101616_608,alpha_low,alpha,low,0.1,0.4,2.5,20,12,xloc,high_debt,-0.000864804671553143,-0.000861746635830718,3.05803572242525e-06,-0.000864804671553143,-0.000861746635830718,3.05803572242525e-06
20260927_101616_608,alpha_low,alpha,low,0.1,0.4,2.5,20,13,xloc,high_debt,-0.000806563204857058,-0.000802782047047979,3.78115780907962e-06,-0.000806563204857058,-0.000802782047047979,3.78115780907962e-06
20260927_101616_608,alpha_low,alpha,low,0.1,0.4,2.5,20,14,xloc,high_debt,-0.000753218505879283,-0.000748857871235908,4.36063464337444e-06,-0.000753218505879283,-0.000748857871235908,4.36063464337444e-06
20260927_101616_608,alpha_low,alpha,low,0.1,0.4,2.5,20,15,xloc,high_debt,-0.000704164713208999,-0.000699361673283216,4.80303992578257e-06,-0.000704164713208999,-0.000699361673283216,4.80303992578257e-06
20260927_101616_608,alpha_low,alpha,low,0.1,0.4,2.5,20,16,xloc,high_debt,-0.000658984205002988,-0.000653866631906141,5.11757309684668e-06,-0.000658984205002988,-0.000653866631906141,5.11757309684668e-06
20260927_101616_608,alpha_low,alpha,low,0.1,0.4,2.5,20,17,xloc,high_debt,-0.000617381783636795,-0.000612066714646753,5.31506899004164e-06,-0.000617381783636795,-0.000612066714646753,5.31506899004164e-06
20260927_101616_608,alpha_low,alpha,low,0.1,0.4,2.5,20,18,xloc,high_debt,-0.000579137528833318,-0.000573730240436721,5.40728839659721e-06,-0.000579137528833318,-0.000573730240436721,5.40728839659721e-06
20260927_101616_608,alpha_low,alpha,low,0.1,0.4,2.5,20,19,xloc,high_debt,-0.000544074300750541,-0.000538667898972278,5.4064017782629e-06,-0.000544074300750541,-0.000538667898972278,5.4064017782629e-06
20260927_101616_608,alpha_low,alpha,low,0.1,0.4,2.5,20,20,xloc,high_debt,-0.000512036272315108,-0.000506711664117532,5.32460819757663e-06,-0.000512036272315108,-0.000506711664117532,5.32460819757663e-06
20260927_101616_608,alpha_low,alpha,low,0.1,0.4,2.5,20,21,xloc,high_debt,-0.0004828754933206,-0.000477701641933614,5.17385138698589e-06,-0.0004828754933206,-0.000477701641933614,5.17385138698589e-06
20260927_101616_608,alpha_low,alpha,low,0.1,0.4,2.5,20,22,xloc,high_debt,-0.000456444130222278,-0.00045147852237426,4.96560784801758e-06,-0.000456444130222278,-0.00045147852237426,4.96560784801758e-06
20260927_101616_608,alpha_low,alpha,low,0.1,0.4,2.5,20,23,xloc,high_debt,-0.000432590595298765,-0.000427879865089742,4.71073020902324e-06,-0.000432590595298765,-0.000427879865089742,4.71073020902324e-06
20260927_101616_608,alpha_low,alpha,low,0.1,0.4,2.5,20,24,xloc,high_debt,-0.000411158247772492,-0.000406738913423355,4.41933434913722e-06,-0.000411158247772492,-0.000406738913423355,4.41933434913722e-06
20260927_101616_608,alpha_low,alpha,low,0.1,0.4,2.5,20,25,xloc,high_debt,-0.000391985717672183,-0.000387884995576737,4.10072209544587e-06,-0.000391985717672183,-0.000387884995576737,4.10072209544587e-06
20260927_101616_608,alpha_low,alpha,low,0.1,0.4,2.5,20,26,xloc,high_debt,-0.000374908183139233,-0.000371144849789173,3.76333335005974e-06,-0.000374908183139233,-0.000371144849789173,3.76333335005974e-06
20260927_101616_608,alpha_low,alpha,low,0.1,0.4,2.5,20,27,xloc,high_debt,-0.000359759139658467,-0.000356344416876597,3.41472278186927e-06,-0.000359759139658467,-0.000356344416876597,3.41472278186927e-06
20260927_101616_608,alpha_low,alpha,low,0.1,0.4,2.5,20,28,xloc,high_debt,-0.000346372351032187,-0.0003433107939953,3.06155703688749e-06,-0.000346372351032187,-0.0003433107939953,3.06155703688749e-06
20260927_101616_608,alpha_low,alpha,low,0.1,0.4,2.5,20,29,xloc,high_debt,-0.00033458378039064,-0.000331874151428657,2.70962896198323e-06,-0.00033458378039064,-0.000331874151428657,2.70962896198323e-06
20260927_101616_608,alpha_low,alpha,low,0.1,0.4,2.5,20,30,xloc,high_debt,-0.000324233376164829,-0.000321869490425009,2.36388573982005e-06,-0.000324233376164829,-0.000321869490425009,2.36388573982005e-06
20260927_101616_608,alpha_low,alpha,low,0.1,0.4,2.5,20,31,xloc,high_debt,-0.000315166641293496,-0.000313138173146044,2.0284681474525e-06,-0.000315166641293496,-0.000313138173146044,2.0284681474525e-06
20260927_101616_608,alpha_low,alpha,low,0.1,0.4,2.5,20,32,xloc,high_debt,-0.00030723595048765,-0.000305529192060061,1.70675842758872e-06,-0.00030723595048765,-0.000305529192060061,1.70675842758872e-06
20260927_101616_608,alpha_low,alpha,low,0.1,0.4,2.5,20,33,xloc,high_debt,-0.000300301604938547,-0.000298900170418226,1.4014345203206e-06,-0.000300301604938547,-0.000298900170418226,1.4014345203206e-06
20260927_101616_608,alpha_low,alpha,low,0.1,0.4,2.5,20,34,xloc,high_debt,-0.000294232629925895,-0.000293118101274414,1.11452865148021e-06,-0.000294232629925895,-0.000293118101274414,1.11452865148021e-06
20260927_101616_608,alpha_low,alpha,low,0.1,0.4,2.5,20,35,xloc,high_debt,-0.000288907330909027,-0.000288059842397659,8.4748851136851e-07,-0.000288907330909027,-0.000288059842397659,8.4748851136851e-07
20260927_101616_608,alpha_low,alpha,low,0.1,0.4,2.5,20,36,xloc,high_debt,-0.000284213629654806,-0.000283612390162058,6.01239492747929e-07,-0.000284213629654806,-0.000283612390162058,6.01239492747929e-07
20260927_101616_608,alpha_low,alpha,low,0.1,0.4,2.5,20,37,xloc,high_debt,-0.000280049205075739,-0.000279672958394594,3.7624668114411e-07,-0.000280049205075739,-0.000279672958394594,3.7624668114411e-07
20260927_101616_608,alpha_low,alpha,low,0.1,0.4,2.5,20,38,xloc,high_debt,-0.000276321464611651,-0.000276148889110428,1.72575501222738e-07,-0.000276321464611651,-0.000276148889110428,1.72575501222738e-07
20260927_101616_608,alpha_low,alpha,low,0.1,0.4,2.5,20,39,xloc,high_debt,-0.000272947371843468,-0.000272957421717734,-1.00498742661159e-08,-0.000272947371843468,-0.000272957421717734,-1.00498742661159e-08
20260927_101616_608,alpha_low,alpha,low,0.1,0.4,2.5,20,40,xloc,high_debt,-0.000269853155012045,-0.000270025346076896,-1.72191064851113e-07,-0.000269853155012045,-0.000270025346076896,-1.72191064851113e-07
20260927_101616_608,alpha_high,alpha,high,0.1,0.5,2.5,20,1,ig,low_debt,-0.000211871552657117,-0.00021782803519646,-5.95648253934322e-06,-0.00176559627214264,-0.00181523362663717,-4.96373544945268e-05
20260927_101616_608,alpha_high,alpha,high,0.1,0.5,2.5,20,2,ig,low_debt,-0.000365668286910134,-0.000374959364016991,-9.29107710685717e-06,-0.00304723572425112,-0.00312466136680826,-7.74256425571432e-05
20260927_101616_608,alpha_high,alpha,high,0.1,0.5,2.5,20,3,ig,low_debt,-0.000478511877943275,-0.000489249300590203,-1.07374226469281e-05,-0.00398759898286062,-0.00407707750491836,-8.94785220577343e-05
20260927_101616_608,alpha_high,alpha,high,0.1,0.5,2.5,20,4,ig,low_debt,-0.000560861954816874,-0.000571737030194031,-1.08750753771564e-05,-0.00467384962347395,-0.00476447525161692,-9.06256281429695e-05
20260927_101616_608,alpha_high,alpha,high,0.1,0.5,2.5,20,5,ig,low_debt,-0.000619328051479948,-0.000629470076013508,-1.01420245335604e-05,-0.00516106709566623,-0.00524558396677923,-8.45168711130035e-05
20260927_101616_608,alpha_high,alpha,high,0.1,0.5,2.5,20,6,ig,low_debt,-0.000658337230236922,-0.000667196846979828,-8.8596167429067e-06,-0.00548614358530768,-0.0055599737248319,-7.38301395242225e-05
20260927_101616_608,alpha_high,alpha,high,0.1,0.5,2.5,20,7,ig,low_debt,-0.000681096661347108,-0.000688355475187238,-7.25881384013027e-06,-0.0056758055112259,-0.00573629562656032,-6.04901153344189e-05
20260927_101616_608,alpha_high,alpha,high,0.1,0.5,2.5,20,8,ig,low_debt,-0.000690131486455275,-0.000695634646054169,-5.50315959889358e-06,-0.00575109572046063,-0.00579695538378474,-4.58596633241132e-05
20260927_101616_608,alpha_high,alpha,high,0.1,0.5,2.5,20,9,ig,low_debt,-0.000687573308475464,-0.00069128040739154,-3.70709891607535e-06,-0.00572977757062887,-0.00576067006159616,-3.08924909672948e-05
20260927_101616_608,alpha_high,alpha,high,0.1,0.5,2.5,20,10,ig,low_debt,-0.000675306717574681,-0.000677256518837238,-1.94980126255739e-06,-0.00562755597978901,-0.00564380432364365,-1.62483438546452e-05
20260927_101616_608,alpha_high,alpha,high,0.1,0.5,2.5,20,11,ig,low_debt,-0.000655038163918681,-0.000655323383657216,-2.85219738535569e-07,-0.00545865136598901,-0.00546102819714347,-2.37683115446308e-06
20260927_101616_608,alpha_high,alpha,high,0.1,0.5,2.5,20,12,ig,low_debt,-0.000628324680927883,-0.000627073919559157,1.25076136872626e-06,-0.00523603900773236,-0.00522561599632631,1.04230114060522e-05
20260927_101616_608,alpha_high,alpha,high,0.1,0.5,2.5,20,13,ig,low_debt,-0.000596583632546277,-0.000593948315133264,2.63531741301337e-06,-0.00497153027121898,-0.0049495692927772,2.19609784417778e-05
20260927_101616_608,alpha_high,alpha,high,0.1,0.5,2.5,20,14,ig,low_debt,-0.000561094935068937,-0.000557239747186189,3.85518788274808e-06,-0.00467579112557448,-0.00464366455988491,3.21265656895676e-05
20260927_101616_608,alpha_high,alpha,high,0.1,0.5,2.5,20,15,ig,low_debt,-0.000523001566777856,-0.000518097343339866,4.90422343799035e-06,-0.00435834638981547,-0.00431747786116555,4.08685286499193e-05
20260927_101616_608,alpha_high,alpha,high,0.1,0.5,2.5,20,16,ig,low_debt,-0.000483311015634216,-0.000477529378654459,5.78163697975698e-06,-0.0040275917969518,-0.00397941148878716,4.81803081646415e-05
20260927_101616_608,alpha_high,alpha,high,0.1,0.5,2.5,20,17,ig,low_debt,-0.000442898616571721,-0.000436407892084434,6.49072448728749e-06,-0.00369082180476434,-0.00363673243403695,5.40893707273961e-05
20260927_101616_608,alpha_high,alpha,high,0.1,0.5,2.5,20,18,ig,low_debt,-0.000402512874859623,-0.00039547497635746,7.03789850216296e-06,-0.00335427395716352,-0.00329562480297883,5.86491541846915e-05
20260927_101616_608,alpha_high,alpha,high,0.1,0.5,2.5,20,19,ig,low_debt,-0.000362782487099311,-0.000355350555364467,7.43193173484424e-06,-0.00302318739249426,-0.00296125462803723,6.19327644570352e-05
20260927_101616_608,alpha_high,alpha,high,0.1,0.5,2.5,20,20,ig,low_debt,-0.000324224637194323,-0.00031654129168264,7.68334551168315e-06,-0.00270187197661936,-0.00263784409735533,6.40278792640265e-05
20260927_101616_608,alpha_high,alpha,high,0.1,0.5,2.5,20,21,ig,low_debt,-0.000287254135602988,-0.000279450233239012,7.80390236397588e-06,-0.00239378446335823,-0.00232875194365843,6.50325196997993e-05
20260927_101616_608,alpha_high,alpha,high,0.1,0.5,2.5,20,22,ig,low_debt,-0.000252193017012334,-0.000244386839242258,7.80617777007553e-06,-0.00210160847510278,-0.00203655699368549,6.50514814172958e-05
20260927_101616_608,alpha_high,alpha,high,0.1,0.5,2.5,20,23,ig,low_debt,-0.000219280277682504,-0.000211577081916062,7.70319576644252e-06,-0.0018273356473542,-0.00176314234930051,6.41932980536878e-05
20260927_101616_608,alpha_high,alpha,high,0.1,0.5,2.5,20,24,ig,low_debt,-0.000188681501068599,-0.000181173382159214,7.50811890938563e-06,-0.00157234584223833,-0.00150977818466011,6.25676575782136e-05
20260927_101616_608,alpha_high,alpha,high,0.1,0.5,2.5,20,25,ig,low_debt,-0.000160498181038429,-0.000153264194702185,7.23398633624417e-06,-0.00133748484198691,-0.00127720162251821,6.02832194687014e-05
20260927_101616_608,alpha_high,alpha,high,0.1,0.5,2.5,20,26,ig,low_debt,-0.000134776603442216,-0.000127883108030261,6.89349541195539e-06,-0.00112313836201847,-0.00106569256691884,5.74457950996282e-05
20260927_101616_608,alpha_high,alpha,high,0.1,0.5,2.5,20,27,ig,low_debt,-0.000111516188870439,-0.000105017365581578,6.49882328886131e-06,-0.000929301573920326,-0.000875144713179815,5.4156860740511e-05
20260927_101616_608,alpha_high,alpha,high,0.1,0.5,2.5,20,28,ig,low_debt,-9.06772331474015e-05,-8.46157480885873e-05,6.06148505881421e-06,-0.000755643609561679,-0.000705131234071561,5.05123754901183e-05
20260927_101616_608,alpha_high,alpha,high,0.1,0.5,2.5,20,29,ig,low_debt,-7.21880087625054e-05,-6.65957834802416e-05,5.59222528226377e-06,-0.000601566739687545,-0.000554964862335347,4.66018773521981e-05
20260927_101616_608,alpha_high,alpha,high,0.1,0.5,2.5,20,30,ig,low_debt,-5.5951211324512e-05,-5.08502716365516e-05,5.10093968796033e-06,-0.000466260094370933,-0.00042375226363793,4.25078307330027e-05
20260927_101616_608,alpha_high,alpha,high,0.1,0.5,2.5,20,31,ig,low_debt,-4.18497513534621e-05,-3.72531275249915e-05,4.59662382847059e-06,-0.000348747927945518,-0.00031044272937493,3.83051985705883e-05
20260927_101616_608,alpha_high,alpha,high,0.1,0.5,2.5,20,32,ig,low_debt,-2.97519042209704e-05,-2.56645587287524e-05,4.08734549221801e-06,-0.000247932535174753,-0.000213871322739603,3.40612124351501e-05
20260927_101616_608,alpha_high,alpha,high,0.1,0.5,2.5,20,33,ig,low_debt,-1.95158405425638e-05,-1.59356028121976e-05,3.5802377303662e-06,-0.000162632004521365,-0.000132796690101647,2.98353144197183e-05
20260927_101616_608,alpha_high,alpha,high,0.1,0.5,2.5,20,34,ig,low_debt,-1.09935663939187e-05,-7.91205693494168e-06,3.08150945897701e-06,-9.16130532826557e-05,-6.59338077911807e-05,2.5679245491475e-05
20260927_101616_608,alpha_high,alpha,high,0.1,0.5,2.5,20,35,ig,low_debt,-4.03430781795167e-06,-1.43783707763634e-06,2.59647074031533e-06,-3.36192318162639e-05,-1.19819756469695e-05,2.16372561692944e-05
20260927_101616_608,alpha_high,alpha,high,0.1,0.5,2.5,20,36,ig,low_debt,1.51262242704953e-06,3.64219245178876e-06,2.12957002473924e-06,1.26051868920794e-05,3.03516037649063e-05,1.7746416872827e-05
20260927_101616_608,alpha_high,alpha,high,0.1,0.5,2.5,20,37,ig,low_debt,5.79543576885444e-06,7.47987660607019e-06,1.68444083721575e-06,4.8295298073787e-05,6.23323050505849e-05,1.40370069767979e-05
20260927_101616_608,alpha_high,alpha,high,0.1,0.5,2.5,20,38,ig,low_debt,8.95791518952527e-06,1.02218708030455e-05,1.26395561352022e-06,7.46492932460439e-05,8.51822566920457e-05,1.05329634460018e-05
20260927_101616_608,alpha_high,alpha,high,0.1,0.5,2.5,20,39,ig,low_debt,1.11378576947985e-05,1.20081423147234e-05,8.70284619924888e-07,9.28154807899872e-05,0.000100067852622695,7.25237183270741e-06
20260927_101616_608,alpha_high,alpha,high,0.1,0.5,2.5,20,40,ig,low_debt,1.24658710580067e-05,1.29708291828207e-05,5.04958124813992e-07,0.000103882258816722,0.000108090243190172,4.20798437344994e-06
20260927_101616_608,alpha_high,alpha,high,0.1,0.5,2.5,20,1,ig,high_debt,-0.00048172566738458,-0.00049089900325075,-9.17333586616942e-06,-0.00401438056153817,-0.00409082502708958,-7.64444655514118e-05
20260927_101616_608,alpha_high,alpha,high,0.1,0.5,2.5,20,2,ig,high_debt,-0.000858958030088966,-0.000873787413532404,-1.48293834434376e-05,-0.00715798358407472,-0.0072815617794367,-0.00012357819536198
20260927_101616_608,alpha_high,alpha,high,0.1,0.5,2.5,20,3,ig,high_debt,-0.00115033176275407,-0.00116809818747317,-1.77664247190956e-05,-0.00958609802295061,-0.0097341515622764,-0.000148053539325796
20260927_101616_608,alpha_high,alpha,high,0.1,0.5,2.5,20,4,ig,high_debt,-0.00136971860029718,-0.00138837700713061,-1.86584068334328e-05,-0.0114143216691432,-0.0115698083927551,-0.000155486723611939
20260927_101616_608,alpha_high,alpha,high,0.1,0.5,2.5,20,5,ig,high_debt,-0.00152800797608457,-0.00154606068014251,-1.80527040579415e-05,-0.0127333998007048,-0.0128838390011876,-0.000150439200482844
20260927_101616_608,alpha_high,alpha,high,0.1,0.5,2.5,20,6,ig,high_debt,-0.00163418041489695,-0.00165056491908031,-1.6384504183356e-05,-0.0136181701241412,-0.0137547076590025,-0.0001365375348613
20260927_101616_608,alpha_high,alpha,high,0.1,0.5,2.5,20,7,ig,high_debt,-0.00169593890896876,-0.00170993479412639,-1.39958851576305e-05,-0.0141328242414063,-0.0142494566177199,-0.000116632376313586
20260927_101616_608,alpha_high,alpha,high,0.1,0.5,2.5,20,8,ig,high_debt,-0.00172007088467586,-0.00173122504579661,-1.11541611207411e-05,-0.0143339240389655,-0.0144268753816384,-9.29513426728423e-05
20260927_101616_608,alpha_high,alpha,high,0.1,0.5,2.5,20,9,ig,high_debt,-0.0017126506596243,-0.0017207181282143,-8.06746859000063e-06,-0.0142720888302025,-0.0143393177351191,-6.72289049166719e-05
20260927_101616_608,alpha_high,alpha,high,0.1,0.5,2.5,20,10,ig,high_debt,-0.00167915080163489,-0.00168404800945889,-4.89720782399783e-06,-0.0139929233469574,-0.0140337334121574,-4.08100651999831e-05
20260927_101616_608,alpha_high,alpha,high,0.1,0.5,2.5,20,11,ig,high_debt,-0.00162450393148782,-0.00162627159052282,-1.76765903500686e-06,-0.0135375327623985,-0.0135522632543569,-1.47304919583899e-05
20260927_101616_608,alpha_high,alpha,high,0.1,0.5,2.5,20,12,ig,high_debt,-0.00155313946719629,-0.00155191278695803,1.22668023826156e-06,-0.0129428288933024,-0.0129326065579836,1.02223353188463e-05
20260927_101616_608,alpha_high,alpha,high,0.1,0.5,2.5,20,13,ig,high_debt,-0.00146900922425897,-0.00146499373762288,4.01548663608864e-06,-0.0122417435354914,-0.0122082811468573,3.34623886340726e-05
20260927_101616_608,alpha_high,alpha,high,0.1,0.5,2.5,20,14,ig,high_debt,-0.00137560936551719,-0.00136906109946501,6.5482660521754e-06,-0.0114634113793099,-0.0114088424955418,5.45688837681278e-05
20260927_101616_608,alpha_high,alpha,high,0.1,0.5,2.5,20,15,ig,high_debt,-0.00127600240248754,-0.00126721148926608,8.7909132214653e-06,-0.0106333533540628,-0.010560095743884,7.32576101788764e-05
20260927_101616_608,alpha_high,alpha,high,0.1,0.5,2.5,20,16,ig,high_debt,-0.00117284078558086,-0.00116211787063746,1.07229149434035e-05,-0.00977367321317382,-0.00968431558864546,8.93576245283613e-05
20260927_101616_608,alpha_high,alpha,high,0.1,0.5,2.5,20,17,ig,high_debt,-0.00106839244181837,-0.0010560574261641,1.23350156542718e-05,-0.00890327034848646,-0.00880047855136753,0.000102791797118931
20260927_101616_608,alpha_high,alpha,high,0.1,0.5,2.5,20,18,ig,high_debt,-0.000964568022400761,-0.000950940798651295,1.36272237494656e-05,-0.00803806685333967,-0.00792450665542746,0.000113560197912213
20260927_101616_608,alpha_high,alpha,high,0.1,0.5,2.5,20,19,ig,high_debt,-0.00086294936043313,-0.000848342281056555,1.46070793765746e-05,-0.00719124467027608,-0.00706951900880463,0.000121725661471454
20260927_101616_608,alpha_high,alpha,high,0.1,0.5,2.5,20,20,ig,high_debt,-0.000764818561416455,-0.00074953042835868,1.52881330577753e-05,-0.0063734880118038,-0.006246086902989,0.000127401108814795
20260927_101616_608,alpha_high,alpha,high,0.1,0.5,2.5,20,21,ig,high_debt,-0.000671187167431767,-0.000655498564389304,1.5688603042463e-05,-0.00559322639526472,-0.00546248803657753,0.000130738358687192
20260927_101616_608,alpha_high,alpha,high,0.1,0.5,2.5,20,22,ig,high_debt,-0.000582824899568221,-0.000566994708823806,1.58301907444147e-05,-0.00485687416306851,-0.00472495590686505,0.000131918256203456
20260927_101616_608,alpha_high,alpha,high,0.1,0.5,2.5,20,23,ig,high_debt,-0.000500287563957966,-0.000484550523656452,1.57370403015139e-05,-0.00416906303298305,-0.00403792103047043,0.000131142002512616
20260927_101616_608,alpha_high,alpha,high,0.1,0.5,2.5,20,24,ig,high_debt,-0.000423943789887485,-0.00040850895798375,1.54348319037351e-05,-0.00353286491572904,-0.00340424131653125,0.000128623599197793
20260927_101616_608,alpha_high,alpha,high,0.1,0.5,2.5,20,25,ig,high_debt,-0.00035400034652068,-0.000339050346268951,1.49500002517289e-05,-0.00295000288767234,-0.00282541955224126,0.000124583335431074
20260927_101616_608,alpha_high,alpha,high,0.1,0.5,2.5,20,26,ig,high_debt,-0.000290525854627216,-0.000276216784493924,1.43090701332921e-05,-0.00242104878856013,-0.00230180653744937,0.000119242251110767
20260927_101616_608,alpha_high,alpha,high,0.1,0.5,2.5,20,27,ig,high_debt,-0.000233472770407445,-0.000219934669248315,1.35381011591301e-05,-0.00194560642006204,-0.00183278891040262,0.000112817509659418
20260927_101616_608,alpha_high,alpha,high,0.1,0.5,2.5,20,28,ig,high_debt,-0.000182697570191098,-0.000170035336683513,1.26622335075849e-05,-0.00152247975159249,-0.00141696113902928,0.000105518612563207
20260927_101616_608,alpha_high,alpha,high,0.1,0.5,2.5,20,29,ig,high_debt,-0.000137979108104702,-0.000126273781817621,1.17053262870814e-05,-0.00114982590087252,-0.00105228151514684,9.75443857256786e-05
20260927_101616_608,alpha_high,alpha,high,0.1,0.5,2.5,20,30,ig,high_debt,-9.90351545784446e-05,-8.83454746387069e-05,1.06896799397377e-05,-0.000825292954820372,-0.000736212288655891,8.90806661644807e-05
20260927_101616_608,alpha_high,alpha,high,0.1,0.5,2.5,20,31,ig,high_debt,-6.55371526478155e-05,-5.59013186111346e-05,9.63583403668089e-06,-0.000546142938731796,-0.000465844321759455,8.02986169723408e-05
20260927_101616_608,alpha_high,alpha,high,0.1,0.5,2.5,20,32,ig,high_debt,-3.71232522057841e-05,-2.8560820335935e-05,8.56243186984906e-06,-0.0003093604350482,-0.000238006836132792,7.13535989154089e-05
20260927_101616_608,alpha_high,alpha,high,0.1,0.5,2.5,20,33,ig,high_debt,-1.34097004191175e-05,-5.923556990306e-06,7.48614342881149e-06,-0.000111747503492646,-4.93629749192167e-05,6.2384528573429e-05
20260927_101616_608,alpha_high,alpha,high,0.1,0.5,2.5,20,34,ig,high_debt,5.99931989517244e-06,1.24209585442986e-05,6.42163864912615e-06,4.99943324597703e-05,0.000103507987869155,5.35136554093846e-05
20260927_101616_608,alpha_high,alpha,high,0.1,0.5,2.5,20,35,ig,high_debt,2.15033024284911e-05,2.68849056423437e-05,5.38160321385261e-06,0.000179194186904092,0.000224040880352864,4.48466934487718e-05
20260927_101616_608,alpha_high,alpha,high,0.1,0.5,2.5,20,36,ig,high_debt,3.34983721923671e-05,3.78751618557438e-05,4.37678966337673e-06,0.000279153101603059,0.000315626348797865,3.64732471948061e-05
20260927_101616_608,alpha_high,alpha,high,0.1,0.5,2.5,20,37,ig,high_debt,4.23714715693108e-05,4.57875686667858e-05,3.41609709747503e-06,0.000353095596410923,0.000381563072223215,2.84674758122919e-05
20260927_101616_608,alpha_high,alpha,high,0.1,0.5,2.5,20,38,ig,high_debt,4.84956650603496e-05,5.10023383831354e-05,2.50667332278576e-06,0.00040413054216958,0.000425019486526128,2.0888944356548e-05
20260927_101616_608,alpha_high,alpha,high,0.1,0.5,2.5,20,39,ig,high_debt,5.2226451065715e-05,5.38804849538332e-05,1.65403388811824e-06,0.000435220425547625,0.000449004041281944,1.37836157343187e-05
20260927_101616_608,alpha_high,alpha,high,0.1,0.5,2.5,20,40,ig,high_debt,5.38989715628269e-05,5.47611646103119e-05,8.62193047485027e-07,0.000449158096356891,0.000456343038419266,7.18494206237519e-06
20260927_101616_608,alpha_high,alpha,high,0.1,0.5,2.5,20,1,kg,low_debt,-0.000211871552656895,-0.000217828035196099,-5.95648253920444e-06,-4.41399068035198e-05,-4.5380840665854e-05,-1.24093386233426e-06
20260927_101616_608,alpha_high,alpha,high,0.1,0.5,2.5,20,2,kg,low_debt,-0.000572243050751098,-0.000587341698333077,-1.50986475819792e-05,-0.000119217302239812,-0.000122362853819391,-3.14555157957899e-06
20260927_101616_608,alpha_high,alpha,high,0.1,0.5,2.5,20,3,kg,low_debt,-0.00103644885242549,-0.00106190745646373,-2.54586040382421e-05,-0.00021592684425531,-0.00022123072009661,-5.30387584130043e-06
20260927_101616_608,alpha_high,alpha,high,0.1,0.5,2.5,20,4,kg,low_debt,-0.00157139958593167,-0.00160709680024507,-3.56972143134016e-05,-0.000327374913735764,-0.000334811833384389,-7.43691964862531e-06
20260927_101616_608,alpha_high,alpha,high,0.1,0.5,2.5,20,5,kg,low_debt,-0.00215144264776423,-0.00219638945625178,-4.49468084875448e-05,-0.000448217218284216,-0.000457581136719121,-9.36391843490514e-06
20260927_101616_608,alpha_high,alpha,high,0.1,0.5,2.5,20,6,kg,low_debt,-0.00275599381180669,-0.00280867656682471,-5.26827550180187e-05,-0.000574165377459727,-0.000585140951421814,-1.09755739620872e-05
20260927_101616_608,alpha_high,alpha,high,0.1,0.5,2.5,20,7,kg,low_debt,-0.00336819062785843,-0.00342681512784004,-5.86244999816188e-05,-0.000701706380803839,-0.000713919818300009,-1.22134374961705e-05
20260927_101616_608,alpha_high,alpha,high,0.1,0.5,2.5,20,8,kg,low_debt,-0.00397411734861741,-0.00403677939569747,-6.26620470800532e-05,-0.000827941114295294,-0.000840995707436972,-1.30545931416778e-05
20260927_101616_608,alpha_high,alpha,high,0.1,0.5,2.5,20,9,kg,low_debt,-0.00456233772337811,-0.00462714031819544,-6.4802594817337e-05,-0.000950487025703772,-0.000963987566290718,-1.35005405869453e-05
20260927_101616_608,alpha_high,alpha,high,0.1,0.5,2.5,20,10,kg,low_debt,-0.00512358599786822,-0.00518871832907752,-6.51323312093055e-05,-0.00106741374955588,-0.00108098298522448,-1.35692356686055e-05
20260927_101616_608,alpha_high,alpha,high,0.1,0.5,2.5,20,11,kg,low_debt,-0.00565053451184028,-0.00571432375450698,-6.37892426667008e-05,-0.00117719468996672,-0.00119048411552229,-1.32894255555627e-05
20260927_101616_608,alpha_high,alpha,high,0.1,0.5,2.5,20,12,kg,low_debt,-0.00613759582997186,-0.00619853958020222,-6.09437502303578e-05,-0.00127866579791081,-0.00129136241254213,-1.26966146313245e-05
20260927_101616_608,alpha_high,alpha,high,0.1,0.5,2.5,20,13,kg,low_debt,-0.00658073956676919,-0.00663752440582943,-5.67848390602421e-05,-0.00137098740974358,-0.0013828175845478,-1.18301748042171e-05
20260927_101616_608,alpha_high,alpha,high,0.1,0.5,2.5,20,14,kg,low_debt,-0.00697731601266849,-0.00702882604286881,-5.15100302003191e-05,-0.00145360750263927,-0.001464338758931,-1.07312562917332e-05
20260927_101616_608,alpha_high,alpha,high,0.1,0.5,2.5,20,15,kg,low_debt,-0.00732588467912976,-0.00737120273513625,-4.53180560064936e-05,-0.0015262259748187,-0.00153566723648672,-9.44126166801951e-06
20260927_101616_608,alpha_high,alpha,high,0.1,0.5,2.5,20,16,kg,low_debt,-0.00762604857778548,-0.00766445204541188,-3.84034676264022e-05,-0.00158876012037198,-0.00159676084279414,-8.00072242216699e-06
20260927_101616_608,alpha_high,alpha,high,0.1,0.5,2.5,20,17,kg,low_debt,-0.00787829597991241,-0.00790924863636011,-3.09526564477025e-05,-0.00164131166248175,-0.00164776013257502,-6.44847009327143e-06
20260927_101616_608,alpha_high,alpha,high,0.1,0.5,2.5,20,18,kg,low_debt,-0.00808385145527435,-0.00810699239680801,-2.31409415336614e-05,-0.00168413571984882,-0.001688956749335,-4.82102948617946e-06
20260927_101616_608,alpha_high,alpha,high,0.1,0.5,2.5,20,19,kg,low_debt,-0.00824453765599209,-0.00825966814225154,-1.51304862594515e-05,-0.00171761201166502,-0.0017207641963024,-3.15218463738565e-06
20260927_101616_608,alpha_high,alpha,high,0.1,0.5,2.5,20,20,kg,low_debt,-0.0083626488517865,-0.00836971773037654,-7.06887859003302e-06,-0.00174221851078885,-0.00174369119382844,-1.47268303959014e-06
20260927_101616_608,alpha_high,alpha,high,0.1,0.5,2.5,20,21,kg,low_debt,-0.00844083676609486,-0.00843992502035551,9.11745739351488e-07,-0.0017585076596031,-0.00175831771257406,1.89947029031632e-07
20260927_101616_608,alpha_high,alpha,high,0.1,0.5,2.5,20,22,kg,low_debt,-0.00848200886395389,-0.00847331373408888,8.69512986501064e-06,-0.00176708517999039,-0.00176527369460185,1.81148538854381e-06
20260927_101616_608,alpha_high,alpha,high,0.1,0.5,2.5,20,23,kg,low_debt,-0.0084892389200375,-0.00847305797265197,1.61809473855357e-05,-0.00176859144167448,-0.00176522041096916,3.37103070532007e-06
20260927_101616_608,alpha_high,alpha,high,0.1,0.5,2.5,20,24,kg,low_debt,-0.008465689448105,-0.00844240490549453,2.32845426104689e-05,-0.00176368530168854,-0.00175883435531136,4.85094637718109e-06
20260927_101616_608,alpha_high,alpha,high,0.1,0.5,2.5,20,25,kg,low_debt,-0.00841454539294073,-0.00838460897755855,2.99364153821813e-05,-0.00175303029019599,-0.00174679353699136,6.23675320462124e-06
20260927_101616_608,alpha_high,alpha,high,0.1,0.5,2.5,20,26,kg,low_debt,-0.00833895836156007,-0.0083028768611495,3.60815004105675e-05,-0.00173728299199168,-0.00172976601273948,7.51697925220163e-06
20260927_101616_608,alpha_high,alpha,high,0.1,0.5,2.5,20,27,kg,low_debt,-0.00824200059139102,-0.00820032230520162,4.1678286189395e-05,-0.0017170834565398,-0.00170840048025034,8.68297628945735e-06
20260927_101616_608,alpha_high,alpha,high,0.1,0.5,2.5,20,28,kg,low_debt,-0.00812662780975337,-0.00807992999565954,4.66978140938323e-05,-0.00169304746036529,-0.00168331874909574,9.72871126954833e-06
20260927_101616_608,alpha_high,alpha,high,0.1,0.5,2.5,20,29,kg,low_debt,-0.00799565012327186,-0.00794452752924801,5.11225940238447e-05,-0.0016657604423483,-0.00165510990192667,1.06505404216344e-05
20260927_101616_608,alpha_high,alpha,high,0.1,0.5,2.5,20,30,kg,low_debt,-0.00785171008151497,-0.00779676461265311,5.49454688618667e-05,-0.00163577293364895,-0.0016243259609694,1.14469726795556e-05
20260927_101616_608,alpha_high,alpha,high,0.1,0.5,2.5,20,31,kg,low_debt,-0.00769726708082974,-0.00763909862486134,5.81684559683993e-05,-0.0016035973085062,-0.00159147888017945,1.21184283267499e-05
20260927_101616_608,alpha_high,alpha,high,0.1,0.5,2.5,20,32,kg,low_debt,-0.00753458730803036,-0.00747378571796808,6.0801590062276e-05,-0.00156970568917299,-0.00155703869124335,1.2666997929641e-05
20260927_101616_608,alpha_high,alpha,high,0.1,0.5,2.5,20,33,kg,low_debt,-0.00736573846587163,-0.00730287667783003,6.28617880416016e-05,-0.00153452884705659,-0.00152143264121459,1.30962058420003e-05
20260927_101616_608,alpha_high,alpha,high,0.1,0.5,2.5,20,34,kg,low_debt,-0.00719258857061877,-0.0071282168178195,6.43717527992749e-05,-0.00149845595221224,-0.00148504517037906,1.34107818331823e-05
20260927_101616_608,alpha_high,alpha,high,0.1,0.5,2.5,20,35,kg,low_debt,-0.00701680816417127,-0.00695144923445135,6.53589297199275e-05,-0.00146183503420235,-0.0014482185905107,1.36164436916517e-05
20260927_101616_608,alpha_high,alpha,high,0.1,0.5,2.5,20,36,kg,low_debt,-0.00683987533763997,-0.00677402081113776,6.5854526502207e-05,-0.00142497402867499,-0.0014112543356537,1.37196930212933e-05
20260927_101616_608,alpha_high,alpha,high,0.1,0.5,2.5,20,37,kg,low_debt,-0.00666308301842999,-0.00659719041425255,6.58926041774421e-05,-0.00138814229550625,-0.00137441466963595,1.37276258703005e-05
20260927_101616_608,alpha_high,alpha,high,0.1,0.5,2.5,20,38,kg,low_debt,-0.00648754802777951,-0.00642203878309289,6.55092446866234e-05,-0.0013515725057874,-0.00133792474647768,1.36477593097133e-05
20260927_101616_608,alpha_high,alpha,high,0.1,0.5,2.5,20,39,kg,low_debt,-0.00631422146939009,-0.00624947967120093,6.47417981891607e-05,-0.00131546280612294,-0.00130197493150019,1.34878746227418e-05
20260927_101616_608,alpha_high,alpha,high,0.1,0.5,2.5,20,40,kg,low_debt,-0.00614390006159748,-0.0060802718502373,6.36282113601894e-05,-0.00127997917949948,-0.00126672330213277,1.32558773667062e-05
20260927_101616_608,alpha_high,alpha,high,0.1,0.5,2.5,20,1,kg,high_debt,-0.00048172566738458,-0.000490899003250611,-9.17333586603064e-06,-0.000100359514038454,-0.000102270625677211,-1.91111163875639e-06
20260927_101616_608,alpha_high,alpha,high,0.1,0.5,2.5,20,2,kg,high_debt,-0.00132864055578885,-0.00135241394170471,-2.37733859158595e-05,-0.000276800115789344,-0.000281752904521815,-4.95278873247074e-06
20260927_101616_608,alpha_high,alpha,high,0.1,0.5,2.5,20,3,kg,high_debt,-0.00244575630464894,-0.00248670178063737,-4.09454759884298e-05,-0.000509532563468529,-0.000518062870966118,-8.53030749758954e-06
20260927_101616_608,alpha_high,alpha,high,0.1,0.5,2.5,20,4,kg,high_debt,-0.0037543309973298,-0.00381291124325411,-5.85802459243112e-05,-0.000782152291110376,-0.000794356509011274,-1.22042179008981e-05
20260927_101616_608,alpha_high,alpha,high,0.1,0.5,2.5,20,5,kg,high_debt,-0.00518848069848143,-0.00526364914231792,-7.51684438364819e-05,-0.0010809334788503,-0.00109659357131623,-1.56600924659338e-05
20260927_101616_608,alpha_high,alpha,high,0.1,0.5,2.5,20,6,kg,high_debt,-0.00669294909591578,-0.00678262283284159,-8.96737369258105e-05,-0.00139436439498245,-0.00141304642350866,-1.86820285262106e-05
20260927_101616_608,alpha_high,alpha,high,0.1,0.5,2.5,20,7,kg,high_debt,-0.00822156427748677,-0.00832299205614895,-0.000101427778662178,-0.00171282589114308,-0.00173395667836436,-2.11307872212871e-05
20260927_101616_608,alpha_high,alpha,high,0.1,0.5,2.5,20,8,kg,high_debt,-0.00973609605522618,-0.00984614230054248,-0.000110046245316298,-0.00202835334483879,-0.00205127964594635,-2.2926301107562e-05
20260927_101616_608,alpha_high,alpha,high,0.1,0.5,2.5,20,9,kg,high_debt,-0.0112053443134696,-0.0113207068712446,-0.000115362557775001,-0.00233444673197284,-0.00235848059817597,-2.4033866203125e-05
20260927_101616_608,alpha_high,alpha,high,0.1,0.5,2.5,20,10,kg,high_debt,-0.0126043615072682,-0.0127217372089232,-0.000117375701655043,-0.00262590864734754,-0.00265036191852567,-2.4453271178134e-05
20260927_101616_608,alpha_high,alpha,high,0.1,0.5,2.5,20,11,kg,high_debt,-0.0139137564010738,-0.0140299653692235,-0.000116208968149678,-0.00289869925022372,-0.00292290945192157,-2.42102016978496e-05
20260927_101616_608,alpha_high,alpha,high,0.1,0.5,2.5,20,12,kg,high_debt,-0.0151190519582443,-0.0152311290219513,-0.000112077063707083,-0.00314980249130089,-0.0031731518795732,-2.3349388272309e-05
20260927_101616_608,alpha_high,alpha,high,0.1,0.5,2.5,20,13,kg,high_debt,-0.0162100848835465,-0.0163153445340249,-0.000105259650478473,-0.00337710101740551,-0.0033990301112552,-2.19290938496819e-05
20260927_101616_608,alpha_high,alpha,high,0.1,0.5,2.5,20,14,kg,high_debt,-0.0171804421269757,-0.0172765220201399,-9.60798931641804e-05,-0.00357925877645326,-0.00359927542086247,-2.00166444092043e-05
20260927_101616_608,alpha_high,alpha,high,0.1,0.5,2.5,20,15,kg,high_debt,-0.018026933476289,-0.0181118204589019,-8.48869826128862e-05,-0.00375561114089355,-0.0037732959289379,-1.76847880443511e-05
20260927_101616_608,alpha_high,alpha,high,0.1,0.5,2.5,20,16,kg,high_debt,-0.0187491009249623,-0.0188211428180667,-7.20418931043909e-05,-0.00390606269270048,-0.00392107142043056,-1.50087277300814e-05
20260927_101616_608,alpha_high,alpha,high,0.1,0.5,2.5,20,17,kg,high_debt,-0.0193487658436569,-0.0194066716737789,-5.79058301219959e-05,-0.00403099288409518,-0.00404305659870393,-1.20637146087494e-05
20260927_101616_608,alpha_high,alpha,high,0.1,0.5,2.5,20,18,kg,high_debt,-0.0198296147199661,-0.0198724456805852,-4.2830960619078e-05,-0.00413116973332628,-0.00414009285012192,-8.92311679564183e-06
20260927_101616_608,alpha_high,alpha,high,0.1,0.5,2.5,20,19,kg,high_debt,-0.0201968237124008,-0.0202239768196266,-2.71531072257858e-05,-0.00420767160675017,-0.00421332850408888,-5.65689733870566e-06
20260927_101616_608,alpha_high,alpha,high,0.1,0.5,2.5,20,20,kg,high_debt,-0.0204567216810068,-0.0204679078274941,-1.11861464873186e-05,-0.00426181701687641,-0.00426414746406127,-2.33044718485776e-06
20260927_101616_608,alpha_high,alpha,high,0.1,0.5,2.5,20,21,kg,high_debt,-0.0206164908064137,-0.0206117086961957,4.78211021803787e-06,-0.00429510225133619,-0.0042941059783741,9.96272962091801e-07
20260927_101616_608,alpha_high,alpha,high,0.1,0.5,2.5,20,22,kg,high_debt,-0.0206839034358213,-0.0206634106876136,2.04927482077011e-05,-0.00430914654912943,-0.00430487722658616,4.26932254327106e-06
20260927_101616_608,alpha_high,alpha,high,0.1,0.5,2.5,20,23,kg,high_debt,-0.0206670934138842,-0.0206313759440793,3.57174698049079e-05,-0.00430564446122587,-0.00429820332168318,7.44113954268943e-06
20260927_101616_608,alpha_high,alpha,high,0.1,0.5,2.5,20,24,kg,high_debt,-0.0205743598684247,-0.0205241005034598,5.02593649649441e-05,-0.00428632497258848,-0.00427585427155412,1.04707010343636e-05
20260927_101616_608,alpha_high,alpha,high,0.1,0.5,2.5,20,25,kg,high_debt,-0.020414001218235,-0.0203500483371419,6.39528810930656e-05,-0.00425291692046563,-0.00423959340357124,1.33235168943884e-05
20260927_101616_608,alpha_high,alpha,high,0.1,0.5,2.5,20,26,kg,high_debt,-0.0201941770424066,-0.0201175139132062,7.6663129200405e-05,-0.00420712021716803,-0.00419114873191795,1.59714852500849e-05
20260927_101616_608,alpha_high,alpha,high,0.1,0.5,2.5,20,27,kg,high_debt,-0.019922795386754,-0.0198345107346238,8.82846521301772e-05,-0.00415058237224042,-0.00413218973637997,1.83926358604536e-05
20260927_101616_608,alpha_high,alpha,high,0.1,0.5,2.5,20,28,kg,high_debt,-0.0196074230722765,-0.0195086833029405,9.87397693359426e-05,-0.00408487980672427,-0.00406430902144594,2.05707852783217e-05
20260927_101616_608,alpha_high,alpha,high,0.1,0.5,2.5,20,29,kg,high_debt,-0.0192552166035735,-0.0191472400021846,0.000107976601388948,-0.00401150345907782,-0.00398900833378846,2.24951252893648e-05
20260927_101616_608,alpha_high,alpha,high,0.1,0.5,2.5,20,30,kg,high_debt,-0.0188728713430635,-0.0187569044767679,0.000115966866295558,-0.00393184819647156,-0.00390768843265998,2.41597638115749e-05
20260927_101616_608,alpha_high,alpha,high,0.1,0.5,2.5,20,31,kg,high_debt,-0.0184665867121341,-0.0183438831834586,0.000122703528675494,-0.00384720556502793,-0.00382164232988721,2.55632351407278e-05
20260927_101616_608,alpha_high,alpha,high,0.1,0.5,2.5,20,32,kg,high_debt,-0.0180420452965366,-0.0179138469242073,0.000128198372329358,-0.00375875943677847,-0.00373205144254318,2.6707994235283e-05
20260927_101616_608,alpha_high,alpha,high,0.1,0.5,2.5,20,33,kg,high_debt,-0.0176044038645431,-0.0174719243080919,0.000132479556451237,-0.00366758413844648,-0.00363998423085247,2.75999075940074e-05
20260927_101616_608,alpha_high,alpha,high,0.1,0.5,2.5,20,34,kg,high_debt,-0.0171582944480342,-0.0170227052418452,0.000135589206188946,-0.00357464467667379,-0.00354639692538442,2.82477512893635e-05
20260927_101616_608,alpha_high,alpha,high,0.1,0.5,2.5,20,35,kg,high_debt,-0.0167078337844053,-0.0165702527051561,0.000137581079249216,-0.00348079870508444,-0.00345213598024086,2.86627248435867e-05
20260927_101616_608,alpha_high,alpha,high,0.1,0.5,2.5,20,36,kg,high_debt,-0.0162566395676027,-0.0161181212256709,0.000138518341931793,-0.00338679990991723,-0.00335794192201477,2.88579879024571e-05
20260927_101616_608,alpha_high,alpha,high,0.1,0.5,2.5,20,37,kg,high_debt,-0.0158078521068434,-0.0156693806263615,0.000138471480481961,-0.00329330252225905,-0.00326445429715864,2.88482251004085e-05
20260927_101616_608,alpha_high,alpha,high,0.1,0.5,2.5,20,38,kg,high_debt,-0.0153641601391117,-0.0152266437723192,0.000137516366792489,-0.00320086669564827,-0.0031722174525665,2.86492430817686e-05
20260927_101616_608,alpha_high,alpha,high,0.1,0.5,2.5,20,39,kg,high_debt,-0.0149278296845683,-0.0147920971930571,0.00013573249151122,-0.00310996451761839,-0.00308168691522022,2.8277602398171e-05
20260927_101616_608,alpha_high,alpha,high,0.1,0.5,2.5,20,40,kg,high_debt,-0.0145007349708912,-0.0143675335986195,0.000133201372271685,-0.003020986452269,-0.00299323616637907,2.77502858899341e-05
20260927_101616_608,alpha_high,alpha,high,0.1,0.5,2.5,20,1,xloc,low_debt,-0.00211400276689244,-0.00211667122847436,-2.6684615819228e-06,-0.00211400276689244,-0.00211667122847436,-2.6684615819228e-06
20260927_101616_608,alpha_high,alpha,high,0.1,0.5,2.5,20,2,xloc,low_debt,-0.00177566131970841,-0.00177942647084683,-3.76515113842402e-06,-0.00177566131970841,-0.00177942647084683,-3.76515113842402e-06
20260927_101616_608,alpha_high,alpha,high,0.1,0.5,2.5,20,3,xloc,low_debt,-0.00143145784389143,-0.0014351301204103,-3.67227651887347e-06,-0.00143145784389143,-0.0014351301204103,-3.67227651887347e-06
20260927_101616_608,alpha_high,alpha,high,0.1,0.5,2.5,20,4,xloc,low_debt,-0.00113287356820313,-0.00113585312735964,-2.97955915651293e-06,-0.00113287356820313,-0.00113585312735964,-2.97955915651293e-06
20260927_101616_608,alpha_high,alpha,high,0.1,0.5,2.5,20,5,xloc,low_debt,-0.000893976616796244,-0.000896027873077854,-2.05125628160996e-06,-0.000893976616796244,-0.000896027873077854,-2.05125628160996e-06
20260927_101616_608,alpha_high,alpha,high,0.1,0.5,2.5,20,6,xloc,low_debt,-0.000711735522612278,-0.000712831470438768,-1.09594782649047e-06,-0.000711735522612278,-0.000712831470438768,-1.09594782649047e-06
20260927_101616_608,alpha_high,alpha,high,0.1,0.5,2.5,20,7,xloc,low_debt,-0.000576694628742436,-0.000576916039551012,-2.21410808576294e-07,-0.000576694628742436,-0.000576916039551012,-2.21410808576294e-07
20260927_101616_608,alpha_high,alpha,high,0.1,0.5,2.5,20,8,xloc,low_debt,-0.000478210294719505,-0.000477684374092457,5.25920627048038e-07,-0.000478210294719505,-0.000477684374092457,5.25920627048038e-07
20260927_101616_608,alpha_high,alpha,high,0.1,0.5,2.5,20,9,xloc,low_debt,-0.000406732022043887,-0.000405597607504471,1.13441453941654e-06,-0.000406732022043887,-0.000405597607504471,1.13441453941654e-06
20260927_101616_608,alpha_high,alpha,high,0.1,0.5,2.5,20,10,xloc,low_debt,-0.000354559968109958,-0.000352949558727111,1.61040938284618e-06,-0.000354559968109958,-0.000352949558727111,1.61040938284618e-06
20260927_101616_608,alpha_high,alpha,high,0.1,0.5,2.5,20,11,xloc,low_debt,-0.000315877738499393,-0.000313909579972571,1.96815852682164e-06,-0.000315877738499393,-0.000313909579972571,1.96815852682164e-06
20260927_101616_608,alpha_high,alpha,high,0.1,0.5,2.5,20,12,xloc,low_debt,-0.000286488116561956,-0.000284263886369707,2.22423019224927e-06,-0.000286488116561956,-0.000284263886369707,2.22423019224927e-06
20260927_101616_608,alpha_high,alpha,high,0.1,0.5,2.5,20,13,xloc,low_debt,-0.000263467503955339,-0.000261072826111208,2.39467784413083e-06,-0.000263467503955339,-0.000261072826111208,2.39467784413083e-06
20260927_101616_608,alpha_high,alpha,high,0.1,0.5,2.5,20,14,xloc,low_debt,-0.000244838011333792,-0.000242344177981524,2.49383335226838e-06,-0.000244838011333792,-0.000242344177981524,2.49383335226838e-06
20260927_101616_608,alpha_high,alpha,high,0.1,0.5,2.5,20,15,xloc,low_debt,-0.000229294614048636,-0.000226760631103051,2.53398294558504e-06,-0.000229294614048636,-0.000226760631103051,2.53398294558504e-06
20260927_101616_608,alpha_high,alpha,high,0.1,0.5,2.5,20,16,xloc,low_debt,-0.000215994511323925,-0.000213469037341318,2.52547398260639e-06,-0.000215994511323925,-0.000213469037341318,2.52547398260639e-06
20260927_101616_608,alpha_high,alpha,high,0.1,0.5,2.5,20,17,xloc,low_debt,-0.00020440255577614,-0.000201925563001248,2.47699277489133e-06,-0.00020440255577614,-0.000201925563001248,2.47699277489133e-06
20260927_101616_608,alpha_high,alpha,high,0.1,0.5,2.5,20,18,xloc,low_debt,-0.000194182139152788,-0.000191786263596727,2.39587555606047e-06,-0.000194182139152788,-0.000191786263596727,2.39587555606047e-06
20260927_101616_608,alpha_high,alpha,high,0.1,0.5,2.5,20,19,xloc,low_debt,-0.000185120639910497,-0.000182832251968024,2.28838794247288e-06,-0.000185120639910497,-0.000182832251968024,2.28838794247288e-06
20260927_101616_608,alpha_high,alpha,high,0.1,0.5,2.5,20,20,xloc,low_debt,-0.000177079997031315,-0.000174920047418814,2.15994961250132e-06,-0.000177079997031315,-0.000174920047418814,2.15994961250132e-06
20260927_101616_608,alpha_high,alpha,high,0.1,0.5,2.5,20,21,xloc,low_debt,-0.000169964926280852,-0.000167949623875119,2.01530240573344e-06,-0.000169964926280852,-0.000167949623875119,2.01530240573344e-06
20260927_101616_608,alpha_high,alpha,high,0.1,0.5,2.5,20,22,xloc,low_debt,-0.000163703165158346,-0.00016184453544732,1.85862971102679e-06,-0.000163703165158346,-0.00016184453544732,1.85862971102679e-06
20260927_101616_608,alpha_high,alpha,high,0.1,0.5,2.5,20,23,xloc,low_debt,-0.000158233700507493,-0.000156540062383304,1.69363812418943e-06,-0.000158233700507493,-0.000156540062383304,1.69363812418943e-06
20260927_101616_608,alpha_high,alpha,high,0.1,0.5,2.5,20,24,xloc,low_debt,-0.000153500152543229,-0.0001519765404141,1.52361212912844e-06,-0.000153500152543229,-0.0001519765404141,1.52361212912844e-06
20260927_101616_608,alpha_high,alpha,high,0.1,0.5,2.5,20,25,xloc,low_debt,-0.000149447392548407,-0.000148095941664428,1.35145088397959e-06,-0.000149447392548407,-0.000148095941664428,1.35145088397959e-06
20260927_101616_608,alpha_high,alpha,high,0.1,0.5,2.5,20,26,xloc,low_debt,-0.000146020117039125,-0.000144840422928727,1.17969411039809e-06,-0.000146020117039125,-0.000144840422928727,1.17969411039809e-06
20260927_101616_608,alpha_high,alpha,high,0.1,0.5,2.5,20,27,xloc,low_debt,-0.000143162549456677,-0.000142152007351348,1.01054210532858e-06,-0.000143162549456677,-0.000142152007351348,1.01054210532858e-06
20260927_101616_608,alpha_high,alpha,high,0.1,0.5,2.5,20,28,xloc,low_debt,-0.000140818744320925,-0.000139972871087468,8.45873233457084e-07,-0.000140818744320925,-0.000139972871087468,8.45873233457084e-07
20260927_101616_608,alpha_high,alpha,high,0.1,0.5,2.5,20,29,xloc,low_debt,-0.000138933170403588,-0.000138245909432233,6.87260971354853e-07,-0.000138933170403588,-0.000138245909432233,6.87260971354853e-07
20260927_101616_608,alpha_high,alpha,high,0.1,0.5,2.5,20,30,xloc,low_debt,-0.000137451380585185,-0.000136915388945225,5.35991639960542e-07,-0.000137451380585185,-0.000136915388945225,5.35991639960542e-07
20260927_101616_608,alpha_high,alpha,high,0.1,0.5,2.5,20,31,xloc,low_debt,-0.000136320659582911,-0.000135927576276673,3.93083306238218e-07,-0.000136320659582911,-0.000135927576276673,3.93083306238218e-07
20260927_101616_608,alpha_high,alpha,high,0.1,0.5,2.5,20,32,xloc,low_debt,-0.000135490592813925,-0.000135231286895077,2.59305918848263e-07,-0.000135490592813925,-0.000135231286895077,2.59305918848263e-07
20260927_101616_608,alpha_high,alpha,high,0.1,0.5,2.5,20,33,xloc,low_debt,-0.000134913531302794,-0.000134778328820473,1.35202482320906e-07,-0.000134913531302794,-0.000134778328820473,1.35202482320906e-07
20260927_101616_608,alpha_high,alpha,high,0.1,0.5,2.5,20,34,xloc,low_debt,-0.000134544946169046,-0.000134523835226275,2.11109427716849e-08,-0.000134544946169046,-0.000134523835226275,2.11109427716849e-08
20260927_101616_608,alpha_high,alpha,high,0.1,0.5,2.5,20,35,xloc,low_debt,-0.00013434367669285,-0.000134426490298933,-8.28136060837537e-08,-0.00013434367669285,-0.000134426490298933,-8.28136060837537e-08
20260927_101616_608,alpha_high,alpha,high,0.1,0.5,2.5,20,36,xloc,low_debt,-0.000134272081418363,-0.00013444865819856,-1.76576780197557e-07,-0.000134272081418363,-0.00013444865819856,-1.76576780197557e-07
20260927_101616_608,alpha_high,alpha,high,0.1,0.5,2.5,20,37,xloc,low_debt,-0.000134296104197573,-0.000134556427392796,-2.60323195222512e-07,-0.000134296104197573,-0.000134556427392796,-2.60323195222512e-07
20260927_101616_608,alpha_high,alpha,high,0.1,0.5,2.5,20,38,xloc,low_debt,-0.000134385267775983,-0.000134719583276599,-3.34315500616356e-07,-0.000134385267775983,-0.000134719583276599,-3.34315500616356e-07
20260927_101616_608,alpha_high,alpha,high,0.1,0.5,2.5,20,39,xloc,low_debt,-0.00013451260722408,-0.000134911521647574,-3.98914423493935e-07,-0.00013451260722408,-0.000134911521647574,-3.98914423493935e-07
20260927_101616_608,alpha_high,alpha,high,0.1,0.5,2.5,20,40,xloc,low_debt,-0.000134654554708291,-0.000135109114737797,-4.54560029505835e-07,-0.000134654554708291,-0.000135109114737797,-4.54560029505835e-07
20260927_101616_608,alpha_high,alpha,high,0.1,0.5,2.5,20,1,xloc,high_debt,-0.00230081361071954,-0.00230494867848952,-4.13506776997252e-06,-0.00230081361071954,-0.00230494867848952,-4.13506776997252e-06
20260927_101616_608,alpha_high,alpha,high,0.1,0.5,2.5,20,2,xloc,high_debt,-0.00209701980038246,-0.00210312426114379,-6.10446076132476e-06,-0.00209701980038246,-0.00210312426114379,-6.10446076132476e-06
20260927_101616_608,alpha_high,alpha,high,0.1,0.5,2.5,20,3,xloc,high_debt,-0.00184509438670055,-0.00185149760261549,-6.40321591494075e-06,-0.00184509438670055,-0.00185149760261549,-6.40321591494075e-06
20260927_101616_608,alpha_high,alpha,high,0.1,0.5,2.5,20,4,xloc,high_debt,-0.00160563046641737,-0.00161136073078894,-5.73026437156177e-06,-0.00160563046641737,-0.00161136073078894,-5.73026437156177e-06
20260927_101616_608,alpha_high,alpha,high,0.1,0.5,2.5,20,5,xloc,high_debt,-0.00140049611544513,-0.00140504471559688,-4.54860015175473e-06,-0.00140049611544513,-0.00140504471559688,-4.54860015175473e-06
20260927_101616_608,alpha_high,alpha,high,0.1,0.5,2.5,20,6,xloc,high_debt,-0.00123306796431077,-0.00123621977977728,-3.15181546650667e-06,-0.00123306796431077,-0.00123621977977728,-3.15181546650667e-06
20260927_101616_608,alpha_high,alpha,high,0.1,0.5,2.5,20,7,xloc,high_debt,-0.00109900428027243,-0.00110072237425729,-1.71809398485934e-06,-0.00109900428027243,-0.00110072237425729,-1.71809398485934e-06
20260927_101616_608,alpha_high,alpha,high,0.1,0.5,2.5,20,8,xloc,high_debt,-0.000991654889991089,-0.000992005125969975,-3.50235978885394e-07,-0.000991654889991089,-0.000992005125969975,-3.50235978885394e-07
20260927_101616_608,alpha_high,alpha,high,0.1,0.5,2.5,20,9,xloc,high_debt,-0.000904535290305652,-0.000903638845012766,8.96445292886128e-07,-0.000904535290305652,-0.000903638845012766,8.96445292886128e-07
20260927_101616_608,alpha_high,alpha,high,0.1,0.5,2.5,20,10,xloc,high_debt,-0.000832267116200547,-0.000830271530465221,1.99558573532599e-06,-0.000832267116200547,-0.000830271530465221,1.99558573532599e-06
20260927_101616_608,alpha_high,alpha,high,0.1,0.5,2.5,20,11,xloc,high_debt,-0.000770770794177755,-0.00076783285735027,2.93793682748511e-06,-0.000770770794177755,-0.00076783285735027,2.93793682748511e-06
20260927_101616_608,alpha_high,alpha,high,0.1,0.5,2.5,20,12,xloc,high_debt,-0.000717134125573948,-0.00071341004769232,3.72407788162832e-06,-0.000717134125573948,-0.00071341004769232,3.72407788162832e-06
20260927_101616_608,alpha_high,alpha,high,0.1,0.5,2.5,20,13,xloc,high_debt,-0.000669373451147481,-0.000665013378175261,4.36007297222041e-06,-0.000669373451147481,-0.000665013378175261,4.36007297222041e-06
20260927_101616_608,alpha_high,alpha,high,0.1,0.5,2.5,20,14,xloc,high_debt,-0.000626189419955292,-0.000621334462139744,4.85495781554768e-06,-0.000626189419955292,-0.000621334462139744,4.85495781554768e-06
20260927_101616_608,alpha_high,alpha,high,0.1,0.5,2.5,20,15,xloc,high_debt,-0.000586758599788628,-0.000581539280962273,5.21931882635496e-06,-0.000586758599788628,-0.000581539280962273,5.21931882635496e-06
20260927_101616_608,alpha_high,alpha,high,0.1,0.5,2.5,20,16,xloc,high_debt,-0.000550571849365133,-0.000545107351803908,5.46449756122502e-06,-0.000550571849365133,-0.000545107351803908,5.46449756122502e-06
20260927_101616_608,alpha_high,alpha,high,0.1,0.5,2.5,20,17,xloc,high_debt,-0.000517316691356129,-0.000511714553400711,5.60213795541831e-06,-0.000517316691356129,-0.000511714553400711,5.60213795541831e-06
20260927_101616_608,alpha_high,alpha,high,0.1,0.5,2.5,20,18,xloc,high_debt,-0.000486795900562331,-0.000481151987387962,5.64391317436908e-06,-0.000486795900562331,-0.000481151987387962,5.64391317436908e-06
20260927_101616_608,alpha_high,alpha,high,0.1,0.5,2.5,20,19,xloc,high_debt,-0.000458873689455852,-0.000453272346522482,5.60134293337011e-06,-0.000458873689455852,-0.000453272346522482,5.60134293337011e-06
20260927_101616_608,alpha_high,alpha,high,0.1,0.5,2.5,20,20,xloc,high_debt,-0.000433441833392889,-0.000427956177463495,5.48565592939365e-06,-0.000433441833392889,-0.000427956177463495,5.48565592939365e-06
20260927_101616_608,alpha_high,alpha,high,0.1,0.5,2.5,20,21,xloc,high_debt,-0.000410399607954526,-0.000405091931366286,5.30767658823983e-06,-0.000410399607954526,-0.000405091931366286,5.30767658823983e-06
20260927_101616_608,alpha_high,alpha,high,0.1,0.5,2.5,20,22,xloc,high_debt,-0.000389642939799373,-0.000384565211659971,5.0777281394021e-06,-0.000389642939799373,-0.000384565211659971,5.0777281394021e-06
20260927_101616_608,alpha_high,alpha,high,0.1,0.5,2.5,20,23,xloc,high_debt,-0.000371059472973889,-0.000366253922915671,4.80555005821781e-06,-0.000371059472973889,-0.000366253922915671,4.80555005821781e-06
20260927_101616_608,alpha_high,alpha,high,0.1,0.5,2.5,20,24,xloc,high_debt,-0.000354527268430549,-0.000350027038218736,4.50023021181245e-06,-0.000354527268430549,-0.000350027038218736,4.50023021181245e-06
20260927_101616_608,alpha_high,alpha,high,0.1,0.5,2.5,20,25,xloc,high_debt,-0.000339915605547247,-0.000335745453070913,4.1701524763349e-06,-0.000339915605547247,-0.000335745453070913,4.1701524763349e-06
20260927_101616_608,alpha_high,alpha,high,0.1,0.5,2.5,20,26,xloc,high_debt,-0.000327086888109673,-0.000323263927898831,3.82296021084194e-06,-0.000327086888109673,-0.000323263927898831,3.82296021084194e-06
20260927_101616_608,alpha_high,alpha,high,0.1,0.5,2.5,20,27,xloc,high_debt,-0.000315899024759814,-0.000312433489420783,3.46553533903116e-06,-0.000315899024759814,-0.000312433489420783,3.46553533903116e-06
20260927_101616_608,alpha_high,alpha,high,0.1,0.5,2.5,20,28,xloc,high_debt,-0.000306207900437894,-0.000303103908258606,3.10399217928747e-06,-0.000306207900437894,-0.000303103908258606,3.10399217928747e-06
20260927_101616_608,alpha_high,alpha,high,0.1,0.5,2.5,20,29,xloc,high_debt,-0.000297869716814336,-0.000295126032124449,2.74368468988762e-06,-0.000297869716814336,-0.000295126032124449,2.74368468988762e-06
20260927_101616_608,alpha_high,alpha,high,0.1,0.5,2.5,20,30,xloc,high_debt,-0.000290743083072087,-0.000288353857592294,2.38922547979303e-06,-0.000290743083072087,-0.000288353857592294,2.38922547979303e-06
20260927_101616_608,alpha_high,alpha,high,0.1,0.5,2.5,20,31,xloc,high_debt,-0.000284690803002863,-0.000282646288228605,2.0445147742576e-06,-0.000284690803002863,-0.000282646288228605,2.0445147742576e-06
20260927_101616_608,alpha_high,alpha,high,0.1,0.5,2.5,20,32,xloc,high_debt,-0.000279581343660795,-0.000277868566181838,1.71277747895715e-06,-0.000279581343660795,-0.000277868566181838,1.71277747895715e-06
20260927_101616_608,alpha_high,alpha,high,0.1,0.5,2.5,20,33,xloc,high_debt,-0.000275289993866945,-0.000273893387337187,1.3966065297577e-06,-0.000275289993866945,-0.000273893387337187,1.3966065297577e-06
20260927_101616_608,alpha_high,alpha,high,0.1,0.5,2.5,20,34,xloc,high_debt,-0.000271699733687569,-0.000270601722858643,1.09801082892602e-06,-0.000271699733687569,-0.000270601722858643,1.09801082892602e-06
20260927_101616_608,alpha_high,alpha,high,0.1,0.5,2.5,20,35,xloc,high_debt,-0.000268701842505825,-0.000267883376296241,8.18466209584479e-07,-0.000268701842505825,-0.000267883376296241,8.18466209584479e-07
20260927_101616_608,alpha_high,alpha,high,0.1,0.5,2.5,20,36,xloc,high_debt,-0.000266196275959141,-0.000265637307916511,5.58968042629893e-07,-0.000266196275959141,-0.000265637307916511,5.58968042629893e-07
20260927_101616_608,alpha_high,alpha,high,0.1,0.5,2.5,20,37,xloc,high_debt,-0.000264091842367975,-0.000263771758089892,3.20084278082611e-07,-0.000264091842367975,-0.000263771758089892,3.20084278082611e-07
20260927_101616_608,alpha_high,alpha,high,0.1,0.5,2.5,20,38,xloc,high_debt,-0.000262306208303698,-0.000262204200410454,1.02007893243439e-07,-0.000262306208303698,-0.000262204200410454,1.02007893243439e-07
20260927_101616_608,alpha_high,alpha,high,0.1,0.5,2.5,20,39,xloc,high_debt,-0.000260765761205706,-0.000260861153315806,-9.53921100999011e-08,-0.000260765761205706,-0.000260861153315806,-9.53921100999011e-08
20260927_101616_608,alpha_high,alpha,high,0.1,0.5,2.5,20,40,xloc,high_debt,-0.000259405354837705,-0.000259677876687459,-2.7252184975346e-07,-0.000259405354837705,-0.000259677876687459,-2.7252184975346e-07
