batch_run_id,scenario_id,varied_parameter,level,gamma_g,alpha,phi_i,chi_ig,period,variable,scope,gap_A,gap_B,B_minus_A,regional_DID,identity_error
20260927_101616_608,baseline,baseline,baseline,0.1,0.45,2.5,20,1,ig,high_minus_low,-0.00223828363238333,-0.00226177848662602,-2.34948542426894e-05,-2.34948542426894e-05,0
20260927_101616_608,baseline,baseline,baseline,0.1,0.45,2.5,20,2,ig,high_minus_low,-0.00409385085862584,-0.00413440242383311,-4.05515652072749e-05,-4.05515652072749e-05,0
20260927_101616_608,baseline,baseline,baseline,0.1,0.45,2.5,20,3,ig,high_minus_low,-0.00557843951919125,-0.00563000072078314,-5.15612015918971e-05,-5.15612015918971e-05,0
20260927_101616_608,baseline,baseline,baseline,0.1,0.45,2.5,20,4,ig,high_minus_low,-0.00671948784393012,-0.00677664073545995,-5.71528915298269e-05,-5.71528915298269e-05,0
20260927_101616_608,baseline,baseline,baseline,0.1,0.45,2.5,20,5,ig,high_minus_low,-0.0075517798622546,-0.00760986761955326,-5.80877572986535e-05,-5.80877572986535e-05,0
20260927_101616_608,baseline,baseline,baseline,0.1,0.45,2.5,20,6,ig,high_minus_low,-0.00811259283010774,-0.00816777281270886,-5.51799826011227e-05,-5.51799826011235e-05,8.67361737988404e-19
20260927_101616_608,baseline,baseline,baseline,0.1,0.45,2.5,20,7,ig,high_minus_low,-0.00843894865392598,-0.00848818921164405,-4.92405577180721e-05,-4.92405577180721e-05,0
20260927_101616_608,baseline,baseline,baseline,0.1,0.45,2.5,20,8,ig,high_minus_low,-0.0085661148149904,-0.00860715391504223,-4.10391000518311e-05,-4.10391000518302e-05,-8.67361737988404e-19
20260927_101616_608,baseline,baseline,baseline,0.1,0.45,2.5,20,9,ig,high_minus_low,-0.00852683827437123,-0.00855811786120535,-3.12795868341129e-05,-3.12795868341129e-05,0
20260927_101616_608,baseline,baseline,baseline,0.1,0.45,2.5,20,10,ig,high_minus_low,-0.00835100378418878,-0.00837159027818173,-2.0586493992952e-05,-2.0586493992952e-05,0
20260927_101616_608,baseline,baseline,baseline,0.1,0.45,2.5,20,11,ig,high_minus_low,-0.00806553452169546,-0.00807503303993697,-9.49851824150715e-06,-9.49851824150715e-06,0
20260927_101616_608,baseline,baseline,baseline,0.1,0.45,2.5,20,12,ig,high_minus_low,-0.0076944289548981,-0.0076928966333797,1.53232151839898e-06,1.53232151839898e-06,0
20260927_101616_608,baseline,baseline,baseline,0.1,0.45,2.5,20,13,ig,high_minus_low,-0.00725887288132455,-0.00724673499567577,1.21378856487763e-05,1.21378856487763e-05,0
20260927_101616_608,baseline,baseline,baseline,0.1,0.45,2.5,20,14,ig,high_minus_low,-0.00677739186563201,-0.00675536318582292,2.20286798090896e-05,2.20286798090896e-05,0
20260927_101616_608,baseline,baseline,baseline,0.1,0.45,2.5,20,15,ig,high_minus_low,-0.00626602438705051,-0.00623503726864434,3.09871184061656e-05,3.09871184061656e-05,0
20260927_101616_608,baseline,baseline,baseline,0.1,0.45,2.5,20,16,ig,high_minus_low,-0.0057385045087627,-0.00569964454243087,3.88599663318319e-05,3.88599663318319e-05,0
20260927_101616_608,baseline,baseline,baseline,0.1,0.45,2.5,20,17,ig,high_minus_low,-0.00520644758250551,-0.00516089713297277,4.55504495327367e-05,4.55504495327367e-05,0
20260927_101616_608,baseline,baseline,baseline,0.1,0.45,2.5,20,18,ig,high_minus_low,-0.00467953505821362,-0.00462852467559896,5.10103826146611e-05,5.10103826146611e-05,0
20260927_101616_608,baseline,baseline,baseline,0.1,0.45,2.5,20,19,ig,high_minus_low,-0.00416569584736175,-0.004110463291521,5.52325558407507e-05,5.52325558407507e-05,0
20260927_101616_608,baseline,baseline,baseline,0.1,0.45,2.5,20,20,ig,high_minus_low,-0.00367128244279057,-0.00361303889734263,5.8243545447932e-05,5.8243545447932e-05,0
20260927_101616_608,baseline,baseline,baseline,0.1,0.45,2.5,20,21,ig,high_minus_low,-0.00320124043493089,-0.00314114338178459,6.00970531462967e-05,6.00970531462967e-05,0
20260927_101616_608,baseline,baseline,baseline,0.1,0.45,2.5,20,22,ig,high_minus_low,-0.00275927034959755,-0.00269840251191737,6.08678376801813e-05,6.08678376801813e-05,0
20260927_101616_608,baseline,baseline,baseline,0.1,0.45,2.5,20,23,ig,high_minus_low,-0.00234798095004411,-0.0022873346805378,6.06462695063033e-05,6.06462695063033e-05,0
20260927_101616_608,baseline,baseline,baseline,0.1,0.45,2.5,20,24,ig,high_minus_low,-0.00196903333522213,-0.00190949981911474,5.95335161073891e-05,5.95335161073891e-05,0
20260927_101616_608,baseline,baseline,baseline,0.1,0.45,2.5,20,25,ig,high_minus_low,-0.00162327534309279,-0.00156563799497619,5.76373481165952e-05,5.76373481165952e-05,0
20260927_101616_608,baseline,baseline,baseline,0.1,0.45,2.5,20,26,ig,high_minus_low,-0.00131086593666285,-0.00125579739287824,5.50685437846151e-05,5.50685437846151e-05,0
20260927_101616_608,baseline,baseline,baseline,0.1,0.45,2.5,20,27,ig,high_minus_low,-0.00103138941029204,-0.000979451550050502,5.19378602415375e-05,5.19378602415375e-05,0
20260927_101616_608,baseline,baseline,baseline,0.1,0.45,2.5,20,28,ig,high_minus_low,-0.000783959402190596,-0.000735605868458153,4.83535337324433e-05,4.83535337324433e-05,0
20260927_101616_608,baseline,baseline,baseline,0.1,0.45,2.5,20,29,ig,high_minus_low,-0.000567312833254022,-0.000522893566364905,4.44192668891165e-05,4.44192668891165e-05,0
20260927_101616_608,baseline,baseline,baseline,0.1,0.45,2.5,20,30,ig,high_minus_low,-0.000379894010492955,-0.000339661351764683,4.02326587282722e-05,4.02326587282722e-05,0
20260927_101616_608,baseline,baseline,baseline,0.1,0.45,2.5,20,31,ig,high_minus_low,-0.000219929234182223,-0.000184045202118848,3.5884032063375e-05,3.5884032063375e-05,0
20260927_101616_608,baseline,baseline,baseline,0.1,0.45,2.5,20,32,ig,high_minus_low,-8.54923311448495e-05,-5.40367180294534e-05,3.14556131153961e-05,3.14556131153961e-05,0
20260927_101616_608,baseline,baseline,baseline,0.1,0.45,2.5,20,33,ig,high_minus_low,2.54383973363979e-05,5.24594164158278e-05,2.70210190794299e-05,2.70210190794299e-05,0
20260927_101616_608,baseline,baseline,baseline,0.1,0.45,2.5,20,34,ig,high_minus_low,0.000114931274760218,0.000137576285815302,2.26450110550845e-05,2.26450110550845e-05,-6.7762635780344e-21
20260927_101616_608,baseline,baseline,baseline,0.1,0.45,2.5,20,35,ig,high_minus_low,0.000185059822972502,0.000203443294909816,1.83834719373147e-05,1.83834719373147e-05,-2.71050543121376e-20
20260927_101616_608,baseline,baseline,baseline,0.1,0.45,2.5,20,36,ig,high_minus_low,0.000237868216296349,0.000252151787721403,1.42835714250546e-05,1.42835714250546e-05,-8.470329472543e-21
20260927_101616_608,baseline,baseline,baseline,0.1,0.45,2.5,20,37,ig,high_minus_low,0.000275343013630506,0.000285727096790168,1.03840831596619e-05,1.03840831596619e-05,0
20260927_101616_608,baseline,baseline,baseline,0.1,0.45,2.5,20,38,ig,high_minus_low,0.000299390567570894,0.000306106389590226,6.71582201933196e-06,6.71582201933198e-06,-2.03287907341032e-20
20260927_101616_608,baseline,baseline,baseline,0.1,0.45,2.5,20,39,ig,high_minus_low,0.000311819520168455,0.000315121692876762,3.30217270830729e-06,3.30217270830729e-06,0
20260927_101616_608,baseline,baseline,baseline,0.1,0.45,2.5,20,40,ig,high_minus_low,0.000314327812872781,0.000314487496772796,1.59683900014863e-07,1.59683900014863e-07,0
20260927_101616_608,baseline,baseline,baseline,0.1,0.45,2.5,20,1,kg,high_minus_low,-5.59570908094849e-05,-5.65444621654828e-05,-5.87371355997859e-07,-5.87371355997859e-07,0
20260927_101616_608,baseline,baseline,baseline,0.1,0.45,2.5,20,2,kg,high_minus_low,-0.000156904435004897,-0.000158490911206973,-1.58647620207569e-06,-1.58647620207568e-06,-1.35525271560688e-20
20260927_101616_608,baseline,baseline,baseline,0.1,0.45,2.5,20,3,kg,high_minus_low,-0.000292442812109643,-0.000295278656445852,-2.83584433620937e-06,-2.83584433620937e-06,0
20260927_101616_608,baseline,baseline,baseline,0.1,0.45,2.5,20,4,kg,high_minus_low,-0.000453118937904969,-0.000457312708420643,-4.19377051567393e-06,-4.19377051567393e-06,0
20260927_101616_608,baseline,baseline,baseline,0.1,0.45,2.5,20,5,kg,high_minus_low,-0.000630585461013726,-0.000636126581198456,-5.54112018473041e-06,-5.54112018473041e-06,0
20260927_101616_608,baseline,baseline,baseline,0.1,0.45,2.5,20,6,kg,high_minus_low,-0.000817635645240881,-0.000824417736985938,-6.7820917450574e-06,-6.7820917450574e-06,0
20260927_101616_608,baseline,baseline,baseline,0.1,0.45,2.5,20,7,kg,high_minus_low,-0.00100816847045807,-0.00101601202385189,-7.84355339381948e-06,-7.84355339381948e-06,0
20260927_101616_608,baseline,baseline,baseline,0.1,0.45,2.5,20,8,kg,high_minus_low,-0.00119711712907145,-0.00120579057113157,-8.67344206012532e-06,-8.67344206012522e-06,-1.0842021724855e-19
20260927_101616_608,baseline,baseline,baseline,0.1,0.45,2.5,20,9,kg,high_minus_low,-0.00138036015770393,-0.00138959875338296,-9.23859567902863e-06,-9.23859567902852e-06,-1.0842021724855e-19
20260927_101616_608,baseline,baseline,baseline,0.1,0.45,2.5,20,10,kg,high_minus_low,-0.00155462624836603,-0.00156414854150263,-9.52229313659191e-06,-9.52229313659191e-06,0
20260927_101616_608,baseline,baseline,baseline,0.1,0.45,2.5,20,11,kg,high_minus_low,-0.00171739895519922,-0.00172692065396329,-9.52169876407716e-06,-9.52169876407716e-06,0
20260927_101616_608,baseline,baseline,baseline,0.1,0.45,2.5,20,12,kg,high_minus_low,-0.00186682470519154,-0.00187607005344833,-9.24534825678513e-06,-9.24534825678513e-06,0
20260927_101616_608,baseline,baseline,baseline,0.1,0.45,2.5,20,13,kg,high_minus_low,-0.0020016259095947,-0.00201033667700375,-8.71076740904765e-06,-8.71076740904786e-06,2.16840434497101e-19
20260927_101616_608,baseline,baseline,baseline,0.1,0.45,2.5,20,14,kg,high_minus_low,-0.00212102005849572,-0.00212896233972396,-7.94228122824592e-06,-7.94228122824592e-06,0
20260927_101616_608,baseline,baseline,baseline,0.1,0.45,2.5,20,15,kg,high_minus_low,-0.00222464516670962,-0.00223161421294693,-6.96904623731509e-06,-6.96904623731531e-06,2.16840434497101e-19
20260927_101616_608,baseline,baseline,baseline,0.1,0.45,2.5,20,16,kg,high_minus_low,-0.00231249165026111,-0.00231831497118362,-5.82332092250847e-06,-5.82332092250847e-06,0
20260927_101616_608,baseline,baseline,baseline,0.1,0.45,2.5,20,17,kg,high_minus_low,-0.00238484054856695,-0.00238937952522814,-4.5389766611943e-06,-4.53897666119409e-06,-2.16840434497101e-19
20260927_101616_608,baseline,baseline,baseline,0.1,0.45,2.5,20,18,kg,high_minus_low,-0.00244220791130826,-0.0024453581539872,-3.15024267894025e-06,-3.15024267894025e-06,0
20260927_101616_608,baseline,baseline,baseline,0.1,0.45,2.5,20,19,kg,high_minus_low,-0.00248529510970948,-0.00248698578242538,-1.69067271590072e-06,-1.69067271590072e-06,0
20260927_101616_608,baseline,baseline,baseline,0.1,0.45,2.5,20,20,kg,high_minus_low,-0.00251494479303653,-0.00251513711029827,-1.92317261745508e-07,-1.92317261745508e-07,0
20260927_101616_608,baseline,baseline,baseline,0.1,0.45,2.5,20,21,kg,high_minus_low,-0.00253210218408388,-0.00253078726708526,1.31491699861819e-06,1.3149169986184e-06,-2.16840434497101e-19
20260927_101616_608,baseline,baseline,baseline,0.1,0.45,2.5,20,22,kg,high_minus_low,-0.00253778138822177,-0.00253497764820587,2.80374001589622e-06,2.80374001589601e-06,2.16840434497101e-19
20260927_101616_608,baseline,baseline,baseline,0.1,0.45,2.5,20,23,kg,high_minus_low,-0.00253303637726743,-0.00252878657401404,4.24980325338309e-06,4.24980325338309e-06,0
20260927_101616_608,baseline,baseline,baseline,0.1,0.45,2.5,20,24,kg,high_minus_low,-0.00251893630121625,-0.00251330440514138,5.63189607486868e-06,5.63189607486868e-06,0
20260927_101616_608,baseline,baseline,baseline,0.1,0.45,2.5,20,25,kg,high_minus_low,-0.00249654477726328,-0.00248961274488702,6.93203237626472e-06,6.93203237626451e-06,2.16840434497101e-19
20260927_101616_608,baseline,baseline,baseline,0.1,0.45,2.5,20,26,kg,high_minus_low,-0.00246690280624814,-0.00245876736108671,8.13544516142795e-06,8.13544516142795e-06,0
20260927_101616_608,baseline,baseline,baseline,0.1,0.45,2.5,20,27,kg,high_minus_low,-0.00243101497134912,-0.00242178446581069,9.23050553843429e-06,9.23050553843429e-06,0
20260927_101616_608,baseline,baseline,baseline,0.1,0.45,2.5,20,28,kg,high_minus_low,-0.00238983858212046,-0.0023796300008766,1.02085812438615e-05,1.02085812438615e-05,0
20260927_101616_608,baseline,baseline,baseline,0.1,0.45,2.5,20,29,kg,high_minus_low,-0.00234427543839862,-0.00233321159001376,1.10638483848589e-05,1.10638483848589e-05,0
20260927_101616_608,baseline,baseline,baseline,0.1,0.45,2.5,20,30,kg,high_minus_low,-0.00229516590270096,-0.00228337283405748,1.17930686434802e-05,1.179306864348e-05,2.16840434497101e-19
20260927_101616_608,baseline,baseline,baseline,0.1,0.45,2.5,20,31,kg,high_minus_low,-0.00224328498598806,-0.00223088964325879,1.23953427292691e-05,1.23953427292691e-05,0
20260927_101616_608,baseline,baseline,baseline,0.1,0.45,2.5,20,32,kg,high_minus_low,-0.00218934016961714,-0.00217646832012789,1.28718494892448e-05,1.28718494892448e-05,0
20260927_101616_608,baseline,baseline,baseline,0.1,0.45,2.5,20,33,kg,high_minus_low,-0.00213397070544315,-0.00212074512671412,1.32255787290334e-05,1.32255787290334e-05,0
20260927_101616_608,baseline,baseline,baseline,0.1,0.45,2.5,20,34,kg,high_minus_low,-0.00207774815593809,-0.00206428709140098,1.34610645371085e-05,1.34610645371085e-05,0
20260927_101616_608,baseline,baseline,baseline,0.1,0.45,2.5,20,35,kg,high_minus_low,-0.00202117795646532,-0.00200759383174302,1.35841247222994e-05,1.35841247222994e-05,0
20260927_101616_608,baseline,baseline,baseline,0.1,0.45,2.5,20,36,kg,high_minus_low,-0.00196470180214625,-0.00195110019125625,1.36016108899979e-05,1.36016108899981e-05,-2.16840434497101e-19
20260927_101616_608,baseline,baseline,baseline,0.1,0.45,2.5,20,37,kg,high_minus_low,-0.00190870068175179,-0.00189517950905512,1.352117269667e-05,1.352117269667e-05,0
20260927_101616_608,baseline,baseline,baseline,0.1,0.45,2.5,20,38,kg,high_minus_low,-0.00185349840051863,-0.00184014736158866,1.33510389299649e-05,1.33510389299649e-05,0
20260927_101616_608,baseline,baseline,baseline,0.1,0.45,2.5,20,39,kg,high_minus_low,-0.00179936545250151,-0.00178626563522707,1.30998172744494e-05,1.30998172744494e-05,0
20260927_101616_608,baseline,baseline,baseline,0.1,0.45,2.5,20,40,kg,high_minus_low,-0.00174652312086724,-0.00173374680692691,1.27763139403285e-05,1.27763139403285e-05,0
20260927_101616_608,baseline,baseline,baseline,0.1,0.45,2.5,20,1,xloc,high_minus_low,-0.000187033967101513,-0.00018837822674056,-1.34425963904672e-06,-1.34425963904672e-06,0
20260927_101616_608,baseline,baseline,baseline,0.1,0.45,2.5,20,2,xloc,high_minus_low,-0.000324711272987499,-0.000326884843256048,-2.17357026854881e-06,-2.17357026854881e-06,0
20260927_101616_608,baseline,baseline,baseline,0.1,0.45,2.5,20,3,xloc,high_minus_low,-0.000421598828018954,-0.000424172906265952,-2.5740782469974e-06,-2.5740782469974e-06,0
20260927_101616_608,baseline,baseline,baseline,0.1,0.45,2.5,20,4,xloc,high_minus_low,-0.000485766255709841,-0.0004883996044589,-2.63334874905929e-06,-2.63334874905929e-06,0
20260927_101616_608,baseline,baseline,baseline,0.1,0.45,2.5,20,5,xloc,high_minus_low,-0.000524314661409564,-0.000526748535630617,-2.43387422105279e-06,-2.43387422105279e-06,0
20260927_101616_608,baseline,baseline,baseline,0.1,0.45,2.5,20,6,xloc,high_minus_low,-0.000543233007141652,-0.000545282390182589,-2.04938304093627e-06,-2.04938304093627e-06,0
20260927_101616_608,baseline,baseline,baseline,0.1,0.45,2.5,20,7,xloc,high_minus_low,-0.00054742769633831,-0.000548970835614782,-1.54313927647198e-06,-1.54313927647198e-06,0
20260927_101616_608,baseline,baseline,baseline,0.1,0.45,2.5,20,8,xloc,high_minus_low,-0.000540834008360025,-0.000541801585807078,-9.67577447053003e-07,-9.67577447053003e-07,0
20260927_101616_608,baseline,baseline,baseline,0.1,0.45,2.5,20,9,xloc,high_minus_low,-0.000526557274289186,-0.000526922046996559,-3.64772707373007e-07,-3.64772707373007e-07,0
20260927_101616_608,baseline,baseline,baseline,0.1,0.45,2.5,20,10,xloc,high_minus_low,-0.000507015665280441,-0.000506783050259307,2.32615021134031e-07,2.32615021134031e-07,0
20260927_101616_608,baseline,baseline,baseline,0.1,0.45,2.5,20,11,xloc,high_minus_low,-0.00048407076093826,-0.000483270588582219,8.00172356041351e-07,8.00172356041351e-07,0
20260927_101616_608,baseline,baseline,baseline,0.1,0.45,2.5,20,12,xloc,high_minus_low,-0.000459140309963635,-0.000457819807246018,1.32050271761663e-06,1.32050271761663e-06,0
20260927_101616_608,baseline,baseline,baseline,0.1,0.45,2.5,20,13,xloc,high_minus_low,-0.000433292124663143,-0.000431510088381049,1.78203628209417e-06,1.78203628209417e-06,0
20260927_101616_608,baseline,baseline,baseline,0.1,0.45,2.5,20,14,xloc,high_minus_low,-0.000407320349615548,-0.000405142413329673,2.17793628587426e-06,2.17793628587426e-06,0
20260927_101616_608,baseline,baseline,baseline,0.1,0.45,2.5,20,15,xloc,high_minus_low,-0.00038180634392726,-0.000379301215224448,2.50512870281216e-06,2.50512870281216e-06,0
20260927_101616_608,baseline,baseline,baseline,0.1,0.45,2.5,20,16,xloc,high_minus_low,-0.000357166690454047,-0.000354403227164957,2.7634632890905e-06,2.7634632890905e-06,0
20260927_101616_608,baseline,baseline,baseline,0.1,0.45,2.5,20,17,xloc,high_minus_low,-0.000333690741298742,-0.000330735738797827,2.95500250091507e-06,2.95500250091507e-06,0
20260927_101616_608,baseline,baseline,baseline,0.1,0.45,2.5,20,18,xloc,high_minus_low,-0.000311569831012326,-0.000308486402558428,3.08342845389831e-06,3.08342845389831e-06,0
20260927_101616_608,baseline,baseline,baseline,0.1,0.45,2.5,20,19,xloc,high_minus_low,-0.000290919952838475,-0.000287766397697786,3.15355514068916e-06,3.15355514068916e-06,0
20260927_101616_608,baseline,baseline,baseline,0.1,0.45,2.5,20,20,xloc,high_minus_low,-0.000271799360760494,-0.000268628428472306,3.17093228818788e-06,3.17093228818788e-06,0
20260927_101616_608,baseline,baseline,baseline,0.1,0.45,2.5,20,21,xloc,high_minus_low,-0.00025422226075178,-0.000251080733096765,3.14152765501508e-06,3.14152765501508e-06,0
20260927_101616_608,baseline,baseline,baseline,0.1,0.45,2.5,20,22,xloc,high_minus_low,-0.000238169499854335,-0.000235098024215064,3.07147563927135e-06,3.07147563927135e-06,0
20260927_101616_608,baseline,baseline,baseline,0.1,0.45,2.5,20,23,xloc,high_minus_low,-0.000223596952871108,-0.000220630071434025,2.96688143708312e-06,2.96688143708312e-06,0
20260927_101616_608,baseline,baseline,baseline,0.1,0.45,2.5,20,24,xloc,high_minus_low,-0.00021044213988286,-0.000207608468466347,2.83367141651336e-06,2.83367141651336e-06,0
20260927_101616_608,baseline,baseline,baseline,0.1,0.45,2.5,20,25,xloc,high_minus_low,-0.000198629477708434,-0.000195951995984878,2.67748172355642e-06,2.67748172355642e-06,0
20260927_101616_608,baseline,baseline,baseline,0.1,0.45,2.5,20,26,xloc,high_minus_low,-0.000188074468547517,-0.000185570890180786,2.50357836673043e-06,2.50357836673043e-06,0
20260927_101616_608,baseline,baseline,baseline,0.1,0.45,2.5,20,27,xloc,high_minus_low,-0.000178687053435378,-0.000176370250344005,2.31680309137339e-06,2.31680309137339e-06,0
20260927_101616_608,baseline,baseline,baseline,0.1,0.45,2.5,20,28,xloc,high_minus_low,-0.000170374301578291,-0.000168252761314491,2.12154026379974e-06,2.12154026379974e-06,0
20260927_101616_608,baseline,baseline,baseline,0.1,0.45,2.5,20,29,xloc,high_minus_low,-0.00016304256475641,-0.000161120864000219,1.92170075619114e-06,1.92170075619114e-06,0
20260927_101616_608,baseline,baseline,baseline,0.1,0.45,2.5,20,30,xloc,high_minus_low,-0.000156599195214713,-0.000154878475759568,1.72071945514496e-06,1.72071945514496e-06,0
20260927_101616_608,baseline,baseline,baseline,0.1,0.45,2.5,20,31,xloc,high_minus_low,-0.000150953903002571,-0.000149432339444866,1.52156355770483e-06,1.52156355770483e-06,0
20260927_101616_608,baseline,baseline,baseline,0.1,0.45,2.5,20,32,xloc,high_minus_low,-0.000146019812375719,-0.000144693063120482,1.32674925523713e-06,1.32674925523713e-06,0
20260927_101616_608,baseline,baseline,baseline,0.1,0.45,2.5,20,33,xloc,high_minus_low,-0.00014171426498244,-0.000140575900197781,1.13836478465856e-06,1.13836478465856e-06,0
20260927_101616_608,baseline,baseline,baseline,0.1,0.45,2.5,20,34,xloc,high_minus_low,-0.000137959408855526,-0.000137001310719254,9.58098136272234e-07,9.58098136272234e-07,0
20260927_101616_608,baseline,baseline,baseline,0.1,0.45,2.5,20,35,xloc,high_minus_low,-0.00013468260580185,-0.000133895337824153,7.87267977697681e-07,7.87267977697681e-07,0
20260927_101616_608,baseline,baseline,baseline,0.1,0.45,2.5,20,36,xloc,high_minus_low,-0.00013181668494755,-0.000131189828362133,6.26856585417279e-07,6.26856585417279e-07,0
20260927_101616_608,baseline,baseline,baseline,0.1,0.45,2.5,20,37,xloc,high_minus_low,-0.000129300066459948,-0.000128822522690419,4.77543769528133e-07,4.77543769528133e-07,0
20260927_101616_608,baseline,baseline,baseline,0.1,0.45,2.5,20,38,xloc,high_minus_low,-0.000127076776507584,-0.000126737035547442,3.39740960142443e-07,3.39740960142443e-07,0
20260927_101616_608,baseline,baseline,baseline,0.1,0.45,2.5,20,39,xloc,high_minus_low,-0.000125096372064926,-0.000124882747298938,2.13624765987852e-07,2.13624765987852e-07,0
20260927_101616_608,baseline,baseline,baseline,0.1,0.45,2.5,20,40,xloc,high_minus_low,-0.000123313792090851,-0.000123214622628876,9.91694619756345e-08,9.91694619756345e-08,0
20260927_101616_608,gamma_low,gamma_g,low,0.05,0.45,2.5,20,1,ig,high_minus_low,-0.00229154543681861,-0.00231850818293242,-2.69627461138098e-05,-2.69627461138098e-05,0
20260927_101616_608,gamma_low,gamma_g,low,0.05,0.45,2.5,20,2,ig,high_minus_low,-0.00419190614224079,-0.004238547642236,-4.66414999952128e-05,-4.66414999952124e-05,-4.33680868994202e-19
20260927_101616_608,gamma_low,gamma_g,low,0.05,0.45,2.5,20,3,ig,high_minus_low,-0.00571342810298479,-0.00577293708437544,-5.95089813906543e-05,-5.95089813906543e-05,0
20260927_101616_608,gamma_low,gamma_g,low,0.05,0.45,2.5,20,4,ig,high_minus_low,-0.00688414027204912,-0.0069504284431296,-6.62881710804721e-05,-6.62881710804721e-05,0
20260927_101616_608,gamma_low,gamma_g,low,0.05,0.45,2.5,20,5,ig,high_minus_low,-0.00773942485018675,-0.00780726313988773,-6.7838289700973e-05,-6.7838289700973e-05,0
20260927_101616_608,gamma_low,gamma_g,low,0.05,0.45,2.5,20,6,ig,high_minus_low,-0.00831716793213584,-0.0083822386067711,-6.50706746352578e-05,-6.50706746352587e-05,8.67361737988404e-19
20260927_101616_608,gamma_low,gamma_g,low,0.05,0.45,2.5,20,7,ig,high_minus_low,-0.00865500435897777,-0.00871389347739462,-5.88891184168557e-05,-5.88891184168557e-05,0
20260927_101616_608,gamma_low,gamma_g,low,0.05,0.45,2.5,20,8,ig,high_minus_low,-0.00878880872248039,-0.00883895819661293,-5.01494741325416e-05,-5.01494741325425e-05,8.67361737988404e-19
20260927_101616_608,gamma_low,gamma_g,low,0.05,0.45,2.5,20,9,ig,high_minus_low,-0.00875191928125819,-0.00879155328270901,-3.96340014508154e-05,-3.96340014508162e-05,8.67361737988404e-19
20260927_101616_608,gamma_low,gamma_g,low,0.05,0.45,2.5,20,10,ig,high_minus_low,-0.00857478770376757,-0.00860282442114192,-2.80367173743443e-05,-2.80367173743443e-05,0
20260927_101616_608,gamma_low,gamma_g,low,0.05,0.45,2.5,20,11,ig,high_minus_low,-0.00828487307189598,-0.00830082984806859,-1.59567761726098e-05,-1.59567761726098e-05,0
20260927_101616_608,gamma_low,gamma_g,low,0.05,0.45,2.5,20,12,ig,high_minus_low,-0.00790667407521417,-0.00791057164235438,-3.8975671402125e-06,-3.8975671402125e-06,0
20260927_101616_608,gamma_low,gamma_g,low,0.05,0.45,2.5,20,13,ig,high_minus_low,-0.00746183813168343,-0.00745410789923691,7.73023244651869e-06,7.73023244651869e-06,0
20260927_101616_608,gamma_low,gamma_g,low,0.05,0.45,2.5,20,14,ig,high_minus_low,-0.00696931237306175,-0.00695070939867639,1.8602974385361e-05,1.8602974385361e-05,0
20260927_101616_608,gamma_low,gamma_g,low,0.05,0.45,2.5,20,15,ig,high_minus_low,-0.00644551651106084,-0.00641703979955878,2.84767115020512e-05,2.84767115020512e-05,0
20260927_101616_608,gamma_low,gamma_g,low,0.05,0.45,2.5,20,16,ig,high_minus_low,-0.00590452612794836,-0.00586734717903358,3.71789489147841e-05,3.71789489147841e-05,0
20260927_101616_608,gamma_low,gamma_g,low,0.05,0.45,2.5,20,17,ig,high_minus_low,-0.00535825967545462,-0.005313659673564,4.46000018906193e-05,4.46000018906193e-05,0
20260927_101616_608,gamma_low,gamma_g,low,0.05,0.45,2.5,20,18,ig,high_minus_low,-0.00481666506281971,-0.00476598072347255,5.06843393471602e-05,5.06843393471602e-05,0
20260927_101616_608,gamma_low,gamma_g,low,0.05,0.45,2.5,20,19,ig,high_minus_low,-0.00428790313064334,-0.00423248094962962,5.54221810137225e-05,5.54221810137225e-05,0
20260927_101616_608,gamma_low,gamma_g,low,0.05,0.45,2.5,20,20,ig,high_minus_low,-0.00377852609300666,-0.00371968455989633,5.88415331103289e-05,5.88415331103289e-05,0
20260927_101616_608,gamma_low,gamma_g,low,0.05,0.45,2.5,20,21,ig,high_minus_low,-0.00329364949366885,-0.00323264870858408,6.10007850847718e-05,6.10007850847718e-05,0
20260927_101616_608,gamma_low,gamma_g,low,0.05,0.45,2.5,20,22,ig,high_minus_low,-0.00283711652863383,-0.00277513458550871,6.19819431251175e-05,6.19819431251175e-05,0
20260927_101616_608,gamma_low,gamma_g,low,0.05,0.45,2.5,20,23,ig,high_minus_low,-0.00241165382190931,-0.0023497692809734,6.18845409359097e-05,6.18845409359099e-05,-2.16840434497101e-19
20260927_101616_608,gamma_low,gamma_g,low,0.05,0.45,2.5,20,24,ig,high_minus_low,-0.00201901794410394,-0.00195819770238056,6.08202417233762e-05,6.08202417233762e-05,0
20260927_101616_608,gamma_low,gamma_g,low,0.05,0.45,2.5,20,25,ig,high_minus_low,-0.00166013215121922,-0.00160122402581298,5.89081254062421e-05,5.89081254062421e-05,0
20260927_101616_608,gamma_low,gamma_g,low,0.05,0.45,2.5,20,26,ig,high_minus_low,-0.00133521299844075,-0.00127894235823293,5.62706402078281e-05,5.62706402078281e-05,0
20260927_101616_608,gamma_low,gamma_g,low,0.05,0.45,2.5,20,27,ig,high_minus_low,-0.0010438866504963,-0.000990856463632094,5.30301868642094e-05,5.30301868642095e-05,-1.0842021724855e-19
20260927_101616_608,gamma_low,gamma_g,low,0.05,0.45,2.5,20,28,ig,high_minus_low,-0.000785294864041539,-0.000735988568141439,4.93062959000997e-05,4.93062959000997e-05,0
20260927_101616_608,gamma_low,gamma_g,low,0.05,0.45,2.5,20,29,ig,high_minus_low,-0.000558190756172356,-0.000512977403065162,4.5213353107194e-05,4.5213353107194e-05,0
20260927_101616_608,gamma_low,gamma_g,low,0.05,0.45,2.5,20,30,ig,high_minus_low,-0.000361024594808708,-0.000320165769742443,4.08588250662654e-05,4.08588250662654e-05,0
20260927_101616_608,gamma_low,gamma_g,low,0.05,0.45,2.5,20,31,ig,high_minus_low,-0.000192019950363715,-0.000155678015482941,3.63419348807745e-05,3.63419348807745e-05,0
20260927_101616_608,gamma_low,gamma_g,low,0.05,0.45,2.5,20,32,ig,high_minus_low,-4.92406336094486e-05,-1.74878956791386e-05,3.17527379303101e-05,3.17527379303101e-05,0
20260927_101616_608,gamma_low,gamma_g,low,0.05,0.45,2.5,20,33,ig,high_minus_low,6.9351087551156e-05,9.65226357181603e-05,2.71715481670043e-05,2.71715481670043e-05,1.35525271560688e-20
20260927_101616_608,gamma_low,gamma_g,low,0.05,0.45,2.5,20,34,ig,high_minus_low,0.000165844448668633,0.000188513115686901,2.26686670182681e-05,2.26686670182681e-05,-2.37169225231204e-20
20260927_101616_608,gamma_low,gamma_g,low,0.05,0.45,2.5,20,35,ig,high_minus_low,0.000242337747384293,0.000260642116568441,1.83043691841476e-05,1.83043691841476e-05,6.7762635780344e-21
20260927_101616_608,gamma_low,gamma_g,low,0.05,0.45,2.5,20,36,ig,high_minus_low,0.000300902899207321,0.000315032001536296,1.41291023289757e-05,1.41291023289756e-05,5.42101086242752e-20
20260927_101616_608,gamma_low,gamma_g,low,0.05,0.45,2.5,20,37,ig,high_minus_low,0.000343556380254818,0.000353740240998865,1.0183860744047e-05,1.01838607440471e-05,-2.71050543121376e-20
20260927_101616_608,gamma_low,gamma_g,low,0.05,0.45,2.5,20,38,ig,high_minus_low,0.000372235948192222,0.000378736644574921,6.50069638269873e-06,6.50069638269871e-06,2.71050543121376e-20
20260927_101616_608,gamma_low,gamma_g,low,0.05,0.45,2.5,20,39,ig,high_minus_low,0.000388782543099542,0.00039188587723007,3.10333413052849e-06,3.10333413052849e-06,0
20260927_101616_608,gamma_low,gamma_g,low,0.05,0.45,2.5,20,40,ig,high_minus_low,0.000394926787989034,0.000394934649672445,7.86168341076988e-09,7.86168341074278e-09,2.71050543121376e-20
20260927_101616_608,gamma_low,gamma_g,low,0.05,0.45,2.5,20,1,kg,high_minus_low,-5.72886359203236e-05,-5.79627045732556e-05,-6.74068652932e-07,-6.74068652932e-07,0
20260927_101616_608,gamma_low,gamma_g,low,0.05,0.45,2.5,20,2,kg,high_minus_low,-0.000160654073578607,-0.000162477328015109,-1.8232544365023e-06,-1.8232544365023e-06,0
20260927_101616_608,gamma_low,gamma_g,low,0.05,0.45,2.5,20,3,kg,high_minus_low,-0.000299473424313727,-0.000302738821924183,-3.26539761045608e-06,-3.26539761045611e-06,2.71050543121376e-20
20260927_101616_608,gamma_low,gamma_g,low,0.05,0.45,2.5,20,4,kg,high_minus_low,-0.000464090095507186,-0.000468931062454492,-4.8409669473059e-06,-4.8409669473059e-06,0
20260927_101616_608,gamma_low,gamma_g,low,0.05,0.45,2.5,20,5,kg,high_minus_low,-0.000645973464374154,-0.000652389364390604,-6.41590001645065e-06,-6.4159000164507e-06,5.42101086242752e-20
20260927_101616_608,gamma_low,gamma_g,low,0.05,0.45,2.5,20,6,kg,high_minus_low,-0.000837753326068391,-0.000845635595450219,-7.8822693818279e-06,-7.8822693818279e-06,0
20260927_101616_608,gamma_low,gamma_g,low,0.05,0.45,2.5,20,7,kg,high_minus_low,-0.00103318460189109,-0.00104234204249876,-9.15744060766177e-06,-9.15744060766177e-06,0
20260927_101616_608,gamma_low,gamma_g,low,0.05,0.45,2.5,20,8,kg,high_minus_low,-0.00122707520490576,-0.00123725744635187,-1.0182241446111e-05,-1.01822414461109e-05,-1.0842021724855e-19
20260927_101616_608,gamma_low,gamma_g,low,0.05,0.45,2.5,20,9,kg,high_minus_low,-0.00141519630681467,-0.00142611484226081,-1.09185354461399e-05,-1.09185354461399e-05,0
20260927_101616_608,gamma_low,gamma_g,low,0.05,0.45,2.5,20,10,kg,high_minus_low,-0.00159418609173845,-0.00160553258173305,-1.1346489994605e-05,-1.1346489994605e-05,0
20260927_101616_608,gamma_low,gamma_g,low,0.05,0.45,2.5,20,11,kg,high_minus_low,-0.00176145326624263,-0.00177291501339142,-1.14617471487963e-05,-1.14617471487963e-05,0
20260927_101616_608,gamma_low,gamma_g,low,0.05,0.45,2.5,20,12,kg,high_minus_low,-0.00191508378646695,-0.00192635642911554,-1.12726426485892e-05,-1.12726426485892e-05,0
20260927_101616_608,gamma_low,gamma_g,low,0.05,0.45,2.5,20,13,kg,high_minus_low,-0.00205375264509737,-0.00206455021586856,-1.07975707711958e-05,-1.07975707711963e-05,4.33680868994202e-19
20260927_101616_608,gamma_low,gamma_g,low,0.05,0.45,2.5,20,14,kg,high_minus_low,-0.00217664163829641,-0.00218670419543895,-1.00625571425317e-05,-1.00625571425317e-05,0
20260927_101616_608,gamma_low,gamma_g,low,0.05,0.45,2.5,20,15,kg,high_minus_low,-0.00228336351011567,-0.00229246258554194,-9.09907542627009e-06,-9.09907542627031e-06,2.16840434497101e-19
20260927_101616_608,gamma_low,gamma_g,low,0.05,0.45,2.5,20,16,kg,high_minus_low,-0.00237389257556157,-0.00238183470037919,-7.94212481762058e-06,-7.94212481762036e-06,-2.16840434497101e-19
20260927_101616_608,gamma_low,gamma_g,low,0.05,0.45,2.5,20,17,kg,high_minus_low,-0.002448501753059,-0.0024551303247089,-6.6285716499026e-06,-6.62857164990239e-06,-2.16840434497101e-19
20260927_101616_608,gamma_low,gamma_g,low,0.05,0.45,2.5,20,18,kg,high_minus_low,-0.00250770583580288,-0.00251290158467791,-5.19574887503094e-06,-5.19574887503072e-06,-2.16840434497101e-19
20260927_101616_608,gamma_low,gamma_g,low,0.05,0.45,2.5,20,19,kg,high_minus_low,-0.00255221076817395,-0.00255589106880172,-3.68030062776947e-06,-3.68030062776947e-06,0
20260927_101616_608,gamma_low,gamma_g,low,0.05,0.45,2.5,20,20,kg,high_minus_low,-0.00258286865129483,-0.0025849859060791,-2.1172547842738e-06,-2.11725478427359e-06,-2.16840434497101e-19
20260927_101616_608,gamma_low,gamma_g,low,0.05,0.45,2.5,20,21,kg,high_minus_low,-0.00260063817235423,-0.0026011774761416,-5.39303787368446e-07,-5.39303787368663e-07,2.16840434497101e-19
20260927_101616_608,gamma_low,gamma_g,low,0.05,0.45,2.5,20,22,kg,high_minus_low,-0.00260655013126147,-0.00260552640387583,1.02372738564017e-06,1.02372738563995e-06,2.16840434497101e-19
20260927_101616_608,gamma_low,gamma_g,low,0.05,0.45,2.5,20,23,kg,high_minus_low,-0.00260167772352752,-0.00259913247580327,2.54524772425003e-06,2.54524772425003e-06,0
20260927_101616_608,gamma_low,gamma_g,low,0.05,0.45,2.5,20,24,kg,high_minus_low,-0.00258711122904191,-0.00258310910646764,4.00212257426792e-06,4.00212257426792e-06,0
20260927_101616_608,gamma_low,gamma_g,low,0.05,0.45,2.5,20,25,kg,high_minus_low,-0.0025639367520965,-0.0025585619794514,5.37477264509877e-06,5.37477264509877e-06,0
20260927_101616_608,gamma_low,gamma_g,low,0.05,0.45,2.5,20,26,kg,high_minus_low,-0.00253321865825514,-0.00252657148892073,6.64716933440569e-06,6.64716933440569e-06,0
20260927_101616_608,gamma_low,gamma_g,low,0.05,0.45,2.5,20,27,kg,high_minus_low,-0.00249598535806121,-0.00248817861328854,7.80674477266841e-06,7.80674477266819e-06,2.16840434497101e-19
20260927_101616_608,gamma_low,gamma_g,low,0.05,0.45,2.5,20,28,kg,high_minus_low,-0.00245321809571079,-0.0024443738621599,8.84423355089047e-06,8.84423355089047e-06,0
20260927_101616_608,gamma_low,gamma_g,low,0.05,0.45,2.5,20,29,kg,high_minus_low,-0.00240584241222234,-0.00239608895068262,9.75346153971567e-06,9.75346153971567e-06,0
20260927_101616_608,gamma_low,gamma_g,low,0.05,0.45,2.5,20,30,kg,high_minus_low,-0.00235472196678706,-0.00234419087115911,1.0531095627949e-05,1.0531095627949e-05,0
20260927_101616_608,gamma_low,gamma_g,low,0.05,0.45,2.5,20,31,kg,high_minus_low,-0.00230065441637635,-0.00228947804976694,1.11763666094111e-05,1.11763666094111e-05,0
20260927_101616_608,gamma_low,gamma_g,low,0.05,0.45,2.5,20,32,kg,high_minus_low,-0.00224436907180732,-0.00223267829591497,1.16907758923586e-05,1.16907758923588e-05,-2.16840434497101e-19
20260927_101616_608,gamma_low,gamma_g,low,0.05,0.45,2.5,20,33,kg,high_minus_low,-0.00218652606782351,-0.00217444827262399,1.20777951995166e-05,1.20777951995166e-05,0
20260927_101616_608,gamma_low,gamma_g,low,0.05,0.45,2.5,20,34,kg,high_minus_low,-0.00212771680491108,-0.00211537423791615,1.23425669949309e-05,1.23425669949311e-05,-2.16840434497101e-19
20260927_101616_608,gamma_low,gamma_g,low,0.05,0.45,2.5,20,35,kg,high_minus_low,-0.00206846544110369,-0.00205597382905394,1.2491612049748e-05,1.24916120497478e-05,2.16840434497101e-19
20260927_101616_608,gamma_low,gamma_g,low,0.05,0.45,2.5,20,36,kg,high_minus_low,-0.00200923123259607,-0.00199669868328941,1.25325493066657e-05,1.25325493066655e-05,2.16840434497101e-19
20260927_101616_608,gamma_low,gamma_g,low,0.05,0.45,2.5,20,37,kg,high_minus_low,-0.00195041154227471,-0.0019379377101821,1.24738320926112e-05,1.24738320926112e-05,0
20260927_101616_608,gamma_low,gamma_g,low,0.05,0.45,2.5,20,38,kg,high_minus_low,-0.00189234535501311,-0.0018800208513133,1.23245036998121e-05,1.23245036998121e-05,0
20260927_101616_608,gamma_low,gamma_g,low,0.05,0.45,2.5,20,39,kg,high_minus_low,-0.00183531715756025,-0.00182322318309947,1.20939744607806e-05,1.20939744607806e-05,0
20260927_101616_608,gamma_low,gamma_g,low,0.05,0.45,2.5,20,40,kg,high_minus_low,-0.00177956105892163,-0.00176776923728028,1.17918216413495e-05,1.17918216413495e-05,0
20260927_101616_608,gamma_low,gamma_g,low,0.05,0.45,2.5,20,1,xloc,high_minus_low,-0.000201551028914837,-0.000203124356436657,-1.57332752181993e-06,-1.57332752181993e-06,0
20260927_101616_608,gamma_low,gamma_g,low,0.05,0.45,2.5,20,2,xloc,high_minus_low,-0.00034889988045228,-0.000351436648852177,-2.53676839989669e-06,-2.53676839989669e-06,0
20260927_101616_608,gamma_low,gamma_g,low,0.05,0.45,2.5,20,3,xloc,high_minus_low,-0.000451304291449683,-0.000454298014328169,-2.99372287848598e-06,-2.99372287848598e-06,0
20260927_101616_608,gamma_low,gamma_g,low,0.05,0.45,2.5,20,4,xloc,high_minus_low,-0.000517484830742876,-0.00052053325239676,-3.04842165388397e-06,-3.04842165388397e-06,0
20260927_101616_608,gamma_low,gamma_g,low,0.05,0.45,2.5,20,5,xloc,high_minus_low,-0.000555147763010799,-0.000557946517245056,-2.79875423425668e-06,-2.79875423425668e-06,0
20260927_101616_608,gamma_low,gamma_g,low,0.05,0.45,2.5,20,6,xloc,high_minus_low,-0.000570836805271813,-0.000573169014398078,-2.33220912626564e-06,-2.33220912626564e-06,0
20260927_101616_608,gamma_low,gamma_g,low,0.05,0.45,2.5,20,7,xloc,high_minus_low,-0.000569959897123162,-0.000571683902163445,-1.72400504028225e-06,-1.72400504028225e-06,0
20260927_101616_608,gamma_low,gamma_g,low,0.05,0.45,2.5,20,8,xloc,high_minus_low,-0.000556899624344687,-0.000557936311289642,-1.03668694495518e-06,-1.03668694495518e-06,0
20260927_101616_608,gamma_low,gamma_g,low,0.05,0.45,2.5,20,9,xloc,high_minus_low,-0.000535154946806782,-0.000535475589226952,-3.20642420170714e-07,-3.20642420170714e-07,0
20260927_101616_608,gamma_low,gamma_g,low,0.05,0.45,2.5,20,10,xloc,high_minus_low,-0.000507485776922723,-0.000507100924030612,3.8485289211021e-07,3.8485289211021e-07,0
20260927_101616_608,gamma_low,gamma_g,low,0.05,0.45,2.5,20,11,xloc,high_minus_low,-0.000476046248416795,-0.000474995917987497,1.05033042929747e-06,1.05033042929747e-06,0
20260927_101616_608,gamma_low,gamma_g,low,0.05,0.45,2.5,20,12,xloc,high_minus_low,-0.000442500795702405,-0.000440846053403887,1.65474229851803e-06,1.65474229851803e-06,0
20260927_101616_608,gamma_low,gamma_g,low,0.05,0.45,2.5,20,13,xloc,high_minus_low,-0.000408121743217249,-0.000405937638798926,2.18410441832351e-06,2.18410441832351e-06,0
20260927_101616_608,gamma_low,gamma_g,low,0.05,0.45,2.5,20,14,xloc,high_minus_low,-0.000373869453579312,-0.000371239220058772,2.6302335205397e-06,2.6302335205397e-06,0
20260927_101616_608,gamma_low,gamma_g,low,0.05,0.45,2.5,20,15,xloc,high_minus_low,-0.000340457128371052,-0.0003374675176957,2.98961067535242e-06,2.98961067535242e-06,0
20260927_101616_608,gamma_low,gamma_g,low,0.05,0.45,2.5,20,16,xloc,high_minus_low,-0.000308402667873353,-0.000305140284411642,3.26238346171071e-06,3.26238346171071e-06,0
20260927_101616_608,gamma_low,gamma_g,low,0.05,0.45,2.5,20,17,xloc,high_minus_low,-0.00027806992307311,-0.000274618416845618,3.45150622749202e-06,3.45150622749202e-06,0
20260927_101616_608,gamma_low,gamma_g,low,0.05,0.45,2.5,20,18,xloc,high_minus_low,-0.000249701419661186,-0.000246139409072033,3.56201058915318e-06,3.56201058915318e-06,0
20260927_101616_608,gamma_low,gamma_g,low,0.05,0.45,2.5,20,19,xloc,high_minus_low,-0.000223444316217125,-0.000219843921610341,3.60039460678419e-06,3.60039460678419e-06,0
20260927_101616_608,gamma_low,gamma_g,low,0.05,0.45,2.5,20,20,xloc,high_minus_low,-0.000199371040145446,-0.000195796922530023,3.57411761542359e-06,3.57411761542359e-06,0
20260927_101616_608,gamma_low,gamma_g,low,0.05,0.45,2.5,20,21,xloc,high_minus_low,-0.000177495755924406,-0.000174004568304409,3.49118761999723e-06,3.49118761999723e-06,0
20260927_101616_608,gamma_low,gamma_g,low,0.05,0.45,2.5,20,22,xloc,high_minus_low,-0.000157787573046742,-0.000154427744192942,3.35982885379948e-06,3.35982885379948e-06,0
20260927_101616_608,gamma_low,gamma_g,low,0.05,0.45,2.5,20,23,xloc,high_minus_low,-0.000140181197701206,-0.000136992979536954,3.18821816425174e-06,3.18821816425174e-06,0
20260927_101616_608,gamma_low,gamma_g,low,0.05,0.45,2.5,20,24,xloc,high_minus_low,-0.000124585569621583,-0.000121601289511664,2.98428010991891e-06,2.98428010991891e-06,0
20260927_101616_608,gamma_low,gamma_g,low,0.05,0.45,2.5,20,25,xloc,high_minus_low,-0.000110890898215144,-0.000108135366373219,2.75553184192479e-06,2.75553184192479e-06,0
20260927_101616_608,gamma_low,gamma_g,low,0.05,0.45,2.5,20,26,xloc,high_minus_low,-9.89744141148829e-05,-9.64654441286683e-05,2.50896998621464e-06,2.50896998621464e-06,0
20260927_101616_608,gamma_low,gamma_g,low,0.05,0.45,2.5,20,27,xloc,high_minus_low,-8.87050779238008e-05,-8.64540851863715e-05,2.25099273742924e-06,2.25099273742924e-06,0
20260927_101616_608,gamma_low,gamma_g,low,0.05,0.45,2.5,20,28,xloc,high_minus_low,-7.99474321153681e-05,-7.79600808288317e-05,1.98735128653649e-06,1.98735128653649e-06,0
20260927_101616_608,gamma_low,gamma_g,low,0.05,0.45,2.5,20,29,xloc,high_minus_low,-7.25647405134255e-05,-7.08416150442259e-05,1.72312546919962e-06,1.72312546919962e-06,0
20260927_101616_608,gamma_low,gamma_g,low,0.05,0.45,2.5,20,30,xloc,high_minus_low,-6.64215290699932e-05,-6.49588098697862e-05,1.46271920020702e-06,1.46271920020702e-06,0
20260927_101616_608,gamma_low,gamma_g,low,0.05,0.45,2.5,20,31,xloc,high_minus_low,-6.13856190094797e-05,-6.01757471647701e-05,1.20987184470955e-06,1.20987184470955e-06,0
20260927_101616_608,gamma_low,gamma_g,low,0.05,0.45,2.5,20,32,xloc,high_minus_low,-5.73297266951434e-05,-5.63620445114266e-05,9.67682183716789e-07,9.67682183716789e-07,0
20260927_101616_608,gamma_low,gamma_g,low,0.05,0.45,2.5,20,33,xloc,high_minus_low,-5.41326921555951e-05,-5.33940500792029e-05,7.38642076392182e-07,7.38642076392182e-07,0
20260927_101616_608,gamma_low,gamma_g,low,0.05,0.45,2.5,20,34,xloc,high_minus_low,-5.16803888842565e-05,-5.11557115652206e-05,5.24677319035938e-07,5.24677319035938e-07,0
20260927_101616_608,gamma_low,gamma_g,low,0.05,0.45,2.5,20,35,xloc,high_minus_low,-4.98663603685223e-05,-4.95391668228207e-05,3.27193545701654e-07,3.27193545701654e-07,0
20260927_101616_608,gamma_low,gamma_g,low,0.05,0.45,2.5,20,36,xloc,high_minus_low,-4.85922231866498e-05,-4.84450978570639e-05,1.4712532958594e-07,1.4712532958594e-07,0
20260927_101616_608,gamma_low,gamma_g,low,0.05,0.45,2.5,20,37,xloc,high_minus_low,-4.77678719542629e-05,-4.77828850242723e-05,-1.50130700093953e-08,-1.50130700093953e-08,0
20260927_101616_608,gamma_low,gamma_g,low,0.05,0.45,2.5,20,38,xloc,high_minus_low,-4.73115175723127e-05,-4.74705942000719e-05,-1.59076627759269e-07,-1.59076627759269e-07,0
20260927_101616_608,gamma_low,gamma_g,low,0.05,0.45,2.5,20,39,xloc,high_minus_low,-4.71495869264205e-05,-4.74348261407798e-05,-2.85239214359301e-07,-2.85239214359301e-07,0
20260927_101616_608,gamma_low,gamma_g,low,0.05,0.45,2.5,20,40,xloc,high_minus_low,-4.7216509234338e-05,-4.7610454112057e-05,-3.93944877719044e-07,-3.93944877719044e-07,0
20260927_101616_608,gamma_high,gamma_g,high,0.15,0.45,2.5,20,1,ig,high_minus_low,-0.00218750102409295,-0.00220830902103568,-2.08079969427296e-05,-2.08079969427294e-05,-2.16840434497101e-19
20260927_101616_608,gamma_high,gamma_g,high,0.15,0.45,2.5,20,2,ig,high_minus_low,-0.00400035344520974,-0.0040361998923036,-3.58464470938628e-05,-3.58464470938628e-05,0
20260927_101616_608,gamma_high,gamma_g,high,0.15,0.45,2.5,20,3,ig,high_minus_low,-0.00544971264392844,-0.00549515504383279,-4.54423999043472e-05,-4.54423999043472e-05,0
20260927_101616_608,gamma_high,gamma_g,high,0.15,0.45,2.5,20,4,ig,high_minus_low,-0.00656245351076459,-0.00661260272255814,-5.01492117935499e-05,-5.01492117935499e-05,0
20260927_101616_608,gamma_high,gamma_g,high,0.15,0.45,2.5,20,5,ig,high_minus_low,-0.00737279002321865,-0.00742343796966323,-5.06479464445798e-05,-5.06479464445798e-05,0
20260927_101616_608,gamma_high,gamma_g,high,0.15,0.45,2.5,20,6,ig,high_minus_low,-0.00791741877845739,-0.00796509199868164,-4.76732202242536e-05,-4.76732202242527e-05,-8.67361737988404e-19
20260927_101616_608,gamma_high,gamma_g,high,0.15,0.45,2.5,20,7,ig,high_minus_low,-0.00823277651095603,-0.00827473653795495,-4.19600269989159e-05,-4.19600269989159e-05,0
20260927_101616_608,gamma_high,gamma_g,high,0.15,0.45,2.5,20,8,ig,high_minus_low,-0.00835355059618607,-0.00838775812458138,-3.42075283953098e-05,-3.42075283953098e-05,0
20260927_101616_608,gamma_high,gamma_g,high,0.15,0.45,2.5,20,9,ig,high_minus_low,-0.00831192270108622,-0.00833697870208094,-2.50560009947224e-05,-2.50560009947224e-05,0
20260927_101616_608,gamma_high,gamma_g,high,0.15,0.45,2.5,20,10,ig,high_minus_low,-0.0081372354910781,-0.00815230914523631,-1.50736541582042e-05,-1.50736541582042e-05,0
20260927_101616_608,gamma_high,gamma_g,high,0.15,0.45,2.5,20,11,ig,high_minus_low,-0.00785589977484874,-0.00786065041264751,-4.75063779876994e-06,-4.75063779877081e-06,8.67361737988404e-19
20260927_101616_608,gamma_high,gamma_g,high,0.15,0.45,2.5,20,12,ig,high_minus_low,-0.00749143596182715,-0.00748593409580789,5.50186601925608e-06,5.50186601925608e-06,0
20260927_101616_608,gamma_high,gamma_g,high,0.15,0.45,2.5,20,13,ig,high_minus_low,-0.0070645889709837,-0.00704923989291011,1.53490780735923e-05,1.53490780735923e-05,0
20260927_101616_608,gamma_high,gamma_g,high,0.15,0.45,2.5,20,14,ig,high_minus_low,-0.00659348209767682,-0.0065689543082863,2.45277893905216e-05,2.45277893905216e-05,0
20260927_101616_608,gamma_high,gamma_g,high,0.15,0.45,2.5,20,15,ig,high_minus_low,-0.00609379043963766,-0.00606095029120716,3.28401484304963e-05,3.28401484304963e-05,0
20260927_101616_608,gamma_high,gamma_g,high,0.15,0.45,2.5,20,16,ig,high_minus_low,-0.00557892295880389,-0.00553877624785438,4.01467109495167e-05,4.01467109495167e-05,0
20260927_101616_608,gamma_high,gamma_g,high,0.15,0.45,2.5,20,17,ig,high_minus_low,-0.00506020691867226,-0.00501384770758851,4.63592110837531e-05,4.63592110837531e-05,0
20260927_101616_608,gamma_high,gamma_g,high,0.15,0.45,2.5,20,18,ig,high_minus_low,-0.00454707095343398,-0.00449563757848869,5.1433374945291e-05,5.1433374945291e-05,0
20260927_101616_608,gamma_high,gamma_g,high,0.15,0.45,2.5,20,19,ig,high_minus_low,-0.00404722436742402,-0.00399186237071414,5.53619967098851e-05,5.53619967098855e-05,-4.33680868994202e-19
20260927_101616_608,gamma_high,gamma_g,high,0.15,0.45,2.5,20,20,ig,high_minus_low,-0.00356683098616193,-0.00350866256330432,5.81684228576069e-05,5.81684228576069e-05,0
20260927_101616_608,gamma_high,gamma_g,high,0.15,0.45,2.5,20,21,ig,high_minus_low,-0.0031106762914318,-0.00305077575553682,5.99005358949828e-05,5.99005358949828e-05,0
20260927_101616_608,gamma_high,gamma_g,high,0.15,0.45,2.5,20,22,ig,high_minus_low,-0.00268232683708879,-0.0026217015478034,6.06252892853868e-05,6.06252892853868e-05,0
20260927_101616_608,gamma_high,gamma_g,high,0.15,0.45,2.5,20,23,ig,high_minus_low,-0.00228428114296015,-0.0022238573264705,6.0423816489648e-05,6.0423816489648e-05,0
20260927_101616_608,gamma_high,gamma_g,high,0.15,0.45,2.5,20,24,ig,high_minus_low,-0.001918111440051,-0.00185872432391284,5.93871161381581e-05,5.93871161381581e-05,0
20260927_101616_608,gamma_high,gamma_g,high,0.15,0.45,2.5,20,25,ig,high_minus_low,-0.00158459580649357,-0.00152698350618976,5.76123003038125e-05,5.76123003038125e-05,0
20260927_101616_608,gamma_high,gamma_g,high,0.15,0.45,2.5,20,26,ig,high_minus_low,-0.00128384039400816,-0.0012286410118547,5.51993821534581e-05,5.51993821534581e-05,0
20260927_101616_608,gamma_high,gamma_g,high,0.15,0.45,2.5,20,27,ig,high_minus_low,-0.00101539159773114,-0.000963143025919933,5.22485718112051e-05,5.22485718112051e-05,0
20260927_101616_608,gamma_high,gamma_g,high,0.15,0.45,2.5,20,28,ig,high_minus_low,-0.000778338165224416,-0.000729480120907853,4.88580443165633e-05,4.88580443165633e-05,0
20260927_101616_608,gamma_high,gamma_g,high,0.15,0.45,2.5,20,29,ig,high_minus_low,-0.000571403370376704,-0.000526281229869368,4.51221405073365e-05,4.51221405073365e-05,0
20260927_101616_608,gamma_high,gamma_g,high,0.15,0.45,2.5,20,30,ig,high_minus_low,-0.000393027492574573,-0.00035189753248982,4.11299600847532e-05,4.11299600847532e-05,0
20260927_101616_608,gamma_high,gamma_g,high,0.15,0.45,2.5,20,31,ig,high_minus_low,-0.000241440939647656,-0.000204476633950887,3.69643056967692e-05,3.69643056967692e-05,0
20260927_101616_608,gamma_high,gamma_g,high,0.15,0.45,2.5,20,32,ig,high_minus_low,-0.000114728434249164,-8.20274968752384e-05,3.27009373739251e-05,3.27009373739251e-05,0
20260927_101616_608,gamma_high,gamma_g,high,0.15,0.45,2.5,20,33,ig,high_minus_low,-1.08847477432959e-05,1.75233500837128e-05,2.84080978270087e-05,2.84080978270087e-05,0
20260927_101616_608,gamma_high,gamma_g,high,0.15,0.45,2.5,20,34,ig,high_minus_low,7.21374858426531e-05,9.62837567029806e-05,2.41462708603276e-05,2.41462708603276e-05,0
20260927_101616_608,gamma_high,gamma_g,high,0.15,0.45,2.5,20,35,ig,high_minus_low,0.000136387309556997,0.000156355446836777,1.996813727978e-05,1.996813727978e-05,6.7762635780344e-21
20260927_101616_608,gamma_high,gamma_g,high,0.15,0.45,2.5,20,36,ig,high_minus_low,0.000183881750399906,0.000199800445511988,1.59186951120827e-05,1.59186951120827e-05,0
20260927_101616_608,gamma_high,gamma_g,high,0.15,0.45,2.5,20,37,ig,high_minus_low,0.000216578298348087,0.000228613811916143,1.20355135680567e-05,1.20355135680567e-05,0
20260927_101616_608,gamma_high,gamma_g,high,0.15,0.45,2.5,20,38,ig,high_minus_low,0.000236352964388143,0.000244702057310836,8.34909292269276e-06,8.34909292269279e-06,-2.71050543121376e-20
20260927_101616_608,gamma_high,gamma_g,high,0.15,0.45,2.5,20,39,ig,high_minus_low,0.000244983335022838,0.000249866640290748,4.88330526791003e-06,4.88330526791003e-06,0
20260927_101616_608,gamma_high,gamma_g,high,0.15,0.45,2.5,20,40,ig,high_minus_low,0.000244136058558687,0.000245791952419722,1.65589386103465e-06,1.65589386103465e-06,0
20260927_101616_608,gamma_high,gamma_g,high,0.15,0.45,2.5,20,1,kg,high_minus_low,-5.46875256022631e-05,-5.52077255259557e-05,-5.20199923692566e-07,-5.20199923692566e-07,0
20260927_101616_608,gamma_high,gamma_g,high,0.15,0.45,2.5,20,2,kg,high_minus_low,-0.000153329173592602,-0.000154732529695778,-1.40335610317638e-06,-1.40335610317637e-06,-1.35525271560688e-20
20260927_101616_608,gamma_high,gamma_g,high,0.15,0.45,2.5,20,3,kg,high_minus_low,-0.00028573876035091,-0.000288243092549378,-2.50433219846829e-06,-2.50433219846827e-06,-2.71050543121376e-20
20260927_101616_608,gamma_high,gamma_g,high,0.15,0.45,2.5,20,4,kg,high_minus_low,-0.000442656629111397,-0.000446352083299795,-3.69545418839784e-06,-3.69545418839784e-06,0
20260927_101616_608,gamma_high,gamma_g,high,0.15,0.45,2.5,20,5,kg,high_minus_low,-0.000615909963963916,-0.000620779230458927,-4.86926649501118e-06,-4.86926649501113e-06,-5.42101086242752e-20
20260927_101616_608,gamma_high,gamma_g,high,0.15,0.45,2.5,20,6,kg,high_minus_low,-0.000798447684326464,-0.000804387049664716,-5.93936533825157e-06,-5.93936533825157e-06,0
20260927_101616_608,gamma_high,gamma_g,high,0.15,0.45,2.5,20,7,kg,high_minus_low,-0.000984305904992063,-0.000991145786872205,-6.83988188014207e-06,-6.83988188014217e-06,1.0842021724855e-19
20260927_101616_608,gamma_high,gamma_g,high,0.15,0.45,2.5,20,8,kg,high_minus_low,-0.00116853702227193,-0.00117606109531524,-7.52407304331171e-06,-7.52407304331171e-06,0
20260927_101616_608,gamma_high,gamma_g,high,0.15,0.45,2.5,20,9,kg,high_minus_low,-0.00134712166424226,-0.0013550840354846,-7.96237124234267e-06,-7.96237124234267e-06,0
20260927_101616_608,gamma_high,gamma_g,high,0.15,0.45,2.5,20,10,kg,high_minus_low,-0.00151687450991311,-0.00152501466322841,-8.14015331529472e-06,-8.14015331529472e-06,0
20260927_101616_608,gamma_high,gamma_g,high,0.15,0.45,2.5,20,11,kg,high_minus_low,-0.00167535014153638,-0.00168340555696422,-8.05541542784716e-06,-8.05541542784716e-06,0
20260927_101616_608,gamma_high,gamma_g,high,0.15,0.45,2.5,20,12,kg,high_minus_low,-0.00182075228704356,-0.00182846877043545,-7.71648339189146e-06,-7.71648339189146e-06,0
20260927_101616_608,gamma_high,gamma_g,high,0.15,0.45,2.5,20,13,kg,high_minus_low,-0.00195184820414196,-0.00195898804849752,-7.13984435555615e-06,-7.13984435555615e-06,0
20260927_101616_608,gamma_high,gamma_g,high,0.15,0.45,2.5,20,14,kg,high_minus_low,-0.00206788905148025,-0.00207423720499237,-6.34815351211859e-06,-6.34815351211837e-06,-2.16840434497101e-19
20260927_101616_608,gamma_high,gamma_g,high,0.15,0.45,2.5,20,15,kg,high_minus_low,-0.00216853658618417,-0.00217390503214806,-5.36844596388296e-06,-5.36844596388275e-06,-2.16840434497101e-19
20260927_101616_608,gamma_high,gamma_g,high,0.15,0.45,2.5,20,16,kg,high_minus_low,-0.00225379624549956,-0.00225802681254087,-4.23056704131541e-06,-4.23056704131541e-06,0
20260927_101616_608,gamma_high,gamma_g,high,0.15,0.45,2.5,20,17,kg,high_minus_low,-0.0023239565123286,-0.00232692233491723,-2.96582258862933e-06,-2.96582258862955e-06,2.16840434497101e-19
20260927_101616_608,gamma_high,gamma_g,high,0.15,0.45,2.5,20,18,kg,high_minus_low,-0.00237953437335607,-0.00238114021600659,-1.60584265052055e-06,-1.60584265052077e-06,2.16840434497101e-19
20260927_101616_608,gamma_high,gamma_g,high,0.15,0.45,2.5,20,19,kg,high_minus_low,-0.00242122662320784,-0.00242140826987443,-1.8164666659758e-07,-1.81646666597363e-07,-2.16840434497101e-19
20260927_101616_608,gamma_high,gamma_g,high,0.15,0.45,2.5,20,20,kg,high_minus_low,-0.00244986673228161,-0.00244858962721047,1.27710507114021e-06,1.27710507114021e-06,0
20260927_101616_608,gamma_high,gamma_g,high,0.15,0.45,2.5,20,21,kg,high_minus_low,-0.00246638697126008,-0.00246364428041879,2.74269084129175e-06,2.74269084129175e-06,0
20260927_101616_608,gamma_high,gamma_g,high,0.15,0.45,2.5,20,22,kg,high_minus_low,-0.00247178546790572,-0.00246759571210342,4.18975580229741e-06,4.18975580229741e-06,0
20260927_101616_608,gamma_high,gamma_g,high,0.15,0.45,2.5,20,23,kg,high_minus_low,-0.00246709785978202,-0.00246150225246285,5.59560731916431e-06,5.59560731916431e-06,0
20260927_101616_608,gamma_high,gamma_g,high,0.15,0.45,2.5,20,24,kg,high_minus_low,-0.00245337319928873,-0.00244643280424931,6.94039503942e-06,6.94039503942e-06,0
20260927_101616_608,gamma_high,gamma_g,high,0.15,0.45,2.5,20,25,kg,high_minus_low,-0.00243165376446863,-0.00242344657179798,8.20719267065773e-06,8.20719267065752e-06,2.16840434497101e-19
20260927_101616_608,gamma_high,gamma_g,high,0.15,0.45,2.5,20,26,kg,high_minus_low,-0.0024029584302071,-0.00239357643279962,9.38199740748401e-06,9.38199740748401e-06,0
20260927_101616_608,gamma_high,gamma_g,high,0.15,0.45,2.5,20,27,kg,high_minus_low,-0.00236826925939515,-0.00235781559762764,1.04536617675142e-05,1.04536617675139e-05,2.16840434497101e-19
20260927_101616_608,gamma_high,gamma_g,high,0.15,0.45,2.5,20,28,kg,high_minus_low,-0.00232852098204062,-0.00231710721070995,1.1413771330663e-05,1.14137713306632e-05,-2.16840434497101e-19
20260927_101616_608,gamma_high,gamma_g,high,0.15,0.45,2.5,20,29,kg,high_minus_low,-0.00228459304174885,-0.00227233656118912,1.22564805597283e-05,1.22564805597281e-05,2.16840434497101e-19
20260927_101616_608,gamma_high,gamma_g,high,0.15,0.45,2.5,20,30,kg,high_minus_low,-0.00223730390301953,-0.00222432558547185,1.29783175476885e-05,1.29783175476887e-05,-2.16840434497101e-19
20260927_101616_608,gamma_high,gamma_g,high,0.15,0.45,2.5,20,31,kg,high_minus_low,-0.002187407328935,-0.0021738293616839,1.35779672510994e-05,1.35779672510996e-05,-2.16840434497101e-19
20260927_101616_608,gamma_high,gamma_g,high,0.15,0.45,2.5,20,32,kg,high_minus_low,-0.00213559035656785,-0.00212153431506379,1.40560415040625e-05,1.40560415040625e-05,0
20260927_101616_608,gamma_high,gamma_g,high,0.15,0.45,2.5,20,33,kg,high_minus_low,-0.00208247271634709,-0.00206805787343519,1.44148429119069e-05,1.44148429119066e-05,2.16840434497101e-19
20260927_101616_608,gamma_high,gamma_g,high,0.15,0.45,2.5,20,34,kg,high_minus_low,-0.00202860746129222,-0.00201394933268188,1.46581286103449e-05,1.46581286103451e-05,-2.16840434497101e-19
20260927_101616_608,gamma_high,gamma_g,high,0.15,0.45,2.5,20,35,kg,high_minus_low,-0.00197448259202112,-0.00195969171319421,1.47908788269055e-05,1.47908788269055e-05,0
20260927_101616_608,gamma_high,gamma_g,high,0.15,0.45,2.5,20,36,kg,high_minus_low,-0.00192052348346035,-0.00190570440922651,1.48190742338405e-05,1.48190742338405e-05,0
20260927_101616_608,gamma_high,gamma_g,high,0.15,0.45,2.5,20,37,kg,high_minus_low,-0.00186709593891517,-0.0018523464536981,1.47494852170695e-05,1.47494852170695e-05,0
20260927_101616_608,gamma_high,gamma_g,high,0.15,0.45,2.5,20,38,kg,high_minus_low,-0.00181450971633246,-0.0017999202409232,1.45894754092584e-05,1.45894754092584e-05,0
20260927_101616_608,gamma_high,gamma_g,high,0.15,0.45,2.5,20,39,kg,high_minus_low,-0.00176302239004833,-0.00174867556889298,1.43468211553459e-05,1.43468211553459e-05,0
20260927_101616_608,gamma_high,gamma_g,high,0.15,0.45,2.5,20,40,kg,high_minus_low,-0.00171284342883327,-0.00169881388086028,1.40295479729899e-05,1.40295479729899e-05,0
20260927_101616_608,gamma_high,gamma_g,high,0.15,0.45,2.5,20,1,xloc,high_minus_low,-0.000173180699003406,-0.000174358489832604,-1.17779082919878e-06,-1.17779082919878e-06,0
20260927_101616_608,gamma_high,gamma_g,high,0.15,0.45,2.5,20,2,xloc,high_minus_low,-0.000301623625524106,-0.00030353600583255,-1.91238030844421e-06,-1.91238030844421e-06,0
20260927_101616_608,gamma_high,gamma_g,high,0.15,0.45,2.5,20,3,xloc,high_minus_low,-0.000393235749527876,-0.00039551263870452,-2.27688917664448e-06,-2.27688917664448e-06,0
20260927_101616_608,gamma_high,gamma_g,high,0.15,0.45,2.5,20,4,xloc,high_minus_low,-0.000455464782855408,-0.000457810832898531,-2.34605004312272e-06,-2.34605004312272e-06,0
20260927_101616_608,gamma_high,gamma_g,high,0.15,0.45,2.5,20,5,xloc,high_minus_low,-0.000494833555329977,-0.000497023922833129,-2.19036750315205e-06,-2.19036750315205e-06,0
20260927_101616_608,gamma_high,gamma_g,high,0.15,0.45,2.5,20,6,xloc,high_minus_low,-0.000516800876362411,-0.000518673665206304,-1.87278884389297e-06,-1.87278884389297e-06,0
20260927_101616_608,gamma_high,gamma_g,high,0.15,0.45,2.5,20,7,xloc,high_minus_low,-0.000525793907417582,-0.000527241089224861,-1.44718180727921e-06,-1.44718180727921e-06,0
20260927_101616_608,gamma_high,gamma_g,high,0.15,0.45,2.5,20,8,xloc,high_minus_low,-0.000525320646742045,-0.000526278675238911,-9.58028496866881e-07,-9.58028496866881e-07,0
20260927_101616_608,gamma_high,gamma_g,high,0.15,0.45,2.5,20,9,xloc,high_minus_low,-0.000518110633745961,-0.000518551510789611,-4.40877043650367e-07,-4.40877043650367e-07,0
20260927_101616_608,gamma_high,gamma_g,high,0.15,0.45,2.5,20,10,xloc,high_minus_low,-0.000506256053613541,-0.000506179270046703,7.67835668380457e-08,7.67835668380457e-08,0
20260927_101616_608,gamma_high,gamma_g,high,0.15,0.45,2.5,20,11,xloc,high_minus_low,-0.000491339727113238,-0.000490765270423799,5.74456689439451e-07,5.74456689439451e-07,0
20260927_101616_608,gamma_high,gamma_g,high,0.15,0.45,2.5,20,12,xloc,high_minus_low,-0.000474544683080169,-0.000473507153110342,1.03752996982731e-06,1.03752996982731e-06,0
20260927_101616_608,gamma_high,gamma_g,high,0.15,0.45,2.5,20,13,xloc,high_minus_low,-0.000456744492840389,-0.000455288275330479,1.45621750990976e-06,1.45621750990976e-06,0
20260927_101616_608,gamma_high,gamma_g,high,0.15,0.45,2.5,20,14,xloc,high_minus_low,-0.00043857579512141,-0.000436751193053642,1.82460206776813e-06,1.82460206776813e-06,0
20260927_101616_608,gamma_high,gamma_g,high,0.15,0.45,2.5,20,15,xloc,high_minus_low,-0.000420495394200082,-0.000418355594971498,2.13979922858432e-06,2.13979922858432e-06,0
20260927_101616_608,gamma_high,gamma_g,high,0.15,0.45,2.5,20,16,xloc,high_minus_low,-0.000402824550009839,-0.000400423302219788,2.40124779005146e-06,2.40124779005146e-06,0
20260927_101616_608,gamma_high,gamma_g,high,0.15,0.45,2.5,20,17,xloc,high_minus_low,-0.000385782944219759,-0.000383172824031219,2.61012018853979e-06,2.61012018853979e-06,0
20260927_101616_608,gamma_high,gamma_g,high,0.15,0.45,2.5,20,18,xloc,high_minus_low,-0.000369514504439672,-0.000366745663151091,2.76884128858068e-06,2.76884128858068e-06,0
20260927_101616_608,gamma_high,gamma_g,high,0.15,0.45,2.5,20,19,xloc,high_minus_low,-0.000354106914307373,-0.000351226212701228,2.88070160614495e-06,2.88070160614495e-06,0
20260927_101616_608,gamma_high,gamma_g,high,0.15,0.45,2.5,20,20,xloc,high_minus_low,-0.000339606290878591,-0.000336656740128727,2.94955074986447e-06,2.94955074986447e-06,0
20260927_101616_608,gamma_high,gamma_g,high,0.15,0.45,2.5,20,21,xloc,high_minus_low,-0.000326028201199313,-0.000323048643477986,2.97955772132763e-06,2.97955772132763e-06,0
20260927_101616_608,gamma_high,gamma_g,high,0.15,0.45,2.5,20,22,xloc,high_minus_low,-0.000313365927714249,-0.000310390901583468,2.97502613078038e-06,2.97502613078038e-06,0
20260927_101616_608,gamma_high,gamma_g,high,0.15,0.45,2.5,20,23,xloc,high_minus_low,-0.000301596677946936,-0.000298656423926569,2.94025402036713e-06,2.94025402036713e-06,0
20260927_101616_608,gamma_high,gamma_g,high,0.15,0.45,2.5,20,24,xloc,high_minus_low,-0.000290686263458739,-0.000287806833865534,2.87942959320553e-06,2.87942959320553e-06,0
20260927_101616_608,gamma_high,gamma_g,high,0.15,0.45,2.5,20,25,xloc,high_minus_low,-0.00028059264032354,-0.000277796084681481,2.7965556420595e-06,2.7965556420595e-06,0
20260927_101616_608,gamma_high,gamma_g,high,0.15,0.45,2.5,20,26,xloc,high_minus_low,-0.000271268601638619,-0.000268573204856293,2.69539678232622e-06,2.69539678232622e-06,0
20260927_101616_608,gamma_high,gamma_g,high,0.15,0.45,2.5,20,27,xloc,high_minus_low,-0.000262663835799315,-0.000260084391097593,2.57944470172244e-06,2.57944470172244e-06,0
20260927_101616_608,gamma_high,gamma_g,high,0.15,0.45,2.5,20,28,xloc,high_minus_low,-0.000254726507015191,-0.000252274609446212,2.45189756897801e-06,2.45189756897801e-06,0
20260927_101616_608,gamma_high,gamma_g,high,0.15,0.45,2.5,20,29,xloc,high_minus_low,-0.000247404472342616,-0.000245088821845929,2.31565049668703e-06,2.31565049668703e-06,0
20260927_101616_608,gamma_high,gamma_g,high,0.15,0.45,2.5,20,30,xloc,high_minus_low,-0.000240646218718221,-0.000238472924156463,2.17329456175808e-06,2.17329456175808e-06,0
20260927_101616_608,gamma_high,gamma_g,high,0.15,0.45,2.5,20,31,xloc,high_minus_low,-0.000234401581218679,-0.000232374458839835,2.02712237884484e-06,2.02712237884484e-06,0
20260927_101616_608,gamma_high,gamma_g,high,0.15,0.45,2.5,20,32,xloc,high_minus_low,-0.000228622287807845,-0.000226743149202679,1.87913860516531e-06,1.87913860516531e-06,0
20260927_101616_608,gamma_high,gamma_g,high,0.15,0.45,2.5,20,33,xloc,high_minus_low,-0.000223262364458909,-0.000221531290383936,1.73107407497319e-06,1.73107407497319e-06,0
20260927_101616_608,gamma_high,gamma_g,high,0.15,0.45,2.5,20,34,xloc,high_minus_low,-0.000218278426471263,-0.000216694023970843,1.5844025004208e-06,1.5844025004208e-06,0
20260927_101616_608,gamma_high,gamma_g,high,0.15,0.45,2.5,20,35,xloc,high_minus_low,-0.000213629876083199,-0.000212189517199035,1.44035888416383e-06,1.44035888416383e-06,0
20260927_101616_608,gamma_high,gamma_g,high,0.15,0.45,2.5,20,36,xloc,high_minus_low,-0.000209279022419517,-0.000207979063472252,1.29995894726509e-06,1.29995894726509e-06,0
20260927_101616_608,gamma_high,gamma_g,high,0.15,0.45,2.5,20,37,xloc,high_minus_low,-0.000205191136891547,-0.000204027117884698,1.16401900684959e-06,1.16401900684959e-06,0
20260927_101616_608,gamma_high,gamma_g,high,0.15,0.45,2.5,20,38,xloc,high_minus_low,-0.000201334455039781,-0.000200301279186355,1.03317585342655e-06,1.03317585342655e-06,0
20260927_101616_608,gamma_high,gamma_g,high,0.15,0.45,2.5,20,39,xloc,high_minus_low,-0.000197680134208511,-0.000196772227942454,9.07906266056635e-07,9.07906266056635e-07,0
20260927_101616_608,gamma_high,gamma_g,high,0.15,0.45,2.5,20,40,xloc,high_minus_low,-0.000194202175196723,-0.000193413629316908,7.88545879815139e-07,7.88545879815139e-07,0
20260927_101616_608,phiI_low,phi_i,low,0.1,0.45,1.25,20,1,ig,high_minus_low,-0.00217070278488799,-0.00218927670493004,-1.85739200420552e-05,-1.85739200420554e-05,2.16840434497101e-19
20260927_101616_608,phiI_low,phi_i,low,0.1,0.45,1.25,20,2,ig,high_minus_low,-0.00396767660276002,-0.00399885252882192,-3.11759260619021e-05,-3.11759260619021e-05,0
20260927_101616_608,phiI_low,phi_i,low,0.1,0.45,1.25,20,3,ig,high_minus_low,-0.00540352369970109,-0.00544187850536569,-3.83548056645993e-05,-3.83548056645993e-05,0
20260927_101616_608,phiI_low,phi_i,low,0.1,0.45,1.25,20,4,ig,high_minus_low,-0.00650652877714428,-0.00654739918066888,-4.08704035245967e-05,-4.08704035245967e-05,0
20260927_101616_608,phiI_low,phi_i,low,0.1,0.45,1.25,20,5,ig,high_minus_low,-0.00731182873248542,-0.00735139712477774,-3.95683922923169e-05,-3.95683922923169e-05,0
20260927_101616_608,phiI_low,phi_i,low,0.1,0.45,1.25,20,6,ig,high_minus_low,-0.00785640011788831,-0.00789169630213184,-3.52961842435325e-05,-3.52961842435325e-05,0
20260927_101616_608,phiI_low,phi_i,low,0.1,0.45,1.25,20,7,ig,high_minus_low,-0.00817637278436462,-0.00820522304574948,-2.88502613848621e-05,-2.88502613848612e-05,-8.67361737988404e-19
20260927_101616_608,phiI_low,phi_i,low,0.1,0.45,1.25,20,8,ig,high_minus_low,-0.00830570113433844,-0.00832664740175066,-2.09462674122234e-05,-2.09462674122234e-05,0
20260927_101616_608,phiI_low,phi_i,low,0.1,0.45,1.25,20,9,ig,high_minus_low,-0.00827559233665918,-0.00828779717133542,-1.22048346762327e-05,-1.22048346762327e-05,0
20260927_101616_608,phiI_low,phi_i,low,0.1,0.45,1.25,20,10,ig,high_minus_low,-0.00811433528093083,-0.00811748307525754,-3.14779432670186e-06,-3.14779432670186e-06,0
20260927_101616_608,phiI_low,phi_i,low,0.1,0.45,1.25,20,11,ig,high_minus_low,-0.00784732865034011,-0.00784152954041197,5.79910992814028e-06,5.79910992814115e-06,-8.67361737988404e-19
20260927_101616_608,phiI_low,phi_i,low,0.1,0.45,1.25,20,12,ig,high_minus_low,-0.00749719985944167,-0.00748290015795648,1.42997014851882e-05,1.42997014851882e-05,0
20260927_101616_608,phiI_low,phi_i,low,0.1,0.45,1.25,20,13,ig,high_minus_low,-0.00708396035770202,-0.00706186150909565,2.20988486063674e-05,2.20988486063674e-05,0
20260927_101616_608,phiI_low,phi_i,low,0.1,0.45,1.25,20,14,ig,high_minus_low,-0.0066251721179299,-0.00659615901437265,2.90131035572449e-05,2.90131035572449e-05,0
20260927_101616_608,phiI_low,phi_i,low,0.1,0.45,1.25,20,15,ig,high_minus_low,-0.00613611507246624,-0.00610119384847572,3.49212239905226e-05,3.49212239905226e-05,0
20260927_101616_608,phiI_low,phi_i,low,0.1,0.45,1.25,20,16,ig,high_minus_low,-0.00562995217911477,-0.00559019717566063,3.97550034541422e-05,3.97550034541422e-05,0
20260927_101616_608,phiI_low,phi_i,low,0.1,0.45,1.25,20,17,ig,high_minus_low,-0.00511789151681948,-0.00507440086744519,4.34906493742889e-05,4.34906493742885e-05,4.33680868994202e-19
20260927_101616_608,phiI_low,phi_i,low,0.1,0.45,1.25,20,18,ig,high_minus_low,-0.00460934551902229,-0.00456320468895389,4.61408300683995e-05,4.61408300683995e-05,0
20260927_101616_608,phiI_low,phi_i,low,0.1,0.45,1.25,20,19,ig,high_minus_low,-0.00411208733523035,-0.00406433989276027,4.77474424700804e-05,4.774744247008e-05,4.33680868994202e-19
20260927_101616_608,phiI_low,phi_i,low,0.1,0.45,1.25,20,20,ig,high_minus_low,-0.00363240396174791,-0.00358402884995078,4.83751117971261e-05,4.83751117971261e-05,0
20260927_101616_608,phiI_low,phi_i,low,0.1,0.45,1.25,20,21,ig,high_minus_low,-0.00317524546400542,-0.00312714005237767,4.8105411627752e-05,4.8105411627752e-05,0
20260927_101616_608,phiI_low,phi_i,low,0.1,0.45,1.25,20,22,ig,high_minus_low,-0.002744369416221,-0.00269733763600758,4.70317802134237e-05,4.70317802134237e-05,0
20260927_101616_608,phiI_low,phi_i,low,0.1,0.45,1.25,20,23,ig,high_minus_low,-0.00234247961793619,-0.00229722451622003,4.52551017161612e-05,4.52551017161612e-05,0
20260927_101616_608,phiI_low,phi_i,low,0.1,0.45,1.25,20,24,ig,high_minus_low,-0.00197135818685243,-0.00192847827009425,4.2879916758188e-05,4.2879916758188e-05,0
20260927_101616_608,phiI_low,phi_i,low,0.1,0.45,1.25,20,25,ig,high_minus_low,-0.00163199024040596,-0.00159197901664851,4.00112237574496e-05,4.00112237574496e-05,0
20260927_101616_608,phiI_low,phi_i,low,0.1,0.45,1.25,20,26,ig,high_minus_low,-0.00132468053423672,-0.00128792870388491,3.67518303518123e-05,3.67518303518123e-05,0
20260927_101616_608,phiI_low,phi_i,low,0.1,0.45,1.25,20,27,ig,high_minus_low,-0.00104916160011612,-0.00101596138761054,3.32002125055797e-05,3.32002125055798e-05,-1.0842021724855e-19
20260927_101616_608,phiI_low,phi_i,low,0.1,0.45,1.25,20,28,ig,high_minus_low,-0.000804693101831219,-0.000775244264213451,2.94488376177682e-05,2.94488376177682e-05,0
20260927_101616_608,phiI_low,phi_i,low,0.1,0.45,1.25,20,29,ig,high_minus_low,-0.00059015229374471,-0.000564569386589502,2.55829071552082e-05,2.55829071552082e-05,0
20260927_101616_608,phiI_low,phi_i,low,0.1,0.45,1.25,20,30,ig,high_minus_low,-0.000404115616573405,-0.000382436142503407,2.16794740699975e-05,2.16794740699975e-05,0
20260927_101616_608,phiI_low,phi_i,low,0.1,0.45,1.25,20,31,ig,high_minus_low,-0.000244931594948923,-0.000227124704376899,1.78068905720234e-05,1.78068905720234e-05,0
20260927_101616_608,phiI_low,phi_i,low,0.1,0.45,1.25,20,32,ig,high_minus_low,-0.00011078531038979,-9.67607676647294e-05,1.40245427250608e-05,1.40245427250608e-05,0
20260927_101616_608,phiI_low,phi_i,low,0.1,0.45,1.25,20,33,ig,high_minus_low,2.45188315252859e-07,1.06280181051688e-05,1.03828297899159e-05,1.03828297899159e-05,0
20260927_101616_608,phiI_low,phi_i,low,0.1,0.45,1.25,20,34,ig,high_minus_low,9.0140106482825e-05,9.70634546773365e-05,6.92334819451153e-06,6.92334819451153e-06,0
20260927_101616_608,phiI_low,phi_i,low,0.1,0.45,1.25,20,35,ig,high_minus_low,0.000160896274894092,0.000164575517293495,3.67924239940329e-06,3.67924239940328e-06,6.7762635780344e-21
20260927_101616_608,phiI_low,phi_i,low,0.1,0.45,1.25,20,36,ig,high_minus_low,0.000214492154419881,0.000215167842087272,6.75687667391512e-07,6.75687667391522e-07,-1.01643953670516e-20
20260927_101616_608,phiI_low,phi_i,low,0.1,0.45,1.25,20,37,ig,high_minus_low,0.000252858936304843,0.000250789409033646,-2.06952727119697e-06,-2.06952727119697e-06,0
20260927_101616_608,phiI_low,phi_i,low,0.1,0.45,1.25,20,38,ig,high_minus_low,0.000277857191711047,0.00027331184520527,-4.54534650577709e-06,-4.54534650577709e-06,0
20260927_101616_608,phiI_low,phi_i,low,0.1,0.45,1.25,20,39,ig,high_minus_low,0.000291258525595324,0.000284511777788714,-6.74674780661022e-06,-6.74674780661022e-06,0
20260927_101616_608,phiI_low,phi_i,low,0.1,0.45,1.25,20,40,ig,high_minus_low,0.000294731699998959,0.000286057679570068,-8.67402042889026e-06,-8.67402042889025e-06,-1.35525271560688e-20
20260927_101616_608,phiI_low,phi_i,low,0.1,0.45,1.25,20,1,kg,high_minus_low,-5.4267569622272e-05,-5.47319176232482e-05,-4.64348000976195e-07,-4.64348000976195e-07,0
20260927_101616_608,phiI_low,phi_i,low,0.1,0.45,1.25,20,2,kg,high_minus_low,-0.0001521027954506,-0.000153334932903038,-1.23213745243753e-06,-1.23213745243751e-06,-1.35525271560688e-20
20260927_101616_608,phiI_low,phi_i,low,0.1,0.45,1.25,20,3,kg,high_minus_low,-0.000283388318056965,-0.00028554852221437,-2.16020415740498e-06,-2.16020415740498e-06,0
20260927_101616_608,phiI_low,phi_i,low,0.1,0.45,1.25,20,4,kg,high_minus_low,-0.000438966829534038,-0.000442094788675555,-3.12795914151704e-06,-3.12795914151704e-06,0
20260927_101616_608,phiI_low,phi_i,low,0.1,0.45,1.25,20,5,kg,high_minus_low,-0.000610788377107818,-0.000614827347077777,-4.03896996995878e-06,-4.03896996995884e-06,5.42101086242752e-20
20260927_101616_608,phiI_low,phi_i,low,0.1,0.45,1.25,20,6,kg,high_minus_low,-0.000791928670627421,-0.000796749070953913,-4.82040032649201e-06,-4.82040032649201e-06,0
20260927_101616_608,phiI_low,phi_i,low,0.1,0.45,1.25,20,7,kg,high_minus_low,-0.00097653977347086,-0.000981960920323766,-5.42114685290552e-06,-5.42114685290552e-06,0
20260927_101616_608,phiI_low,phi_i,low,0.1,0.45,1.25,20,8,kg,high_minus_low,-0.00115976880749269,-0.00116557808235921,-5.80927486652349e-06,-5.80927486652349e-06,0
20260927_101616_608,phiI_low,phi_i,low,0.1,0.45,1.25,20,9,kg,high_minus_low,-0.00133766439572173,-0.00134363355958345,-5.96916386171498e-06,-5.96916386171498e-06,0
20260927_101616_608,phiI_low,phi_i,low,0.1,0.45,1.25,20,10,kg,high_minus_low,-0.00150708116785211,-0.001512979797475,-5.89862962289511e-06,-5.89862962289511e-06,0
20260927_101616_608,phiI_low,phi_i,low,0.1,0.45,1.25,20,11,kg,high_minus_low,-0.00166558735491429,-0.00167119354104831,-5.60618613402531e-06,-5.60618613402531e-06,0
20260927_101616_608,phiI_low,phi_i,low,0.1,0.45,1.25,20,12,kg,high_minus_low,-0.00181137766752752,-0.00181648620647087,-5.10853894334718e-06,-5.10853894334718e-06,0
20260927_101616_608,phiI_low,phi_i,low,0.1,0.45,1.25,20,13,kg,high_minus_low,-0.00194319223478179,-0.00194762058903656,-4.42835425477472e-06,-4.42835425477472e-06,0
20260927_101616_608,phiI_low,phi_i,low,0.1,0.45,1.25,20,14,kg,high_minus_low,-0.00206024173186066,-0.00206383404966963,-3.59231780896075e-06,-3.59231780896075e-06,0
20260927_101616_608,phiI_low,phi_i,low,0.1,0.45,1.25,20,15,kg,high_minus_low,-0.00216213856537584,-0.00216476804463979,-2.62947926395673e-06,-2.62947926395673e-06,0
20260927_101616_608,phiI_low,phi_i,low,0.1,0.45,1.25,20,16,kg,high_minus_low,-0.00224883390571936,-0.00225040377291523,-1.56986719586838e-06,-1.56986719586816e-06,-2.16840434497101e-19
20260927_101616_608,phiI_low,phi_i,low,0.1,0.45,1.25,20,17,kg,high_minus_low,-0.00232056034599692,-0.00232100370027836,-4.43354281435496e-07,-4.4335428143528e-07,-2.16840434497101e-19
20260927_101616_608,phiI_low,phi_i,low,0.1,0.45,1.25,20,18,kg,high_minus_low,-0.00237777997532274,-0.00237705872499513,7.21250327610171e-07,7.21250327610171e-07,0
20260927_101616_608,phiI_low,phi_i,low,0.1,0.45,1.25,20,19,kg,high_minus_low,-0.00242113765932028,-0.00241924075418916,1.89690513112016e-06,1.89690513111994e-06,2.16840434497101e-19
20260927_101616_608,phiI_low,phi_i,low,0.1,0.45,1.25,20,20,kg,high_minus_low,-0.00245141931688101,-0.00244836045658336,3.05886029764802e-06,3.05886029764802e-06,0
20260927_101616_608,phiI_low,phi_i,low,0.1,0.45,1.25,20,21,kg,high_minus_low,-0.00246951497055929,-0.00246532994647812,4.18502408117138e-06,4.18502408117138e-06,0
20260927_101616_608,phiI_low,phi_i,low,0.1,0.45,1.25,20,22,kg,high_minus_low,-0.00247638633170085,-0.00247113013871629,5.25619298456402e-06,5.25619298456402e-06,0
20260927_101616_608,phiI_low,phi_i,low,0.1,0.45,1.25,20,23,kg,high_minus_low,-0.0024730386638568,-0.00246678249815372,6.25616570308195e-06,6.25616570308195e-06,0
20260927_101616_608,phiI_low,phi_i,low,0.1,0.45,1.25,20,24,kg,high_minus_low,-0.00246049665193167,-0.00245332489245242,7.17175947924798e-06,7.1717594792482e-06,-2.16840434497101e-19
20260927_101616_608,phiI_low,phi_i,low,0.1,0.45,1.25,20,25,kg,high_minus_low,-0.00243978399164365,-0.00243179124555718,7.99274608646395e-06,7.99274608646373e-06,2.16840434497101e-19
20260927_101616_608,phiI_low,phi_i,low,0.1,0.45,1.25,20,26,kg,high_minus_low,-0.00241190640520842,-0.00240319468201522,8.71172319320346e-06,8.71172319320324e-06,2.16840434497101e-19
20260927_101616_608,phiI_low,phi_i,low,0.1,0.45,1.25,20,27,kg,high_minus_low,-0.00237783778508138,-0.00236851384965523,9.32393542614918e-06,9.32393542614918e-06,0
20260927_101616_608,phiI_low,phi_i,low,0.1,0.45,1.25,20,28,kg,high_minus_low,-0.00233850916800005,-0.00232868211001917,9.82705798087879e-06,9.82705798087901e-06,-2.16840434497101e-19
20260927_101616_608,phiI_low,phi_i,low,0.1,0.45,1.25,20,29,kg,high_minus_low,-0.0022948002461437,-0.0022845792919333,1.02209542104008e-05,1.0220954210401e-05,-2.16840434497101e-19
20260927_101616_608,phiI_low,phi_i,low,0.1,0.45,1.25,20,30,kg,high_minus_low,-0.00224753313040449,-0.00223702571319743,1.05074172070578e-05,1.05074172070581e-05,-2.16840434497101e-19
20260927_101616_608,phiI_low,phi_i,low,0.1,0.45,1.25,20,31,kg,high_minus_low,-0.00219746809201819,-0.00218677818797715,1.0689904041036e-05,1.06899040410355e-05,4.33680868994202e-19
20260927_101616_608,phiI_low,phi_i,low,0.1,0.45,1.25,20,32,kg,high_minus_low,-0.00214530102247738,-0.00213452775246907,1.0773270008313e-05,1.0773270008313e-05,0
20260927_101616_608,phiI_low,phi_i,low,0.1,0.45,1.25,20,33,kg,high_minus_low,-0.00209166236720774,-0.00208089885820476,1.07635090029761e-05,1.07635090029758e-05,2.16840434497101e-19
20260927_101616_608,phiI_low,phi_i,low,0.1,0.45,1.25,20,34,kg,high_minus_low,-0.00203711730536553,-0.00202644980038284,1.06675049826865e-05,1.06675049826865e-05,0
20260927_101616_608,phiI_low,phi_i,low,0.1,0.45,1.25,20,35,kg,high_minus_low,-0.00198216696585892,-0.00197167416744082,1.04927984181011e-05,1.04927984181011e-05,0
20260927_101616_608,phiI_low,phi_i,low,0.1,0.45,1.25,20,36,kg,high_minus_low,-0.00192725048785203,-0.00191700311720259,1.02473706494375e-05,1.02473706494375e-05,0
20260927_101616_608,phiI_low,phi_i,low,0.1,0.45,1.25,20,37,kg,high_minus_low,-0.00187274775224825,-0.00186280830404654,9.93944820171255e-06,9.93944820171255e-06,0
20260927_101616_608,phiI_low,phi_i,low,0.1,0.45,1.25,20,38,kg,high_minus_low,-0.00181898262864929,-0.00180940530031537,9.57732833391689e-06,9.57732833391689e-06,0
20260927_101616_608,phiI_low,phi_i,low,0.1,0.45,1.25,20,39,kg,high_minus_low,-0.00176622659979309,-0.00175705737336274,9.16922643035001e-06,9.16922643035001e-06,0
20260927_101616_608,phiI_low,phi_i,low,0.1,0.45,1.25,20,40,kg,high_minus_low,-0.0017147026422983,-0.0017059794970394,8.72314525890449e-06,8.72314525890449e-06,0
20260927_101616_608,phiI_low,phi_i,low,0.1,0.45,1.25,20,1,xloc,high_minus_low,-0.000210282890140134,-0.00021123210968188,-9.49219541745983e-07,-9.49219541745983e-07,0
20260927_101616_608,phiI_low,phi_i,low,0.1,0.45,1.25,20,2,xloc,high_minus_low,-0.000354010755662992,-0.000355448071593267,-1.43731593027496e-06,-1.43731593027496e-06,0
20260927_101616_608,phiI_low,phi_i,low,0.1,0.45,1.25,20,3,xloc,high_minus_low,-0.000446181844728,-0.000447748090442235,-1.56624571423514e-06,-1.56624571423514e-06,0
20260927_101616_608,phiI_low,phi_i,low,0.1,0.45,1.25,20,4,xloc,high_minus_low,-0.000499984743941084,-0.00050141926929792,-1.43452535683597e-06,-1.43452535683597e-06,0
20260927_101616_608,phiI_low,phi_i,low,0.1,0.45,1.25,20,5,xloc,high_minus_low,-0.000526227918487887,-0.000527356533855161,-1.12861536727404e-06,-1.12861536727404e-06,0
20260927_101616_608,phiI_low,phi_i,low,0.1,0.45,1.25,20,6,xloc,high_minus_low,-0.000533334325858559,-0.000534053773968424,-7.19448109864906e-07,-7.19448109864906e-07,0
20260927_101616_608,phiI_low,phi_i,low,0.1,0.45,1.25,20,7,xloc,high_minus_low,-0.000527614227337825,-0.000527876350784107,-2.62123446281848e-07,-2.62123446281848e-07,0
20260927_101616_608,phiI_low,phi_i,low,0.1,0.45,1.25,20,8,xloc,high_minus_low,-0.000513642003818093,-0.000513439349948519,2.02653869574299e-07,2.02653869574299e-07,0
20260927_101616_608,phiI_low,phi_i,low,0.1,0.45,1.25,20,9,xloc,high_minus_low,-0.000494639398183616,-0.000493993043497398,6.46354686217876e-07,6.46354686217876e-07,0
20260927_101616_608,phiI_low,phi_i,low,0.1,0.45,1.25,20,10,xloc,high_minus_low,-0.000472816867907677,-0.000471766646322314,1.05022158536361e-06,1.05022158536361e-06,0
20260927_101616_608,phiI_low,phi_i,low,0.1,0.45,1.25,20,11,xloc,high_minus_low,-0.00044965453450807,-0.000448251517434661,1.40301707340917e-06,1.40301707340917e-06,0
20260927_101616_608,phiI_low,phi_i,low,0.1,0.45,1.25,20,12,xloc,high_minus_low,-0.000426120908692207,-0.00042442182477187,1.6990839203368e-06,1.6990839203368e-06,0
20260927_101616_608,phiI_low,phi_i,low,0.1,0.45,1.25,20,13,xloc,high_minus_low,-0.000402835879753649,-0.000400899112638076,1.93676711557345e-06,1.93676711557345e-06,0
20260927_101616_608,phiI_low,phi_i,low,0.1,0.45,1.25,20,14,xloc,high_minus_low,-0.000380187709702717,-0.00037807052598382,2.11718371889713e-06,2.11718371889713e-06,0
20260927_101616_608,phiI_low,phi_i,low,0.1,0.45,1.25,20,15,xloc,high_minus_low,-0.000358414190054335,-0.000356170894284524,2.24329576981042e-06,2.24329576981042e-06,0
20260927_101616_608,phiI_low,phi_i,low,0.1,0.45,1.25,20,16,xloc,high_minus_low,-0.000337657117249868,-0.000335337886736342,2.31923051352556e-06,2.31923051352556e-06,0
20260927_101616_608,phiI_low,phi_i,low,0.1,0.45,1.25,20,17,xloc,high_minus_low,-0.000317997673781045,-0.000315647880800296,2.34979298074922e-06,2.34979298074922e-06,0
20260927_101616_608,phiI_low,phi_i,low,0.1,0.45,1.25,20,18,xloc,high_minus_low,-0.000299478644630535,-0.000297138522009965,2.34012262056993e-06,2.34012262056993e-06,0
20260927_101616_608,phiI_low,phi_i,low,0.1,0.45,1.25,20,19,xloc,high_minus_low,-0.000282117893851463,-0.000279822439269384,2.29545458207969e-06,2.29545458207969e-06,0
20260927_101616_608,phiI_low,phi_i,low,0.1,0.45,1.25,20,20,xloc,high_minus_low,-0.000265916272386924,-0.000263695317162749,2.22095522417476e-06,2.22095522417476e-06,0
20260927_101616_608,phiI_low,phi_i,low,0.1,0.45,1.25,20,21,xloc,high_minus_low,-0.000250862143647002,-0.000248740534247172,2.12160939982997e-06,2.12160939982997e-06,0
20260927_101616_608,phiI_low,phi_i,low,0.1,0.45,1.25,20,22,xloc,high_minus_low,-0.000236933975170994,-0.000234931831582963,2.0021435880313e-06,2.0021435880313e-06,0
20260927_101616_608,phiI_low,phi_i,low,0.1,0.45,1.25,20,23,xloc,high_minus_low,-0.000224101913103847,-0.000222234939154409,1.86697394943813e-06,1.86697394943813e-06,0
20260927_101616_608,phiI_low,phi_i,low,0.1,0.45,1.25,20,24,xloc,high_minus_low,-0.00021232888783973,-0.000210608715783045,1.72017205668507e-06,1.72017205668507e-06,0
20260927_101616_608,phiI_low,phi_i,low,0.1,0.45,1.25,20,25,xloc,high_minus_low,-0.000201571553921753,-0.000200006110333995,1.56544358775879e-06,1.56544358775879e-06,0
20260927_101616_608,phiI_low,phi_i,low,0.1,0.45,1.25,20,26,xloc,high_minus_low,-0.000191781211275166,-0.000190375094310191,1.40611696497484e-06,1.40611696497484e-06,0
20260927_101616_608,phiI_low,phi_i,low,0.1,0.45,1.25,20,27,xloc,high_minus_low,-0.000182904761158231,-0.000181659621183328,1.24513997490361e-06,1.24513997490361e-06,0
20260927_101616_608,phiI_low,phi_i,low,0.1,0.45,1.25,20,28,xloc,high_minus_low,-0.000174885698386751,-0.000173800615355324,1.08508303142685e-06,1.08508303142685e-06,0
20260927_101616_608,phiI_low,phi_i,low,0.1,0.45,1.25,20,29,xloc,high_minus_low,-0.000167665116496907,-0.000166736968412073,9.28148084833325e-07,9.28148084833325e-07,0
20260927_101616_608,phiI_low,phi_i,low,0.1,0.45,1.25,20,30,xloc,high_minus_low,-0.000161182694028761,-0.000160406511690359,7.76182338402265e-07,7.76182338402265e-07,0
20260927_101616_608,phiI_low,phi_i,low,0.1,0.45,1.25,20,31,xloc,high_minus_low,-0.000155377630913223,-0.000154746934901584,6.30696011638676e-07,6.30696011638676e-07,0
20260927_101616_608,phiI_low,phi_i,low,0.1,0.45,1.25,20,32,xloc,high_minus_low,-0.000150189509374954,-0.000149696625963647,4.92883411307155e-07,4.92883411307155e-07,0
20260927_101616_608,phiI_low,phi_i,low,0.1,0.45,1.25,20,33,xloc,high_minus_low,-0.000145559060928502,-0.000145195414343324,3.63646585177513e-07,3.63646585177513e-07,0
20260927_101616_608,phiI_low,phi_i,low,0.1,0.45,1.25,20,34,xloc,high_minus_low,-0.000141428828286938,-0.000141185207434891,2.43620852047322e-07,2.43620852047322e-07,0
20260927_101616_608,phiI_low,phi_i,low,0.1,0.45,1.25,20,35,xloc,high_minus_low,-0.000137743717421368,-0.00013761051589023,1.33201531138383e-07,1.33201531138383e-07,0
20260927_101616_608,phiI_low,phi_i,low,0.1,0.45,1.25,20,36,xloc,high_minus_low,-0.000134451440249705,-0.000134418869011665,3.25712380400134e-08,3.25712380400134e-08,0
20260927_101616_608,phiI_low,phi_i,low,0.1,0.45,1.25,20,37,xloc,high_minus_low,-0.000131502852415255,-0.000131561125241597,-5.82728263420762e-08,-5.82728263420762e-08,0
20260927_101616_608,phiI_low,phi_i,low,0.1,0.45,1.25,20,38,xloc,high_minus_low,-0.000128852193422291,-0.000128991685523272,-1.39492100981187e-07,-1.39492100981187e-07,0
20260927_101616_608,phiI_low,phi_i,low,0.1,0.45,1.25,20,39,xloc,high_minus_low,-0.000126457238205036,-0.000126668619041315,-2.1138083627914e-07,-2.1138083627914e-07,0
20260927_101616_608,phiI_low,phi_i,low,0.1,0.45,1.25,20,40,xloc,high_minus_low,-0.000124279370202207,-0.000124553711773112,-2.74341570905001e-07,-2.74341570905001e-07,0
20260927_101616_608,phiI_high,phi_i,high,0.1,0.45,5,20,1,ig,high_minus_low,-0.0022872434181005,-0.00231420045741273,-2.69570393122286e-05,-2.69570393122284e-05,-2.16840434497101e-19
20260927_101616_608,phiI_high,phi_i,high,0.1,0.45,5,20,2,ig,high_minus_low,-0.00418537436661764,-0.00423256558277282,-4.71912161551886e-05,-4.71912161551886e-05,0
20260927_101616_608,phiI_high,phi_i,high,0.1,0.45,5,20,3,ig,high_minus_low,-0.00570555985355802,-0.00576654135926551,-6.09815057074862e-05,-6.09815057074862e-05,0
20260927_101616_608,phiI_high,phi_i,high,0.1,0.45,5,20,4,ig,high_minus_low,-0.00687461186956948,-0.00694347269781179,-6.88608282423129e-05,-6.88608282423129e-05,0
20260927_101616_608,phiI_high,phi_i,high,0.1,0.45,5,20,5,ig,high_minus_low,-0.00772694950801877,-0.00779847199375144,-7.1522485732672e-05,-7.1522485732672e-05,0
20260927_101616_608,phiI_high,phi_i,high,0.1,0.45,5,20,6,ig,high_minus_low,-0.00829989036315361,-0.0083696362184929,-6.9745855339292e-05,-6.97458553392911e-05,-8.67361737988404e-19
20260927_101616_608,phiI_high,phi_i,high,0.1,0.45,5,20,7,ig,high_minus_low,-0.00863090937288693,-0.00869524879746018,-6.43394245732534e-05,-6.43394245732525e-05,-8.67361737988404e-19
20260927_101616_608,phiI_high,phi_i,high,0.1,0.45,5,20,8,ig,high_minus_low,-0.00875606619856531,-0.00881216482739276,-5.60986288274563e-05,-5.60986288274581e-05,1.73472347597681e-18
20260927_101616_608,phiI_high,phi_i,high,0.1,0.45,5,20,9,ig,high_minus_low,-0.00870913129679199,-0.00875490720014377,-4.57759033517767e-05,-4.5775903351775e-05,-1.73472347597681e-18
20260927_101616_608,phiI_high,phi_i,high,0.1,0.45,5,20,10,ig,high_minus_low,-0.00852113328691645,-0.008555193860041,-3.40605731245554e-05,-3.40605731245554e-05,0
20260927_101616_608,phiI_high,phi_i,high,0.1,0.45,5,20,11,ig,high_minus_low,-0.00822016286454117,-0.0082417293761543,-2.15665116131344e-05,-2.15665116131336e-05,-8.67361737988404e-19
20260927_101616_608,phiI_high,phi_i,high,0.1,0.45,5,20,12,ig,high_minus_low,-0.00783133454509248,-0.00784016036711362,-8.82582202113569e-06,-8.82582202113569e-06,0
20260927_101616_608,phiI_high,phi_i,high,0.1,0.45,5,20,13,ig,high_minus_low,-0.00737684632909607,-0.00737313342441467,3.7129046813935e-06,3.7129046813935e-06,0
20260927_101616_608,phiI_high,phi_i,high,0.1,0.45,5,20,14,ig,high_minus_low,-0.00687610028528296,-0.00686041734934822,1.56829359347398e-05,1.56829359347398e-05,0
20260927_101616_608,phiI_high,phi_i,high,0.1,0.45,5,20,15,ig,high_minus_low,-0.00634586066062976,-0.00631906535763331,2.67953029964539e-05,2.67953029964539e-05,0
20260927_101616_608,phiI_high,phi_i,high,0.1,0.45,5,20,16,ig,high_minus_low,-0.00580043430702439,-0.00576360127595999,3.68330310644011e-05,3.68330310644011e-05,0
20260927_101616_608,phiI_high,phi_i,high,0.1,0.45,5,20,17,ig,high_minus_low,-0.00525186321372282,-0.00520621891158789,4.56443021349309e-05,4.56443021349304e-05,4.33680868994202e-19
20260927_101616_608,phiI_high,phi_i,high,0.1,0.45,5,20,18,ig,high_minus_low,-0.00471012206555941,-0.00465698703701334,5.31350285460737e-05,5.31350285460732e-05,4.33680868994202e-19
20260927_101616_608,phiI_high,phi_i,high,0.1,0.45,5,20,19,ig,high_minus_low,-0.00418331577341652,-0.00412405456535885,5.92612080576689e-05,5.92612080576684e-05,4.33680868994202e-19
20260927_101616_608,phiI_high,phi_i,high,0.1,0.45,5,20,20,ig,high_minus_low,-0.00367787329060345,-0.003613851947264,6.40213433394472e-05,6.40213433394472e-05,0
20260927_101616_608,phiI_high,phi_i,high,0.1,0.45,5,20,21,ig,high_minus_low,-0.00319873499522415,-0.00313128585856641,6.74491366577335e-05,6.74491366577335e-05,0
20260927_101616_608,phiI_high,phi_i,high,0.1,0.45,5,20,22,ig,high_minus_low,-0.00274953163477525,-0.00267992502311042,6.96066116648297e-05,6.96066116648297e-05,0
20260927_101616_608,phiI_high,phi_i,high,0.1,0.45,5,20,23,ig,high_minus_low,-0.00233275338273851,-0.00226217561641294,7.05777663255703e-05,7.05777663255701e-05,2.16840434497101e-19
20260927_101616_608,phiI_high,phi_i,high,0.1,0.45,5,20,24,ig,high_minus_low,-0.0019499079991589,-0.0018794451768174,7.04628223414938e-05,7.04628223414938e-05,0
20260927_101616_608,phiI_high,phi_i,high,0.1,0.45,5,20,25,ig,high_minus_low,-0.00160166744854762,-0.00153229434307842,6.93731054692004e-05,6.93731054692004e-05,0
20260927_101616_608,phiI_high,phi_i,high,0.1,0.45,5,20,26,ig,high_minus_low,-0.00128800262740869,-0.00122057606076452,6.74265666441667e-05,6.74265666441667e-05,0
20260927_101616_608,phiI_high,phi_i,high,0.1,0.45,5,20,27,ig,high_minus_low,-0.00100830610189675,-0.000943562167123741,6.47439347730103e-05,6.47439347730103e-05,0
20260927_101616_608,phiI_high,phi_i,high,0.1,0.45,5,20,28,ig,high_minus_low,-0.000761502961411573,-0.000700057483848012,6.14454775635608e-05,6.14454775635608e-05,0
20260927_101616_608,phiI_high,phi_i,high,0.1,0.45,5,20,29,ig,high_minus_low,-0.000546150061986559,-0.000488501725882824,5.76483361037355e-05,5.76483361037355e-05,0
20260927_101616_608,phiI_high,phi_i,high,0.1,0.45,5,20,30,ig,high_minus_low,-0.000360524068574938,-0.000307059677166881,5.34643914080571e-05,5.34643914080571e-05,0
20260927_101616_608,phiI_high,phi_i,high,0.1,0.45,5,20,31,ig,high_minus_low,-0.00020269881153961,-0.000153700195245493,4.89986162941168e-05,4.89986162941168e-05,0
20260927_101616_608,phiI_high,phi_i,high,0.1,0.45,5,20,32,ig,high_minus_low,-7.06125531617132e-05,-2.62646898997049e-05,4.43478632620083e-05,4.43478632620083e-05,0
20260927_101616_608,phiI_high,phi_i,high,0.1,0.45,5,20,33,ig,high_minus_low,3.78741821659608e-05,7.7474220256298e-05,3.96000380903372e-05,3.96000380903372e-05,0
20260927_101616_608,phiI_high,phi_i,high,0.1,0.45,5,20,34,ig,high_minus_low,0.000124929522318333,0.0001597631316357,3.48336093173677e-05,3.48336093173677e-05,1.35525271560688e-20
20260927_101616_608,phiI_high,phi_i,high,0.1,0.45,5,20,35,ig,high_minus_low,0.000192709193716847,0.000222826599015231,3.01174052983836e-05,3.01174052983836e-05,1.35525271560688e-20
20260927_101616_608,phiI_high,phi_i,high,0.1,0.45,5,20,36,ig,high_minus_low,0.000243322780521758,0.000268833433420337,2.55106528985795e-05,2.55106528985795e-05,-6.7762635780344e-21
20260927_101616_608,phiI_high,phi_i,high,0.1,0.45,5,20,37,ig,high_minus_low,0.000278806583789426,0.000299869798627931,2.10632148385052e-05,2.10632148385052e-05,3.72694496791892e-20
20260927_101616_608,phiI_high,phi_i,high,0.1,0.45,5,20,38,ig,high_minus_low,0.000301102383871872,0.00031791836995719,1.68159860853186e-05,1.68159860853186e-05,-2.71050543121376e-20
20260927_101616_608,phiI_high,phi_i,high,0.1,0.45,5,20,39,ig,high_minus_low,0.000312041433834717,0.00032484284714906,1.28014133143432e-05,1.28014133143432e-05,0
20260927_101616_608,phiI_high,phi_i,high,0.1,0.45,5,20,40,ig,high_minus_low,0.000313333042668377,0.000322377147890402,9.04410522202526e-06,9.04410522202527e-06,-1.35525271560688e-20
20260927_101616_608,phiI_high,phi_i,high,0.1,0.45,5,20,1,kg,high_minus_low,-5.71810854525327e-05,-5.78550114353297e-05,-6.7392598279703e-07,-6.7392598279703e-07,0
20260927_101616_608,phiI_high,phi_i,high,0.1,0.45,5,20,2,kg,high_minus_low,-0.000160385917481835,-0.000162222775718276,-1.83685823644072e-06,-1.83685823644072e-06,0
20260927_101616_608,phiI_high,phi_i,high,0.1,0.45,5,20,3,kg,high_minus_low,-0.000299015265883644,-0.000302330740306426,-3.31547442278257e-06,-3.31547442278257e-06,0
20260927_101616_608,phiI_high,phi_i,high,0.1,0.45,5,20,4,kg,high_minus_low,-0.000463405180975984,-0.000468359289243677,-4.95410826769249e-06,-4.95410826769249e-06,0
20260927_101616_608,phiI_high,phi_i,high,0.1,0.45,5,20,5,kg,high_minus_low,-0.000644993789151912,-0.000651612106855974,-6.61831770406207e-06,-6.61831770406202e-06,-5.42101086242752e-20
20260927_101616_608,phiI_high,phi_i,high,0.1,0.45,5,20,6,kg,high_minus_low,-0.000836366203502322,-0.000844562709646501,-8.19650614417933e-06,-8.19650614417933e-06,0
20260927_101616_608,phiI_high,phi_i,high,0.1,0.45,5,20,7,kg,high_minus_low,-0.00103122978273695,-0.00104082986184158,-9.60007910462868e-06,-9.60007910462868e-06,0
20260927_101616_608,phiI_high,phi_i,high,0.1,0.45,5,20,8,kg,high_minus_low,-0.00122435069313272,-0.00123511323597984,-1.07625428471167e-05,-1.07625428471167e-05,0
20260927_101616_608,phiI_high,phi_i,high,0.1,0.45,5,20,9,kg,high_minus_low,-0.00141147020822426,-0.00142310808508369,-1.1637876859427e-05,-1.1637876859427e-05,0
20260927_101616_608,phiI_high,phi_i,high,0.1,0.45,5,20,10,kg,high_minus_low,-0.00158921178519159,-0.00160141022945722,-1.21984442656247e-05,-1.21984442656247e-05,0
20260927_101616_608,phiI_high,phi_i,high,0.1,0.45,5,20,11,kg,high_minus_low,-0.00175498556217531,-0.00176741820812435,-1.24326459490414e-05,-1.24326459490414e-05,0
20260927_101616_608,phiI_high,phi_i,high,0.1,0.45,5,20,12,kg,high_minus_low,-0.00190689428674821,-0.00191923676209886,-1.23424753506465e-05,-1.23424753506465e-05,0
20260927_101616_608,phiI_high,phi_i,high,0.1,0.45,5,20,13,kg,high_minus_low,-0.00204364308780699,-0.00205558417865626,-1.19410908492692e-05,-1.19410908492692e-05,0
20260927_101616_608,phiI_high,phi_i,high,0.1,0.45,5,20,14,kg,high_minus_low,-0.00216445451774405,-0.00217570500792334,-1.1250490179286e-05,-1.1250490179286e-05,0
20260927_101616_608,phiI_high,phi_i,high,0.1,0.45,5,20,15,kg,high_minus_low,-0.00226898967131609,-0.00227928901666582,-1.02993453497215e-05,-1.02993453497215e-05,0
20260927_101616_608,phiI_high,phi_i,high,0.1,0.45,5,20,16,kg,high_minus_low,-0.00235727578720886,-0.00236639682314799,-9.12103593912273e-06,-9.12103593912273e-06,0
20260927_101616_608,phiI_high,phi_i,high,0.1,0.45,5,20,17,kg,high_minus_low,-0.00242964047287186,-0.00243739237535845,-7.75190248658575e-06,-7.75190248658575e-06,0
20260927_101616_608,phiI_high,phi_i,high,0.1,0.45,5,20,18,kg,high_minus_low,-0.00248665251268913,-0.00249288224189959,-6.22972921045717e-06,-6.22972921045738e-06,2.16840434497101e-19
20260927_101616_608,phiI_high,phi_i,high,0.1,0.45,5,20,19,kg,high_minus_low,-0.00252906909420721,-0.00253366154998584,-4.59245577862609e-06,-4.59245577862609e-06,0
20260927_101616_608,phiI_high,phi_i,high,0.1,0.45,5,20,20,kg,high_minus_low,-0.00255778919911724,-0.00256066630991758,-2.87711080034425e-06,-2.87711080034425e-06,0
20260927_101616_608,phiI_high,phi_i,high,0.1,0.45,5,20,21,kg,high_minus_low,-0.00257381284402003,-0.00257493179863344,-1.11895461341049e-06,-1.11895461341071e-06,2.16840434497101e-19
20260927_101616_608,phiI_high,phi_i,high,0.1,0.45,5,20,22,kg,high_minus_low,-0.00257820581378891,-0.00257755662924501,6.49184543898961e-07,6.49184543898961e-07,0
20260927_101616_608,phiI_high,phi_i,high,0.1,0.45,5,20,23,kg,high_minus_low,-0.00257206950301255,-0.00256967210392404,2.39739908850867e-06,2.39739908850867e-06,0
20260927_101616_608,phiI_high,phi_i,high,0.1,0.45,5,20,24,kg,high_minus_low,-0.00255651546541632,-0.00255241643074611,4.09903467020901e-06,4.09903467020901e-06,0
20260927_101616_608,phiI_high,phi_i,high,0.1,0.45,5,20,25,kg,high_minus_low,-0.00253264426499459,-0.00252691337855419,5.73088644040265e-06,5.73088644040265e-06,0
20260927_101616_608,phiI_high,phi_i,high,0.1,0.45,5,20,26,kg,high_minus_low,-0.00250152822405499,-0.00249425494560899,7.27327844600055e-06,7.27327844600055e-06,0
20260927_101616_608,phiI_high,phi_i,high,0.1,0.45,5,20,27,kg,high_minus_low,-0.00246419767100103,-0.00245548762614678,8.71004485425431e-06,8.71004485425431e-06,0
20260927_101616_608,phiI_high,phi_i,high,0.1,0.45,5,20,28,kg,high_minus_low,-0.00242163030326129,-0.00241160187258912,1.00284306721789e-05,1.00284306721789e-05,0
20260927_101616_608,phiI_high,phi_i,high,0.1,0.45,5,20,29,kg,high_minus_low,-0.00237474329722949,-0.0023635243689211,1.12189283083919e-05,1.12189283083919e-05,0
20260927_101616_608,phiI_high,phi_i,high,0.1,0.45,5,20,30,kg,high_minus_low,-0.00232438781651319,-0.00231211275162679,1.22750648863992e-05,1.22750648863992e-05,0
20260927_101616_608,phiI_high,phi_i,high,0.1,0.45,5,20,31,kg,high_minus_low,-0.00227134559138883,-0.00225815243771706,1.3193153671764e-05,1.31931536717642e-05,-2.16840434497101e-19
20260927_101616_608,phiI_high,phi_i,high,0.1,0.45,5,20,32,kg,high_minus_low,-0.00221632726543316,-0.00220235524402146,1.39720214116976e-05,1.39720214116976e-05,0
20260927_101616_608,phiI_high,phi_i,high,0.1,0.45,5,20,33,kg,high_minus_low,-0.00215997222924313,-0.00214535950741427,1.46127218288625e-05,1.46127218288627e-05,-2.16840434497101e-19
20260927_101616_608,phiI_high,phi_i,high,0.1,0.45,5,20,34,kg,high_minus_low,-0.00210284968545416,-0.00208773144143766,1.51182440164916e-05,1.51182440164914e-05,2.16840434497101e-19
20260927_101616_608,phiI_high,phi_i,high,0.1,0.45,5,20,35,kg,high_minus_low,-0.00204546071347511,-0.00202996749042617,1.54932230489457e-05,1.54932230489457e-05,0
20260927_101616_608,phiI_high,phi_i,high,0.1,0.45,5,20,36,kg,high_minus_low,-0.00198824112612498,-0.00197249746732964,1.57436587953459e-05,1.57436587953457e-05,2.16840434497101e-19
20260927_101616_608,phiI_high,phi_i,high,0.1,0.45,5,20,37,kg,high_minus_low,-0.00193156493337713,-0.0019156882856806,1.58766476965331e-05,1.58766476965331e-05,0
20260927_101616_608,phiI_high,phi_i,high,0.1,0.45,5,20,38,kg,high_minus_low,-0.00187574825044593,-0.00185984811928941,1.59001311565246e-05,1.59001311565246e-05,0
20260927_101616_608,phiI_high,phi_i,high,0.1,0.45,5,20,39,kg,high_minus_low,-0.00182105350833905,-0.00180523084512829,1.58226632107628e-05,1.58226632107628e-05,0
20260927_101616_608,phiI_high,phi_i,high,0.1,0.45,5,20,40,kg,high_minus_low,-0.00176769384456377,-0.00175204064530254,1.56531992612232e-05,1.56531992612232e-05,0
20260927_101616_608,phiI_high,phi_i,high,0.1,0.45,5,20,1,xloc,high_minus_low,-0.00017448348688387,-0.00017613570031727,-1.65221343340072e-06,-1.65221343340072e-06,0
20260927_101616_608,phiI_high,phi_i,high,0.1,0.45,5,20,2,xloc,high_minus_low,-0.000308773989162181,-0.00031154509916298,-2.77111000079877e-06,-2.77111000079877e-06,0
20260927_101616_608,phiI_high,phi_i,high,0.1,0.45,5,20,3,xloc,high_minus_low,-0.000408389320421088,-0.000411814782968922,-3.42546254783471e-06,-3.42546254783471e-06,0
20260927_101616_608,phiI_high,phi_i,high,0.1,0.45,5,20,4,xloc,high_minus_low,-0.000478861196047564,-0.0004825497930665,-3.68859701893598e-06,-3.68859701893598e-06,0
20260927_101616_608,phiI_high,phi_i,high,0.1,0.45,5,20,5,xloc,high_minus_low,-0.000525324555433526,-0.000528958244443101,-3.6336890095745e-06,-3.6336890095745e-06,0
20260927_101616_608,phiI_high,phi_i,high,0.1,0.45,5,20,6,xloc,high_minus_low,-0.000552348627834265,-0.000555679042993473,-3.3304151592084e-06,-3.3304151592084e-06,0
20260927_101616_608,phiI_high,phi_i,high,0.1,0.45,5,20,7,xloc,high_minus_low,-0.000563895242289947,-0.000566737991751776,-2.84274946182883e-06,-2.84274946182883e-06,0
20260927_101616_608,phiI_high,phi_i,high,0.1,0.45,5,20,8,xloc,high_minus_low,-0.000563340671644208,-0.000565568340191835,-2.22766854762746e-06,-2.22766854762746e-06,0
20260927_101616_608,phiI_high,phi_i,high,0.1,0.45,5,20,9,xloc,high_minus_low,-0.000553526174712715,-0.000555060721193268,-1.53454648055273e-06,-1.53454648055273e-06,0
20260927_101616_608,phiI_high,phi_i,high,0.1,0.45,5,20,10,xloc,high_minus_low,-0.000536818682066786,-0.000537623734277459,-8.05052210672841e-07,-8.05052210672841e-07,0
20260927_101616_608,phiI_high,phi_i,high,0.1,0.45,5,20,11,xloc,high_minus_low,-0.000515172148665033,-0.000515245547197063,-7.33985320300334e-08,-7.33985320300334e-08,0
20260927_101616_608,phiI_high,phi_i,high,0.1,0.45,5,20,12,xloc,high_minus_low,-0.000490185077661187,-0.000489551902040475,6.33175620712301e-07,6.33175620712301e-07,0
20260927_101616_608,phiI_high,phi_i,high,0.1,0.45,5,20,13,xloc,high_minus_low,-0.000463152389414745,-0.000461858609876908,1.29377953783649e-06,1.29377953783649e-06,0
20260927_101616_608,phiI_high,phi_i,high,0.1,0.45,5,20,14,xloc,high_minus_low,-0.000435111189418302,-0.000433218020597592,1.89316882071022e-06,1.89316882071022e-06,0
20260927_101616_608,phiI_high,phi_i,high,0.1,0.45,5,20,15,xloc,high_minus_low,-0.000406880659474251,-0.000404459643428612,2.42101604563949e-06,2.42101604563949e-06,0
20260927_101616_608,phiI_high,phi_i,high,0.1,0.45,5,20,16,xloc,high_minus_low,-0.000379096585890304,-0.000376225397173302,2.87118871700187e-06,2.87118871700187e-06,0
20260927_101616_608,phiI_high,phi_i,high,0.1,0.45,5,20,17,xloc,high_minus_low,-0.000352241129816466,-0.000349000071432126,3.24105838434008e-06,3.24105838434008e-06,0
20260927_101616_608,phiI_high,phi_i,high,0.1,0.45,5,20,18,xloc,high_minus_low,-0.000326668438845101,-0.000323137582266653,3.53085657844865e-06,3.53085657844865e-06,0
20260927_101616_608,phiI_high,phi_i,high,0.1,0.45,5,20,19,xloc,high_minus_low,-0.000302626649873683,-0.000298883562817709,3.74308705597404e-06,3.74308705597404e-06,0
20260927_101616_608,phiI_high,phi_i,high,0.1,0.45,5,20,20,xloc,high_minus_low,-0.000280276769250909,-0.000276394769969768,3.88199928114119e-06,3.88199928114119e-06,0
20260927_101616_608,phiI_high,phi_i,high,0.1,0.45,5,20,21,xloc,high_minus_low,-0.0002597088513413,-0.000255755726623397,3.95312471790366e-06,3.95312471790366e-06,0
20260927_101616_608,phiI_high,phi_i,high,0.1,0.45,5,20,22,xloc,high_minus_low,-0.000240955837111589,-0.000236992961999749,3.96287511184035e-06,3.96287511184035e-06,0
20260927_101616_608,phiI_high,phi_i,high,0.1,0.45,5,20,23,xloc,high_minus_low,-0.000224005362373547,-0.000220087162128402,3.91820024514544e-06,3.91820024514544e-06,0
20260927_101616_608,phiI_high,phi_i,high,0.1,0.45,5,20,24,xloc,high_minus_low,-0.000208809801167331,-0.000204983499648148,3.82630151918306e-06,3.82630151918306e-06,0
20260927_101616_608,phiI_high,phi_i,high,0.1,0.45,5,20,25,xloc,high_minus_low,-0.000195294772744936,-0.000191600375755829,3.69439698910679e-06,3.69439698910679e-06,0
20260927_101616_608,phiI_high,phi_i,high,0.1,0.45,5,20,26,xloc,high_minus_low,-0.000183366309741695,-0.000179836776665887,3.52953307580783e-06,3.52953307580783e-06,0
20260927_101616_608,phiI_high,phi_i,high,0.1,0.45,5,20,27,xloc,high_minus_low,-0.00017291685936438,-0.000169578421355787,3.33843800859324e-06,3.33843800859324e-06,0
20260927_101616_608,phiI_high,phi_i,high,0.1,0.45,5,20,28,xloc,high_minus_low,-0.000163830267828735,-0.000160702855768968,3.12741205976685e-06,3.12741205976685e-06,0
20260927_101616_608,phiI_high,phi_i,high,0.1,0.45,5,20,29,xloc,high_minus_low,-0.000155985880049725,-0.000153083630280326,2.90224976939868e-06,2.90224976939868e-06,0
20260927_101616_608,phiI_high,phi_i,high,0.1,0.45,5,20,30,xloc,high_minus_low,-0.000149261871049355,-0.000146593681461415,2.66818958793991e-06,2.66818958793991e-06,0
20260927_101616_608,phiI_high,phi_i,high,0.1,0.45,5,20,31,xloc,high_minus_low,-0.000143537912174252,-0.000141108025520698,2.42988665355437e-06,2.42988665355437e-06,0
20260927_101616_608,phiI_high,phi_i,high,0.1,0.45,5,20,32,xloc,high_minus_low,-0.000138697263584842,-0.000136505858828184,2.19140475665736e-06,2.19140475665736e-06,0
20260927_101616_608,phiI_high,phi_i,high,0.1,0.45,5,20,33,xloc,high_minus_low,-0.000134628374260037,-0.00013267215036239,1.95622389764782e-06,1.95622389764782e-06,0
20260927_101616_608,phiI_high,phi_i,high,0.1,0.45,5,20,34,xloc,high_minus_low,-0.000131226061715672,-0.000129498801509031,1.72726020664093e-06,1.72726020664093e-06,0
20260927_101616_608,phiI_high,phi_i,high,0.1,0.45,5,20,35,xloc,high_minus_low,-0.000128392335546068,-0.000126885440184132,1.50689536193571e-06,1.50689536193571e-06,0
20260927_101616_608,phiI_high,phi_i,high,0.1,0.45,5,20,36,xloc,high_minus_low,-0.00012603692164026,-0.000124739908650695,1.29701298956508e-06,1.29701298956508e-06,0
20260927_101616_608,phiI_high,phi_i,high,0.1,0.45,5,20,37,xloc,high_minus_low,-0.000124077537368206,-0.000122978497495208,1.0990398729982e-06,1.0990398729982e-06,0
20260927_101616_608,phiI_high,phi_i,high,0.1,0.45,5,20,38,xloc,high_minus_low,-0.000122439962093712,-0.000121525971980341,9.13990113371455e-07,9.13990113371455e-07,0
20260927_101616_608,phiI_high,phi_i,high,0.1,0.45,5,20,39,xloc,high_minus_low,-0.000121057941982916,-0.000120315431301754,7.42510681162045e-07,7.42510681162045e-07,0
20260927_101616_608,phiI_high,phi_i,high,0.1,0.45,5,20,40,xloc,high_minus_low,-0.000119872963183387,-0.000119288036115717,5.84927067670549e-07,5.84927067670549e-07,0
20260927_101616_608,chiIG_low,chi_ig,low,0.1,0.45,2.5,10,1,ig,high_minus_low,-0.00306704746109177,-0.00311267216210435,-4.5624701012585e-05,-4.5624701012585e-05,0
20260927_101616_608,chiIG_low,chi_ig,low,0.1,0.45,2.5,10,2,ig,high_minus_low,-0.00550801758822071,-0.00558455672077252,-7.65391325518085e-05,-7.65391325518085e-05,0
20260927_101616_608,chiIG_low,chi_ig,low,0.1,0.45,2.5,10,3,ig,high_minus_low,-0.00734951440451957,-0.00744359872000301,-9.40843154834357e-05,-9.40843154834357e-05,0
20260927_101616_608,chiIG_low,chi_ig,low,0.1,0.45,2.5,10,4,ig,high_minus_low,-0.00864858534384156,-0.0087487400116842,-0.000100154667842639,-0.000100154667842638,-8.67361737988404e-19
20260927_101616_608,chiIG_low,chi_ig,low,0.1,0.45,2.5,10,5,ig,high_minus_low,-0.00947545573778246,-0.00957234828725731,-9.6892549474847e-05,-9.68925494748479e-05,8.67361737988404e-19
20260927_101616_608,chiIG_low,chi_ig,low,0.1,0.45,2.5,10,6,ig,high_minus_low,-0.00990351004376382,-0.00998997924102213,-8.64691972583126e-05,-8.64691972583126e-05,0
20260927_101616_608,chiIG_low,chi_ig,low,0.1,0.45,2.5,10,7,ig,high_minus_low,-0.0100036858121584,-0.0100746234544594,-7.09376423010007e-05,-7.09376423009998e-05,-8.67361737988404e-19
20260927_101616_608,chiIG_low,chi_ig,low,0.1,0.45,2.5,10,8,ig,high_minus_low,-0.00984152333430658,-0.00989366553581112,-5.21422015045438e-05,-5.21422015045438e-05,0
20260927_101616_608,chiIG_low,chi_ig,low,0.1,0.45,2.5,10,9,ig,high_minus_low,-0.00947579226590184,-0.00950746269572448,-3.16704298226438e-05,-3.16704298226438e-05,0
20260927_101616_608,chiIG_low,chi_ig,low,0.1,0.45,2.5,10,10,ig,high_minus_low,-0.0089580393982489,-0.00896887501825652,-1.08356200076223e-05,-1.08356200076206e-05,-1.73472347597681e-18
20260927_101616_608,chiIG_low,chi_ig,low,0.1,0.45,2.5,10,11,ig,high_minus_low,-0.00833266261241565,-0.0083233429197558,9.3196926598503e-06,9.31969265984944e-06,8.67361737988404e-19
20260927_101616_608,chiIG_low,chi_ig,low,0.1,0.45,2.5,10,12,ig,high_minus_low,-0.00763727526850664,-0.00760926869109967,2.800657740697e-05,2.800657740697e-05,0
20260927_101616_608,chiIG_low,chi_ig,low,0.1,0.45,2.5,10,13,ig,high_minus_low,-0.00690322143279791,-0.00685855702891106,4.46644038868552e-05,4.46644038868552e-05,0
20260927_101616_608,chiIG_low,chi_ig,low,0.1,0.45,2.5,10,14,ig,high_minus_low,-0.00615615981562172,-0.00609722843706804,5.89313785536822e-05,5.89313785536822e-05,0
20260927_101616_608,chiIG_low,chi_ig,low,0.1,0.45,2.5,10,15,ig,high_minus_low,-0.00541666832578845,-0.00534605459067925,7.0613735109192e-05,7.0613735109192e-05,0
20260927_101616_608,chiIG_low,chi_ig,low,0.1,0.45,2.5,10,16,ig,high_minus_low,-0.00470084115922071,-0.00462118566502528,7.96554941954334e-05,7.96554941954334e-05,0
20260927_101616_608,chiIG_low,chi_ig,low,0.1,0.45,2.5,10,17,ig,high_minus_low,-0.00402086207386236,-0.00393475203768502,8.61100361773436e-05,8.61100361773436e-05,0
20260927_101616_608,chiIG_low,chi_ig,low,0.1,0.45,2.5,10,18,ig,high_minus_low,-0.00338554441507086,-0.0032954301768473,9.01142382235538e-05,9.01142382235538e-05,0
20260927_101616_608,chiIG_low,chi_ig,low,0.1,0.45,2.5,10,19,ig,high_minus_low,-0.0028008325925255,-0.00270896702084187,9.18655716836371e-05,9.18655716836371e-05,0
20260927_101616_608,chiIG_low,chi_ig,low,0.1,0.45,2.5,10,20,ig,high_minus_low,-0.00227026226314586,-0.00217865995857531,9.16023045705503e-05,9.16023045705503e-05,0
20260927_101616_608,chiIG_low,chi_ig,low,0.1,0.45,2.5,10,21,ig,high_minus_low,-0.00179537812528321,-0.00170579134477362,8.95867805095901e-05,8.95867805095901e-05,0
20260927_101616_608,chiIG_low,chi_ig,low,0.1,0.45,2.5,10,22,ig,high_minus_low,-0.00137610935784631,-0.00129001772819053,8.60916296557825e-05,8.60916296557825e-05,0
20260927_101616_608,chiIG_low,chi_ig,low,0.1,0.45,2.5,10,23,ig,high_minus_low,-0.00101110355165632,-0.000929714858126258,8.13886935300638e-05,8.13886935300638e-05,0
20260927_101616_608,chiIG_low,chi_ig,low,0.1,0.45,2.5,10,24,ig,high_minus_low,-0.000698020589932092,-0.00062228018692205,7.57404030100421e-05,7.57404030100421e-05,0
20260927_101616_608,chiIG_low,chi_ig,low,0.1,0.45,2.5,10,25,ig,high_minus_low,-0.000433788398707576,-0.000364395070404204,6.93933283033716e-05,6.93933283033716e-05,0
20260927_101616_608,chiIG_low,chi_ig,low,0.1,0.45,2.5,10,26,ig,high_minus_low,-0.000214822837228216,-0.000152249222000698,6.2573615227518e-05,6.2573615227518e-05,0
20260927_101616_608,chiIG_low,chi_ig,low,0.1,0.45,2.5,10,27,ig,high_minus_low,-3.72142508380894e-05,1.82697779660633e-05,5.54840288041527e-05,5.54840288041527e-05,0
20260927_101616_608,chiIG_low,chi_ig,low,0.1,0.45,2.5,10,28,ig,high_minus_low,0.000103116623505437,0.00015141896299783,4.83023394923926e-05,4.83023394923926e-05,0
20260927_101616_608,chiIG_low,chi_ig,low,0.1,0.45,2.5,10,29,ig,high_minus_low,0.000210290616382257,0.000251471423061538,4.11808066792807e-05,4.11808066792807e-05,1.35525271560688e-20
20260927_101616_608,chiIG_low,chi_ig,low,0.1,0.45,2.5,10,30,ig,high_minus_low,0.0002883671403376,0.000322613676697475,3.42465363598748e-05,3.42465363598748e-05,0
20260927_101616_608,chiIG_low,chi_ig,low,0.1,0.45,2.5,10,31,ig,high_minus_low,0.000341263480284811,0.000368865994035868,2.76025137510572e-05,2.76025137510572e-05,-2.03287907341032e-20
20260927_101616_608,chiIG_low,chi_ig,low,0.1,0.45,2.5,10,32,ig,high_minus_low,0.000372693658299654,0.000394022794120846,2.13291358211927e-05,2.13291358211927e-05,-1.35525271560688e-20
20260927_101616_608,chiIG_low,chi_ig,low,0.1,0.45,2.5,10,33,ig,high_minus_low,0.000386124287624888,0.000401610380173477,1.54860925485889e-05,1.54860925485889e-05,0
20260927_101616_608,chiIG_low,chi_ig,low,0.1,0.45,2.5,10,34,ig,high_minus_low,0.000384744977221727,0.000394859445769618,1.01144685478912e-05,1.01144685478912e-05,-1.35525271560688e-20
20260927_101616_608,chiIG_low,chi_ig,low,0.1,0.45,2.5,10,35,ig,high_minus_low,0.00037145101686858,0.000376689974990879,5.23895812229908e-06,5.2389581222991e-06,-2.71050543121376e-20
20260927_101616_608,chiIG_low,chi_ig,low,0.1,0.45,2.5,10,36,ig,high_minus_low,0.000348836256384525,0.000349706362919265,8.70106534739347e-07,8.70106534739374e-07,-2.71050543121376e-20
20260927_101616_608,chiIG_low,chi_ig,low,0.1,0.45,2.5,10,37,ig,high_minus_low,0.000319194284663949,0.000316200792821348,-2.99349184260117e-06,-2.99349184260114e-06,-2.71050543121376e-20
20260927_101616_608,chiIG_low,chi_ig,low,0.1,0.45,2.5,10,38,ig,high_minus_low,0.000284526209327317,0.00027816311742937,-6.36309189794754e-06,-6.36309189794754e-06,0
20260927_101616_608,chiIG_low,chi_ig,low,0.1,0.45,2.5,10,39,ig,high_minus_low,0.000246553531310876,0.000237295699239091,-9.25783207178513e-06,-9.25783207178513e-06,0
20260927_101616_608,chiIG_low,chi_ig,low,0.1,0.45,2.5,10,40,ig,high_minus_low,0.000206734796844137,0.000195031864957488,-1.17029318866488e-05,-1.17029318866489e-05,2.71050543121376e-20
20260927_101616_608,chiIG_low,chi_ig,low,0.1,0.45,2.5,10,1,kg,high_minus_low,-7.66761865272914e-05,-7.78168040527216e-05,-1.14061752543027e-06,-1.14061752543027e-06,0
20260927_101616_608,chiIG_low,chi_ig,low,0.1,0.45,2.5,10,2,kg,high_minus_low,-0.000212459721569691,-0.000215485301970723,-3.02558040103185e-06,-3.02558040103185e-06,0
20260927_101616_608,chiIG_low,chi_ig,low,0.1,0.45,2.5,10,3,kg,high_minus_low,-0.000390886088643498,-0.000396188137421853,-5.302048778355e-06,-5.302048778355e-06,0
20260927_101616_608,chiIG_low,chi_ig,low,0.1,0.45,2.5,10,4,kg,high_minus_low,-0.000597328570023555,-0.000605001934278482,-7.67336425492682e-06,-7.67336425492687e-06,5.42101086242752e-20
20260927_101616_608,chiIG_low,chi_ig,low,0.1,0.45,2.5,10,5,kg,high_minus_low,-0.000819281749217526,-0.000829185593103077,-9.90384388555043e-06,-9.90384388555043e-06,0
20260927_101616_608,chiIG_low,chi_ig,low,0.1,0.45,2.5,10,6,kg,high_minus_low,-0.00104638745658118,-0.00105820543430113,-1.18179777199487e-05,-1.18179777199487e-05,0
20260927_101616_608,chiIG_low,chi_ig,low,0.1,0.45,2.5,10,7,kg,high_minus_low,-0.00127031991547066,-0.00128361588480526,-1.32959693345998e-05,-1.32959693345998e-05,0
20260927_101616_608,chiIG_low,chi_ig,low,0.1,0.45,2.5,10,8,kg,high_minus_low,-0.00148460000094145,-0.00149886712608053,-1.4267125139078e-05,-1.4267125139078e-05,0
20260927_101616_608,chiIG_low,chi_ig,low,0.1,0.45,2.5,10,9,kg,high_minus_low,-0.00168437980756571,-0.00169908201532176,-1.47022077560492e-05,-1.47022077560492e-05,0
20260927_101616_608,chiIG_low,chi_ig,low,0.1,0.45,2.5,10,10,kg,high_minus_low,-0.00186622129733268,-0.00188082684039526,-1.46055430625773e-05,-1.46055430625773e-05,0
20260927_101616_608,chiIG_low,chi_ig,low,0.1,0.45,2.5,10,11,kg,high_minus_low,-0.00202788233020982,-0.00204188974237925,-1.40074121694291e-05,-1.40074121694294e-05,2.16840434497101e-19
20260927_101616_608,chiIG_low,chi_ig,low,0.1,0.45,2.5,10,12,kg,high_minus_low,-0.00216811715366712,-0.00218107421609752,-1.29570624303925e-05,-1.29570624303925e-05,0
20260927_101616_608,chiIG_low,chi_ig,low,0.1,0.45,2.5,10,13,kg,high_minus_low,-0.00228649476064565,-0.00229801128641793,-1.15165257722856e-05,-1.15165257722853e-05,-2.16840434497101e-19
20260927_101616_608,chiIG_low,chi_ig,low,0.1,0.45,2.5,10,14,kg,high_minus_low,-0.00238323638702002,-0.00239299171518418,-9.75532816416226e-06,-9.75532816416226e-06,0
20260927_101616_608,chiIG_low,chi_ig,low,0.1,0.45,2.5,10,15,kg,high_minus_low,-0.00245907218548928,-0.00246681828707185,-7.74610158256993e-06,-7.74610158256993e-06,0
20260927_101616_608,chiIG_low,chi_ig,low,0.1,0.45,2.5,10,16,kg,high_minus_low,-0.00251511640983267,-0.00252067747152066,-5.5610616879931e-06,-5.5610616879931e-06,0
20260927_101616_608,chiIG_low,chi_ig,low,0.1,0.45,2.5,10,17,kg,high_minus_low,-0.0025527600514332,-0.00255602933567486,-3.26928424165861e-06,-3.26928424165861e-06,0
20260927_101616_608,chiIG_low,chi_ig,low,0.1,0.45,2.5,10,18,kg,high_minus_low,-0.00257357966052437,-0.00257451435670427,-9.34696179899497e-07,-9.34696179899497e-07,0
20260927_101616_608,chiIG_low,chi_ig,low,0.1,0.45,2.5,10,19,kg,high_minus_low,-0.00257926098382433,-0.00257787567330784,1.38531051648494e-06,1.38531051648472e-06,2.16840434497101e-19
20260927_101616_608,chiIG_low,chi_ig,low,0.1,0.45,2.5,10,20,kg,high_minus_low,-0.0025715360158074,-0.00256789528043958,3.64073536781228e-06,3.6407353678125e-06,-2.16840434497101e-19
20260927_101616_608,chiIG_low,chi_ig,low,0.1,0.45,2.5,10,21,kg,high_minus_low,-0.00255213206854436,-0.00254634268204786,5.78938649649797e-06,5.78938649649819e-06,-2.16840434497101e-19
20260927_101616_608,chiIG_low,chi_ig,low,0.1,0.45,2.5,10,22,kg,high_minus_low,-0.00252273150077698,-0.00251493455820169,7.79694257528087e-06,7.79694257528108e-06,-2.16840434497101e-19
20260927_101616_608,chiIG_low,chi_ig,low,0.1,0.45,2.5,10,23,kg,high_minus_low,-0.00248494080204886,-0.00247530406569996,9.63673634890583e-06,9.63673634890583e-06,0
20260927_101616_608,chiIG_low,chi_ig,low,0.1,0.45,2.5,10,24,kg,high_minus_low,-0.00244026779674611,-0.00242897846873054,1.12893280155655e-05,1.12893280155657e-05,-2.16840434497101e-19
20260927_101616_608,chiIG_low,chi_ig,low,0.1,0.45,2.5,10,25,kg,high_minus_low,-0.00239010581179514,-0.00237736388377245,1.27419280226966e-05,1.27419280226964e-05,2.16840434497101e-19
20260927_101616_608,chiIG_low,chi_ig,low,0.1,0.45,2.5,10,26,kg,high_minus_low,-0.00233572373743089,-0.00232173601722822,1.39877202026688e-05,1.3987720202669e-05,-2.16840434497101e-19
20260927_101616_608,chiIG_low,chi_ig,low,0.1,0.45,2.5,10,27,kg,high_minus_low,-0.00227826100026622,-0.00226323587234845,1.50251279177707e-05,1.50251279177707e-05,0
20260927_101616_608,chiIG_low,chi_ig,low,0.1,0.45,2.5,10,28,kg,high_minus_low,-0.002218726559672,-0.00220286950146494,1.58570582070579e-05,1.58570582070581e-05,-2.16840434497101e-19
20260927_101616_608,chiIG_low,chi_ig,low,0.1,0.45,2.5,10,29,kg,high_minus_low,-0.00215800113027057,-0.0021415109783518,1.64901519187728e-05,1.64901519187726e-05,2.16840434497101e-19
20260927_101616_608,chiIG_low,chi_ig,low,0.1,0.45,2.5,10,30,kg,high_minus_low,-0.00209684192350531,-0.00207990786197561,1.69340615296942e-05,1.69340615296942e-05,0
20260927_101616_608,chiIG_low,chi_ig,low,0.1,0.45,2.5,10,31,kg,high_minus_low,-0.00203588928841055,-0.00201868851557541,1.72007728351429e-05,1.72007728351427e-05,2.16840434497101e-19
20260927_101616_608,chiIG_low,chi_ig,low,0.1,0.45,2.5,10,32,kg,high_minus_low,-0.00197567471474295,-0.001958370732833,1.73039819099481e-05,1.73039819099476e-05,4.33680868994202e-19
20260927_101616_608,chiIG_low,chi_ig,low,0.1,0.45,2.5,10,33,kg,high_minus_low,-0.00191662973968369,-0.00189937120500805,1.72585346756384e-05,1.72585346756384e-05,0
20260927_101616_608,chiIG_low,chi_ig,low,0.1,0.45,2.5,10,34,kg,high_minus_low,-0.00185909537176121,-0.00184201543873848,1.70799330227269e-05,1.70799330227269e-05,0
20260927_101616_608,chiIG_low,chi_ig,low,0.1,0.45,2.5,10,35,kg,high_minus_low,-0.00180333171204546,-0.00178654780339553,1.67839086499348e-05,1.67839086499348e-05,0
20260927_101616_608,chiIG_low,chi_ig,low,0.1,0.45,2.5,10,36,kg,high_minus_low,-0.00174952751283467,-0.00173314144923775,1.63860635969217e-05,1.63860635969217e-05,0
20260927_101616_608,chiIG_low,chi_ig,low,0.1,0.45,2.5,10,37,kg,high_minus_low,-0.0016978094678971,-0.00168190789318623,1.59015747108748e-05,1.59015747108748e-05,0
20260927_101616_608,chiIG_low,chi_ig,low,0.1,0.45,2.5,10,38,kg,high_minus_low,-0.00164825107596652,-0.00163290611792081,1.53449580457081e-05,1.53449580457081e-05,0
20260927_101616_608,chiIG_low,chi_ig,low,0.1,0.45,2.5,10,39,kg,high_minus_low,-0.00160088096078463,-0.00158615107249201,1.47298882926161e-05,1.47298882926161e-05,0
20260927_101616_608,chiIG_low,chi_ig,low,0.1,0.45,2.5,10,40,kg,high_minus_low,-0.00155569056684401,-0.00154162149905583,1.40690677881881e-05,1.40690677881881e-05,0
20260927_101616_608,chiIG_low,chi_ig,low,0.1,0.45,2.5,10,1,xloc,high_minus_low,-0.000238477622467426,-0.000241220851355917,-2.74322888849099e-06,-2.74322888849099e-06,0
20260927_101616_608,chiIG_low,chi_ig,low,0.1,0.45,2.5,10,2,xloc,high_minus_low,-0.000407640155016709,-0.000411968906981475,-4.32875196476612e-06,-4.32875196476612e-06,0
20260927_101616_608,chiIG_low,chi_ig,low,0.1,0.45,2.5,10,3,xloc,high_minus_low,-0.000519285879370224,-0.000524257980501264,-4.97210113103996e-06,-4.97210113103996e-06,0
20260927_101616_608,chiIG_low,chi_ig,low,0.1,0.45,2.5,10,4,xloc,high_minus_low,-0.000585208452463681,-0.000590101465201553,-4.89301273787213e-06,-4.89301273787213e-06,0
20260927_101616_608,chiIG_low,chi_ig,low,0.1,0.45,2.5,10,5,xloc,high_minus_low,-0.000616086347677292,-0.000620382729429214,-4.2963817519226e-06,-4.2963817519226e-06,0
20260927_101616_608,chiIG_low,chi_ig,low,0.1,0.45,2.5,10,6,xloc,high_minus_low,-0.000621039476838781,-0.000624401050544177,-3.36157370539603e-06,-3.36157370539603e-06,0
20260927_101616_608,chiIG_low,chi_ig,low,0.1,0.45,2.5,10,7,xloc,high_minus_low,-0.000607553055738785,-0.000609790821009981,-2.23776527119579e-06,-2.23776527119579e-06,0
20260927_101616_608,chiIG_low,chi_ig,low,0.1,0.45,2.5,10,8,xloc,high_minus_low,-0.000581588253066756,-0.000582631596760197,-1.04334369344095e-06,-1.04334369344095e-06,0
20260927_101616_608,chiIG_low,chi_ig,low,0.1,0.45,2.5,10,9,xloc,high_minus_low,-0.00054777432741171,-0.00054764215421832,1.32173193390095e-07,1.32173193390095e-07,0
20260927_101616_608,chiIG_low,chi_ig,low,0.1,0.45,2.5,10,10,xloc,high_minus_low,-0.0005096234066162,-0.000508398579941782,1.22482667441748e-06,1.22482667441748e-06,0
20260927_101616_608,chiIG_low,chi_ig,low,0.1,0.45,2.5,10,11,xloc,high_minus_low,-0.000469737149235483,-0.00046754484645084,2.19230278464266e-06,2.19230278464266e-06,0
20260927_101616_608,chiIG_low,chi_ig,low,0.1,0.45,2.5,10,12,xloc,high_minus_low,-0.000429991038932043,-0.000426981109117208,3.0099298148345e-06,3.0099298148345e-06,0
20260927_101616_608,chiIG_low,chi_ig,low,0.1,0.45,2.5,10,13,xloc,high_minus_low,-0.000391691400732475,-0.000388024498113593,3.66690261888181e-06,3.66690261888181e-06,0
20260927_101616_608,chiIG_low,chi_ig,low,0.1,0.45,2.5,10,14,xloc,high_minus_low,-0.000355705210643875,-0.000351542304784624,4.16290585925072e-06,4.16290585925072e-06,0
20260927_101616_608,chiIG_low,chi_ig,low,0.1,0.45,2.5,10,15,xloc,high_minus_low,-0.000322565175960632,-0.000318059964486417,4.50521147421501e-06,4.50521147421501e-06,0
20260927_101616_608,chiIG_low,chi_ig,low,0.1,0.45,2.5,10,16,xloc,high_minus_low,-0.000292553497906245,-0.000287847234658578,4.70626324766688e-06,4.70626324766688e-06,0
20260927_101616_608,chiIG_low,chi_ig,low,0.1,0.45,2.5,10,17,xloc,high_minus_low,-0.000265767864736643,-0.000260986140980246,4.7817237563974e-06,4.7817237563974e-06,0
20260927_101616_608,chiIG_low,chi_ig,low,0.1,0.45,2.5,10,18,xloc,high_minus_low,-0.000242172962895415,-0.000237424024356114,4.7489385393007e-06,4.7489385393007e-06,0
20260927_101616_608,chiIG_low,chi_ig,low,0.1,0.45,2.5,10,19,xloc,high_minus_low,-0.000221640367079834,-0.000217014603756449,4.62576332338482e-06,4.62576332338482e-06,0
20260927_101616_608,chiIG_low,chi_ig,low,0.1,0.45,2.5,10,20,xloc,high_minus_low,-0.000203979203970861,-0.000199549505596863,4.42969837399776e-06,4.42969837399776e-06,0
20260927_101616_608,chiIG_low,chi_ig,low,0.1,0.45,2.5,10,21,xloc,high_minus_low,-0.000188959543545475,-0.000184782266970052,4.17727657542333e-06,4.17727657542333e-06,0
20260927_101616_608,chiIG_low,chi_ig,low,0.1,0.45,2.5,10,22,xloc,high_minus_low,-0.00017633008484208,-0.000172446428125639,3.88365671644131e-06,3.88365671644131e-06,0
20260927_101616_608,chiIG_low,chi_ig,low,0.1,0.45,2.5,10,23,xloc,high_minus_low,-0.000165831378242332,-0.000162268998900594,3.5623793417372e-06,3.5623793417372e-06,0
20260927_101616_608,chiIG_low,chi_ig,low,0.1,0.45,2.5,10,24,xloc,high_minus_low,-0.000157205561773677,-0.000153980313134183,3.22524863949347e-06,3.22524863949347e-06,0
20260927_101616_608,chiIG_low,chi_ig,low,0.1,0.45,2.5,10,25,xloc,high_minus_low,-0.000150203377826674,-0.000147321068145523,2.88230968115144e-06,2.88230968115144e-06,0
20260927_101616_608,chiIG_low,chi_ig,low,0.1,0.45,2.5,10,26,xloc,high_minus_low,-0.000144589070577572,-0.00014204717490629,2.54189567128194e-06,2.54189567128194e-06,0
20260927_101616_608,chiIG_low,chi_ig,low,0.1,0.45,2.5,10,27,xloc,high_minus_low,-0.000140143634924428,-0.000137932910338368,2.21072458606031e-06,2.21072458606031e-06,0
20260927_101616_608,chiIG_low,chi_ig,low,0.1,0.45,2.5,10,28,xloc,high_minus_low,-0.000136666787322715,-0.000134772758662915,1.89402865979904e-06,1.89402865979904e-06,0
20260927_101616_608,chiIG_low,chi_ig,low,0.1,0.45,2.5,10,29,xloc,high_minus_low,-0.000133977951162323,-0.000132382247514884,1.595703647439e-06,1.595703647439e-06,0
20260927_101616_608,chiIG_low,chi_ig,low,0.1,0.45,2.5,10,30,xloc,high_minus_low,-0.000131916489028994,-0.000130598021321093,1.31846770790034e-06,1.31846770790034e-06,0
20260927_101616_608,chiIG_low,chi_ig,low,0.1,0.45,2.5,10,31,xloc,high_minus_low,-0.000130341367210907,-0.000129277345053302,1.06402215760415e-06,1.06402215760415e-06,0
20260927_101616_608,chiIG_low,chi_ig,low,0.1,0.45,2.5,10,32,xloc,high_minus_low,-0.000129130400943867,-0.000128297192598437,8.33208345429881e-07,8.33208345429881e-07,0
20260927_101616_608,chiIG_low,chi_ig,low,0.1,0.45,2.5,10,33,xloc,high_minus_low,-0.00012817919967445,-0.000127553043167694,6.26156506755571e-07,6.26156506755571e-07,0
20260927_101616_608,chiIG_low,chi_ig,low,0.1,0.45,2.5,10,34,xloc,high_minus_low,-0.000127399908237402,-0.000126957484464119,4.42423773283629e-07,4.42423773283629e-07,0
20260927_101616_608,chiIG_low,chi_ig,low,0.1,0.45,2.5,10,35,xloc,high_minus_low,-0.000126719820907062,-0.000126438701353315,2.81119553746656e-07,2.81119553746656e-07,0
20260927_101616_608,chiIG_low,chi_ig,low,0.1,0.45,2.5,10,36,xloc,high_minus_low,-0.000126079929789413,-0.000125938912456269,1.41017333143978e-07,1.41017333143978e-07,0
20260927_101616_608,chiIG_low,chi_ig,low,0.1,0.45,2.5,10,37,xloc,high_minus_low,-0.000125433456220292,-0.000125412803641867,2.06525784252065e-08,2.06525784252065e-08,0
20260927_101616_608,chiIG_low,chi_ig,low,0.1,0.45,2.5,10,38,xloc,high_minus_low,-0.000124744403194321,-0.000124825996260958,-8.1593066636465e-08,-8.1593066636465e-08,0
20260927_101616_608,chiIG_low,chi_ig,low,0.1,0.45,2.5,10,39,xloc,high_minus_low,-0.000123986157933964,-0.000124153578690667,-1.67420756702619e-07,-1.67420756702619e-07,0
20260927_101616_608,chiIG_low,chi_ig,low,0.1,0.45,2.5,10,40,xloc,high_minus_low,-0.000123140166262803,-0.000123378722040157,-2.38555777354321e-07,-2.38555777354321e-07,0
20260927_101616_608,chiIG_high,chi_ig,high,0.1,0.45,2.5,40,1,ig,high_minus_low,-0.00162707378094304,-0.00163701123475554,-9.93745381249866e-06,-9.93745381249866e-06,0
20260927_101616_608,chiIG_high,chi_ig,high,0.1,0.45,2.5,40,2,ig,high_minus_low,-0.00302153008105005,-0.00303887187604277,-1.73417949927285e-05,-1.73417949927285e-05,0
20260927_101616_608,chiIG_high,chi_ig,high,0.1,0.45,2.5,40,3,ig,high_minus_low,-0.00418844101902465,-0.00421075340168003,-2.2312382655377e-05,-2.23123826553766e-05,-4.33680868994202e-19
20260927_101616_608,chiIG_high,chi_ig,high,0.1,0.45,2.5,40,4,ig,high_minus_low,-0.00514089659725582,-0.00516594405211984,-2.50474548640217e-05,-2.50474548640217e-05,0
20260927_101616_608,chiIG_high,chi_ig,high,0.1,0.45,2.5,40,5,ig,high_minus_low,-0.00589593097989454,-0.00592173682749363,-2.58058475990927e-05,-2.58058475990927e-05,0
20260927_101616_608,chiIG_high,chi_ig,high,0.1,0.45,2.5,40,6,ig,high_minus_low,-0.00647216431363708,-0.0064970421837005,-2.4877870063421e-05,-2.4877870063421e-05,0
20260927_101616_608,chiIG_high,chi_ig,high,0.1,0.45,2.5,40,7,ig,high_minus_low,-0.0068884650653276,-0.00691102891851256,-2.25638531849608e-05,-2.25638531849608e-05,0
20260927_101616_608,chiIG_high,chi_ig,high,0.1,0.45,2.5,40,8,ig,high_minus_low,-0.00716321145097186,-0.00718237031891849,-1.91588679466365e-05,-1.91588679466365e-05,0
20260927_101616_608,chiIG_high,chi_ig,high,0.1,0.45,2.5,40,9,ig,high_minus_low,-0.00731389955074604,-0.00732884181268619,-1.49422619401506e-05,-1.49422619401506e-05,0
20260927_101616_608,chiIG_high,chi_ig,high,0.1,0.45,2.5,40,10,ig,high_minus_low,-0.00735694899923756,-0.00736711987536267,-1.0170876125112e-05,-1.0170876125112e-05,0
20260927_101616_608,chiIG_high,chi_ig,high,0.1,0.45,2.5,40,11,ig,high_minus_low,-0.00730761951872987,-0.00731269454076859,-5.0750220387261e-06,-5.0750220387261e-06,0
20260927_101616_608,chiIG_high,chi_ig,high,0.1,0.45,2.5,40,12,ig,high_minus_low,-0.0071799887282843,-0.00717984522449489,1.43503789406217e-07,1.43503789406217e-07,0
20260927_101616_608,chiIG_high,chi_ig,high,0.1,0.45,2.5,40,13,ig,high_minus_low,-0.0069869634613495,-0.00698165153507936,5.31192627014308e-06,5.31192627014308e-06,0
20260927_101616_608,chiIG_high,chi_ig,high,0.1,0.45,2.5,40,14,ig,high_minus_low,-0.00674030937773337,-0.00673002343370687,1.02859440264981e-05,1.02859440264981e-05,0
20260927_101616_608,chiIG_high,chi_ig,high,0.1,0.45,2.5,40,15,ig,high_minus_low,-0.00645069072353714,-0.0064357422752333,1.49484483038384e-05,1.49484483038384e-05,0
20260927_101616_608,chiIG_high,chi_ig,high,0.1,0.45,2.5,40,16,ig,high_minus_low,-0.00612771596148592,-0.00610850821218395,1.92077493019662e-05,1.92077493019662e-05,0
20260927_101616_608,chiIG_high,chi_ig,high,0.1,0.45,2.5,40,17,ig,high_minus_low,-0.00577998703598197,-0.00575699154593106,2.29954900509092e-05,2.29954900509092e-05,0
20260927_101616_608,chiIG_high,chi_ig,high,0.1,0.45,2.5,40,18,ig,high_minus_low,-0.00541515106315983,-0.00538888668085701,2.62643823028177e-05,2.62643823028177e-05,0
20260927_101616_608,chiIG_high,chi_ig,high,0.1,0.45,2.5,40,19,ig,high_minus_low,-0.00503995371709659,-0.00501096785242433,2.89858646722553e-05,2.89858646722553e-05,0
20260927_101616_608,chiIG_high,chi_ig,high,0.1,0.45,2.5,40,20,ig,high_minus_low,-0.00466029378641518,-0.00462914602887566,3.11477575395272e-05,3.11477575395277e-05,-4.33680868994202e-19
20260927_101616_608,chiIG_high,chi_ig,high,0.1,0.45,2.5,40,21,ig,high_minus_low,-0.00428127844814379,-0.00424852647830734,3.27519698364405e-05,3.27519698364405e-05,0
20260927_101616_608,chiIG_high,chi_ig,high,0.1,0.45,2.5,40,22,ig,high_minus_low,-0.00390727882579774,-0.00387346652772937,3.38122980683697e-05,3.38122980683702e-05,-4.33680868994202e-19
20260927_101616_608,chiIG_high,chi_ig,high,0.1,0.45,2.5,40,23,ig,high_minus_low,-0.00354198540497159,-0.00350763305837845,3.43523465931353e-05,3.43523465931353e-05,0
20260927_101616_608,chiIG_high,chi_ig,high,0.1,0.45,2.5,40,24,ig,high_minus_low,-0.00318846288951495,-0.0031540593001664,3.44035893485445e-05,3.44035893485445e-05,0
20260927_101616_608,chiIG_high,chi_ig,high,0.1,0.45,2.5,40,25,ig,high_minus_low,-0.00284920410063954,-0.00281520051435326,3.40035862862751e-05,3.40035862862751e-05,0
20260927_101616_608,chiIG_high,chi_ig,high,0.1,0.45,2.5,40,26,ig,high_minus_low,-0.00252618255055087,-0.00249298818830549,3.31943622453729e-05,3.31943622453729e-05,0
20260927_101616_608,chiIG_high,chi_ig,high,0.1,0.45,2.5,40,27,ig,high_minus_low,-0.00222090335956782,-0.00218888240799096,3.2020951576857e-05,3.20209515768573e-05,-2.16840434497101e-19
20260927_101616_608,chiIG_high,chi_ig,high,0.1,0.45,2.5,40,28,ig,high_minus_low,-0.0019344522285696,-0.0019039221202956,3.05301082739972e-05,3.05301082739972e-05,0
20260927_101616_608,chiIG_high,chi_ig,high,0.1,0.45,2.5,40,29,ig,high_minus_low,-0.00166754222443351,-0.00163877304593362,2.87691784998934e-05,2.87691784998934e-05,0
20260927_101616_608,chiIG_high,chi_ig,high,0.1,0.45,2.5,40,30,ig,high_minus_low,-0.00142055818272574,-0.00139377305260376,2.67851301219886e-05,2.67851301219886e-05,0
20260927_101616_608,chiIG_high,chi_ig,high,0.1,0.45,2.5,40,31,ig,high_minus_low,-0.00119359857755665,-0.00116897484548674,2.46237320699013e-05,2.46237320699013e-05,0
20260927_101616_608,chiIG_high,chi_ig,high,0.1,0.45,2.5,40,32,ig,high_minus_low,-0.000986514751976387,-0.000964185877030723,2.23288749456642e-05,2.23288749456643e-05,-1.0842021724855e-19
20260927_101616_608,chiIG_high,chi_ig,high,0.1,0.45,2.5,40,33,ig,high_minus_low,-0.000798947442701726,-0.000779005419394967,1.9942023306759e-05,1.9942023306759e-05,0
20260927_101616_608,chiIG_high,chi_ig,high,0.1,0.45,2.5,40,34,ig,high_minus_low,-0.000630360569786603,-0.000612858780464284,1.7501789322319e-05,1.7501789322319e-05,0
20260927_101616_608,chiIG_high,chi_ig,high,0.1,0.45,2.5,40,35,ig,high_minus_low,-0.000480072294804674,-0.000465028677725313,1.50436170793614e-05,1.50436170793614e-05,0
20260927_101616_608,chiIG_high,chi_ig,high,0.1,0.45,2.5,40,36,ig,high_minus_low,-0.000347283380075387,-0.000334683813468448,1.25995666069393e-05,1.25995666069393e-05,0
20260927_101616_608,chiIG_high,chi_ig,high,0.1,0.45,2.5,40,37,ig,high_minus_low,-0.000231102906488844,-0.000220904719799506,1.01981866893382e-05,1.01981866893382e-05,0
20260927_101616_608,chiIG_high,chi_ig,high,0.1,0.45,2.5,40,38,ig,high_minus_low,-0.000130571428682419,-0.00012270696296395,7.86446571846938e-06,7.86446571846938e-06,0
20260927_101616_608,chiIG_high,chi_ig,high,0.1,0.45,2.5,40,39,ig,high_minus_low,-4.46816638950918e-05,-3.9061813750819e-05,5.6198501442728e-06,5.6198501442728e-06,0
20260927_101616_608,chiIG_high,chi_ig,high,0.1,0.45,2.5,40,40,ig,high_minus_low,2.76031749891353e-05,3.10854955085788e-05,3.48232051944342e-06,3.48232051944342e-06,0
20260927_101616_608,chiIG_high,chi_ig,high,0.1,0.45,2.5,40,1,kg,high_minus_low,-4.06768445234314e-05,-4.09252808690012e-05,-2.48436345569772e-07,-2.48436345569772e-07,0
20260927_101616_608,chiIG_high,chi_ig,high,0.1,0.45,2.5,40,2,kg,high_minus_low,-0.000115198175436963,-0.000115873945747783,-6.75770310820681e-07,-6.75770310820681e-07,0
20260927_101616_608,chiIG_high,chi_ig,high,0.1,0.45,2.5,40,3,kg,high_minus_low,-0.000217029246526631,-0.000218245932145552,-1.21668561892108e-06,-1.21668561892108e-06,0
20260927_101616_608,chiIG_high,chi_ig,high,0.1,0.45,2.5,40,4,kg,high_minus_low,-0.000340125930294866,-0.000341938385144217,-1.81245484935178e-06,-1.81245484935178e-06,0
20260927_101616_608,chiIG_high,chi_ig,high,0.1,0.45,2.5,40,5,kg,high_minus_low,-0.000479021056535115,-0.000481433346202394,-2.4122896672788e-06,-2.4122896672788e-06,0
20260927_101616_608,chiIG_high,chi_ig,high,0.1,0.45,2.5,40,6,kg,high_minus_low,-0.000628849637962688,-0.000631823567139311,-2.9739291766232e-06,-2.9739291766232e-06,0
20260927_101616_608,chiIG_high,chi_ig,high,0.1,0.45,2.5,40,7,kg,high_minus_low,-0.000785340023647015,-0.000788803700923305,-3.46367727629027e-06,-3.46367727629027e-06,0
20260927_101616_608,chiIG_high,chi_ig,high,0.1,0.45,2.5,40,8,kg,high_minus_low,-0.000944786809330226,-0.000948642866372603,-3.85605704237657e-06,-3.85605704237657e-06,0
20260927_101616_608,chiIG_high,chi_ig,high,0.1,0.45,2.5,40,9,kg,high_minus_low,-0.00110401462786569,-0.00110814784002988,-4.13321216419238e-06,-4.13321216419249e-06,1.0842021724855e-19
20260927_101616_608,chiIG_high,chi_ig,high,0.1,0.45,2.5,40,10,kg,high_minus_low,-0.00126033798715008,-0.00126462214091294,-4.28415376285685e-06,-4.28415376285685e-06,0
20260927_101616_608,chiIG_high,chi_ig,high,0.1,0.45,2.5,40,11,kg,high_minus_low,-0.0014115200254398,-0.00141582395090878,-4.30392546898074e-06,-4.30392546898074e-06,0
20260927_101616_608,chiIG_high,chi_ig,high,0.1,0.45,2.5,40,12,kg,high_minus_low,-0.00155573174301112,-0.00155992448274818,-4.19273973706314e-06,-4.19273973706314e-06,0
20260927_101616_608,chiIG_high,chi_ig,high,0.1,0.45,2.5,40,13,kg,high_minus_low,-0.00169151253596974,-0.001695467659056,-3.95512308626333e-06,-3.95512308626333e-06,0
20260927_101616_608,chiIG_high,chi_ig,high,0.1,0.45,2.5,40,14,kg,high_minus_low,-0.00181773245701381,-0.00182133155342194,-3.59909640812429e-06,-3.59909640812429e-06,0
20260927_101616_608,chiIG_high,chi_ig,high,0.1,0.45,2.5,40,15,kg,high_minus_low,-0.00193355641367706,-0.00193669182146694,-3.13540778988197e-06,-3.13540778988197e-06,0
20260927_101616_608,chiIG_high,chi_ig,high,0.1,0.45,2.5,40,16,kg,high_minus_low,-0.0020384104023724,-0.00204098723123454,-2.57682886214061e-06,-2.57682886214061e-06,0
20260927_101616_608,chiIG_high,chi_ig,high,0.1,0.45,2.5,40,17,kg,high_minus_low,-0.002131949818213,-0.00213388733910154,-1.93752088854327e-06,-1.93752088854349e-06,2.16840434497101e-19
20260927_101616_608,chiIG_high,chi_ig,high,0.1,0.45,2.5,40,18,kg,high_minus_low,-0.00221402984933672,-0.00221526232264531,-1.23247330859532e-06,-1.23247330859532e-06,0
20260927_101616_608,chiIG_high,chi_ig,high,0.1,0.45,2.5,40,19,kg,high_minus_low,-0.00228467794603079,-0.00228515496088932,-4.77014858538908e-07,-4.77014858538908e-07,0
20260927_101616_608,chiIG_high,chi_ig,high,0.1,0.45,2.5,40,20,kg,high_minus_low,-0.0023440683420406,-0.00234375473758874,3.13604451851468e-07,3.13604451851468e-07,0
20260927_101616_608,chiIG_high,chi_ig,high,0.1,0.45,2.5,40,21,kg,high_minus_low,-0.00239249859469326,-0.00239137403110638,1.12456358688194e-06,1.12456358688194e-06,0
20260927_101616_608,chiIG_high,chi_ig,high,0.1,0.45,2.5,40,22,kg,high_minus_low,-0.00243036810047115,-0.00242842634352166,1.94175694949016e-06,1.94175694948995e-06,2.16840434497101e-19
20260927_101616_608,chiIG_high,chi_ig,high,0.1,0.45,2.5,40,23,kg,high_minus_low,-0.00245815853308369,-0.00245540651139298,2.75202169071776e-06,2.75202169071798e-06,-2.16840434497101e-19
20260927_101616_608,chiIG_high,chi_ig,high,0.1,0.45,2.5,40,24,kg,high_minus_low,-0.00247641614199471,-0.00247287283111205,3.54331088266635e-06,3.54331088266613e-06,2.16840434497101e-19
20260927_101616_608,chiIG_high,chi_ig,high,0.1,0.45,2.5,40,25,kg,high_minus_low,-0.00248573584096098,-0.00248143102319298,4.30481776799363e-06,4.30481776799363e-06,0
20260927_101616_608,chiIG_high,chi_ig,high,0.1,0.45,2.5,40,26,kg,high_minus_low,-0.00248674700870088,-0.00248171995232046,5.02705638042843e-06,5.02705638042843e-06,0
20260927_101616_608,chiIG_high,chi_ig,high,0.1,0.45,2.5,40,27,kg,high_minus_low,-0.0024801009174726,-0.00247439901371197,5.70190376062785e-06,5.70190376062763e-06,2.16840434497101e-19
20260927_101616_608,chiIG_high,chi_ig,high,0.1,0.45,2.5,40,28,kg,high_minus_low,-0.00246645970025032,-0.00246013709137664,6.32260887367632e-06,6.3226088736761e-06,2.16840434497101e-19
20260927_101616_608,chiIG_high,chi_ig,high,0.1,0.45,2.5,40,29,kg,high_minus_low,-0.00244648676335502,-0.00243960299024034,6.88377311467737e-06,6.88377311467737e-06,0
20260927_101616_608,chiIG_high,chi_ig,high,0.1,0.45,2.5,40,30,kg,high_minus_low,-0.00242083854883945,-0.00241345724179905,7.38130704040253e-06,7.38130704040275e-06,-2.16840434497101e-19
20260927_101616_608,chiIG_high,chi_ig,high,0.1,0.45,2.5,40,31,kg,high_minus_low,-0.00239015754955755,-0.00238234518189125,7.81236766630089e-06,7.81236766630089e-06,0
20260927_101616_608,chiIG_high,chi_ig,high,0.1,0.45,2.5,40,32,kg,high_minus_low,-0.0023550664796181,-0.00234689119926949,8.17528034861414e-06,8.17528034861414e-06,0
20260927_101616_608,chiIG_high,chi_ig,high,0.1,0.45,2.5,40,33,kg,high_minus_low,-0.0023161635036952,-0.00230769405477245,8.46944892274326e-06,8.46944892274326e-06,0
20260927_101616_608,chiIG_high,chi_ig,high,0.1,0.45,2.5,40,34,kg,high_minus_low,-0.00227401843034769,-0.00226532317291454,8.69525743315202e-06,8.69525743315224e-06,-2.16840434497101e-19
20260927_101616_608,chiIG_high,chi_ig,high,0.1,0.45,2.5,40,35,kg,high_minus_low,-0.00222916977695923,-0.00222031581053476,8.85396642447134e-06,8.85396642447155e-06,-2.16840434497101e-19
20260927_101616_608,chiIG_high,chi_ig,high,0.1,0.45,2.5,40,36,kg,high_minus_low,-0.00218212261703747,-0.00217317501060799,8.94760642948089e-06,8.94760642948089e-06,0
20260927_101616_608,chiIG_high,chi_ig,high,0.1,0.45,2.5,40,37,kg,high_minus_low,-0.00213334712427386,-0.00212436825333747,8.97887093639005e-06,8.97887093638983e-06,2.16840434497101e-19
20260927_101616_608,chiIG_high,chi_ig,high,0.1,0.45,2.5,40,38,kg,high_minus_low,-0.0020832777318841,-0.00207432672107803,8.95101080607575e-06,8.95101080607575e-06,0
20260927_101616_608,chiIG_high,chi_ig,high,0.1,0.45,2.5,40,39,kg,high_minus_low,-0.00203231283018449,-0.00202344509839469,8.86773178980027e-06,8.86773178980027e-06,0
20260927_101616_608,chiIG_high,chi_ig,high,0.1,0.45,2.5,40,40,kg,high_minus_low,-0.00198081493005542,-0.00197208183354688,8.7330965085437e-06,8.73309650854348e-06,2.16840434497101e-19
20260927_101616_608,chiIG_high,chi_ig,high,0.1,0.45,2.5,40,1,xloc,high_minus_low,-0.000149206381223066,-0.000149729985757241,-5.23604534174993e-07,-5.23604534174993e-07,0
20260927_101616_608,chiIG_high,chi_ig,high,0.1,0.45,2.5,40,2,xloc,high_minus_low,-0.000262168257507689,-0.000263018357838152,-8.50100330462844e-07,-8.50100330462844e-07,0
20260927_101616_608,chiIG_high,chi_ig,high,0.1,0.45,2.5,40,3,xloc,high_minus_low,-0.000345376678402287,-0.000346385925159454,-1.00924675716652e-06,-1.00924675716652e-06,0
20260927_101616_608,chiIG_high,chi_ig,high,0.1,0.45,2.5,40,4,xloc,high_minus_low,-0.000404658589293061,-0.00040569066010232,-1.03207080925927e-06,-1.03207080925927e-06,0
20260927_101616_608,chiIG_high,chi_ig,high,0.1,0.45,2.5,40,5,xloc,high_minus_low,-0.000445002312560838,-0.000445950756239988,-9.48443679149591e-07,-9.48443679149591e-07,0
20260927_101616_608,chiIG_high,chi_ig,high,0.1,0.45,2.5,40,6,xloc,high_minus_low,-0.000470546638125846,-0.000471332288857651,-7.85650731804921e-07,-7.85650731804921e-07,0
20260927_101616_608,chiIG_high,chi_ig,high,0.1,0.45,2.5,40,7,xloc,high_minus_low,-0.000484651500749056,-0.000485219169125584,-5.67668376527664e-07,-5.67668376527664e-07,0
20260927_101616_608,chiIG_high,chi_ig,high,0.1,0.45,2.5,40,8,xloc,high_minus_low,-0.000490002410990287,-0.000490317329905343,-3.14918915056417e-07,-3.14918915056417e-07,0
20260927_101616_608,chiIG_high,chi_ig,high,0.1,0.45,2.5,40,9,xloc,high_minus_low,-0.000488722003874398,-0.000488766334076907,-4.43302025088244e-08,-4.43302025088244e-08,0
20260927_101616_608,chiIG_high,chi_ig,high,0.1,0.45,2.5,40,10,xloc,high_minus_low,-0.000482474936812749,-0.000482244511787799,2.30425024949632e-07,2.30425024949632e-07,0
20260927_101616_608,chiIG_high,chi_ig,high,0.1,0.45,2.5,40,11,xloc,high_minus_low,-0.00047255996238782,-0.000472061365589638,4.98596798181872e-07,4.98596798181872e-07,0
20260927_101616_608,chiIG_high,chi_ig,high,0.1,0.45,2.5,40,12,xloc,high_minus_low,-0.000459987307352194,-0.000459235317472606,7.51989879588244e-07,7.51989879588244e-07,0
20260927_101616_608,chiIG_high,chi_ig,high,0.1,0.45,2.5,40,13,xloc,high_minus_low,-0.000445541783043235,-0.000444557187048722,9.84595994513171e-07,9.84595994513171e-07,0
20260927_101616_608,chiIG_high,chi_ig,high,0.1,0.45,2.5,40,14,xloc,high_minus_low,-0.00042983314573064,-0.000428640898478161,1.19224725247946e-06,1.19224725247946e-06,0
20260927_101616_608,chiIG_high,chi_ig,high,0.1,0.45,2.5,40,15,xloc,high_minus_low,-0.000413335626885059,-0.000411963325353759,1.37230153129941e-06,1.37230153129941e-06,0
20260927_101616_608,chiIG_high,chi_ig,high,0.1,0.45,2.5,40,16,xloc,high_minus_low,-0.000396418576508739,-0.000394895212470936,1.52336403780318e-06,1.52336403780318e-06,0
20260927_101616_608,chiIG_high,chi_ig,high,0.1,0.45,2.5,40,17,xloc,high_minus_low,-0.000379369996504897,-0.000377724951275193,1.64504522970343e-06,1.64504522970343e-06,0
20260927_101616_608,chiIG_high,chi_ig,high,0.1,0.45,2.5,40,18,xloc,high_minus_low,-0.000362414496136609,-0.000360676743123234,1.73775301337553e-06,1.73775301337553e-06,0
20260927_101616_608,chiIG_high,chi_ig,high,0.1,0.45,2.5,40,19,xloc,high_minus_low,-0.000345726939770308,-0.000343924423768405,1.80251600190307e-06,1.80251600190307e-06,0
20260927_101616_608,chiIG_high,chi_ig,high,0.1,0.45,2.5,40,20,xloc,high_minus_low,-0.000329442810530822,-0.000327601976309877,1.84083422094528e-06,1.84083422094528e-06,0
20260927_101616_608,chiIG_high,chi_ig,high,0.1,0.45,2.5,40,21,xloc,high_minus_low,-0.000313666096853682,-0.00031181154317983,1.85455367385234e-06,1.85455367385234e-06,0
20260927_101616_608,chiIG_high,chi_ig,high,0.1,0.45,2.5,40,22,xloc,high_minus_low,-0.000298475326827141,-0.00029662956538179,1.84576144535153e-06,1.84576144535153e-06,0
20260927_101616_608,chiIG_high,chi_ig,high,0.1,0.45,2.5,40,23,xloc,high_minus_low,-0.000283928226876284,-0.000282111528490891,1.81669838539289e-06,1.81669838539289e-06,0
20260927_101616_608,chiIG_high,chi_ig,high,0.1,0.45,2.5,40,24,xloc,high_minus_low,-0.00027006536336327,-0.000268295676549513,1.76968681375733e-06,1.76968681375733e-06,0
20260927_101616_608,chiIG_high,chi_ig,high,0.1,0.45,2.5,40,25,xloc,high_minus_low,-0.000256913033631068,-0.00025520596256734,1.70707106372792e-06,1.70707106372792e-06,0
20260927_101616_608,chiIG_high,chi_ig,high,0.1,0.45,2.5,40,26,xloc,high_minus_low,-0.000244485602372335,-0.000242854433356476,1.6311690158588e-06,1.6311690158588e-06,0
20260927_101616_608,chiIG_high,chi_ig,high,0.1,0.45,2.5,40,27,xloc,high_minus_low,-0.000232787425783809,-0.000231243192708952,1.54423307485718e-06,1.54423307485718e-06,0
20260927_101616_608,chiIG_high,chi_ig,high,0.1,0.45,2.5,40,28,xloc,high_minus_low,-0.00022181446609193,-0.000220366046820075,1.44841927185446e-06,1.44841927185446e-06,0
20260927_101616_608,chiIG_high,chi_ig,high,0.1,0.45,2.5,40,29,xloc,high_minus_low,-0.000211555669679564,-0.000210209906298608,1.34576338095549e-06,1.34576338095549e-06,0
20260927_101616_608,chiIG_high,chi_ig,high,0.1,0.45,2.5,40,30,xloc,high_minus_low,-0.00020199416069866,-0.000200755997602275,1.23816309638425e-06,1.23816309638425e-06,0
20260927_101616_608,chiIG_high,chi_ig,high,0.1,0.45,2.5,40,31,xloc,high_minus_low,-0.000193108286740351,-0.000191980921298684,1.12736544166658e-06,1.12736544166658e-06,0
20260927_101616_608,chiIG_high,chi_ig,high,0.1,0.45,2.5,40,32,xloc,high_minus_low,-0.000184872542311587,-0.000183857583621161,1.01495869042623e-06,1.01495869042623e-06,0
20260927_101616_608,chiIG_high,chi_ig,high,0.1,0.45,2.5,40,33,xloc,high_minus_low,-0.000177258388327051,-0.000176356020171187,9.02368155863975e-07,9.02368155863975e-07,0
20260927_101616_608,chiIG_high,chi_ig,high,0.1,0.45,2.5,40,34,xloc,high_minus_low,-0.000170234980669259,-0.000169444125387552,7.90855281707081e-07,7.90855281707081e-07,0
20260927_101616_608,chiIG_high,chi_ig,high,0.1,0.45,2.5,40,35,xloc,high_minus_low,-0.000163769817406956,-0.000163088297887581,6.81519519374341e-07,6.81519519374341e-07,0
20260927_101616_608,chiIG_high,chi_ig,high,0.1,0.45,2.5,40,36,xloc,high_minus_low,-0.000157829311993263,-0.000157254009465535,5.7530252772775e-07,5.7530252772775e-07,0
20260927_101616_608,chiIG_high,chi_ig,high,0.1,0.45,2.5,40,37,xloc,high_minus_low,-0.000152379298317795,-0.000151906304037497,4.72994280298344e-07,4.72994280298344e-07,0
20260927_101616_608,chiIG_high,chi_ig,high,0.1,0.45,2.5,40,38,xloc,high_minus_low,-0.000147385472589301,-0.000147010231891676,3.75240697625401e-07,3.75240697625401e-07,0
20260927_101616_608,chiIG_high,chi_ig,high,0.1,0.45,2.5,40,39,xloc,high_minus_low,-0.000142813776488615,-0.00014253122402319,2.82552465424857e-07,2.82552465424857e-07,0
20260927_101616_608,chiIG_high,chi_ig,high,0.1,0.45,2.5,40,40,xloc,high_minus_low,-0.000138630725724842,-0.000138435410993343,1.95314731499252e-07,1.95314731499252e-07,0
20260927_101616_608,alpha_low,alpha,low,0.1,0.4,2.5,20,1,ig,high_minus_low,-0.00222937182409258,-0.00224947020822201,-2.0098384129428e-05,-2.00983841294282e-05,2.16840434497101e-19
20260927_101616_608,alpha_low,alpha,low,0.1,0.4,2.5,20,2,ig,high_minus_low,-0.004079854017075,-0.00411465482111998,-3.48008040449797e-05,-3.48008040449801e-05,4.33680868994202e-19
20260927_101616_608,alpha_low,alpha,low,0.1,0.4,2.5,20,3,ig,high_minus_low,-0.00556238718417377,-0.00560674472223898,-4.43575380652131e-05,-4.43575380652131e-05,0
20260927_101616_608,alpha_low,alpha,low,0.1,0.4,2.5,20,4,ig,high_minus_low,-0.00670348383868917,-0.00675272812380619,-4.92442851170163e-05,-4.92442851170163e-05,0
20260927_101616_608,alpha_low,alpha,low,0.1,0.4,2.5,20,5,ig,high_minus_low,-0.00753708990772784,-0.00758716200021173,-5.00720924838842e-05,-5.00720924838842e-05,0
20260927_101616_608,alpha_low,alpha,low,0.1,0.4,2.5,20,6,ig,high_minus_low,-0.00809982850056776,-0.00814734611951906,-4.75176189513003e-05,-4.75176189512995e-05,-8.67361737988404e-19
20260927_101616_608,alpha_low,alpha,low,0.1,0.4,2.5,20,7,ig,high_minus_low,-0.00842827040370836,-0.00847054176232228,-4.22713586139163e-05,-4.22713586139163e-05,0
20260927_101616_608,alpha_low,alpha,low,0.1,0.4,2.5,20,8,ig,high_minus_low,-0.00855741242453007,-0.00859241326786978,-3.50008433397161e-05,-3.50008433397152e-05,-8.67361737988404e-19
20260927_101616_608,alpha_low,alpha,low,0.1,0.4,2.5,20,9,ig,high_minus_low,-0.00851987160272171,-0.00854619746352761,-2.63258608058925e-05,-2.63258608058916e-05,-8.67361737988404e-19
20260927_101616_608,alpha_low,alpha,low,0.1,0.4,2.5,20,10,ig,high_minus_low,-0.00834550138459668,-0.00836230441444476,-1.68030298480781e-05,-1.68030298480781e-05,0
20260927_101616_608,alpha_low,alpha,low,0.1,0.4,2.5,20,11,ig,high_minus_low,-0.00806125516635859,-0.00806817264678005,-6.91748042145994e-06,-6.91748042146081e-06,8.67361737988404e-19
20260927_101616_608,alpha_low,alpha,low,0.1,0.4,2.5,20,12,ig,high_minus_low,-0.00769119400583461,-0.00768827380256074,2.92020327386823e-06,2.92020327386823e-06,0
20260927_101616_608,alpha_low,alpha,low,0.1,0.4,2.5,20,13,ig,high_minus_low,-0.00725657771235797,-0.00724420446739452,1.23732449634536e-05,1.23732449634536e-05,0
20260927_101616_608,alpha_low,alpha,low,0.1,0.4,2.5,20,14,ig,high_minus_low,-0.00677600352052219,-0.00675482822689403,2.11752936281557e-05,2.11752936281557e-05,0
20260927_101616_608,alpha_low,alpha,low,0.1,0.4,2.5,20,15,ig,high_minus_low,-0.00626557116746145,-0.00623644588404077,2.91252834206772e-05,2.91252834206772e-05,0
20260927_101616_608,alpha_low,alpha,low,0.1,0.4,2.5,20,16,ig,high_minus_low,-0.00573906167348956,-0.00570298046103842,3.60812124511342e-05,3.60812124511342e-05,0
20260927_101616_608,alpha_low,alpha,low,0.1,0.4,2.5,20,17,ig,high_minus_low,-0.00520812202055935,-0.00516616867113571,4.1953349423641e-05,4.1953349423641e-05,0
20260927_101616_608,alpha_low,alpha,low,0.1,0.4,2.5,20,18,ig,high_minus_low,-0.0046824507475116,-0.00463575350157439,4.66972459372168e-05,4.66972459372168e-05,0
20260927_101616_608,alpha_low,alpha,low,0.1,0.4,2.5,20,19,ig,high_minus_low,-0.00416998112734446,-0.00411967429726536,5.03068300791018e-05,5.03068300791018e-05,0
20260927_101616_608,alpha_low,alpha,low,0.1,0.4,2.5,20,20,ig,high_minus_low,-0.00367705957798152,-0.00362425180024985,5.28077777316636e-05,5.28077777316636e-05,0
20260927_101616_608,alpha_low,alpha,low,0.1,0.4,2.5,20,21,ig,high_minus_low,-0.00320861758051303,-0.00315436628375171,5.42512967613195e-05,5.42512967613195e-05,0
20260927_101616_608,alpha_low,alpha,low,0.1,0.4,2.5,20,22,ig,high_minus_low,-0.00276833580358041,-0.00271362739150463,5.47084120757864e-05,5.47084120757864e-05,0
20260927_101616_608,alpha_low,alpha,low,0.1,0.4,2.5,20,23,ig,high_minus_low,-0.00235879944987307,-0.00230453464660704,5.42648032660306e-05,5.42648032660306e-05,0
20260927_101616_608,alpha_low,alpha,low,0.1,0.4,2.5,20,24,ig,high_minus_low,-0.00198164409809833,-0.00192862787925715,5.30162188411749e-05,5.30162188411751e-05,-2.16840434497101e-19
20260927_101616_608,alpha_low,alpha,low,0.1,0.4,2.5,20,25,ig,high_minus_low,-0.00163769153493226,-0.00158662706488943,5.10644700428325e-05,5.10644700428325e-05,0
20260927_101616_608,alpha_low,alpha,low,0.1,0.4,2.5,20,26,ig,high_minus_low,-0.00132707526724965,-0.00127856127578469,4.85139914649612e-05,4.85139914649612e-05,0
20260927_101616_608,alpha_low,alpha,low,0.1,0.4,2.5,20,27,ig,high_minus_low,-0.0010493555798115,-0.00100388663566986,4.54689441416422e-05,4.54689441416422e-05,0
20260927_101616_608,alpha_low,alpha,low,0.1,0.4,2.5,20,28,ig,high_minus_low,-0.000803624158956957,-0.000761593330467561,4.2030828489396e-05,4.2030828489396e-05,0
20260927_101616_608,alpha_low,alpha,low,0.1,0.4,2.5,20,29,ig,high_minus_low,-0.000588598438984918,-0.000550301870106198,3.82965688787199e-05,3.82965688787199e-05,0
20260927_101616_608,alpha_low,alpha,low,0.1,0.4,2.5,20,30,ig,high_minus_low,-0.000402705944883147,-0.000368348916758461,3.43570281246864e-05,3.43570281246864e-05,0
20260927_101616_608,alpha_low,alpha,low,0.1,0.4,2.5,20,31,ig,high_minus_low,-0.000244159003065861,-0.000213863094707459,3.0295908358402e-05,3.0295908358402e-05,0
20260927_101616_608,alpha_low,alpha,low,0.1,0.4,2.5,20,32,ig,high_minus_low,-0.000111020271445841,-8.48312771423396e-05,2.61889943035017e-05,2.61889943035017e-05,0
20260927_101616_608,alpha_low,alpha,low,0.1,0.4,2.5,20,33,ig,high_minus_low,-1.25960235528946e-06,2.08440932041263e-05,2.21036955594158e-05,2.21036955594158e-05,0
20260927_101616_608,alpha_low,alpha,low,0.1,0.4,2.5,20,34,ig,high_minus_low,8.71972022200666e-05,0.000105296048150243,1.80988459301765e-05,1.80988459301765e-05,0
20260927_101616_608,alpha_low,alpha,low,0.1,0.4,2.5,20,35,ig,high_minus_low,0.000156427152532325,0.000170651872404582,1.42247198722569e-05,1.42247198722569e-05,1.35525271560688e-20
20260927_101616_608,alpha_low,alpha,low,0.1,0.4,2.5,20,36,ig,high_minus_low,0.00020847574173632,0.000218998970384747,1.05232286484273e-05,1.05232286484273e-05,-1.01643953670516e-20
20260927_101616_608,alpha_low,alpha,low,0.1,0.4,2.5,20,37,ig,high_minus_low,0.000245328910898161,0.000252357172493209,7.02826159504805e-06,7.02826159504803e-06,1.6940658945086e-20
20260927_101616_608,alpha_low,alpha,low,0.1,0.4,2.5,20,38,ig,high_minus_low,0.000268890697944941,0.000272656838884329,3.76614093938743e-06,3.76614093938743e-06,0
20260927_101616_608,alpha_low,alpha,low,0.1,0.4,2.5,20,39,ig,high_minus_low,0.000280965972743186,0.000281722134473639,7.56161730452955e-07,7.56161730452989e-07,-3.3881317890172e-20
20260927_101616_608,alpha_low,alpha,low,0.1,0.4,2.5,20,40,ig,high_minus_low,0.000283247680127908,0.000281258871731698,-1.98880839621013e-06,-1.98880839621017e-06,4.06575814682064e-20
20260927_101616_608,alpha_low,alpha,low,0.1,0.4,2.5,20,1,kg,high_minus_low,-5.57342956022019e-05,-5.62367552055706e-05,-5.02459603368699e-07,-5.02459603368699e-07,0
20260927_101616_608,alpha_low,alpha,low,0.1,0.4,2.5,20,2,kg,high_minus_low,-0.000156337288639101,-0.000157697206854916,-1.35991821581527e-06,-1.35991821581526e-06,-1.35525271560688e-20
20260927_101616_608,alpha_low,alpha,low,0.1,0.4,2.5,20,3,kg,high_minus_low,-0.000291488536027599,-0.000293923394741325,-2.43485871372534e-06,-2.43485871372534e-06,0
20260927_101616_608,alpha_low,alpha,low,0.1,0.4,2.5,20,4,kg,high_minus_low,-0.000451788418594131,-0.000455393512969563,-3.60509437543255e-06,-3.60509437543255e-06,0
20260927_101616_608,alpha_low,alpha,low,0.1,0.4,2.5,20,5,kg,high_minus_low,-0.000628920955822454,-0.00063368772515208,-4.76676932962639e-06,-4.76676932962633e-06,-5.42101086242752e-20
20260927_101616_608,alpha_low,alpha,low,0.1,0.4,2.5,20,6,kg,high_minus_low,-0.000815693644441081,-0.00082152918501277,-5.83554057168945e-06,-5.83554057168945e-06,0
20260927_101616_608,alpha_low,alpha,low,0.1,0.4,2.5,20,7,kg,high_minus_low,-0.00100600806342277,-0.00101275449944704,-6.74643602427416e-06,-6.74643602427405e-06,-1.0842021724855e-19
20260927_101616_608,alpha_low,alpha,low,0.1,0.4,2.5,20,8,kg,high_minus_low,-0.00119479317245041,-0.00120224596865892,-7.4527962085067e-06,-7.4527962085067e-06,0
20260927_101616_608,alpha_low,alpha,low,0.1,0.4,2.5,20,9,kg,high_minus_low,-0.00137792013320703,-0.00138584475603221,-7.92462282517281e-06,-7.9246228251727e-06,-1.0842021724855e-19
20260927_101616_608,alpha_low,alpha,low,0.1,0.4,2.5,20,10,kg,high_minus_low,-0.00155210966449197,-0.00156025624749367,-8.14658300170757e-06,-8.14658300170757e-06,0
20260927_101616_608,alpha_low,alpha,low,0.1,0.4,2.5,20,11,kg,high_minus_low,-0.00171483830203859,-0.0017229541574774,-8.11585543880567e-06,-8.11585543880567e-06,0
20260927_101616_608,alpha_low,alpha,low,0.1,0.4,2.5,20,12,kg,high_minus_low,-0.00186424719463341,-0.00187208714860572,-7.83995397231818e-06,-7.83995397231818e-06,0
20260927_101616_608,alpha_low,alpha,low,0.1,0.4,2.5,20,13,kg,high_minus_low,-0.00199905545757662,-0.00200639008157681,-7.33462400019213e-06,-7.33462400019191e-06,-2.16840434497101e-19
20260927_101616_608,alpha_low,alpha,low,0.1,0.4,2.5,20,14,kg,high_minus_low,-0.00211847915915016,-0.00212510103521098,-6.62187606081943e-06,-6.62187606081943e-06,0
20260927_101616_608,alpha_low,alpha,low,0.1,0.4,2.5,20,15,kg,high_minus_low,-0.00222215645935793,-0.00222788465643294,-5.7281970750056e-06,-5.7281970750056e-06,0
20260927_101616_608,alpha_low,alpha,low,0.1,0.4,2.5,20,16,kg,high_minus_low,-0.00231007908971107,-0.0023147620515492,-4.68296183812411e-06,-4.6829618381239e-06,-2.16840434497101e-19
20260927_101616_608,alpha_low,alpha,low,0.1,0.4,2.5,20,17,kg,high_minus_low,-0.00238253016298244,-0.00238604721704024,-3.517054057804e-06,-3.51705405780378e-06,-2.16840434497101e-19
20260927_101616_608,alpha_low,alpha,low,0.1,0.4,2.5,20,18,kg,high_minus_low,-0.00244002817759566,-0.00244228987415477,-2.26169655911023e-06,-2.26169655911002e-06,-2.16840434497101e-19
20260927_101616_608,alpha_low,alpha,low,0.1,0.4,2.5,20,19,kg,high_minus_low,-0.00248327700133925,-0.00248422448473377,-9.47483394519999e-07,-9.47483394519999e-07,0
20260927_101616_608,alpha_low,alpha,low,0.1,0.4,2.5,20,20,kg,high_minus_low,-0.00251312156575534,-0.00251272516762287,3.96398132466828e-07,3.96398132466828e-07,0
20260927_101616_608,alpha_low,alpha,low,0.1,0.4,2.5,20,21,kg,high_minus_low,-0.00253050896612428,-0.002528766195527,1.74277059727945e-06,1.74277059727945e-06,0
20260927_101616_608,alpha_low,alpha,low,0.1,0.4,2.5,20,22,kg,high_minus_low,-0.00253645463706061,-0.00253338772542762,3.06691163298733e-06,3.06691163298733e-06,0
20260927_101616_608,alpha_low,alpha,low,0.1,0.4,2.5,20,23,kg,high_minus_low,-0.00253201325738102,-0.00252766639845821,4.3468589228093e-06,4.34685892280952e-06,-2.16840434497101e-19
20260927_101616_608,alpha_low,alpha,low,0.1,0.4,2.5,20,24,kg,high_minus_low,-0.00251825402839874,-0.00251269043547923,5.56359291951436e-06,5.56359291951436e-06,0
20260927_101616_608,alpha_low,alpha,low,0.1,0.4,2.5,20,25,kg,high_minus_low,-0.00249623996606219,-0.00248953885121546,6.70111484672243e-06,6.70111484672243e-06,0
20260927_101616_608,alpha_low,alpha,low,0.1,0.4,2.5,20,26,kg,high_minus_low,-0.00246701084859191,-0.00245926441183079,7.74643676112107e-06,7.74643676112107e-06,0
20260927_101616_608,alpha_low,alpha,low,0.1,0.4,2.5,20,27,kg,high_minus_low,-0.00243156946687232,-0.00242287996742789,8.68949944443642e-06,8.68949944443642e-06,0
20260927_101616_608,alpha_low,alpha,low,0.1,0.4,2.5,20,28,kg,high_minus_low,-0.00239087083417429,-0.00238134780150501,9.52303266928568e-06,9.52303266928568e-06,0
20260927_101616_608,alpha_low,alpha,low,0.1,0.4,2.5,20,29,kg,high_minus_low,-0.00234581402429472,-0.00233557165322085,1.02423710738693e-05,1.02423710738695e-05,-2.16840434497101e-19
20260927_101616_608,alpha_low,alpha,low,0.1,0.4,2.5,20,30,kg,high_minus_low,-0.00229723632230912,-0.00228639108481032,1.08452374987982e-05,1.08452374987982e-05,0
20260927_101616_608,alpha_low,alpha,low,0.1,0.4,2.5,20,31,kg,high_minus_low,-0.00224590938932826,-0.00223457788505854,1.13315042697222e-05,1.1331504269722e-05,2.16840434497101e-19
20260927_101616_608,alpha_low,alpha,low,0.1,0.4,2.5,20,32,kg,high_minus_low,-0.00219253716138124,-0.00218083421986167,1.17029415195686e-05,1.17029415195684e-05,2.16840434497101e-19
20260927_101616_608,alpha_low,alpha,low,0.1,0.4,2.5,20,33,kg,high_minus_low,-0.00213775522240556,-0.00212579226203602,1.19629603695381e-05,1.19629603695379e-05,2.16840434497101e-19
20260927_101616_608,alpha_low,alpha,low,0.1,0.4,2.5,20,34,kg,high_minus_low,-0.00208213141178989,-0.00207001505428221,1.21163575076775e-05,1.21163575076777e-05,-2.16840434497101e-19
20260927_101616_608,alpha_low,alpha,low,0.1,0.4,2.5,20,35,kg,high_minus_low,-0.00202616744768162,-0.0020139983811159,1.21690665657224e-05,1.21690665657224e-05,0
20260927_101616_608,alpha_low,alpha,low,0.1,0.4,2.5,20,36,kg,high_minus_low,-0.00197030136794618,-0.00195817344732933,1.21279206168521e-05,1.21279206168523e-05,-2.16840434497101e-19
20260927_101616_608,alpha_low,alpha,low,0.1,0.4,2.5,20,37,kg,high_minus_low,-0.00191491061097523,-0.00190291018183464,1.20004291405871e-05,1.20004291405871e-05,0
20260927_101616_608,alpha_low,alpha,low,0.1,0.4,2.5,20,38,kg,high_minus_low,-0.00186031557825224,-0.00184852100631738,1.17945719348609e-05,1.17945719348609e-05,0
20260927_101616_608,alpha_low,alpha,low,0.1,0.4,2.5,20,39,kg,high_minus_low,-0.00180678353947731,-0.00179526492779858,1.15186116787329e-05,1.15186116787329e-05,0
20260927_101616_608,alpha_low,alpha,low,0.1,0.4,2.5,20,40,kg,high_minus_low,-0.00175453275898722,-0.00174335183281119,1.11809261760243e-05,1.11809261760243e-05,0
20260927_101616_608,alpha_low,alpha,low,0.1,0.4,2.5,20,1,xloc,high_minus_low,-0.0001868259696578,-0.000188023395314652,-1.19742565685144e-06,-1.19742565685144e-06,0
20260927_101616_608,alpha_low,alpha,low,0.1,0.4,2.5,20,2,xloc,high_minus_low,-0.000327116811340122,-0.000329078838977925,-1.96202763780295e-06,-1.96202763780295e-06,0
20260927_101616_608,alpha_low,alpha,low,0.1,0.4,2.5,20,3,xloc,high_minus_low,-0.000428166385167628,-0.000430521930353756,-2.35554518612791e-06,-2.35554518612791e-06,0
20260927_101616_608,alpha_low,alpha,low,0.1,0.4,2.5,20,4,xloc,high_minus_low,-0.000497081653709874,-0.000499526559211483,-2.44490550160847e-06,-2.44490550160847e-06,0
20260927_101616_608,alpha_low,alpha,low,0.1,0.4,2.5,20,5,xloc,high_minus_low,-0.000540288159354363,-0.000542584466197704,-2.29630684334126e-06,-2.29630684334126e-06,0
20260927_101616_608,alpha_low,alpha,low,0.1,0.4,2.5,20,6,xloc,high_minus_low,-0.000563341759112768,-0.000565313162214309,-1.97140310154165e-06,-1.97140310154165e-06,0
20260927_101616_608,alpha_low,alpha,low,0.1,0.4,2.5,20,7,xloc,high_minus_low,-0.000570906756776735,-0.000572431858273159,-1.5251014964246e-06,-1.5251014964246e-06,0
20260927_101616_608,alpha_low,alpha,low,0.1,0.4,2.5,20,8,xloc,high_minus_low,-0.000566817795932817,-0.000567822329421541,-1.00453348872431e-06,-1.00453348872431e-06,0
20260927_101616_608,alpha_low,alpha,low,0.1,0.4,2.5,20,9,xloc,high_minus_low,-0.000554177896878172,-0.000554626732745644,-4.48835867472575e-07,-4.48835867472575e-07,0
20260927_101616_608,alpha_low,alpha,low,0.1,0.4,2.5,20,10,xloc,high_minus_low,-0.00053546621136602,-0.000535355670696402,1.10540669617798e-07,1.10540669617798e-07,0
20260927_101616_608,alpha_low,alpha,low,0.1,0.4,2.5,20,11,xloc,high_minus_low,-0.000512641695961991,-0.000511992490100588,6.49205861402713e-07,6.49205861402713e-07,0
20260927_101616_608,alpha_low,alpha,low,0.1,0.4,2.5,20,12,xloc,high_minus_low,-0.000487236267187385,-0.000486087229524479,1.14903766290642e-06,1.14903766290642e-06,0
20260927_101616_608,alpha_low,alpha,low,0.1,0.4,2.5,20,13,xloc,high_minus_low,-0.000460435159774897,-0.000458837832885584,1.59732688931324e-06,1.59732688931324e-06,0
20260927_101616_608,alpha_low,alpha,low,0.1,0.4,2.5,20,14,xloc,high_minus_low,-0.000433144443363398,-0.000431158516733032,1.98592663036568e-06,1.98592663036568e-06,0
20260927_101616_608,alpha_low,alpha,low,0.1,0.4,2.5,20,15,xloc,high_minus_low,-0.000406046753035016,-0.000403736304614877,2.31044842013972e-06,2.31044842013972e-06,0
20260927_101616_608,alpha_low,alpha,low,0.1,0.4,2.5,20,16,xloc,high_minus_low,-0.000379646738908113,-0.000377077210071852,2.56952883626038e-06,2.56952883626038e-06,0
20260927_101616_608,alpha_low,alpha,low,0.1,0.4,2.5,20,17,xloc,high_minus_low,-0.000354307832075906,-0.000351543654407926,2.76417766797987e-06,2.76417766797987e-06,0
20260927_101616_608,alpha_low,alpha,low,0.1,0.4,2.5,20,18,xloc,high_minus_low,-0.000330281832648049,-0.000327384622107241,2.89721054080871e-06,2.89721054080871e-06,0
20260927_101616_608,alpha_low,alpha,low,0.1,0.4,2.5,20,19,xloc,high_minus_low,-0.00030773265173234,-0.000304759888046124,2.97276368621535e-06,2.97276368621535e-06,0
20260927_101616_608,alpha_low,alpha,low,0.1,0.4,2.5,20,20,xloc,high_minus_low,-0.000286755339752087,-0.000283759454247634,2.99588550445318e-06,2.99588550445318e-06,0
20260927_101616_608,alpha_low,alpha,low,0.1,0.4,2.5,20,21,xloc,high_minus_low,-0.000267391338718781,-0.000264419140746597,2.97219797218418e-06,2.97219797218418e-06,0
20260927_101616_608,alpha_low,alpha,low,0.1,0.4,2.5,20,22,xloc,high_minus_low,-0.000249640720471733,-0.000246733100156105,2.90762031562863e-06,2.90762031562863e-06,0
20260927_101616_608,alpha_low,alpha,low,0.1,0.4,2.5,20,23,xloc,high_minus_low,-0.000233472021965886,-0.000230663874625558,2.80814734032742e-06,2.80814734032742e-06,0
20260927_101616_608,alpha_low,alpha,low,0.1,0.4,2.5,20,24,xloc,high_minus_low,-0.000218830163045025,-0.00021615048790069,2.67967514433476e-06,2.67967514433476e-06,0
20260927_101616_608,alpha_low,alpha,low,0.1,0.4,2.5,20,25,xloc,high_minus_low,-0.000205642829892549,-0.000203114962418538,2.52786747401146e-06,2.52786747401146e-06,0
20260927_101616_608,alpha_low,alpha,low,0.1,0.4,2.5,20,26,xloc,high_minus_low,-0.000193825625547372,-0.000191467568945392,2.35805660198096e-06,2.35805660198096e-06,0
20260927_101616_608,alpha_low,alpha,low,0.1,0.4,2.5,20,27,xloc,high_minus_low,-0.000183286224268886,-0.000181111051012928,2.17517325595828e-06,2.17517325595828e-06,0
20260927_101616_608,alpha_low,alpha,low,0.1,0.4,2.5,20,28,xloc,high_minus_low,-0.000173927716021316,-0.000171944015263104,1.98370075821241e-06,1.98370075821241e-06,0
20260927_101616_608,alpha_low,alpha,low,0.1,0.4,2.5,20,29,xloc,high_minus_low,-0.00016565128814483,-0.000163863639021877,1.78764912295293e-06,1.78764912295293e-06,0
20260927_101616_608,alpha_low,alpha,low,0.1,0.4,2.5,20,30,xloc,high_minus_low,-0.000158358361022404,-0.000156767815615577,1.59054540682657e-06,1.59054540682657e-06,0
20260927_101616_608,alpha_low,alpha,low,0.1,0.4,2.5,20,31,xloc,high_minus_low,-0.00015195227126541,-0.000150556834168314,1.39543709709589e-06,1.39543709709589e-06,0
20260927_101616_608,alpha_low,alpha,low,0.1,0.4,2.5,20,32,xloc,high_minus_low,-0.000146339578026122,-0.000145134672267178,1.20490575894472e-06,1.20490575894472e-06,0
20260927_101616_608,alpha_low,alpha,low,0.1,0.4,2.5,20,33,xloc,high_minus_low,-0.000141431054256791,-0.000140409965699528,1.02108855726257e-06,1.02108855726257e-06,0
20260927_101616_608,alpha_low,alpha,low,0.1,0.4,2.5,20,34,xloc,high_minus_low,-0.000137142414039726,-0.000136296708424188,8.4570561553754e-07,8.4570561553754e-07,0
20260927_101616_608,alpha_low,alpha,low,0.1,0.4,2.5,20,35,xloc,high_minus_low,-0.000133394818786048,-0.000132714727304806,6.80091481242151e-07,6.80091481242151e-07,0
20260927_101616_608,alpha_low,alpha,low,0.1,0.4,2.5,20,36,xloc,high_minus_low,-0.000130115198507808,-0.000129589969270927,5.25229236880698e-07,5.25229236880698e-07,0
20260927_101616_608,alpha_low,alpha,low,0.1,0.4,2.5,20,37,xloc,high_minus_low,-0.000127236419109167,-0.000126854633067386,3.81786041780963e-07,3.81786041780963e-07,0
20260927_101616_608,alpha_low,alpha,low,0.1,0.4,2.5,20,38,xloc,high_minus_low,-0.000124697322340328,-0.00012444717324489,2.50149095437635e-07,2.50149095437635e-07,0
20260927_101616_608,alpha_low,alpha,low,0.1,0.4,2.5,20,39,xloc,high_minus_low,-0.000122442661509403,-0.000122312200304009,1.30461205394283e-07,1.30461205394283e-07,0
20260927_101616_608,alpha_low,alpha,low,0.1,0.4,2.5,20,40,xloc,high_minus_low,-0.000120422953030164,-0.00012040029772542,2.26553047433242e-08,2.26553047433242e-08,0
20260927_101616_608,alpha_high,alpha,high,0.1,0.5,2.5,20,1,ig,high_minus_low,-0.00224878428939553,-0.00227559140045241,-2.68071110568848e-05,-2.6807111056885e-05,2.16840434497101e-19
20260927_101616_608,alpha_high,alpha,high,0.1,0.5,2.5,20,2,ig,high_minus_low,-0.0041107478598236,-0.00415690041262844,-4.61525528048373e-05,-4.61525528048369e-05,-4.33680868994202e-19
20260927_101616_608,alpha_high,alpha,high,0.1,0.5,2.5,20,3,ig,high_minus_low,-0.00559849904008998,-0.00565707405735805,-5.85750172680619e-05,-5.85750172680619e-05,0
20260927_101616_608,alpha_high,alpha,high,0.1,0.5,2.5,20,4,ig,high_minus_low,-0.00674047204566921,-0.00680533314113818,-6.48610954689698e-05,-6.48610954689698e-05,0
20260927_101616_608,alpha_high,alpha,high,0.1,0.5,2.5,20,5,ig,high_minus_low,-0.00757233270503854,-0.00763825503440838,-6.59223293698408e-05,-6.59223293698408e-05,0
20260927_101616_608,alpha_high,alpha,high,0.1,0.5,2.5,20,6,ig,high_minus_low,-0.00813202653883356,-0.00819473393417064,-6.27073953370777e-05,-6.27073953370777e-05,0
20260927_101616_608,alpha_high,alpha,high,0.1,0.5,2.5,20,7,ig,high_minus_low,-0.0084570187301804,-0.00851316099115956,-5.61422609791674e-05,-5.61422609791674e-05,0
20260927_101616_608,alpha_high,alpha,high,0.1,0.5,2.5,20,8,ig,high_minus_low,-0.00858282831850491,-0.00862991999785364,-4.70916793487292e-05,-4.70916793487292e-05,0
20260927_101616_608,alpha_high,alpha,high,0.1,0.5,2.5,20,9,ig,high_minus_low,-0.0085423112595736,-0.00857864767352297,-3.63364139493762e-05,-3.6336413949377e-05,8.67361737988404e-19
20260927_101616_608,alpha_high,alpha,high,0.1,0.5,2.5,20,10,ig,high_minus_low,-0.00836536736716839,-0.00838992908851373,-2.4561721345337e-05,-2.45617213453378e-05,8.67361737988404e-19
20260927_101616_608,alpha_high,alpha,high,0.1,0.5,2.5,20,11,ig,high_minus_low,-0.00807888139640947,-0.00809123505721339,-1.23536608039251e-05,-1.23536608039269e-05,1.73472347597681e-18
20260927_101616_608,alpha_high,alpha,high,0.1,0.5,2.5,20,12,ig,high_minus_low,-0.00770678988557006,-0.00770699056165727,-2.00676087205864e-07,-2.00676087205864e-07,0
20260927_101616_608,alpha_high,alpha,high,0.1,0.5,2.5,20,13,ig,high_minus_low,-0.00727021326427241,-0.00725871185408011,1.15014101922948e-05,1.15014101922948e-05,0
20260927_101616_608,alpha_high,alpha,high,0.1,0.5,2.5,20,14,ig,high_minus_low,-0.00678762025373541,-0.00676517793565685,2.24423180785601e-05,2.24423180785601e-05,0
20260927_101616_608,alpha_high,alpha,high,0.1,0.5,2.5,20,15,ig,high_minus_low,-0.00627500696424738,-0.00624261788271842,3.23890815289571e-05,3.23890815289571e-05,0
20260927_101616_608,alpha_high,alpha,high,0.1,0.5,2.5,20,16,ig,high_minus_low,-0.00574608141622202,-0.0057049040998583,4.11773163637198e-05,4.11773163637198e-05,0
20260927_101616_608,alpha_high,alpha,high,0.1,0.5,2.5,20,17,ig,high_minus_low,-0.00521244854372211,-0.00516374611733058,4.87024263915352e-05,4.87024263915352e-05,0
20260927_101616_608,alpha_high,alpha,high,0.1,0.5,2.5,20,18,ig,high_minus_low,-0.00468379289617615,-0.00462888185244863,5.49110437275211e-05,5.49110437275215e-05,-4.33680868994202e-19
20260927_101616_608,alpha_high,alpha,high,0.1,0.5,2.5,20,19,ig,high_minus_low,-0.00416805727778182,-0.0041082643807674,5.97928970144197e-05,5.97928970144193e-05,4.33680868994202e-19
20260927_101616_608,alpha_high,alpha,high,0.1,0.5,2.5,20,20,ig,high_minus_low,-0.00367161603518444,-0.00360824280563367,6.33732295507684e-05,6.33732295507684e-05,0
20260927_101616_608,alpha_high,alpha,high,0.1,0.5,2.5,20,21,ig,high_minus_low,-0.00319944193190649,-0.0031337360929191,6.57058389873927e-05,6.57058389873927e-05,0
20260927_101616_608,alpha_high,alpha,high,0.1,0.5,2.5,20,22,ig,high_minus_low,-0.00275526568796573,-0.00268839891317957,6.68667747861602e-05,6.68667747861602e-05,0
20260927_101616_608,alpha_high,alpha,high,0.1,0.5,2.5,20,23,ig,high_minus_low,-0.00234172738562885,-0.00227477868116992,6.69487044589281e-05,6.69487044589281e-05,0
20260927_101616_608,alpha_high,alpha,high,0.1,0.5,2.5,20,24,ig,high_minus_low,-0.00196051907349071,-0.00189446313187113,6.60559416195789e-05,6.60559416195789e-05,0
20260927_101616_608,alpha_high,alpha,high,0.1,0.5,2.5,20,25,ig,high_minus_low,-0.00161251804568543,-0.00154821792972305,6.43001159623727e-05,6.43001159623727e-05,0
20260927_101616_608,alpha_high,alpha,high,0.1,0.5,2.5,20,26,ig,high_minus_low,-0.00129791042654167,-0.00123611397053053,6.17964560111393e-05,6.17964560111393e-05,0
20260927_101616_608,alpha_high,alpha,high,0.1,0.5,2.5,20,27,ig,high_minus_low,-0.00101630484614171,-0.000957644197222806,5.86606489189068e-05,5.86606489189067e-05,1.0842021724855e-19
20260927_101616_608,alpha_high,alpha,high,0.1,0.5,2.5,20,28,ig,high_minus_low,-0.000766836142030806,-0.000711829904957717,5.5006237073089e-05,5.5006237073089e-05,0
20260927_101616_608,alpha_high,alpha,high,0.1,0.5,2.5,20,29,ig,high_minus_low,-0.000548259161184973,-0.000497316652811492,5.09425083734805e-05,5.09425083734805e-05,0
20260927_101616_608,alpha_high,alpha,high,0.1,0.5,2.5,20,30,ig,high_minus_low,-0.000359032860449438,-0.00031246002501796,4.6572835431478e-05,4.6572835431478e-05,0
20260927_101616_608,alpha_high,alpha,high,0.1,0.5,2.5,20,31,ig,high_minus_low,-0.000197395010786278,-0.000155401592384525,4.19934184017525e-05,4.19934184017525e-05,0
20260927_101616_608,alpha_high,alpha,high,0.1,0.5,2.5,20,32,ig,high_minus_low,-6.1427899873447e-05,-2.41355133931883e-05,3.72923864802588e-05,3.72923864802588e-05,0
20260927_101616_608,alpha_high,alpha,high,0.1,0.5,2.5,20,33,ig,high_minus_low,5.08845010287196e-05,8.34337151824303e-05,3.25492141537107e-05,3.25492141537107e-05,0
20260927_101616_608,alpha_high,alpha,high,0.1,0.5,2.5,20,34,ig,high_minus_low,0.000141607385742426,0.000169441795660336,2.78344099179095e-05,2.78344099179095e-05,-6.7762635780344e-21
20260927_101616_608,alpha_high,alpha,high,0.1,0.5,2.5,20,35,ig,high_minus_low,0.000212813418720356,0.000236022855999834,2.32094372794774e-05,2.32094372794774e-05,-1.6940658945086e-20
20260927_101616_608,alpha_high,alpha,high,0.1,0.5,2.5,20,36,ig,high_minus_low,0.000266547914710979,0.000285274745032959,1.87268303219791e-05,1.87268303219791e-05,0
20260927_101616_608,alpha_high,alpha,high,0.1,0.5,2.5,20,37,ig,high_minus_low,0.000304800298337136,0.00031923076717263,1.4430468835494e-05,1.4430468835494e-05,-1.35525271560688e-20
20260927_101616_608,alpha_high,alpha,high,0.1,0.5,2.5,20,38,ig,high_minus_low,0.000329481248923536,0.000339837229834083,1.03559809105462e-05,1.03559809105462e-05,1.35525271560688e-20
20260927_101616_608,alpha_high,alpha,high,0.1,0.5,2.5,20,39,ig,high_minus_low,0.000342404944757638,0.000348936188659249,6.53124390161131e-06,6.53124390161133e-06,-2.71050543121376e-20
20260927_101616_608,alpha_high,alpha,high,0.1,0.5,2.5,20,40,ig,high_minus_low,0.000345275837540168,0.000348252795229093,2.97695768892525e-06,2.97695768892525e-06,0
20260927_101616_608,alpha_high,alpha,high,0.1,0.5,2.5,20,1,kg,high_minus_low,-5.62196072349345e-05,-5.68897850113566e-05,-6.70177776422129e-07,-6.70177776422129e-07,0
20260927_101616_608,alpha_high,alpha,high,0.1,0.5,2.5,20,2,kg,high_minus_low,-0.000157582813549532,-0.000159390050702424,-1.80723715289174e-06,-1.80723715289174e-06,0
20260927_101616_608,alpha_high,alpha,high,0.1,0.5,2.5,20,3,kg,high_minus_low,-0.000293605719213219,-0.000296832150869508,-3.22643165628911e-06,-3.22643165628911e-06,0
20260927_101616_608,alpha_high,alpha,high,0.1,0.5,2.5,20,4,kg,high_minus_low,-0.000454777377374612,-0.000459544675626885,-4.76729825227279e-06,-4.76729825227279e-06,0
20260927_101616_608,alpha_high,alpha,high,0.1,0.5,2.5,20,5,kg,high_minus_low,-0.000632716260566083,-0.000639012434597112,-6.29617403102866e-06,-6.29617403102866e-06,0
20260927_101616_608,alpha_high,alpha,high,0.1,0.5,2.5,20,6,kg,high_minus_low,-0.000820199017522727,-0.00082790547208685,-7.70645456412344e-06,-7.70645456412344e-06,0
20260927_101616_608,alpha_high,alpha,high,0.1,0.5,2.5,20,7,kg,high_minus_low,-0.00101111951033924,-0.00102003686006436,-8.91734972511648e-06,-8.91734972511659e-06,1.0842021724855e-19
20260927_101616_608,alpha_high,alpha,high,0.1,0.5,2.5,20,8,kg,high_minus_low,-0.00120041223054349,-0.00121028393850938,-9.87170796588411e-06,-9.87170796588421e-06,1.0842021724855e-19
20260927_101616_608,alpha_high,alpha,high,0.1,0.5,2.5,20,9,kg,high_minus_low,-0.00138395970626907,-0.00139449303188525,-1.05333256161797e-05,-1.05333256161797e-05,0
20260927_101616_608,alpha_high,alpha,high,0.1,0.5,2.5,20,10,kg,high_minus_low,-0.00155849489779166,-0.00156937893330119,-1.08840355095285e-05,-1.08840355095285e-05,0
20260927_101616_608,alpha_high,alpha,high,0.1,0.5,2.5,20,11,kg,high_minus_low,-0.00172150456025699,-0.00173242533639928,-1.09207761422869e-05,-1.09207761422869e-05,0
20260927_101616_608,alpha_high,alpha,high,0.1,0.5,2.5,20,12,kg,high_minus_low,-0.00187113669339008,-0.00188178946703107,-1.06527736409845e-05,-1.06527736409845e-05,0
20260927_101616_608,alpha_high,alpha,high,0.1,0.5,2.5,20,13,kg,high_minus_low,-0.00200611360766193,-0.0020162125267074,-1.00989190454648e-05,-1.00989190454648e-05,0
20260927_101616_608,alpha_high,alpha,high,0.1,0.5,2.5,20,14,kg,high_minus_low,-0.002125651273814,-0.00213493666193147,-9.28538811747126e-06,-9.28538811747104e-06,-2.16840434497101e-19
20260927_101616_608,alpha_high,alpha,high,0.1,0.5,2.5,20,15,kg,high_minus_low,-0.00222938516607485,-0.00223762869245118,-8.24352637633207e-06,-8.24352637633164e-06,-4.33680868994202e-19
20260927_101616_608,alpha_high,alpha,high,0.1,0.5,2.5,20,16,kg,high_minus_low,-0.0023173025723285,-0.00232431057763642,-7.00800530791445e-06,-7.00800530791445e-06,0
20260927_101616_608,alpha_high,alpha,high,0.1,0.5,2.5,20,17,kg,high_minus_low,-0.00238968122161343,-0.0023952964661289,-5.61524451547822e-06,-5.61524451547801e-06,-2.16840434497101e-19
20260927_101616_608,alpha_high,alpha,high,0.1,0.5,2.5,20,18,kg,high_minus_low,-0.00244703401347746,-0.00245113610078692,-4.10208730946236e-06,-4.10208730946236e-06,0
20260927_101616_608,alpha_high,alpha,high,0.1,0.5,2.5,20,19,kg,high_minus_low,-0.00249005959508515,-0.00249256430778648,-2.50471270132023e-06,-2.50471270132001e-06,-2.16840434497101e-19
20260927_101616_608,alpha_high,alpha,high,0.1,0.5,2.5,20,20,kg,high_minus_low,-0.00251959850608755,-0.00252045627023282,-8.57764145267836e-07,-8.5776414526762e-07,-2.16840434497101e-19
20260927_101616_608,alpha_high,alpha,high,0.1,0.5,2.5,20,21,kg,high_minus_low,-0.00253659459173309,-0.00253578826580003,8.06325933059952e-07,8.06325933060169e-07,-2.16840434497101e-19
20260927_101616_608,alpha_high,alpha,high,0.1,0.5,2.5,20,22,kg,high_minus_low,-0.00254206136913904,-0.00253960353198431,2.45783715472703e-06,2.45783715472725e-06,-2.16840434497101e-19
20260927_101616_608,alpha_high,alpha,high,0.1,0.5,2.5,20,23,kg,high_minus_low,-0.00253705301955139,-0.00253298291071402,4.07010883736935e-06,4.07010883736935e-06,0
20260927_101616_608,alpha_high,alpha,high,0.1,0.5,2.5,20,24,kg,high_minus_low,-0.00252263967089994,-0.00251701991624276,5.61975465718277e-06,5.61975465718256e-06,2.16840434497101e-19
20260927_101616_608,alpha_high,alpha,high,0.1,0.5,2.5,20,25,kg,high_minus_low,-0.00249988663026964,-0.00249279986657987,7.08676368976714e-06,7.08676368976714e-06,0
20260927_101616_608,alpha_high,alpha,high,0.1,0.5,2.5,20,26,kg,high_minus_low,-0.00246983722517635,-0.00246138271917847,8.45450599788354e-06,8.45450599788332e-06,2.16840434497101e-19
20260927_101616_608,alpha_high,alpha,high,0.1,0.5,2.5,20,27,kg,high_minus_low,-0.00243349891570062,-0.00242378925612963,9.70965957099602e-06,9.70965957099623e-06,-2.16840434497101e-19
20260927_101616_608,alpha_high,alpha,high,0.1,0.5,2.5,20,28,kg,high_minus_low,-0.00239183234635898,-0.00238099027235021,1.08420740087731e-05,1.08420740087733e-05,-2.16840434497101e-19
20260927_101616_608,alpha_high,alpha,high,0.1,0.5,2.5,20,29,kg,high_minus_low,-0.00234574301672952,-0.00233389843186179,1.18445848677306e-05,1.18445848677304e-05,2.16840434497101e-19
20260927_101616_608,alpha_high,alpha,high,0.1,0.5,2.5,20,30,kg,high_minus_low,-0.00229607526282261,-0.00228336247169059,1.27127911320191e-05,1.27127911320193e-05,-2.16840434497101e-19
20260927_101616_608,alpha_high,alpha,high,0.1,0.5,2.5,20,31,kg,high_minus_low,-0.00224360825652174,-0.00223016344970776,1.34448068139776e-05,1.34448068139779e-05,-2.16840434497101e-19
20260927_101616_608,alpha_high,alpha,high,0.1,0.5,2.5,20,32,kg,high_minus_low,-0.00218905374760547,-0.00217501275129983,1.4040996305642e-05,1.4040996305642e-05,0
20260927_101616_608,alpha_high,alpha,high,0.1,0.5,2.5,20,33,kg,high_minus_low,-0.00213305529138989,-0.00211855158963788,1.45037017520071e-05,1.45037017520071e-05,0
20260927_101616_608,alpha_high,alpha,high,0.1,0.5,2.5,20,34,kg,high_minus_low,-0.00207618872446154,-0.00206135175500536,1.4836969456181e-05,1.48369694561812e-05,-2.16840434497101e-19
20260927_101616_608,alpha_high,alpha,high,0.1,0.5,2.5,20,35,kg,high_minus_low,-0.00201896367088209,-0.00200391738973016,1.5046281151935e-05,1.5046281151935e-05,0
20260927_101616_608,alpha_high,alpha,high,0.1,0.5,2.5,20,36,kg,high_minus_low,-0.00196182588124224,-0.00194668758636107,1.51382948811638e-05,1.51382948811638e-05,0
20260927_101616_608,alpha_high,alpha,high,0.1,0.5,2.5,20,37,kg,high_minus_low,-0.0019051602267528,-0.00189003962752269,1.5120599230108e-05,1.5120599230108e-05,0
20260927_101616_608,alpha_high,alpha,high,0.1,0.5,2.5,20,38,kg,high_minus_low,-0.00184929418986087,-0.00183429270608881,1.50014837720553e-05,1.50014837720553e-05,0
20260927_101616_608,alpha_high,alpha,high,0.1,0.5,2.5,20,39,kg,high_minus_low,-0.00179450171149546,-0.00177971198372003,1.47897277754292e-05,1.47897277754292e-05,0
20260927_101616_608,alpha_high,alpha,high,0.1,0.5,2.5,20,40,kg,high_minus_low,-0.00174100727276953,-0.0017265128642463,1.44944085232279e-05,1.44944085232279e-05,0
20260927_101616_608,alpha_high,alpha,high,0.1,0.5,2.5,20,1,xloc,high_minus_low,-0.000186810843827101,-0.000188277450015151,-1.46660618804972e-06,-1.46660618804972e-06,0
20260927_101616_608,alpha_high,alpha,high,0.1,0.5,2.5,20,2,xloc,high_minus_low,-0.00032135848067405,-0.000323697790296951,-2.33930962290074e-06,-2.33930962290074e-06,0
20260927_101616_608,alpha_high,alpha,high,0.1,0.5,2.5,20,3,xloc,high_minus_low,-0.000413636542809126,-0.000416367482205193,-2.73093939606728e-06,-2.73093939606728e-06,0
20260927_101616_608,alpha_high,alpha,high,0.1,0.5,2.5,20,4,xloc,high_minus_low,-0.000472756898214244,-0.000475507603429293,-2.75070521504883e-06,-2.75070521504883e-06,0
20260927_101616_608,alpha_high,alpha,high,0.1,0.5,2.5,20,5,xloc,high_minus_low,-0.000506519498648883,-0.000509016842519028,-2.49734387014477e-06,-2.49734387014477e-06,0
20260927_101616_608,alpha_high,alpha,high,0.1,0.5,2.5,20,6,xloc,high_minus_low,-0.000521332441698497,-0.000523388309338513,-2.0558676400162e-06,-2.0558676400162e-06,0
20260927_101616_608,alpha_high,alpha,high,0.1,0.5,2.5,20,7,xloc,high_minus_low,-0.000522309651529995,-0.000523806334706278,-1.49668317628304e-06,-1.49668317628304e-06,0
20260927_101616_608,alpha_high,alpha,high,0.1,0.5,2.5,20,8,xloc,high_minus_low,-0.000513444595271584,-0.000514320751877517,-8.76156605933431e-07,-8.76156605933431e-07,0
20260927_101616_608,alpha_high,alpha,high,0.1,0.5,2.5,20,9,xloc,high_minus_low,-0.000497803268261765,-0.000498041237508295,-2.37969246530412e-07,-2.37969246530412e-07,0
20260927_101616_608,alpha_high,alpha,high,0.1,0.5,2.5,20,10,xloc,high_minus_low,-0.000477707148090589,-0.000477321971738109,3.8517635247981e-07,3.8517635247981e-07,0
20260927_101616_608,alpha_high,alpha,high,0.1,0.5,2.5,20,11,xloc,high_minus_low,-0.000454893055678363,-0.000453923277377699,9.69778300663471e-07,9.69778300663471e-07,0
20260927_101616_608,alpha_high,alpha,high,0.1,0.5,2.5,20,12,xloc,high_minus_low,-0.000430646009011992,-0.000429146161322613,1.49984768937905e-06,1.49984768937905e-06,0
20260927_101616_608,alpha_high,alpha,high,0.1,0.5,2.5,20,13,xloc,high_minus_low,-0.000405905947192142,-0.000403940552064053,1.96539512808958e-06,1.96539512808958e-06,0
20260927_101616_608,alpha_high,alpha,high,0.1,0.5,2.5,20,14,xloc,high_minus_low,-0.0003813514086215,-0.00037899028415822,2.3611244632793e-06,2.3611244632793e-06,0
20260927_101616_608,alpha_high,alpha,high,0.1,0.5,2.5,20,15,xloc,high_minus_low,-0.000357463985739992,-0.000354778649859222,2.68533588076991e-06,2.68533588076991e-06,0
20260927_101616_608,alpha_high,alpha,high,0.1,0.5,2.5,20,16,xloc,high_minus_low,-0.000334577338041209,-0.00033163831446259,2.93902357861864e-06,2.93902357861864e-06,0
20260927_101616_608,alpha_high,alpha,high,0.1,0.5,2.5,20,17,xloc,high_minus_low,-0.000312914135579989,-0.000309788990399462,3.12514518052698e-06,3.12514518052698e-06,0
20260927_101616_608,alpha_high,alpha,high,0.1,0.5,2.5,20,18,xloc,high_minus_low,-0.000292613761409544,-0.000289365723791235,3.24803761830861e-06,3.24803761830861e-06,0
20260927_101616_608,alpha_high,alpha,high,0.1,0.5,2.5,20,19,xloc,high_minus_low,-0.000273753049545356,-0.000270440094554458,3.31295499089723e-06,3.31295499089723e-06,0
20260927_101616_608,alpha_high,alpha,high,0.1,0.5,2.5,20,20,xloc,high_minus_low,-0.000256361836361574,-0.000253036130044682,3.32570631689233e-06,3.32570631689233e-06,0
20260927_101616_608,alpha_high,alpha,high,0.1,0.5,2.5,20,21,xloc,high_minus_low,-0.000240434681673674,-0.000237142307491167,3.29237418250639e-06,3.29237418250639e-06,0
20260927_101616_608,alpha_high,alpha,high,0.1,0.5,2.5,20,22,xloc,high_minus_low,-0.000225939774641026,-0.000222720676212651,3.21909842837531e-06,3.21909842837531e-06,0
20260927_101616_608,alpha_high,alpha,high,0.1,0.5,2.5,20,23,xloc,high_minus_low,-0.000212825772466396,-0.000209713860532368,3.11191193402838e-06,3.11191193402838e-06,0
20260927_101616_608,alpha_high,alpha,high,0.1,0.5,2.5,20,24,xloc,high_minus_low,-0.00020102711588732,-0.000198050497804636,2.97661808268401e-06,2.97661808268401e-06,0
20260927_101616_608,alpha_high,alpha,high,0.1,0.5,2.5,20,25,xloc,high_minus_low,-0.00019046821299884,-0.000187649511406485,2.81870159235531e-06,2.81870159235531e-06,0
20260927_101616_608,alpha_high,alpha,high,0.1,0.5,2.5,20,26,xloc,high_minus_low,-0.000181066771070548,-0.000178423504970104,2.64326610044385e-06,2.64326610044385e-06,0
20260927_101616_608,alpha_high,alpha,high,0.1,0.5,2.5,20,27,xloc,high_minus_low,-0.000172736475303137,-0.000170281482069434,2.45499323370257e-06,2.45499323370257e-06,0
20260927_101616_608,alpha_high,alpha,high,0.1,0.5,2.5,20,28,xloc,high_minus_low,-0.000165389156116968,-0.000163131037171138,2.25811894583039e-06,2.25811894583039e-06,0
20260927_101616_608,alpha_high,alpha,high,0.1,0.5,2.5,20,29,xloc,high_minus_low,-0.000158936546410748,-0.000156880122692216,2.05642371853276e-06,2.05642371853276e-06,0
20260927_101616_608,alpha_high,alpha,high,0.1,0.5,2.5,20,30,xloc,high_minus_low,-0.000153291702486902,-0.000151438468647069,1.85323383983249e-06,1.85323383983249e-06,0
20260927_101616_608,alpha_high,alpha,high,0.1,0.5,2.5,20,31,xloc,high_minus_low,-0.000148370143419951,-0.000146718711951932,1.65143146801938e-06,1.65143146801938e-06,0
20260927_101616_608,alpha_high,alpha,high,0.1,0.5,2.5,20,32,xloc,high_minus_low,-0.00014409075084687,-0.000142637279286761,1.45347156010889e-06,1.45347156010889e-06,0
20260927_101616_608,alpha_high,alpha,high,0.1,0.5,2.5,20,33,xloc,high_minus_low,-0.000140376462564151,-0.000139115058516714,1.2614040474368e-06,1.2614040474368e-06,0
20260927_101616_608,alpha_high,alpha,high,0.1,0.5,2.5,20,34,xloc,high_minus_low,-0.000137154787518523,-0.000136077887632369,1.07689988615434e-06,1.07689988615434e-06,0
20260927_101616_608,alpha_high,alpha,high,0.1,0.5,2.5,20,35,xloc,high_minus_low,-0.000134358165812976,-0.000133456885997307,9.01279815668232e-07,9.01279815668232e-07,0
20260927_101616_608,alpha_high,alpha,high,0.1,0.5,2.5,20,36,xloc,high_minus_low,-0.000131924194540778,-0.00013118864971795,7.3554482282745e-07,7.3554482282745e-07,0
20260927_101616_608,alpha_high,alpha,high,0.1,0.5,2.5,20,37,xloc,high_minus_low,-0.000129795738170402,-0.000129215330697097,5.80407473305122e-07,5.80407473305122e-07,0
20260927_101616_608,alpha_high,alpha,high,0.1,0.5,2.5,20,38,xloc,high_minus_low,-0.000127920940527715,-0.000127484617133855,4.36323393859794e-07,4.36323393859794e-07,0
20260927_101616_608,alpha_high,alpha,high,0.1,0.5,2.5,20,39,xloc,high_minus_low,-0.000126253153981626,-0.000125949631668232,3.03522313394033e-07,3.03522313394033e-07,0
20260927_101616_608,alpha_high,alpha,high,0.1,0.5,2.5,20,40,xloc,high_minus_low,-0.000124750800129414,-0.000124568761949662,1.82038179752375e-07,1.82038179752375e-07,0
