scenario,label,debt_ratio,metric,horizon,low_irf,high_irf,diff_irf
debt_intensity_b040,B2/Y2 = 40%,0.4,Debt service pressure,1,0.00717267742332074,0.00717267742332064,-1.02348685082632e-16
debt_intensity_b040,B2/Y2 = 40%,0.4,Debt service pressure,2,0.00590299834490505,0.0059029983449051,5.20417042793042e-17
debt_intensity_b040,B2/Y2 = 40%,0.4,Debt service pressure,3,0.00395834044540256,0.00395834044540247,-8.50014503228635e-17
debt_intensity_b040,B2/Y2 = 40%,0.4,Debt service pressure,4,0.00234250506918687,0.00234250506918678,-9.19403442267708e-17
debt_intensity_b040,B2/Y2 = 40%,0.4,Debt service pressure,5,0.00124479944075784,0.00124479944075776,-8.67361737988404e-17
debt_intensity_b040,B2/Y2 = 40%,0.4,Debt service pressure,6,0.00058553069094128,0.000585530690941205,-7.45931094670027e-17
debt_intensity_b040,B2/Y2 = 40%,0.4,Debt service pressure,7,0.000230353569921722,0.000230353569921662,-5.98479599211998e-17
debt_intensity_b040,B2/Y2 = 40%,0.4,Debt service pressure,8,6.27751124122247e-05,6.27751124121778e-05,-4.68375338513738e-17
debt_intensity_b040,B2/Y2 = 40%,0.4,Debt service pressure,9,1.62925302070807e-07,1.6292530203698e-07,-3.38271077815477e-17
debt_intensity_b040,B2/Y2 = 40%,0.4,Debt service pressure,10,-9.8522876600133e-06,-9.85228766003671e-06,-2.34187669256869e-17
debt_intensity_b040,B2/Y2 = 40%,0.4,Debt service pressure,11,2.32064778392469e-06,2.32064778390995e-06,-1.47451495458029e-17
debt_intensity_b040,B2/Y2 = 40%,0.4,Debt service pressure,12,2.05335077624698e-05,2.05335077624619e-05,-7.80625564189563e-18
debt_intensity_b040,B2/Y2 = 40%,0.4,Debt service pressure,13,3.71797931315344e-05,3.71797931315318e-05,-2.60208521396521e-18
debt_intensity_b040,B2/Y2 = 40%,0.4,Debt service pressure,14,4.93985164395413e-05,4.93985164395421e-05,8.67361737988404e-19
debt_intensity_b040,B2/Y2 = 40%,0.4,Debt service pressure,15,5.67414593067922e-05,5.67414593067956e-05,3.46944695195361e-18
debt_intensity_b040,B2/Y2 = 40%,0.4,Debt service pressure,16,5.98320875674629e-05,5.9832087567469e-05,6.07153216591882e-18
debt_intensity_b040,B2/Y2 = 40%,0.4,Debt service pressure,17,5.96472692182964e-05,5.96472692183034e-05,6.93889390390723e-18
debt_intensity_b040,B2/Y2 = 40%,0.4,Debt service pressure,18,5.71667757465737e-05,5.71667757465815e-05,7.80625564189563e-18
debt_intensity_b040,B2/Y2 = 40%,0.4,Debt service pressure,19,5.32272473422468e-05,5.32272473422546e-05,7.80625564189563e-18
debt_intensity_b040,B2/Y2 = 40%,0.4,Debt service pressure,20,4.84820110964864e-05,4.84820110964951e-05,8.67361737988404e-18
debt_intensity_b040,B2/Y2 = 40%,0.4,Debt service pressure,21,4.34103457075128e-05,4.34103457075206e-05,7.80625564189563e-18
debt_intensity_b040,B2/Y2 = 40%,0.4,Debt service pressure,22,3.83457668363726e-05,3.83457668363804e-05,7.80625564189563e-18
debt_intensity_b040,B2/Y2 = 40%,0.4,Debt service pressure,23,3.35081171030181e-05,3.35081171030259e-05,7.80625564189563e-18
debt_intensity_b040,B2/Y2 = 40%,0.4,Debt service pressure,24,2.90327065233216e-05,2.90327065233294e-05,7.80625564189563e-18
debt_intensity_b040,B2/Y2 = 40%,0.4,Debt service pressure,25,2.49941813718468e-05,2.49941813718537e-05,6.93889390390723e-18
debt_intensity_b040,B2/Y2 = 40%,0.4,Debt service pressure,26,2.14249335265372e-05,2.14249335265442e-05,6.93889390390723e-18
debt_intensity_b040,B2/Y2 = 40%,0.4,Debt service pressure,27,1.83287506758901e-05,1.83287506758971e-05,6.93889390390723e-18
debt_intensity_b040,B2/Y2 = 40%,0.4,Debt service pressure,28,1.56906631565978e-05,1.56906631566039e-05,6.07153216591882e-18
debt_intensity_b040,B2/Y2 = 40%,0.4,Debt service pressure,29,1.34839069499326e-05,1.34839069499387e-05,6.07153216591882e-18
debt_intensity_b040,B2/Y2 = 40%,0.4,Debt service pressure,30,1.16747748115419e-05,1.16747748115471e-05,5.20417042793042e-18
debt_intensity_b040,B2/Y2 = 40%,0.4,Debt service pressure,31,1.0225957258081e-05,1.02259572580862e-05,5.20417042793042e-18
debt_intensity_b040,B2/Y2 = 40%,0.4,Debt service pressure,32,9.09882087385318e-06,9.09882087385839e-06,5.20417042793042e-18
debt_intensity_b040,B2/Y2 = 40%,0.4,Debt service pressure,33,8.25494614134416e-06,8.25494614134937e-06,5.20417042793042e-18
debt_intensity_b040,B2/Y2 = 40%,0.4,Debt service pressure,34,7.6571516031557e-06,7.6571516031609e-06,5.20417042793042e-18
debt_intensity_b040,B2/Y2 = 40%,0.4,Debt service pressure,35,7.27016154393034e-06,7.27016154393467e-06,4.33680868994202e-18
debt_intensity_b040,B2/Y2 = 40%,0.4,Debt service pressure,36,7.0610251040968e-06,7.06102510410114e-06,4.33680868994202e-18
debt_intensity_b040,B2/Y2 = 40%,0.4,Debt service pressure,37,6.99936064283216e-06,6.9993606428365e-06,4.33680868994202e-18
debt_intensity_b040,B2/Y2 = 40%,0.4,Debt service pressure,38,7.05747597279198e-06,7.05747597279632e-06,4.33680868994202e-18
debt_intensity_b040,B2/Y2 = 40%,0.4,Debt service pressure,39,7.21039949461762e-06,7.21039949462196e-06,4.33680868994202e-18
debt_intensity_b040,B2/Y2 = 40%,0.4,Debt service pressure,40,7.43584684440718e-06,7.43584684441152e-06,4.33680868994202e-18
debt_intensity_b040,B2/Y2 = 40%,0.4,Public investment,1,-0.000647391087143762,-0.000647391087143595,1.66533453693773e-16
debt_intensity_b040,B2/Y2 = 40%,0.4,Public investment,2,-0.0010516601412503,-0.00105166014125001,2.91433543964104e-16
debt_intensity_b040,B2/Y2 = 40%,0.4,Public investment,3,-0.00129957250422535,-0.00129957250422495,4.02455846426619e-16
debt_intensity_b040,B2/Y2 = 40%,0.4,Public investment,4,-0.00145073294336225,-0.00145073294336175,4.9960036108132e-16
debt_intensity_b040,B2/Y2 = 40%,0.4,Public investment,5,-0.00154182334621493,-0.00154182334621435,5.82867087928207e-16
debt_intensity_b040,B2/Y2 = 40%,0.4,Public investment,6,-0.00159378485372172,-0.00159378485372107,6.52256026967279e-16
debt_intensity_b040,B2/Y2 = 40%,0.4,Public investment,7,-0.00161797990382391,-0.0016179799038232,7.07767178198537e-16
debt_intensity_b040,B2/Y2 = 40%,0.4,Public investment,8,-0.0016204921542364,-0.00162049215423565,7.49400541621981e-16
debt_intensity_b040,B2/Y2 = 40%,0.4,Public investment,9,-0.00160478912246145,-0.00160478912246068,7.7715611723761e-16
debt_intensity_b040,B2/Y2 = 40%,0.4,Public investment,10,-0.00157321683994277,-0.00157321683994197,8.04911692853238e-16
debt_intensity_b040,B2/Y2 = 40%,0.4,Public investment,11,-0.00152775224600019,-0.00152775224599935,8.32667268468867e-16
debt_intensity_b040,B2/Y2 = 40%,0.4,Public investment,12,-0.00147032418895936,-0.00147032418895851,8.46545056276682e-16
debt_intensity_b040,B2/Y2 = 40%,0.4,Public investment,13,-0.00140290561092271,-0.00140290561092186,8.46545056276682e-16
debt_intensity_b040,B2/Y2 = 40%,0.4,Public investment,14,-0.00132749850661286,-0.00132749850661201,8.46545056276682e-16
debt_intensity_b040,B2/Y2 = 40%,0.4,Public investment,15,-0.00124607926599238,-0.00124607926599153,8.46545056276682e-16
debt_intensity_b040,B2/Y2 = 40%,0.4,Public investment,16,-0.00116053873964166,-0.00116053873964081,8.46545056276682e-16
debt_intensity_b040,B2/Y2 = 40%,0.4,Public investment,17,-0.00107263219102631,-0.00107263219102546,8.46545056276682e-16
debt_intensity_b040,B2/Y2 = 40%,0.4,Public investment,18,-0.000983944007570361,-0.000983944007569529,8.32667268468867e-16
debt_intensity_b040,B2/Y2 = 40%,0.4,Public investment,19,-0.000895867011682067,-0.000895867011681248,8.18789480661053e-16
debt_intensity_b040,B2/Y2 = 40%,0.4,Public investment,20,-0.000809594116514212,-0.000809594116513393,8.18789480661053e-16
debt_intensity_b040,B2/Y2 = 40%,0.4,Public investment,21,-0.00072611949994339,-0.000726119499942599,7.91033905045424e-16
debt_intensity_b040,B2/Y2 = 40%,0.4,Public investment,22,-0.000646246615283716,-0.000646246615282925,7.91033905045424e-16
debt_intensity_b040,B2/Y2 = 40%,0.4,Public investment,23,-0.000570600780672809,-0.000570600780672031,7.7715611723761e-16
debt_intensity_b040,B2/Y2 = 40%,0.4,Public investment,24,-0.000499644570651298,-0.000499644570650548,7.49400541621981e-16
debt_intensity_b040,B2/Y2 = 40%,0.4,Public investment,25,-0.00043369467449686,-0.000433694674496124,7.35522753814166e-16
debt_intensity_b040,B2/Y2 = 40%,0.4,Public investment,26,-0.000372939251606613,-0.000372939251605892,7.21644966006352e-16
debt_intensity_b040,B2/Y2 = 40%,0.4,Public investment,27,-0.0003174551008885,-0.000317455100887792,7.07767178198537e-16
debt_intensity_b040,B2/Y2 = 40%,0.4,Public investment,28,-0.000267224178054068,-0.000267224178053388,6.80011602582908e-16
debt_intensity_b040,B2/Y2 = 40%,0.4,Public investment,29,-0.000222149155171436,-0.00022214915517077,6.66133814775094e-16
debt_intensity_b040,B2/Y2 = 40%,0.4,Public investment,30,-0.000182067833798136,-0.000182067833797483,6.52256026967279e-16
debt_intensity_b040,B2/Y2 = 40%,0.4,Public investment,31,-0.000146766307460675,-0.000146766307460036,6.38378239159465e-16
debt_intensity_b040,B2/Y2 = 40%,0.4,Public investment,32,-0.000115990829834267,-0.000115990829833656,6.10622663543836e-16
debt_intensity_b040,B2/Y2 = 40%,0.4,Public investment,33,-8.94583882130873e-05,-8.94583882124905e-05,5.96744875736022e-16
debt_intensity_b040,B2/Y2 = 40%,0.4,Public investment,34,-6.68660125053289e-05,-6.6866012504746e-05,5.82867087928207e-16
debt_intensity_b040,B2/Y2 = 40%,0.4,Public investment,35,-4.78988714535666e-05,-4.78988714529976e-05,5.68989300120393e-16
debt_intensity_b040,B2/Y2 = 40%,0.4,Public investment,36,-3.22372224975526e-05,-3.22372224970113e-05,5.41233724504764e-16
debt_intensity_b040,B2/Y2 = 40%,0.4,Public investment,37,-1.95622913909954e-05,-1.95622913904542e-05,5.41233724504764e-16
debt_intensity_b040,B2/Y2 = 40%,0.4,Public investment,38,-9.56116358999393e-06,-9.56116358948045e-06,5.13478148889135e-16
debt_intensity_b040,B2/Y2 = 40%,0.4,Public investment,39,-1.93077244736717e-06,-1.93077244685369e-06,5.13478148889135e-16
debt_intensity_b040,B2/Y2 = 40%,0.4,Public investment,40,3.61892996580959e-06,3.61892996630919e-06,4.9960036108132e-16
debt_intensity_b040,B2/Y2 = 40%,0.4,Public capital,1,-0.000647391087143845,-0.000647391087143845,0
debt_intensity_b040,B2/Y2 = 40%,0.4,Public capital,2,-0.0016828664512154,-0.0016828664512154,0
debt_intensity_b040,B2/Y2 = 40%,0.4,Public capital,3,-0.00294036729415925,-0.00294036729416014,-8.88178419700125e-16
debt_intensity_b040,B2/Y2 = 40%,0.4,Public capital,4,-0.00431759105516694,-0.00431759105516782,-8.88178419700125e-16
debt_intensity_b040,B2/Y2 = 40%,0.4,Public capital,5,-0.00575147462500247,-0.00575147462500336,-8.88178419700125e-16
debt_intensity_b040,B2/Y2 = 40%,0.4,Public capital,6,-0.00720147261309823,-0.00720147261309911,-8.88178419700125e-16
debt_intensity_b040,B2/Y2 = 40%,0.4,Public capital,7,-0.00863941570159454,-0.00863941570159543,-8.88178419700125e-16
debt_intensity_b040,B2/Y2 = 40%,0.4,Public capital,8,-0.0100439224632902,-0.0100439224632911,-8.88178419700125e-16
debt_intensity_b040,B2/Y2 = 40%,0.4,Public capital,9,-0.0113976135241689,-0.0113976135241698,-8.88178419700125e-16
debt_intensity_b040,B2/Y2 = 40%,0.4,Public capital,10,-0.012685890026007,-0.0126858900260078,-8.88178419700125e-16
debt_intensity_b040,B2/Y2 = 40%,0.4,Public capital,11,-0.0138964950213563,-0.0138964950213571,-8.88178419700125e-16
debt_intensity_b040,B2/Y2 = 40%,0.4,Public capital,12,-0.0150194068347815,-0.0150194068347815,0
debt_intensity_b040,B2/Y2 = 40%,0.4,Public capital,13,-0.0160468272748346,-0.0160468272748338,8.88178419700125e-16
debt_intensity_b040,B2/Y2 = 40%,0.4,Public capital,14,-0.016973155099576,-0.0169731550995751,8.88178419700125e-16
debt_intensity_b040,B2/Y2 = 40%,0.4,Public capital,15,-0.0177949054880786,-0.0177949054880777,8.88178419700125e-16
debt_intensity_b040,B2/Y2 = 40%,0.4,Public capital,16,-0.0185105715905181,-0.0185105715905163,1.77635683940025e-15
debt_intensity_b040,B2/Y2 = 40%,0.4,Public capital,17,-0.0191204394917808,-0.019120439491779,1.77635683940025e-15
debt_intensity_b040,B2/Y2 = 40%,0.4,Public capital,18,-0.0196263725120565,-0.0196263725120547,1.77635683940025e-15
debt_intensity_b040,B2/Y2 = 40%,0.4,Public capital,19,-0.0200315802109365,-0.0200315802109339,2.66453525910038e-15
debt_intensity_b040,B2/Y2 = 40%,0.4,Public capital,20,-0.0203403848221768,-0.0203403848221742,2.66453525910038e-15
debt_intensity_b040,B2/Y2 = 40%,0.4,Public capital,21,-0.0205579947015657,-0.0205579947015631,2.66453525910038e-15
debt_intensity_b040,B2/Y2 = 40%,0.4,Public capital,22,-0.0206902914493092,-0.0206902914493066,2.66453525910038e-15
debt_intensity_b040,B2/Y2 = 40%,0.4,Public capital,23,-0.0207436349437495,-0.020743634943746,3.5527136788005e-15
debt_intensity_b040,B2/Y2 = 40%,0.4,Public capital,24,-0.0207246886408061,-0.0207246886408035,2.66453525910038e-15
debt_intensity_b040,B2/Y2 = 40%,0.4,Public capital,25,-0.0206402660992824,-0.0206402660992788,3.5527136788005e-15
debt_intensity_b040,B2/Y2 = 40%,0.4,Public capital,26,-0.0204971986984068,-0.0204971986984033,3.5527136788005e-15
debt_intensity_b040,B2/Y2 = 40%,0.4,Public capital,27,-0.0203022238318349,-0.0203022238318313,3.5527136788005e-15
debt_intensity_b040,B2/Y2 = 40%,0.4,Public capital,28,-0.020061892414093,-0.0200618924140885,4.44089209850063e-15
debt_intensity_b040,B2/Y2 = 40%,0.4,Public capital,29,-0.0197824942589113,-0.0197824942589069,4.44089209850063e-15
debt_intensity_b040,B2/Y2 = 40%,0.4,Public capital,30,-0.0194699997362369,-0.0194699997362324,4.44089209850063e-15
debt_intensity_b040,B2/Y2 = 40%,0.4,Public capital,31,-0.0191300160502914,-0.0191300160502861,5.32907051820075e-15
debt_intensity_b040,B2/Y2 = 40%,0.4,Public capital,32,-0.0187677564788675,-0.0187677564788631,4.44089209850063e-15
debt_intensity_b040,B2/Y2 = 40%,0.4,Public capital,33,-0.0183880209551086,-0.0183880209551042,4.44089209850063e-15
debt_intensity_b040,B2/Y2 = 40%,0.4,Public capital,34,-0.017995186443736,-0.0179951864437315,4.44089209850063e-15
debt_intensity_b040,B2/Y2 = 40%,0.4,Public capital,35,-0.0175932056540962,-0.0175932056540908,5.32907051820075e-15
debt_intensity_b040,B2/Y2 = 40%,0.4,Public capital,36,-0.0171856127352408,-0.0171856127352354,5.32907051820075e-15
debt_intensity_b040,B2/Y2 = 40%,0.4,Public capital,37,-0.016775534708251,-0.0167755347082457,5.32907051820075e-15
debt_intensity_b040,B2/Y2 = 40%,0.4,Public capital,38,-0.0163657075041339,-0.0163657075041286,5.32907051820075e-15
debt_intensity_b040,B2/Y2 = 40%,0.4,Public capital,39,-0.0159584955889782,-0.015958495588972,6.21724893790088e-15
debt_intensity_b040,B2/Y2 = 40%,0.4,Public capital,40,-0.0155559142692878,-0.0155559142692816,6.21724893790088e-15
debt_intensity_b040,B2/Y2 = 40%,0.4,Final output,1,-0.0173730210428111,-0.0173730210428111,0
debt_intensity_b040,B2/Y2 = 40%,0.4,Final output,2,-0.0154055508199764,-0.0154055508199759,5.55111512312578e-16
debt_intensity_b040,B2/Y2 = 40%,0.4,Final output,3,-0.0124475165271857,-0.0124475165271848,8.88178419700125e-16
debt_intensity_b040,B2/Y2 = 40%,0.4,Final output,4,-0.0095936118586436,-0.00959361185864238,1.22124532708767e-15
debt_intensity_b040,B2/Y2 = 40%,0.4,Final output,5,-0.00722809360516474,-0.00722809360516319,1.55431223447522e-15
debt_intensity_b040,B2/Y2 = 40%,0.4,Final output,6,-0.00541376536092508,-0.00541376536092331,1.77635683940025e-15
debt_intensity_b040,B2/Y2 = 40%,0.4,Final output,7,-0.0040854608158416,-0.0040854608158396,1.99840144432528e-15
debt_intensity_b040,B2/Y2 = 40%,0.4,Final output,8,-0.00314140058297463,-0.00314140058297241,2.22044604925031e-15
debt_intensity_b040,B2/Y2 = 40%,0.4,Final output,9,-0.00248261969589625,-0.00248261969589403,2.22044604925031e-15
debt_intensity_b040,B2/Y2 = 40%,0.4,Final output,10,-0.00202704912021368,-0.00202704912021134,2.33146835171283e-15
debt_intensity_b040,B2/Y2 = 40%,0.4,Final output,11,-0.00171202101252466,-0.00171202101252232,2.33146835171283e-15
debt_intensity_b040,B2/Y2 = 40%,0.4,Final output,12,-0.00149209984246812,-0.00149209984246579,2.33146835171283e-15
debt_intensity_b040,B2/Y2 = 40%,0.4,Final output,13,-0.00133552744191545,-0.00133552744191312,2.33146835171283e-15
debt_intensity_b040,B2/Y2 = 40%,0.4,Final output,14,-0.00122071836044901,-0.00122071836044668,2.33146835171283e-15
debt_intensity_b040,B2/Y2 = 40%,0.4,Final output,15,-0.00113333046335895,-0.00113333046335662,2.33146835171283e-15
debt_intensity_b040,B2/Y2 = 40%,0.4,Final output,16,-0.00106401495807473,-0.0010640149580724,2.33146835171283e-15
debt_intensity_b040,B2/Y2 = 40%,0.4,Final output,17,-0.00100677723626774,-0.00100677723626541,2.33146835171283e-15
debt_intensity_b040,B2/Y2 = 40%,0.4,Final output,18,-0.000957826379874627,-0.000957826379872295,2.33146835171283e-15
debt_intensity_b040,B2/Y2 = 40%,0.4,Final output,19,-0.000914790450036063,-0.000914790450033842,2.22044604925031e-15
debt_intensity_b040,B2/Y2 = 40%,0.4,Final output,20,-0.000876193760809274,-0.000876193760807054,2.22044604925031e-15
debt_intensity_b040,B2/Y2 = 40%,0.4,Final output,21,-0.000841115826990979,-0.000841115826988648,2.33146835171283e-15
debt_intensity_b040,B2/Y2 = 40%,0.4,Final output,22,-0.000808973121854684,-0.000808973121852463,2.22044604925031e-15
debt_intensity_b040,B2/Y2 = 40%,0.4,Final output,23,-0.000779382094158176,-0.000779382094155956,2.22044604925031e-15
debt_intensity_b040,B2/Y2 = 40%,0.4,Final output,24,-0.000752074938109026,-0.000752074938106917,2.1094237467878e-15
debt_intensity_b040,B2/Y2 = 40%,0.4,Final output,25,-0.000726849002878671,-0.000726849002876562,2.1094237467878e-15
debt_intensity_b040,B2/Y2 = 40%,0.4,Final output,26,-0.000703537273832877,-0.000703537273830768,2.1094237467878e-15
debt_intensity_b040,B2/Y2 = 40%,0.4,Final output,27,-0.0006819918043518,-0.000681991804349802,1.99840144432528e-15
debt_intensity_b040,B2/Y2 = 40%,0.4,Final output,28,-0.000662074935388279,-0.00066207493538617,2.1094237467878e-15
debt_intensity_b040,B2/Y2 = 40%,0.4,Final output,29,-0.000643655072859128,-0.000643655072857241,1.88737914186277e-15
debt_intensity_b040,B2/Y2 = 40%,0.4,Final output,30,-0.000626605035720984,-0.000626605035718986,1.99840144432528e-15
debt_intensity_b040,B2/Y2 = 40%,0.4,Final output,31,-0.000610801774647785,-0.000610801774645897,1.88737914186277e-15
debt_intensity_b040,B2/Y2 = 40%,0.4,Final output,32,-0.000596126752487658,-0.000596126752485771,1.88737914186277e-15
debt_intensity_b040,B2/Y2 = 40%,0.4,Final output,33,-0.000582466579787888,-0.000582466579786001,1.88737914186277e-15
debt_intensity_b040,B2/Y2 = 40%,0.4,Final output,34,-0.000569713681598083,-0.000569713681596307,1.77635683940025e-15
debt_intensity_b040,B2/Y2 = 40%,0.4,Final output,35,-0.000557766880548094,-0.000557766880546429,1.66533453693773e-15
debt_intensity_b040,B2/Y2 = 40%,0.4,Final output,36,-0.000546531844539677,-0.000546531844537901,1.77635683940025e-15
debt_intensity_b040,B2/Y2 = 40%,0.4,Final output,37,-0.000535921383229554,-0.000535921383227889,1.66533453693773e-15
debt_intensity_b040,B2/Y2 = 40%,0.4,Final output,38,-0.000525855596940961,-0.000525855596939295,1.66533453693773e-15
debt_intensity_b040,B2/Y2 = 40%,0.4,Final output,39,-0.000516261891488567,-0.000516261891486902,1.66533453693773e-15
debt_intensity_b040,B2/Y2 = 40%,0.4,Final output,40,-0.000507074876739178,-0.000507074876737512,1.66533453693773e-15
debt_intensity_b040,B2/Y2 = 40%,0.4,Consumption,1,-0.0111215702834251,-0.0111215702834252,-1.11022302462516e-16
debt_intensity_b040,B2/Y2 = 40%,0.4,Consumption,2,-0.0068930680458047,-0.00689306804580447,2.22044604925031e-16
debt_intensity_b040,B2/Y2 = 40%,0.4,Consumption,3,-0.00389526227509884,-0.00389526227509873,1.11022302462516e-16
debt_intensity_b040,B2/Y2 = 40%,0.4,Consumption,4,-0.00203645043679068,-0.00203645043679057,1.11022302462516e-16
debt_intensity_b040,B2/Y2 = 40%,0.4,Consumption,5,-0.00100299257229386,-0.00100299257229364,2.22044604925031e-16
debt_intensity_b040,B2/Y2 = 40%,0.4,Consumption,6,-0.000495900632170976,-0.000495900632170976,0
debt_intensity_b040,B2/Y2 = 40%,0.4,Consumption,7,-0.000293577093324782,-0.000293577093324782,0
debt_intensity_b040,B2/Y2 = 40%,0.4,Consumption,8,-0.000251103625576676,-0.000251103625576565,1.11022302462516e-16
debt_intensity_b040,B2/Y2 = 40%,0.4,Consumption,9,-0.000281737333732268,-0.000281737333732268,0
debt_intensity_b040,B2/Y2 = 40%,0.4,Consumption,10,-0.000337643933733256,-0.000337643933733256,0
debt_intensity_b040,B2/Y2 = 40%,0.4,Consumption,11,-0.000394908967177088,-0.000394908967177088,0
debt_intensity_b040,B2/Y2 = 40%,0.4,Consumption,12,-0.000443299345791681,-0.000443299345791681,0
debt_intensity_b040,B2/Y2 = 40%,0.4,Consumption,13,-0.000479824328090683,-0.000479824328090683,0
debt_intensity_b040,B2/Y2 = 40%,0.4,Consumption,14,-0.000504946107731774,-0.000504946107731774,0
debt_intensity_b040,B2/Y2 = 40%,0.4,Consumption,15,-0.000520491007022783,-0.000520491007022783,0
debt_intensity_b040,B2/Y2 = 40%,0.4,Consumption,16,-0.000528585368761547,-0.000528585368761547,0
debt_intensity_b040,B2/Y2 = 40%,0.4,Consumption,17,-0.000531174014809732,-0.000531174014809621,1.11022302462516e-16
debt_intensity_b040,B2/Y2 = 40%,0.4,Consumption,18,-0.000529849362331358,-0.000529849362331358,0
debt_intensity_b040,B2/Y2 = 40%,0.4,Consumption,19,-0.000525832697667816,-0.000525832697667705,1.11022302462516e-16
debt_intensity_b040,B2/Y2 = 40%,0.4,Consumption,20,-0.000520020151602463,-0.000520020151602352,1.11022302462516e-16
debt_intensity_b040,B2/Y2 = 40%,0.4,Consumption,21,-0.000513048217714251,-0.00051304821771414,1.11022302462516e-16
debt_intensity_b040,B2/Y2 = 40%,0.4,Consumption,22,-0.000505357633785453,-0.000505357633785342,1.11022302462516e-16
debt_intensity_b040,B2/Y2 = 40%,0.4,Consumption,23,-0.000497247312717719,-0.000497247312717608,1.11022302462516e-16
debt_intensity_b040,B2/Y2 = 40%,0.4,Consumption,24,-0.000488916434108866,-0.000488916434108755,1.11022302462516e-16
debt_intensity_b040,B2/Y2 = 40%,0.4,Consumption,25,-0.000480495671313363,-0.000480495671313141,2.22044604925031e-16
debt_intensity_b040,B2/Y2 = 40%,0.4,Consumption,26,-0.000472069533968611,-0.0004720695339685,1.11022302462516e-16
debt_intensity_b040,B2/Y2 = 40%,0.4,Consumption,27,-0.000463691916794517,-0.000463691916794406,1.11022302462516e-16
debt_intensity_b040,B2/Y2 = 40%,0.4,Consumption,28,-0.000455396682237375,-0.000455396682237263,1.11022302462516e-16
debt_intensity_b040,B2/Y2 = 40%,0.4,Consumption,29,-0.000447204730981254,-0.000447204730981143,1.11022302462516e-16
debt_intensity_b040,B2/Y2 = 40%,0.4,Consumption,30,-0.000439128652041654,-0.000439128652041543,1.11022302462516e-16
debt_intensity_b040,B2/Y2 = 40%,0.4,Consumption,31,-0.000431175739805667,-0.000431175739805445,2.22044604925031e-16
debt_intensity_b040,B2/Y2 = 40%,0.4,Consumption,32,-0.000423349928942551,-0.00042334992894244,1.11022302462516e-16
debt_intensity_b040,B2/Y2 = 40%,0.4,Consumption,33,-0.000415653023460583,-0.000415653023460361,2.22044604925031e-16
debt_intensity_b040,B2/Y2 = 40%,0.4,Consumption,34,-0.000408085471764963,-0.000408085471764741,2.22044604925031e-16
debt_intensity_b040,B2/Y2 = 40%,0.4,Consumption,35,-0.00040064685336505,-0.000400646853364828,2.22044604925031e-16
debt_intensity_b040,B2/Y2 = 40%,0.4,Consumption,36,-0.000393336184481896,-0.000393336184481785,1.11022302462516e-16
debt_intensity_b040,B2/Y2 = 40%,0.4,Consumption,37,-0.000386152111007565,-0.000386152111007454,1.11022302462516e-16
debt_intensity_b040,B2/Y2 = 40%,0.4,Consumption,38,-0.000379093031915856,-0.000379093031915634,2.22044604925031e-16
debt_intensity_b040,B2/Y2 = 40%,0.4,Consumption,39,-0.000372157179918675,-0.000372157179918453,2.22044604925031e-16
debt_intensity_b040,B2/Y2 = 40%,0.4,Consumption,40,-0.000365342675823888,-0.000365342675823777,1.11022302462516e-16
debt_intensity_b040,B2/Y2 = 40%,0.4,Inflation,1,-0.0175786464122907,-0.0175786464122905,2.22044604925031e-16
debt_intensity_b040,B2/Y2 = 40%,0.4,Inflation,2,-0.0113946413577574,-0.0113946413577575,-1.11022302462516e-16
debt_intensity_b040,B2/Y2 = 40%,0.4,Inflation,3,-0.00693134410316387,-0.00693134410316376,1.11022302462516e-16
debt_intensity_b040,B2/Y2 = 40%,0.4,Inflation,4,-0.00395742550308675,-0.00395742550308653,2.22044604925031e-16
debt_intensity_b040,B2/Y2 = 40%,0.4,Inflation,5,-0.00208447414621882,-0.00208447414621871,1.11022302462516e-16
debt_intensity_b040,B2/Y2 = 40%,0.4,Inflation,6,-0.000958893114099246,-0.000958893114099024,2.22044604925031e-16
debt_intensity_b040,B2/Y2 = 40%,0.4,Inflation,7,-0.000312447548939887,-0.000312447548939776,1.11022302462516e-16
debt_intensity_b040,B2/Y2 = 40%,0.4,Inflation,8,4.03059038256437e-05,4.03059038258657e-05,2.22044604925031e-16
debt_intensity_b040,B2/Y2 = 40%,0.4,Inflation,9,0.000220142583759797,0.000220142583759797,0
debt_intensity_b040,B2/Y2 = 40%,0.4,Inflation,10,0.000302264075410008,0.000302264075410008,0
debt_intensity_b040,B2/Y2 = 40%,0.4,Inflation,11,0.00033172733447917,0.00033172733447917,0
debt_intensity_b040,B2/Y2 = 40%,0.4,Inflation,12,0.000334546043818884,0.000334546043818884,0
debt_intensity_b040,B2/Y2 = 40%,0.4,Inflation,13,0.000325150790715822,0.0003251507907156,-2.22044604925031e-16
debt_intensity_b040,B2/Y2 = 40%,0.4,Inflation,14,0.000311168612513235,0.000311168612513013,-2.22044604925031e-16
debt_intensity_b040,B2/Y2 = 40%,0.4,Inflation,15,0.000296371029713915,0.000296371029713915,0
debt_intensity_b040,B2/Y2 = 40%,0.4,Inflation,16,0.000282432070087824,0.000282432070087602,-2.22044604925031e-16
debt_intensity_b040,B2/Y2 = 40%,0.4,Inflation,17,0.000269942401366352,0.000269942401366352,0
debt_intensity_b040,B2/Y2 = 40%,0.4,Inflation,18,0.000258973612842217,0.000258973612842217,0
debt_intensity_b040,B2/Y2 = 40%,0.4,Inflation,19,0.000249378879245032,0.00024937887924481,-2.22044604925031e-16
debt_intensity_b040,B2/Y2 = 40%,0.4,Inflation,20,0.000240944122319231,0.000240944122319231,0
debt_intensity_b040,B2/Y2 = 40%,0.4,Inflation,21,0.000233457509396517,0.000233457509396517,0
debt_intensity_b040,B2/Y2 = 40%,0.4,Inflation,22,0.000226736411081063,0.000226736411081063,0
debt_intensity_b040,B2/Y2 = 40%,0.4,Inflation,23,0.000220633639585577,0.000220633639585355,-2.22044604925031e-16
debt_intensity_b040,B2/Y2 = 40%,0.4,Inflation,24,0.000215034661300351,0.000215034661300129,-2.22044604925031e-16
debt_intensity_b040,B2/Y2 = 40%,0.4,Inflation,25,0.000209851724948695,0.000209851724948695,0
debt_intensity_b040,B2/Y2 = 40%,0.4,Inflation,26,0.000205017691316867,0.000205017691316867,0
debt_intensity_b040,B2/Y2 = 40%,0.4,Inflation,27,0.000200480693790972,0.000200480693790972,0
debt_intensity_b040,B2/Y2 = 40%,0.4,Inflation,28,0.000196199940633024,0.000196199940633024,0
debt_intensity_b040,B2/Y2 = 40%,0.4,Inflation,29,0.000192142603673284,0.000192142603673284,0
debt_intensity_b040,B2/Y2 = 40%,0.4,Inflation,30,0.000188281603946017,0.000188281603945795,-2.22044604925031e-16
debt_intensity_b040,B2/Y2 = 40%,0.4,Inflation,31,0.000184594081569012,0.000184594081569012,0
debt_intensity_b040,B2/Y2 = 40%,0.4,Inflation,32,0.000181060360720409,0.000181060360720409,0
debt_intensity_b040,B2/Y2 = 40%,0.4,Inflation,33,0.000177663258764005,0.000177663258764005,0
debt_intensity_b040,B2/Y2 = 40%,0.4,Inflation,34,0.000174387626711292,0.000174387626711292,0
debt_intensity_b040,B2/Y2 = 40%,0.4,Inflation,35,0.000171220040496856,0.000171220040496856,0
debt_intensity_b040,B2/Y2 = 40%,0.4,Inflation,36,0.000168148587666339,0.000168148587666339,0
debt_intensity_b040,B2/Y2 = 40%,0.4,Inflation,37,0.00016516271257272,0.00016516271257272,0
debt_intensity_b040,B2/Y2 = 40%,0.4,Inflation,38,0.000162253096248399,0.000162253096248399,0
debt_intensity_b040,B2/Y2 = 40%,0.4,Inflation,39,0.000159411556097444,0.000159411556097444,0
debt_intensity_b040,B2/Y2 = 40%,0.4,Inflation,40,0.000156630956513082,0.00015663095651286,-2.22044604925031e-16
debt_intensity_b080,B2/Y2 = 80%,0.8,Debt service pressure,1,0.00711734285631543,0.0143286529123293,0.00721131005601387
debt_intensity_b080,B2/Y2 = 80%,0.8,Debt service pressure,2,0.00587839689616927,0.0118319669767828,0.00595357008061358
debt_intensity_b080,B2/Y2 = 80%,0.8,Debt service pressure,3,0.00394706325239692,0.00794734324950796,0.00400027999711104
debt_intensity_b080,B2/Y2 = 80%,0.8,Debt service pressure,4,0.0023362362232377,0.00470458120334656,0.00236834498010886
debt_intensity_b080,B2/Y2 = 80%,0.8,Debt service pressure,5,0.00123991530469536,0.00249353011018659,0.00125361480549123
debt_intensity_b080,B2/Y2 = 80%,0.8,Debt service pressure,6,0.000580697241592712,0.00116005539499754,0.000579358153404825
debt_intensity_b080,B2/Y2 = 80%,0.8,Debt service pressure,7,0.000225261823962883,0.000437556061165835,0.000212294237202952
debt_intensity_b080,B2/Y2 = 80%,0.8,Debt service pressure,8,5.75084913976469e-05,9.35488954863697e-05,3.60404040887228e-05
debt_intensity_b080,B2/Y2 = 80%,0.8,Debt service pressure,9,-5.09598248363448e-06,-3.74569780786926e-05,-3.23609955950582e-05
debt_intensity_b080,B2/Y2 = 80%,0.8,Debt service pressure,10,-1.49407438185872e-05,-6.07042838205694e-05,-4.57635400019822e-05
debt_intensity_b080,B2/Y2 = 80%,0.8,Debt service pressure,11,-2.48975704776958e-06,-3.7569116317613e-05,-3.50793592698434e-05
debt_intensity_b080,B2/Y2 = 80%,0.8,Debt service pressure,12,1.60544193114369e-05,-8.60108419754174e-07,-1.6914527731191e-05
debt_intensity_b080,B2/Y2 = 80%,0.8,Debt service pressure,13,3.30441483430326e-05,3.37802205334688e-05,7.36072190436234e-07
debt_intensity_b080,B2/Y2 = 80%,0.8,Debt service pressure,14,4.5592096881931e-05,6.02880730635105e-05,1.46959761815795e-05
debt_intensity_b080,B2/Y2 = 80%,0.8,Debt service pressure,15,5.32359183270815e-05,7.75042228083941e-05,2.42683044813126e-05
debt_intensity_b080,B2/Y2 = 80%,0.8,Debt service pressure,16,5.65935931612785e-05,8.64785812041812e-05,2.98849880429027e-05
debt_intensity_b080,B2/Y2 = 80%,0.8,Debt service pressure,17,5.66419133581032e-05,8.90201347228878e-05,3.23782213647846e-05
debt_intensity_b080,B2/Y2 = 80%,0.8,Debt service pressure,18,5.43635206311475e-05,8.6984045753892e-05,3.26205251227445e-05
debt_intensity_b080,B2/Y2 = 80%,0.8,Debt service pressure,19,5.05991941803464e-05,8.19698253176192e-05,3.13706311372728e-05
debt_intensity_b080,B2/Y2 = 80%,0.8,Debt service pressure,20,4.60066350645889e-05,7.52333025278423e-05,2.92266674632533e-05
debt_intensity_b080,B2/Y2 = 80%,0.8,Debt service pressure,21,4.10691651918094e-05,6.76992854988737e-05,2.66301203070644e-05
debt_intensity_b080,B2/Y2 = 80%,0.8,Debt service pressure,22,3.61237583780373e-05,6.00137107550636e-05,2.38899523770262e-05
debt_intensity_b080,B2/Y2 = 80%,0.8,Debt service pressure,23,3.13930662208589e-05,5.26045205752907e-05,2.12114543544318e-05
debt_intensity_b080,B2/Y2 = 80%,0.8,Debt service pressure,24,2.70145989794239e-05,4.5737484194985e-05,1.87228852155611e-05
debt_intensity_b080,B2/Y2 = 80%,0.8,Debt service pressure,25,2.30646833538203e-05,3.95621011589267e-05,1.64974178051063e-05
debt_intensity_b080,B2/Y2 = 80%,0.8,Debt service pressure,26,1.95769751317569e-05,3.41470455029018e-05,1.45700703711449e-05
debt_intensity_b080,B2/Y2 = 80%,0.8,Debt service pressure,27,1.65562082160816e-05,2.9506428937582e-05,1.29502207215004e-05
debt_intensity_b080,B2/Y2 = 80%,0.8,Debt service pressure,28,1.39881268030771e-05,2.5618705244649e-05,1.16305784415719e-05
debt_intensity_b080,B2/Y2 = 80%,0.8,Debt service pressure,29,1.18465172249992e-05,2.24399905264742e-05,1.0593473301475e-05
debt_intensity_b080,B2/Y2 = 80%,0.8,Debt service pressure,30,1.00981117525352e-05,1.99132970416238e-05,9.81518528908858e-06
debt_intensity_b080,B2/Y2 = 80%,0.8,Debt service pressure,31,8.70596803428936e-06,1.79748509178575e-05,9.26888288356811e-06
debt_intensity_b080,B2/Y2 = 80%,0.8,Debt service pressure,32,7.63177419165449e-06,1.65583647738794e-05,8.92659058222486e-06
debt_intensity_b080,B2/Y2 = 80%,0.8,Debt service pressure,33,6.83740435092773e-06,1.55978922742692e-05,8.7604879233415e-06
debt_intensity_b080,B2/Y2 = 80%,0.8,Debt service pressure,34,6.28595373132045e-06,1.50297054085837e-05,8.74375167726326e-06
debt_intensity_b080,B2/Y2 = 80%,0.8,Debt service pressure,35,5.94241240711637e-06,1.47934992387189e-05,8.8510868316025e-06
debt_intensity_b080,B2/Y2 = 80%,0.8,Debt service pressure,36,5.77408718801988e-06,1.48331325459609e-05,9.05904535794099e-06
debt_intensity_b080,B2/Y2 = 80%,0.8,Debt service pressure,37,5.75084660405997e-06,1.50970462070524e-05,9.34619960299247e-06
debt_intensity_b080,B2/Y2 = 80%,0.8,Debt service pressure,38,5.84524047865347e-06,1.5538455877144e-05,9.69321539849057e-06
debt_intensity_b080,B2/Y2 = 80%,0.8,Debt service pressure,39,6.03252973060964e-06,1.61153852005838e-05,1.00828554699742e-05
debt_intensity_b080,B2/Y2 = 80%,0.8,Debt service pressure,40,6.29065143825224e-06,1.67905855637408e-05,1.04999341254885e-05
debt_intensity_b080,B2/Y2 = 80%,0.8,Public investment,1,-0.000639498341137093,-0.000964852777879707,-0.000325354436742614
debt_intensity_b080,B2/Y2 = 80%,0.8,Public investment,2,-0.0010373676489023,-0.00163326011595789,-0.000595892467055589
debt_intensity_b080,B2/Y2 = 80%,0.8,Public investment,3,-0.00128001247028553,-0.00209407290032151,-0.000814060430035984
debt_intensity_b080,B2/Y2 = 80%,0.8,Public investment,4,-0.00142687015917199,-0.00241068601758757,-0.000983815858415574
debt_intensity_b080,B2/Y2 = 80%,0.8,Public investment,5,-0.00151452839214439,-0.00262450330384681,-0.00110997491170242
debt_intensity_b080,B2/Y2 = 80%,0.8,Public investment,6,-0.00156385476317973,-0.00276153735094198,-0.00119768258776225
debt_intensity_b080,B2/Y2 = 80%,0.8,Public investment,7,-0.00158613942495063,-0.00283819518024123,-0.0012520557552906
debt_intensity_b080,B2/Y2 = 80%,0.8,Public investment,8,-0.00158739052943807,-0.00286536112054164,-0.00127797059110357
debt_intensity_b080,B2/Y2 = 80%,0.8,Public investment,9,-0.00157099815397381,-0.00285094910838307,-0.00127995095440926
debt_intensity_b080,B2/Y2 = 80%,0.8,Public investment,10,-0.00153923173942087,-0.0028013521965739,-0.00126212045715303
debt_intensity_b080,B2/Y2 = 80%,0.8,Public investment,11,-0.00149399501178556,-0.00272218675137226,-0.0012281917395867
debt_intensity_b080,B2/Y2 = 80%,0.8,Public investment,12,-0.00143714871669942,-0.00261862466614217,-0.00118147594944275
debt_intensity_b080,B2/Y2 = 80%,0.8,Public investment,13,-0.00137060373524976,-0.00249550603248407,-0.0011249022972343
debt_intensity_b080,B2/Y2 = 80%,0.8,Public investment,14,-0.0012963063504224,-0.00235734838871511,-0.00106104203829271
debt_intensity_b080,B2/Y2 = 80%,0.8,Public investment,15,-0.00121618348180297,-0.00220831741763741,-0.000992133935834444
debt_intensity_b080,B2/Y2 = 80%,0.8,Public investment,16,-0.00113208240257315,-0.00205219218782469,-0.000920109785251547
debt_intensity_b080,B2/Y2 = 80%,0.8,Public investment,17,-0.00104572022916517,-0.00189233961024134,-0.000846619381076164
debt_intensity_b080,B2/Y2 = 80%,0.8,Public investment,18,-0.000958648136689375,-0.00173170282849093,-0.000773054691801556
debt_intensity_b080,B2/Y2 = 80%,0.8,Public investment,19,-0.000872230187771578,-0.00157280335478088,-0.000700573167009305
debt_intensity_b080,B2/Y2 = 80%,0.8,Public investment,20,-0.000787634542171081,-0.00141775469231077,-0.00063012015013969
debt_intensity_b080,B2/Y2 = 80%,0.8,Public investment,21,-0.000705834228306057,-0.00126828460042616,-0.000562450372120105
debt_intensity_b080,B2/Y2 = 80%,0.8,Public investment,22,-0.000627614794457665,-0.00112576328306335,-0.000498148488605688
debt_intensity_b080,B2/Y2 = 80%,0.8,Public investment,23,-0.000553586576847814,-0.000991235188713913,-0.000437648611866098
debt_intensity_b080,B2/Y2 = 80%,0.8,Public investment,24,-0.000484199802067514,-0.000865452585021423,-0.000381252782953909
debt_intensity_b080,B2/Y2 = 80%,0.8,Public investment,25,-0.000419761182568409,-0.000748909514151144,-0.000329148331582735
debt_intensity_b080,B2/Y2 = 80%,0.8,Public investment,26,-0.000360451030567435,-0.000641875109501838,-0.000281424078934403
debt_intensity_b080,B2/Y2 = 80%,0.8,Public investment,27,-0.000306340203513222,-0.000544425554081282,-0.00023808535056806
debt_intensity_b080,B2/Y2 = 80%,0.8,Public investment,28,-0.000257406412287303,-0.000456474193189602,-0.000199067780902298
debt_intensity_b080,B2/Y2 = 80%,0.8,Public investment,29,-0.000213549584705847,-0.000377799490578201,-0.000164249905872355
debt_intensity_b080,B2/Y2 = 80%,0.8,Public investment,30,-0.000174606094563906,-0.00030807064975219,-0.000133464555188284
debt_intensity_b080,B2/Y2 = 80%,0.8,Public investment,31,-0.000140361751420306,-0.000246870820772405,-0.000106509069352098
debt_intensity_b080,B2/Y2 = 80%,0.8,Public investment,32,-0.000110563507238037,-0.000193717885977815,-8.31543787397776e-05
debt_intensity_b080,B2/Y2 = 80%,0.8,Public investment,33,-8.49298794170089e-05,-0.000148082871773356,-6.31529923563467e-05
debt_intensity_b080,B2/Y2 = 80%,0.8,Public investment,34,-6.31601204781895e-05,-0.000109406072708276,-4.62459522300868e-05
debt_intensity_b080,B2/Y2 = 80%,0.8,Public investment,35,-4.49421861246774e-05,-7.71110019764931e-05,-3.21688158518157e-05
debt_intensity_b080,B2/Y2 = 80%,0.8,Public investment,36,-2.99595680738063e-05,-5.06163017565397e-05,-2.06567336827335e-05
debt_intensity_b080,B2/Y2 = 80%,0.8,Public investment,37,-1.78970676705387e-05,-2.93457593727731e-05,-1.14486917022344e-05
debt_intensity_b080,B2/Y2 = 80%,0.8,Public investment,38,-8.44559210776141e-06,-1.27365825278308e-05,-4.29099042006942e-06
debt_intensity_b080,B2/Y2 = 80%,0.8,Public investment,39,-1.30605800083283e-06,-2.46089925923232e-07,1.0599680749096e-06
debt_intensity_b080,B2/Y2 = 80%,0.8,Public investment,40,3.80751223683085e-06,8.64302666203631e-06,4.83551442520547e-06
debt_intensity_b080,B2/Y2 = 80%,0.8,Public capital,1,-0.000639498341136857,-0.000964852777880054,-0.000325354436743197
debt_intensity_b080,B2/Y2 = 80%,0.8,Public capital,2,-0.00166087853151087,-0.00257399157439053,-0.000913113042879665
debt_intensity_b080,B2/Y2 = 80%,0.8,Public capital,3,-0.00289936903850929,-0.00460371468535303,-0.00170434564684374
debt_intensity_b080,B2/Y2 = 80%,0.8,Public capital,4,-0.00425375497171832,-0.00689930783580728,-0.00264555286408896
debt_intensity_b080,B2/Y2 = 80%,0.8,Public capital,5,-0.0056619394895705,-0.00935132844375897,-0.00368938895418847
debt_intensity_b080,B2/Y2 = 80%,0.8,Public capital,6,-0.00708424576551092,-0.011879082583607,-0.00479483681809612
debt_intensity_b080,B2/Y2 = 80%,0.8,Public capital,7,-0.00849327904632347,-0.0144203006992587,-0.00592702165293524
debt_intensity_b080,B2/Y2 = 80%,0.8,Public capital,8,-0.00986833759960337,-0.016925154302319,-0.00705681670271563
debt_intensity_b080,B2/Y2 = 80%,0.8,Public capital,9,-0.0111926273135872,-0.0193529745531444,-0.00816034723955728
debt_intensity_b080,B2/Y2 = 80%,0.8,Public capital,10,-0.0124520433701685,-0.0216705023858896,-0.00921845901572116
debt_intensity_b080,B2/Y2 = 80%,0.8,Public capital,11,-0.0136347372976999,-0.023850926577615,-0.0102161892799151
debt_intensity_b080,B2/Y2 = 80%,0.8,Public capital,12,-0.0147310175819566,-0.0258732780793167,-0.0111422604973601
debt_intensity_b080,B2/Y2 = 80%,0.8,Public capital,13,-0.0157333458776572,-0.0277219521598182,-0.011988606282161
debt_intensity_b080,B2/Y2 = 80%,0.8,Public capital,14,-0.0166363185811385,-0.0293862517445378,-0.0127499331633993
debt_intensity_b080,B2/Y2 = 80%,0.8,Public capital,15,-0.0174365940984131,-0.0308599128685625,-0.0134233187701494
debt_intensity_b080,B2/Y2 = 80%,0.8,Public capital,16,-0.0181327616485252,-0.0321406072346733,-0.0140078455861481
debt_intensity_b080,B2/Y2 = 80%,0.8,Public capital,17,-0.0187251628364775,-0.033229431664048,-0.0145042688275705
debt_intensity_b080,B2/Y2 = 80%,0.8,Public capital,18,-0.0192156819022546,-0.0341303987009383,-0.0149147167986836
debt_intensity_b080,B2/Y2 = 80%,0.8,Public capital,19,-0.0196075200424701,-0.0348499420881954,-0.0152424220457252
debt_intensity_b080,B2/Y2 = 80%,0.8,Public capital,20,-0.0199049665835789,-0.035396448228302,-0.0154914816447231
debt_intensity_b080,B2/Y2 = 80%,0.8,Public capital,21,-0.0201131766472953,-0.035779821623021,-0.0156666449757257
debt_intensity_b080,B2/Y2 = 80%,0.8,Public capital,22,-0.0202379620255702,-0.036011089365509,-0.0157731273399389
debt_intensity_b080,B2/Y2 = 80%,0.8,Public capital,23,-0.0202855995517792,-0.0361020473200853,-0.015816447768306
debt_intensity_b080,B2/Y2 = 80%,0.8,Public capital,24,-0.0202626593650521,-0.036064948722105,-0.0158022893570529
debt_intensity_b080,B2/Y2 = 80%,0.8,Public capital,25,-0.0201758540634938,-0.0359122345182037,-0.0157363804547099
debt_intensity_b080,B2/Y2 = 80%,0.8,Public capital,26,-0.0200319087424736,-0.0356563037647506,-0.015624395022277
debt_intensity_b080,B2/Y2 = 80%,0.8,Public capital,27,-0.0198374512274251,-0.0353093217247133,-0.0154718704972883
debt_intensity_b080,B2/Y2 = 80%,0.8,Public capital,28,-0.0195989213590266,-0.0348830628747852,-0.0152841415157585
debt_intensity_b080,B2/Y2 = 80%,0.8,Public capital,29,-0.0193224979097559,-0.0343887857934941,-0.0150662878837382
debt_intensity_b080,B2/Y2 = 80%,0.8,Public capital,30,-0.0190140415565763,-0.0338371367984092,-0.0148230952418329
debt_intensity_b080,B2/Y2 = 80%,0.8,Public capital,31,-0.0186790522690821,-0.0332380791992213,-0.0145590269301392
debt_intensity_b080,B2/Y2 = 80%,0.8,Public capital,32,-0.0183226394695923,-0.0326008451052191,-0.0142782056356268
debt_intensity_b080,B2/Y2 = 80%,0.8,Public capital,33,-0.0179495033622699,-0.0319339068493614,-0.0139844034870915
debt_intensity_b080,B2/Y2 = 80%,0.8,Public capital,34,-0.017563925898691,-0.0312449652508358,-0.0136810393521447
debt_intensity_b080,B2/Y2 = 80%,0.8,Public capital,35,-0.0171697699373485,-0.0305409521215418,-0.0133711821841933
debt_intensity_b080,B2/Y2 = 80%,0.8,Public capital,36,-0.0167704852569885,-0.0298280446202597,-0.0130575593632711
debt_intensity_b080,B2/Y2 = 80%,0.8,Public capital,37,-0.0163691201932341,-0.0291116892641261,-0.012742569070892
debt_intensity_b080,B2/Y2 = 80%,0.8,Public capital,38,-0.0159683377805111,-0.028396633615051,-0.0124282958345399
debt_intensity_b080,B2/Y2 = 80%,0.8,Public capital,39,-0.0155704353939985,-0.0276869638646016,-0.0121165284706031
debt_intensity_b080,B2/Y2 = 80%,0.8,Public capital,40,-0.0151773669969115,-0.0269861467413239,-0.0118087797444124
debt_intensity_b080,B2/Y2 = 80%,0.8,Final output,1,-0.0171821500423437,-0.0175601041565601,-0.000377954114216372
debt_intensity_b080,B2/Y2 = 80%,0.8,Final output,2,-0.0151869723109511,-0.015840822215797,-0.000653849904845849
debt_intensity_b080,B2/Y2 = 80%,0.8,Final output,3,-0.0122036295890292,-0.0130502314141729,-0.000846601825143733
debt_intensity_b080,B2/Y2 = 80%,0.8,Final output,4,-0.0093295937505633,-0.0103028453089209,-0.000973251558357591
debt_intensity_b080,B2/Y2 = 80%,0.8,Final output,5,-0.00695023851656607,-0.00799878470570081,-0.00104854618913475
debt_intensity_b080,B2/Y2 = 80%,0.8,Final output,6,-0.00512839032588841,-0.006213201726469,-0.00108481140058059
debt_intensity_b080,B2/Y2 = 80%,0.8,Final output,7,-0.00379827465376892,-0.00489033647526349,-0.00109206182149457
debt_intensity_b080,B2/Y2 = 80%,0.8,Final output,8,-0.00285720599085049,-0.0039354576190489,-0.00107825162819841
debt_intensity_b080,B2/Y2 = 80%,0.8,Final output,9,-0.00220523234626635,-0.0032548161894016,-0.00104958384313525
debt_intensity_b080,B2/Y2 = 80%,0.8,Final output,10,-0.00175934415764134,-0.00277016802513619,-0.00101082386749485
debt_intensity_b080,B2/Y2 = 80%,0.8,Final output,11,-0.00145604419159939,-0.00242163081194591,-0.000965586620346515
debt_intensity_b080,B2/Y2 = 80%,0.8,Final output,12,-0.00124920280944463,-0.00216578639879617,-0.000916583589351538
debt_intensity_b080,B2/Y2 = 80%,0.8,Final output,13,-0.00110650320273531,-0.00197232984538087,-0.000865826642645562
debt_intensity_b080,B2/Y2 = 80%,0.8,Final output,14,-0.00100592433420987,-0.00182071558139063,-0.000814791247180757
debt_intensity_b080,B2/Y2 = 80%,0.8,Final output,15,-0.000932793786890151,-0.00169733818863116,-0.000764544401741007
debt_intensity_b080,B2/Y2 = 80%,0.8,Final output,16,-0.000877519016366235,-0.00159336239066421,-0.000715843374297975
debt_intensity_b080,B2/Y2 = 80%,0.8,Final output,17,-0.000833930703406538,-0.0015031417971032,-0.000669211093696664
debt_intensity_b080,B2/Y2 = 80%,0.8,Final output,18,-0.000798117095500372,-0.00142311042509202,-0.00062499332959165
debt_intensity_b080,B2/Y2 = 80%,0.8,Final output,19,-0.000767626743892191,-0.00135102866614667,-0.000583401922254478
debt_intensity_b080,B2/Y2 = 80%,0.8,Final output,20,-0.00074093571767353,-0.00128548318550381,-0.000544547467830281
debt_intensity_b080,B2/Y2 = 80%,0.8,Final output,21,-0.000717098673711836,-0.00122556277985308,-0.000508464106141249
debt_intensity_b080,B2/Y2 = 80%,0.8,Final output,22,-0.000695524546288517,-0.00117065297204444,-0.000475128425755922
debt_intensity_b080,B2/Y2 = 80%,0.8,Final output,23,-0.000675834942779452,-0.00112030893769233,-0.000444473994912875
debt_intensity_b080,B2/Y2 = 80%,0.8,Final output,24,-0.000657776418493738,-0.00107417905221863,-0.000416402633724888
debt_intensity_b080,B2/Y2 = 80%,0.8,Final output,25,-0.000641167250932884,-0.00103196049554422,-0.000390793244611332
debt_intensity_b080,B2/Y2 = 80%,0.8,Final output,26,-0.000625865933448821,-0.00099337472894534,-0.000367508795496518
debt_intensity_b080,B2/Y2 = 80%,0.8,Final output,27,-0.00061175310322592,-0.000958154990334803,-0.000346401887108883
debt_intensity_b080,B2/Y2 = 80%,0.8,Final output,28,-0.000598721617003917,-0.000926040834521857,-0.000327319217517941
debt_intensity_b080,B2/Y2 = 80%,0.8,Final output,29,-0.000586671452909693,-0.000896776625309847,-0.000310105172400155
debt_intensity_b080,B2/Y2 = 80%,0.8,Final output,30,-0.000575507384151019,-0.000870112093609654,-0.000294604709458635
debt_intensity_b080,B2/Y2 = 80%,0.8,Final output,31,-0.000565138175840918,-0.000845803838951942,-0.000280665663111024
debt_intensity_b080,B2/Y2 = 80%,0.8,Final output,32,-0.000555476560987422,-0.000823617126869736,-0.000268140565882313
debt_intensity_b080,B2/Y2 = 80%,0.8,Final output,33,-0.000546439563517742,-0.00080332762566937,-0.000256888062151628
debt_intensity_b080,B2/Y2 = 80%,0.8,Final output,34,-0.000537948925994902,-0.000784722901254642,-0.00024677397525974
debt_intensity_b080,B2/Y2 = 80%,0.8,Final output,35,-0.000529931513284621,-0.000767603591856014,-0.000237672078571394
debt_intensity_b080,B2/Y2 = 80%,0.8,Final output,36,-0.000522319630096302,-0.000751784243599118,-0.000229464613502817
debt_intensity_b080,B2/Y2 = 80%,0.8,Final output,37,-0.000515051228457852,-0.000737093820316947,-0.000222042591859095
debt_intensity_b080,B2/Y2 = 80%,0.8,Final output,38,-0.000508070002226191,-0.000723375917625502,-0.000215305915399311
debt_intensity_b080,B2/Y2 = 80%,0.8,Final output,39,-0.000501325376701112,-0.000710488718647428,-0.000209163341946317
debt_intensity_b080,B2/Y2 = 80%,0.8,Final output,40,-0.000494772406535504,-0.000698304730829769,-0.000203532324294264
debt_intensity_b080,B2/Y2 = 80%,0.8,Consumption,1,-0.011001859216381,-0.0109948331156335,7.02610074743149e-06
debt_intensity_b080,B2/Y2 = 80%,0.8,Consumption,2,-0.00679534060856612,-0.00677621715343446,1.91234551316644e-05
debt_intensity_b080,B2/Y2 = 80%,0.8,Consumption,3,-0.00380822757026933,-0.00377641196633061,3.1815603938723e-05
debt_intensity_b080,B2/Y2 = 80%,0.8,Consumption,4,-0.00195518334188993,-0.00191243862233936,4.27447195505692e-05
debt_intensity_b080,B2/Y2 = 80%,0.8,Consumption,5,-0.000925546738036132,-0.00087467448054579,5.0872257490342e-05
debt_intensity_b080,B2/Y2 = 80%,0.8,Consumption,6,-0.000421596997078555,-0.000365649461456896,5.59475356216588e-05
debt_intensity_b080,B2/Y2 = 80%,0.8,Consumption,7,-0.000222192884058448,-0.000164034567472382,5.81583165860655e-05
debt_intensity_b080,B2/Y2 = 80%,0.8,Consumption,8,-0.000182525107971787,-0.000124618329063964,5.79067789078236e-05
debt_intensity_b080,B2/Y2 = 80%,0.8,Consumption,9,-0.000215837352975257,-0.000160165893835162,5.56714591400942e-05
debt_intensity_b080,B2/Y2 = 80%,0.8,Consumption,10,-0.000274258500427615,-0.000222331403074039,5.19270973535768e-05
debt_intensity_b080,B2/Y2 = 80%,0.8,Consumption,11,-0.000333850235098354,-0.000286747821757638,4.71024133407161e-05
debt_intensity_b080,B2/Y2 = 80%,0.8,Consumption,12,-0.000384376267435815,-0.00034281445895612,4.15618084796954e-05
debt_intensity_b080,B2/Y2 = 80%,0.8,Consumption,13,-0.000422859677603804,-0.000387258279726854,3.56013978769498e-05
debt_intensity_b080,B2/Y2 = 80%,0.8,Consumption,14,-0.000449786873769953,-0.000420333884223245,2.94529895467077e-05
debt_intensity_b080,B2/Y2 = 80%,0.8,Consumption,15,-0.000467012678900813,-0.000443720763912081,2.32919149887323e-05
debt_intensity_b080,B2/Y2 = 80%,0.8,Consumption,16,-0.000476691779765948,-0.000459445578402606,1.72462013633412e-05
debt_intensity_b080,B2/Y2 = 80%,0.8,Consumption,17,-0.000480794471431345,-0.000469388829431039,1.14056420003061e-05
debt_intensity_b080,B2/Y2 = 80%,0.8,Consumption,18,-0.00048093444866848,-0.00047510443376364,5.83001490483959e-06
debt_intensity_b080,B2/Y2 = 80%,0.8,Consumption,19,-0.00047834972080274,-0.000477793589975128,5.56130827611412e-07
debt_intensity_b080,B2/Y2 = 80%,0.8,Consumption,20,-0.000473948820598702,-0.000478345173117734,-4.39635251903159e-06
debt_intensity_b080,B2/Y2 = 80%,0.8,Consumption,21,-0.00046837686717649,-0.000477397141690483,-9.02027451399334e-06
debt_intensity_b080,B2/Y2 = 80%,0.8,Consumption,22,-0.000462080111635954,-0.000475397444226644,-1.33173325906899e-05
debt_intensity_b080,B2/Y2 = 80%,0.8,Consumption,23,-0.000455360534069138,-0.000472655831160296,-1.72952970911577e-05
debt_intensity_b080,B2/Y2 = 80%,0.8,Consumption,24,-0.000448418538859907,-0.000469384459064637,-2.09659202047296e-05
debt_intensity_b080,B2/Y2 = 80%,0.8,Consumption,25,-0.000441384694656044,-0.000465728089643402,-2.43433949873584e-05
debt_intensity_b080,B2/Y2 = 80%,0.8,Consumption,26,-0.000434342492647843,-0.000461785734024334,-2.74432413764902e-05
debt_intensity_b080,B2/Y2 = 80%,0.8,Consumption,27,-0.000427344219952497,-0.000457625737736,-3.02815177835036e-05
debt_intensity_b080,B2/Y2 = 80%,0.8,Consumption,28,-0.000420421787554082,-0.000453296064534592,-3.28742769805102e-05
debt_intensity_b080,B2/Y2 = 80%,0.8,Consumption,29,-0.000413593980590488,-0.000448831183129994,-3.52372025395065e-05
debt_intensity_b080,B2/Y2 = 80%,0.8,Consumption,30,-0.000406871236110606,-0.000444256612846194,-3.73853767355881e-05
debt_intensity_b080,B2/Y2 = 80%,0.8,Consumption,31,-0.000400258747579763,-0.000439591890272095,-3.93331426923327e-05
debt_intensity_b080,B2/Y2 = 80%,0.8,Consumption,32,-0.000393758457046367,-0.000434852489983317,-4.10940329369502e-05
debt_intensity_b080,B2/Y2 = 80%,0.8,Consumption,33,-0.000387370319291924,-0.000430051063100456,-4.26807438085319e-05
debt_intensity_b080,B2/Y2 = 80%,0.8,Consumption,34,-0.000381093096093021,-0.000425198236823077,-4.41051407300552e-05
debt_intensity_b080,B2/Y2 = 80%,0.8,Consumption,35,-0.000374924851016312,-0.000420303134555988,-4.53782835396765e-05
debt_intensity_b080,B2/Y2 = 80%,0.8,Consumption,36,-0.000368863255545859,-0.00041537371974032,-4.65104641944603e-05
debt_intensity_b080,B2/Y2 = 80%,0.8,Consumption,37,-0.000362905777586575,-0.000410417029036769,-4.75112514501941e-05
debt_intensity_b080,B2/Y2 = 80%,0.8,Consumption,38,-0.000357049797296671,-0.000405439336092051,-4.83895387953792e-05
debt_intensity_b080,B2/Y2 = 80%,0.8,Consumption,39,-0.000351292678347881,-0.00040044627146385,-4.91535931159692e-05
debt_intensity_b080,B2/Y2 = 80%,0.8,Consumption,40,-0.000345631811967451,-0.00039544291440019,-4.98111024327397e-05
debt_intensity_b080,B2/Y2 = 80%,0.8,Inflation,1,-0.0174436020689572,-0.0175561069374419,-0.000112504868484686
debt_intensity_b080,B2/Y2 = 80%,0.8,Inflation,2,-0.0113078809132143,-0.0114061102142259,-9.82293010115542e-05
debt_intensity_b080,B2/Y2 = 80%,0.8,Inflation,3,-0.00687515726963672,-0.00695242902055171,-7.72717509149867e-05
debt_intensity_b080,B2/Y2 = 80%,0.8,Inflation,4,-0.00392135077549094,-0.00397618782740583,-5.48370519148911e-05
debt_intensity_b080,B2/Y2 = 80%,0.8,Inflation,5,-0.00206215610193927,-0.0020959738653632,-3.38177634239267e-05
debt_intensity_b080,B2/Y2 = 80%,0.8,Inflation,6,-0.000946302033031365,-0.000961926334291929,-1.56243012605639e-05
debt_intensity_b080,B2/Y2 = 80%,0.8,Inflation,7,-0.000306886991393029,-0.000307641263705638,-7.54272312608606e-07
debt_intensity_b080,B2/Y2 = 80%,0.8,Inflation,8,4.07446504759879e-05,5.15690745890307e-05,1.08244241130429e-05
debt_intensity_b080,B2/Y2 = 80%,0.8,Inflation,9,0.000216878206435567,0.000236301177847897,1.94229714123306e-05
debt_intensity_b080,B2/Y2 = 80%,0.8,Inflation,10,0.000296388739918996,0.000321862478383839,2.54737384648429e-05
debt_intensity_b080,B2/Y2 = 80%,0.8,Inflation,11,0.000324099264991551,0.000353535035822805,2.94357708312543e-05
debt_intensity_b080,B2/Y2 = 80%,0.8,Inflation,12,0.000325845356784704,0.000357587715822616,3.17423590379118e-05
debt_intensity_b080,B2/Y2 = 80%,0.8,Inflation,13,0.000315916406293359,0.000348691962469783,3.27755561764231e-05
debt_intensity_b080,B2/Y2 = 80%,0.8,Inflation,14,0.000301825164623182,0.000334682355199289,3.28571905761077e-05
debt_intensity_b080,B2/Y2 = 80%,0.8,Inflation,15,0.000287250043466081,0.000319499405514678,3.22493620485975e-05
debt_intensity_b080,B2/Y2 = 80%,0.8,Inflation,16,0.000273789368092858,0.000304949244626318,3.11598765334598e-05
debt_intensity_b080,B2/Y2 = 80%,0.8,Inflation,17,0.000261972635032359,0.000291722425866281,2.97497908339217e-05
debt_intensity_b080,B2/Y2 = 80%,0.8,Inflation,18,0.000251822371629462,0.000279963770683622,2.81413990541601e-05
debt_intensity_b080,B2/Y2 = 80%,0.8,Inflation,19,0.000243152675553748,0.000269578426570494,2.64257510167454e-05
debt_intensity_b080,B2/Y2 = 80%,0.8,Inflation,20,0.000235718510845473,0.000260387781871874,2.46692710264007e-05
debt_intensity_b080,B2/Y2 = 80%,0.8,Inflation,21,0.00022928359613883,0.000252202928947121,2.29193328082911e-05
debt_intensity_b080,B2/Y2 = 80%,0.8,Inflation,22,0.000223646004788636,0.000244854813237438,2.12088084488027e-05
debt_intensity_b080,B2/Y2 = 80%,0.8,Inflation,23,0.000218643286696185,0.000238202977952406,1.95596912562213e-05
debt_intensity_b080,B2/Y2 = 80%,0.8,Inflation,24,0.000214148783987955,0.000232134709833298,1.7985925845343e-05
debt_intensity_b080,B2/Y2 = 80%,0.8,Inflation,25,0.000210065054073727,0.000226560638021844,1.64955839481173e-05
debt_intensity_b080,B2/Y2 = 80%,0.8,Inflation,26,0.000206317155640345,0.000221409670368544,1.50925147281988e-05
debt_intensity_b080,B2/Y2 = 80%,0.8,Inflation,27,0.000202846896858011,0.000216624478732941,1.37775818749297e-05
debt_intensity_b080,B2/Y2 = 80%,0.8,Inflation,28,0.000199608329275014,0.00021215791053919,1.25495812641763e-05
debt_intensity_b080,B2/Y2 = 80%,0.8,Inflation,29,0.000196564408224242,0.000207970323386375,1.14059151621326e-05
debt_intensity_b080,B2/Y2 = 80%,0.8,Inflation,30,0.000193684610387823,0.000204027693464726,1.03430830769025e-05
debt_intensity_b080,B2/Y2 = 80%,0.8,Inflation,31,0.000190943279820388,0.000200300315744473,9.35703592408466e-06
debt_intensity_b080,B2/Y2 = 80%,0.8,Inflation,32,0.000188318500782492,0.000196761929958766,8.44342917627472e-06
debt_intensity_b080,B2/Y2 = 80%,0.8,Inflation,33,0.000185791336948515,0.000193389138860356,7.59780191184056e-06
debt_intensity_b080,B2/Y2 = 80%,0.8,Inflation,34,0.000183345317154915,0.000190161019003154,6.81570184823954e-06
debt_intensity_b080,B2/Y2 = 80%,0.8,Inflation,35,0.000180966082117262,0.000187058853318822,6.09277120156015e-06
debt_intensity_b080,B2/Y2 = 80%,0.8,Inflation,36,0.00017864113319388,0.000184065937453237,5.42480425935743e-06
debt_intensity_b080,B2/Y2 = 80%,0.8,Inflation,37,0.000176359643912383,0.000181167428500828,4.80778458844533e-06
debt_intensity_b080,B2/Y2 = 80%,0.8,Inflation,38,0.000174112308896524,0.000178350216524237,4.23790762771326e-06
debt_intensity_b080,B2/Y2 = 80%,0.8,Inflation,39,0.000171891214409081,0.000175602807211517,3.7115928024356e-06
debt_intensity_b080,B2/Y2 = 80%,0.8,Inflation,40,0.000169689721100985,0.000172915209256441,3.22548815545609e-06
debt_intensity_b120,B2/Y2 = 120%,1.2,Debt service pressure,1,0.00706309828646717,0.0214700404310291,0.0144069421445619
debt_intensity_b120,B2/Y2 = 120%,1.2,Debt service pressure,2,0.00585427024515709,0.0177977905059351,0.011943520260778
debt_intensity_b120,B2/Y2 = 120%,1.2,Debt service pressure,3,0.00393596301919944,0.0119845737733829,0.0080486107541835
debt_intensity_b120,B2/Y2 = 120%,1.2,Debt service pressure,4,0.00233001072963132,0.00710818572319915,0.00477817499356783
debt_intensity_b120,B2/Y2 = 120%,1.2,Debt service pressure,5,0.00123502223390886,0.00377059012899035,0.00253556789508148
debt_intensity_b120,B2/Y2 = 120%,1.2,Debt service pressure,6,0.000575840439824704,0.00174890944117099,0.00117306900134629
debt_intensity_b120,B2/Y2 = 120%,1.2,Debt service pressure,7,0.000220148313069681,0.000646780727204496,0.000426632414134815
debt_intensity_b120,B2/Y2 = 120%,1.2,Debt service pressure,8,5.22272789226282e-05,0.000116555048226889,6.43277693042604e-05
debt_intensity_b120,B2/Y2 = 120%,1.2,Debt service pressure,9,-1.03613028959049e-05,-9.01003968082556e-05,-7.97390939123507e-05
debt_intensity_b120,B2/Y2 = 120%,1.2,Debt service pressure,10,-2.00281771502988e-05,-0.000131626745061456,-0.000111598567911157
debt_intensity_b120,B2/Y2 = 120%,1.2,Debt service pressure,11,-7.29291793191093e-06,-0.000100793880813013,-9.35009628811019e-05
debt_intensity_b120,B2/Y2 = 120%,1.2,Debt service pressure,12,1.15876224591801e-05,-4.74851126823148e-05,-5.90727351414948e-05
debt_intensity_b120,B2/Y2 = 120%,1.2,Debt service pressure,13,2.89248688312071e-05,4.26508926608046e-06,-2.46597795651267e-05
debt_intensity_b120,B2/Y2 = 120%,1.2,Debt service pressure,14,4.18053539478118e-05,4.49042698029926e-05,3.09891585518075e-06
debt_intensity_b120,B2/Y2 = 120%,1.2,Debt service pressure,15,4.97527775721908e-05,7.23423005555644e-05,2.25895229833736e-05
debt_intensity_b120,B2/Y2 = 120%,1.2,Debt service pressure,16,5.33797647727765e-05,8.78913847804415e-05,3.45116200076651e-05
debt_intensity_b120,B2/Y2 = 120%,1.2,Debt service pressure,17,5.36631240589157e-05,9.40727957803849e-05,4.04096717214692e-05
debt_intensity_b120,B2/Y2 = 120%,1.2,Debt service pressure,18,5.1588432896937e-05,9.35311425947216e-05,4.19427096977846e-05
debt_intensity_b120,B2/Y2 = 120%,1.2,Debt service pressure,19,4.80006569634327e-05,8.85680781276717e-05,4.05674211642389e-05
debt_intensity_b120,B2/Y2 = 120%,1.2,Debt service pressure,20,4.35619071754781e-05,8.0999602052231e-05,3.74376948767529e-05
debt_intensity_b120,B2/Y2 = 120%,1.2,Debt service pressure,21,3.8759577166923e-05,7.21669491206434e-05,3.34073719537205e-05
debt_intensity_b120,B2/Y2 = 120%,1.2,Debt service pressure,22,3.39341225643114e-05,6.30087821440126e-05,2.90746595797012e-05
debt_intensity_b120,B2/Y2 = 120%,1.2,Debt service pressure,23,2.93110241503716e-05,5.41480842359745e-05,2.48370600856029e-05
debt_intensity_b120,B2/Y2 = 120%,1.2,Debt service pressure,24,2.50300099514586e-05,4.59726759613581e-05,2.09426660098995e-05
debt_intensity_b120,B2/Y2 = 120%,1.2,Debt service pressure,25,2.11691023540728e-05,3.87017463543329e-05,1.753264400026e-05
debt_intensity_b120,B2/Y2 = 120%,1.2,Debt service pressure,26,1.77632343137564e-05,3.24373419280655e-05,1.46741076143091e-05
debt_intensity_b120,B2/Y2 = 120%,1.2,Debt service pressure,27,1.48180974018398e-05,2.72025495203412e-05,1.23844521185013e-05
debt_intensity_b120,B2/Y2 = 120%,1.2,Debt service pressure,28,1.23201595076993e-05,2.29689740729577e-05,1.06488145652584e-05
debt_intensity_b120,B2/Y2 = 120%,1.2,Debt service pressure,29,1.02437657108221e-05,1.96760783233215e-05,9.43231261249945e-06
debt_intensity_b120,B2/Y2 = 120%,1.2,Debt service pressure,30,8.5560949399776e-06,1.72445634427087e-05,8.68846850273115e-06
debt_intensity_b120,B2/Y2 = 120%,1.2,Debt service pressure,31,7.2205780451088e-06,1.55854982962309e-05,8.36492025112212e-06
debt_intensity_b120,B2/Y2 = 120%,1.2,Debt service pressure,32,6.19922984930552e-06,1.46064702057653e-05,8.40724035645977e-06
debt_intensity_b120,B2/Y2 = 120%,1.2,Debt service pressure,33,5.45422253580251e-06,1.42156740190538e-05,8.76145148325132e-06
debt_intensity_b120,B2/Y2 = 120%,1.2,Debt service pressure,34,4.94893179689253e-06,1.43245838846919e-05,9.37565208779939e-06
debt_intensity_b120,B2/Y2 = 120%,1.2,Debt service pressure,35,4.64861679168836e-06,1.48496528977523e-05,1.02010361060639e-05
debt_intensity_b120,B2/Y2 = 120%,1.2,Debt service pressure,36,4.52084488944838e-06,1.57133446695851e-05,1.11924997801367e-05
debt_intensity_b120,B2/Y2 = 120%,1.2,Debt service pressure,37,4.53573735536682e-06,1.68447033034175e-05,1.23089659480506e-05
debt_intensity_b120,B2/Y2 = 120%,1.2,Debt service pressure,38,4.66608832551049e-06,1.81796020026874e-05,1.35135136771769e-05
debt_intensity_b120,B2/Y2 = 120%,1.2,Debt service pressure,39,4.88739332676034e-06,1.96607661385757e-05,1.47733728118153e-05
debt_intensity_b120,B2/Y2 = 120%,1.2,Debt service pressure,40,5.17781279720918e-06,2.12376370937913e-05,1.60598242965821e-05
debt_intensity_b120,B2/Y2 = 120%,1.2,Public investment,1,-0.000631673216715548,-0.00128169953445163,-0.000650026317736085
debt_intensity_b120,B2/Y2 = 120%,1.2,Public investment,2,-0.00102319576191165,-0.0022135168817301,-0.00119032111981845
debt_intensity_b120,B2/Y2 = 120%,1.2,Public investment,3,-0.00126061860022315,-0.00288637715002041,-0.00162575854979725
debt_intensity_b120,B2/Y2 = 120%,1.2,Public investment,4,-0.00140321457314696,-0.0033674603089504,-0.00196424573580344
debt_intensity_b120,B2/Y2 = 120%,1.2,Public investment,5,-0.00148747809085183,-0.00370289932077734,-0.00221542122992552
debt_intensity_b120,B2/Y2 = 120%,1.2,Public investment,6,-0.00153420335540566,-0.00392379697865976,-0.0023895936232541
debt_intensity_b120,B2/Y2 = 120%,1.2,Public investment,7,-0.00155460814339063,-0.00405163204945623,-0.0024970239060656
debt_intensity_b120,B2/Y2 = 120%,1.2,Public investment,8,-0.00155462499407376,-0.00410212144616429,-0.00254749645209053
debt_intensity_b120,B2/Y2 = 120%,1.2,Public investment,9,-0.00153756650156171,-0.0040876589341297,-0.00255009243256799
debt_intensity_b120,B2/Y2 = 120%,1.2,Public investment,10,-0.00150562555139541,-0.0040187169653649,-0.00251309141396949
debt_intensity_b120,B2/Y2 = 120%,1.2,Public investment,11,-0.00146063275930251,-0.00390458090814241,-0.0024439481488399
debt_intensity_b120,B2/Y2 = 120%,1.2,Public investment,12,-0.00140438092198725,-0.00375369136696638,-0.00234931044497913
debt_intensity_b120,B2/Y2 = 120%,1.2,Public investment,13,-0.00133871904784374,-0.00357377676485435,-0.0022350577170106
debt_intensity_b120,B2/Y2 = 120%,1.2,Public investment,14,-0.00126553791795736,-0.00337188670388457,-0.00210634878592721
debt_intensity_b120,B2/Y2 = 120%,1.2,Public investment,15,-0.00118671520312659,-0.00315438812217954,-0.00196767291905295
debt_intensity_b120,B2/Y2 = 120%,1.2,Public investment,16,-0.00110405482542345,-0.00292695600314803,-0.00182290117772459
debt_intensity_b120,B2/Y2 = 120%,1.2,Public investment,17,-0.00101923598020155,-0.00269457274443761,-0.00167533676423606
debt_intensity_b120,B2/Y2 = 120%,1.2,Public investment,18,-0.000933776852287224,-0.00246154069781865,-0.00152776384553142
debt_intensity_b120,B2/Y2 = 120%,1.2,Public investment,19,-0.000849012960053977,-0.00223150762456135,-0.00138249466450738
debt_intensity_b120,B2/Y2 = 120%,1.2,Public investment,20,-0.000766087917048922,-0.00200750277609191,-0.00124141485904299
debt_intensity_b120,B2/Y2 = 120%,1.2,Public investment,21,-0.000685953799748298,-0.00179198072104085,-0.00110602692129255
debt_intensity_b120,B2/Y2 = 120%,1.2,Public investment,22,-0.000609378438342204,-0.00158687014961462,-0.000977491711272413
debt_intensity_b120,B2/Y2 = 120%,1.2,Public investment,23,-0.00053695736291455,-0.00139362528292326,-0.000856667920008714
debt_intensity_b120,B2/Y2 = 120%,1.2,Public investment,24,-0.000469128616389286,-0.00121327798647833,-0.000744149370089042
debt_intensity_b120,B2/Y2 = 120%,1.2,Public investment,25,-0.000406189087059305,-0.00104648913449704,-0.000640300047437731
debt_intensity_b120,B2/Y2 = 120%,1.2,Public investment,26,-0.000348311381064989,-0.00089359815645787,-0.000545286775392881
debt_intensity_b120,B2/Y2 = 120%,1.2,Public investment,27,-0.000295560544125564,-0.000754670011339456,-0.000459109467213892
debt_intensity_b120,B2/Y2 = 120%,1.2,Public investment,28,-0.000247910160948384,-0.000629539083450106,-0.000381628922501723
debt_intensity_b120,B2/Y2 = 120%,1.2,Public investment,29,-0.000205257523063329,-0.00051784968681072,-0.000312592163747391
debt_intensity_b120,B2/Y2 = 120%,1.2,Public investment,30,-0.000167437674225043,-0.000419093013360433,-0.00025165533913539
debt_intensity_b120,B2/Y2 = 120%,1.2,Public investment,31,-0.000134236227994536,-0.000332640473297285,-0.00019840424530275
debt_intensity_b120,B2/Y2 = 120%,1.2,Public investment,32,-0.000105400913360518,-0.000257773461410024,-0.000152372548049506
debt_intensity_b120,B2/Y2 = 120%,1.2,Public investment,33,-8.065184787244e-05,-0.000193709647389143,-0.000113057799516703
debt_intensity_b120,B2/Y2 = 120%,1.2,Public investment,34,-5.96905685579241e-05,-0.000139625935484139,-7.99353669262148e-05
debt_intensity_b120,B2/Y2 = 120%,1.2,Public investment,35,-4.22078723680691e-05,-9.4678273041035e-05,-5.24704006729659e-05
debt_intensity_b120,B2/Y2 = 120%,1.2,Public investment,36,-2.78905325155065e-05,-5.8018511104943e-05,-3.01279785894365e-05
debt_intensity_b120,B2/Y2 = 120%,1.2,Public investment,37,-1.64269666092925e-05,-2.88085354833711e-05,-1.23815688740786e-05
debt_intensity_b120,B2/Y2 = 120%,1.2,Public investment,38,-7.511938216756e-06,-6.23189506569755e-06,1.28004315105845e-06
debt_intensity_b120,B2/Y2 = 120%,1.2,Public investment,39,-8.50376310507217e-07,1.04968429160135e-05,1.13472192265207e-05
debt_intensity_b120,B2/Y2 = 120%,1.2,Public investment,40,3.83960232937242e-06,2.21247825542698e-05,1.82851802248973e-05
debt_intensity_b120,B2/Y2 = 120%,1.2,Public capital,1,-0.000631673216715534,-0.00128169953445134,-0.000650026317735808
debt_intensity_b120,B2/Y2 = 120%,1.2,Public capital,2,-0.00163907714821043,-0.00346317392782058,-0.00182409677961015
debt_intensity_b120,B2/Y2 = 120%,1.2,Public capital,3,-0.00285871881972888,-0.00626297172964474,-0.00340425290991586
debt_intensity_b120,B2/Y2 = 120%,1.2,Public capital,4,-0.00419046542238366,-0.0094738577453537,-0.00528339232297004
debt_intensity_b120,B2/Y2 = 120%,1.2,Public capital,5,-0.00557318187767653,-0.0129399106224977,-0.00736672874482114
debt_intensity_b120,B2/Y2 = 120%,1.2,Public capital,6,-0.00696805568614156,-0.0165402098355942,-0.00957215414945267
debt_intensity_b120,B2/Y2 = 120%,1.2,Public capital,7,-0.00834846243737886,-0.0201783366391606,-0.0118298742017817
debt_intensity_b120,B2/Y2 = 120%,1.2,Public capital,8,-0.00969437587051925,-0.0237759996693461,-0.0140816237988268
debt_intensity_b120,B2/Y2 = 120%,1.2,Public capital,9,-0.0109895829753182,-0.0272692586117413,-0.0162796756364232
debt_intensity_b120,B2/Y2 = 120%,1.2,Public capital,10,-0.0122204689523313,-0.0306062441118122,-0.0183857751594809
debt_intensity_b120,B2/Y2 = 120%,1.2,Public capital,11,-0.0133755899878256,-0.0337456689171596,-0.020370078929334
debt_intensity_b120,B2/Y2 = 120%,1.2,Public capital,12,-0.0144455811601176,-0.0366557185611969,-0.0222101374010792
debt_intensity_b120,B2/Y2 = 120%,1.2,Public capital,13,-0.0154231606789592,-0.039313102362021,-0.0238899416830618
debt_intensity_b120,B2/Y2 = 120%,1.2,Public capital,14,-0.0163031195799421,-0.0417021615068549,-0.0253990419269128
debt_intensity_b120,B2/Y2 = 120%,1.2,Public capital,15,-0.0170822567935707,-0.0438139955913623,-0.0267317387977917
debt_intensity_b120,B2/Y2 = 120%,1.2,Public capital,16,-0.017759255199155,-0.0456456017047264,-0.0278863465055714
debt_intensity_b120,B2/Y2 = 120%,1.2,Public capital,17,-0.0183345097993772,-0.0471990344065452,-0.0288645246071679
debt_intensity_b120,B2/Y2 = 120%,1.2,Public capital,18,-0.0188099239066801,-0.0484805992441997,-0.0296706753375195
debt_intensity_b120,B2/Y2 = 120%,1.2,Public capital,19,-0.0191886887690673,-0.0495000918876558,-0.0303114031185885
debt_intensity_b120,B2/Y2 = 120%,1.2,Public capital,20,-0.01947505946689,-0.0502700923665564,-0.0307950328996665
debt_intensity_b120,B2/Y2 = 120%,1.2,Public capital,21,-0.0196741367799653,-0.0508053207784327,-0.0311311839984674
debt_intensity_b120,B2/Y2 = 120%,1.2,Public capital,22,-0.0197916617988083,-0.0511220579085867,-0.0313303961097784
debt_intensity_b120,B2/Y2 = 120%,1.2,Public capital,23,-0.0198338276167531,-0.0512376317437946,-0.0314038041270415
debt_intensity_b120,B2/Y2 = 120%,1.2,Public capital,24,-0.0198071105427235,-0.0511699689366782,-0.0313628583939547
debt_intensity_b120,B2/Y2 = 120%,1.2,Public capital,25,-0.0197181218662141,-0.050937208847758,-0.0312190869815439
debt_intensity_b120,B2/Y2 = 120%,1.2,Public capital,26,-0.0195734802006235,-0.0505573767830212,-0.0309838965823976
debt_intensity_b120,B2/Y2 = 120%,1.2,Public capital,27,-0.0193797037397339,-0.0500481123747853,-0.0306684086350515
debt_intensity_b120,B2/Y2 = 120%,1.2,Public capital,28,-0.0191431213071889,-0.0494264486488651,-0.0302833273416763
debt_intensity_b120,B2/Y2 = 120%,1.2,Public capital,29,-0.0188698007975718,-0.0487086371194536,-0.0298388363218818
debt_intensity_b120,B2/Y2 = 120%,1.2,Public capital,30,-0.0185654934518578,-0.0479100142048274,-0.0293445207529697
debt_intensity_b120,B2/Y2 = 120%,1.2,Public capital,31,-0.0182355923435553,-0.0470449043230046,-0.0288093119794492
debt_intensity_b120,B2/Y2 = 120%,1.2,Public capital,32,-0.0178851034483269,-0.0461265551763388,-0.0282414517280118
debt_intensity_b120,B2/Y2 = 120%,1.2,Public capital,33,-0.0175186277099915,-0.0451671009443189,-0.0276484732343274
debt_intensity_b120,B2/Y2 = 120%,1.2,Public capital,34,-0.0171403525857992,-0.0441775493561956,-0.0270371967703964
debt_intensity_b120,B2/Y2 = 120%,1.2,Public capital,35,-0.0167540516435221,-0.0431677888953308,-0.0264137372518087
debt_intensity_b120,B2/Y2 = 120%,1.2,Public capital,36,-0.0163630908849495,-0.0421466126840526,-0.0257835217991031
debt_intensity_b120,B2/Y2 = 120%,1.2,Public capital,37,-0.0159704405794345,-0.0411217559024344,-0.0251513153229999
debt_intensity_b120,B2/Y2 = 120%,1.2,Public capital,38,-0.0155786915031655,-0.0400999438999392,-0.0245212523967737
debt_intensity_b120,B2/Y2 = 120%,1.2,Public capital,39,-0.0151900745918967,-0.0390869484595244,-0.0238968738676277
debt_intensity_b120,B2/Y2 = 120%,1.2,Public capital,40,-0.0148064831247696,-0.0380876499654814,-0.0232811668407118
debt_intensity_b120,B2/Y2 = 120%,1.2,Final output,1,-0.0169932899715508,-0.0177464874437858,-0.000753197472235012
debt_intensity_b120,B2/Y2 = 120%,1.2,Final output,2,-0.0149701194380825,-0.0162728996323409,-0.00130278019425845
debt_intensity_b120,B2/Y2 = 120%,1.2,Final output,3,-0.0119613824105271,-0.0136478263119042,-0.00168644390137707
debt_intensity_b120,B2/Y2 = 120%,1.2,Final output,4,-0.00906726161612781,-0.0110054299537368,-0.00193816833760896
debt_intensity_b120,B2/Y2 = 120%,1.2,Final output,5,-0.00667419791866586,-0.00876157283531709,-0.00208737491665123
debt_intensity_b120,B2/Y2 = 120%,1.2,Final output,6,-0.00484500539662447,-0.00700367372555011,-0.00215866832892564
debt_intensity_b120,B2/Y2 = 120%,1.2,Final output,7,-0.00351327706468541,-0.00568532778060182,-0.00217205071591642
debt_intensity_b120,B2/Y2 = 120%,1.2,Final output,8,-0.00257540483883478,-0.00471882151273018,-0.00214341667389539
debt_intensity_b120,B2/Y2 = 120%,1.2,Final output,9,-0.00193043863315445,-0.00401560540633361,-0.00208516677317916
debt_intensity_b120,B2/Y2 = 120%,1.2,Final output,10,-0.00149442096393726,-0.00350125179895022,-0.00200683083501296
debt_intensity_b120,B2/Y2 = 120%,1.2,Final output,11,-0.00120302034087871,-0.00311865993077165,-0.00191563958989294
debt_intensity_b120,B2/Y2 = 120%,1.2,Final output,12,-0.00100940991802267,-0.00282642702028868,-0.00181701710226601
debt_intensity_b120,B2/Y2 = 120%,1.2,Final output,13,-0.000880712418399154,-0.00259569984194785,-0.0017149874235487
debt_intensity_b120,B2/Y2 = 120%,1.2,Final output,14,-0.000794470329026797,-0.00240697088429542,-0.00161250055526863
debt_intensity_b120,B2/Y2 = 120%,1.2,Final output,15,-0.000735680772137814,-0.00224736894383648,-0.00151168817169867
debt_intensity_b120,B2/Y2 = 120%,1.2,Final output,16,-0.000694507816776158,-0.00210856897267375,-0.00141406115589759
debt_intensity_b120,B2/Y2 = 120%,1.2,Final output,17,-0.000664608214006157,-0.00198526877359839,-0.00132066055959223
debt_intensity_b120,B2/Y2 = 120%,1.2,Final output,18,-0.000641950471153119,-0.00187412266486953,-0.00123217219371641
debt_intensity_b120,B2/Y2 = 120%,1.2,Final output,19,-0.000624004951784163,-0.00177301828503829,-0.00114901333325412
debt_intensity_b120,B2/Y2 = 120%,1.2,Final output,20,-0.000609200958714085,-0.00168059928206665,-0.00107139832335257
debt_intensity_b120,B2/Y2 = 120%,1.2,Final output,21,-0.000596569866051389,-0.00159595823344838,-0.000999388367396992
debt_intensity_b120,B2/Y2 = 120%,1.2,Final output,22,-0.000585514690837785,-0.00151844421092673,-0.000932929520088943
debt_intensity_b120,B2/Y2 = 120%,1.2,Final output,23,-0.000575663826552941,-0.00144754572741213,-0.000871881900859184
debt_intensity_b120,B2/Y2 = 120%,1.2,Final output,24,-0.000566779790087013,-0.00138282214944851,-0.000816042359361502
debt_intensity_b120,B2/Y2 = 120%,1.2,Final output,25,-0.00055870333520136,-0.00132386556458475,-0.000765162229383387
debt_intensity_b120,B2/Y2 = 120%,1.2,Final output,26,-0.000551319939354089,-0.00127028130277262,-0.000718961363418535
debt_intensity_b120,B2/Y2 = 120%,1.2,Final output,27,-0.000544540213985423,-0.00122167952796881,-0.000677139313983388
debt_intensity_b120,B2/Y2 = 120%,1.2,Final output,28,-0.000538288827104383,-0.00117767311841299,-0.000639384291308609
debt_intensity_b120,B2/Y2 = 120%,1.2,Final output,29,-0.000532498524039915,-0.00113787888155525,-0.000605380357515339
debt_intensity_b120,B2/Y2 = 120%,1.2,Final output,30,-0.000527107124316473,-0.00110192032126077,-0.000574813196944302
debt_intensity_b120,B2/Y2 = 120%,1.2,Final output,31,-0.000522056196650689,-0.00106943091400546,-0.000547374717354776
debt_intensity_b120,B2/Y2 = 120%,1.2,Final output,32,-0.000517290632432776,-0.00104005730945733,-0.000522766677024555
debt_intensity_b120,B2/Y2 = 120%,1.2,Final output,33,-0.000512758659681145,-0.00101346215056641,-0.000500703490885268
debt_intensity_b120,B2/Y2 = 120%,1.2,Final output,34,-0.000508412036197003,-0.000989326375473998,-0.000480914339276994
debt_intensity_b120,B2/Y2 = 120%,1.2,Final output,35,-0.000504206279117847,-0.000967350960923596,-0.000463144681805749
debt_intensity_b120,B2/Y2 = 120%,1.2,Final output,36,-0.000500100858114583,-0.000947258121538175,-0.000447157263423592
debt_intensity_b120,B2/Y2 = 120%,1.2,Final output,37,-0.000496059319962328,-0.000928792008266455,-0.000432732688304127
debt_intensity_b120,B2/Y2 = 120%,1.2,Final output,38,-0.000492049334880784,-0.000911718962959496,-0.000419669628078712
debt_intensity_b120,B2/Y2 = 120%,1.2,Final output,39,-0.000488042667153632,-0.000895827390802184,-0.000407784723648552
debt_intensity_b120,B2/Y2 = 120%,1.2,Final output,40,-0.000484015078489275,-0.00088092731202627,-0.000396912233536995
debt_intensity_b120,B2/Y2 = 120%,1.2,Consumption,1,-0.0108838249039394,-0.01086986616445,1.39587394893947e-05
debt_intensity_b120,B2/Y2 = 120%,1.2,Consumption,2,-0.00669886280167487,-0.0066608316793727,3.80311223021623e-05
debt_intensity_b120,B2/Y2 = 120%,1.2,Consumption,3,-0.00372225904268586,-0.00365896676447752,6.32922782083378e-05
debt_intensity_b120,B2/Y2 = 120%,1.2,Consumption,4,-0.0018749181111547,-0.00178987712734058,8.5040983814122e-05
debt_intensity_b120,B2/Y2 = 120%,1.2,Consumption,5,-0.000849092891339054,-0.000747886663757802,0.000101206227581252
debt_intensity_b120,B2/Y2 = 120%,1.2,Consumption,6,-0.000348297548114274,-0.000237009553707201,0.000111287994407072
debt_intensity_b120,B2/Y2 = 120%,1.2,Consumption,7,-0.000151831736618036,-3.61709780454245e-05,0.000115660758572611
debt_intensity_b120,B2/Y2 = 120%,1.2,Consumption,8,-0.0001149883869489,1.3843216783993e-07,0.00011512681911674
debt_intensity_b120,B2/Y2 = 120%,1.2,Consumption,9,-0.000150995089753359,-4.035413871184e-05,0.000110640951041518
debt_intensity_b120,B2/Y2 = 120%,1.2,Consumption,10,-0.000211943100828393,-0.000108792630528431,0.000103150470299962
debt_intensity_b120,B2/Y2 = 120%,1.2,Consumption,11,-0.000273870234745344,-0.000180359304310262,9.35109304350812e-05
debt_intensity_b120,B2/Y2 = 120%,1.2,Consumption,12,-0.000326537257668624,-0.000244087709958762,8.24495477098619e-05
debt_intensity_b120,B2/Y2 = 120%,1.2,Consumption,13,-0.000366981385616527,-0.000296424155759034,7.0557229857493e-05
debt_intensity_b120,B2/Y2 = 120%,1.2,Consumption,14,-0.000395713535966569,-0.000337417056187062,5.82964797795071e-05
debt_intensity_b120,B2/Y2 = 120%,1.2,Consumption,15,-0.000414617288771679,-0.000368600286164478,4.60170026072015e-05
debt_intensity_b120,B2/Y2 = 120%,1.2,Consumption,16,-0.000425875895279981,-0.000391901890061219,3.3974005218762e-05
debt_intensity_b120,B2/Y2 = 120%,1.2,Consumption,17,-0.000431485315984692,-0.000409139011848025,2.23463041366667e-05
debt_intensity_b120,B2/Y2 = 120%,1.2,Consumption,18,-0.000433080694290822,-0.0004218279538728,1.12527404180218e-05
debt_intensity_b120,B2/Y2 = 120%,1.2,Consumption,19,-0.00043191691740363,-0.000431150654797041,7.66262606588519e-07
debt_intensity_b120,B2/Y2 = 120%,1.2,Consumption,20,-0.000428915062042123,-0.000437989513523029,-9.07445148090602e-06
debt_intensity_b120,B2/Y2 = 120%,1.2,Consumption,21,-0.000424729003872582,-0.000442984689018044,-1.82556851454629e-05
debt_intensity_b120,B2/Y2 = 120%,1.2,Consumption,22,-0.000419810628594974,-0.000446592033034654,-2.67814044396797e-05
debt_intensity_b120,B2/Y2 = 120%,1.2,Consumption,23,-0.000414465095971095,-0.000449132782301076,-3.46676863299811e-05
debt_intensity_b120,B2/Y2 = 120%,1.2,Consumption,24,-0.000408894139652838,-0.000450832674331769,-4.19385346789314e-05
debt_intensity_b120,B2/Y2 = 120%,1.2,Consumption,25,-0.000403228320844495,-0.000451851117466262,-4.86227966217667e-05
debt_intensity_b120,B2/Y2 = 120%,1.2,Consumption,26,-0.000397550203106944,-0.000452302136581539,-5.47519334745949e-05
debt_intensity_b120,B2/Y2 = 120%,1.2,Consumption,27,-0.00039191055108001,-0.000452268994560079,-6.03584434800686e-05
debt_intensity_b120,B2/Y2 = 120%,1.2,Consumption,28,-0.000386339404421787,-0.000451814178254129,-6.54747738323413e-05
debt_intensity_b120,B2/Y2 = 120%,1.2,Consumption,29,-0.00038085350850714,-0.000450986102948803,-7.01325944416631e-05
debt_intensity_b120,B2/Y2 = 120%,1.2,Consumption,30,-0.000375461220398776,-0.000449823555559337,-7.43623351605605e-05
debt_intensity_b120,B2/Y2 = 120%,1.2,Consumption,31,-0.000370165701274572,-0.000448358613192923,-7.81929119183511e-05
debt_intensity_b120,B2/Y2 = 120%,1.2,Consumption,32,-0.000364966966220237,-0.000446618552196298,-8.16515859760614e-05
debt_intensity_b120,B2/Y2 = 120%,1.2,Consumption,33,-0.000359863183756803,-0.000444627098850403,-8.47639150935997e-05
debt_intensity_b120,B2/Y2 = 120%,1.2,Consumption,34,-0.000354851489520747,-0.000442405256050549,-8.75537665298021e-05
debt_intensity_b120,B2/Y2 = 120%,1.2,Consumption,35,-0.000349928489296825,-0.00043997185949296,-9.00433701961356e-05
debt_intensity_b120,B2/Y2 = 120%,1.2,Consumption,36,-0.000345090565771922,-0.000437343962295667,-9.22533965237449e-05
debt_intensity_b120,B2/Y2 = 120%,1.2,Consumption,37,-0.000340334062648218,-0.000434537110858613,-9.4203048210395e-05
debt_intensity_b120,B2/Y2 = 120%,1.2,Consumption,38,-0.000335655392938228,-0.000431565551302526,-9.59101583642985e-05
debt_intensity_b120,B2/Y2 = 120%,1.2,Consumption,39,-0.000331051100850632,-0.000428442390829065,-9.73912899784324e-05
debt_intensity_b120,B2/Y2 = 120%,1.2,Consumption,40,-0.000326517895527068,-0.000425179728929526,-9.8661833402458e-05
debt_intensity_b120,B2/Y2 = 120%,1.2,Inflation,1,-0.0173112353592907,-0.0175353184811611,-0.000224083121870389
debt_intensity_b120,B2/Y2 = 120%,1.2,Inflation,2,-0.0112230998168319,-0.0114187114469944,-0.000195611630162462
debt_intensity_b120,B2/Y2 = 120%,1.2,Inflation,3,-0.00682054915332397,-0.00697436187459788,-0.000153812721273905
debt_intensity_b120,B2/Y2 = 120%,1.2,Inflation,4,-0.00388662119742444,-0.00399568831671038,-0.000109067119285933
debt_intensity_b120,B2/Y2 = 120%,1.2,Inflation,5,-0.00204104158177509,-0.00210818733359752,-6.71457518224283e-05
debt_intensity_b120,B2/Y2 = 120%,1.2,Inflation,6,-0.000934822340929564,-0.000965686238276198,-3.08638973466335e-05
debt_intensity_b120,B2/Y2 = 120%,1.2,Inflation,7,-0.000302371656558109,-0.000303587486936152,-1.21583037804296e-06
debt_intensity_b120,B2/Y2 = 120%,1.2,Inflation,8,4.01911002845257e-05,6.20525551968676e-05,2.18614549123419e-05
debt_intensity_b120,B2/Y2 = 120%,1.2,Inflation,9,0.000212667895162166,0.000251656307379333,3.89884122171669e-05
debt_intensity_b120,B2/Y2 = 120%,1.2,Inflation,10,0.000289610615831437,0.000340638496314494,5.10278804830566e-05
debt_intensity_b120,B2/Y2 = 120%,1.2,Inflation,11,0.000315609883305923,0.000374506266277663,5.88963829717404e-05
debt_intensity_b120,B2/Y2 = 120%,1.2,Inflation,12,0.000316323770225946,0.000379783117761434,6.34593475354883e-05
debt_intensity_b120,B2/Y2 = 120%,1.2,Inflation,13,0.000305900600546805,0.000371380709046187,6.54801084993828e-05
debt_intensity_b120,B2/Y2 = 120%,1.2,Inflation,14,0.000291738744398362,0.000357340595452671,6.56018510543088e-05
debt_intensity_b120,B2/Y2 = 120%,1.2,Inflation,15,0.000277423319470227,0.000341771833025195,6.43485135549682e-05
debt_intensity_b120,B2/Y2 = 120%,1.2,Inflation,16,0.000264476742076969,0.000326612318411801,6.21355763348319e-05
debt_intensity_b120,B2/Y2 = 120%,1.2,Inflation,17,0.000253367144397165,0.000312652232178579,5.92850877814133e-05
debt_intensity_b120,B2/Y2 = 120%,1.2,Inflation,18,0.000244067828081951,0.00030010941998615,5.6041591904199e-05
debt_intensity_b120,B2/Y2 = 120%,1.2,Inflation,19,0.000236353685644231,0.000288940821548067,5.25871359038366e-05
debt_intensity_b120,B2/Y2 = 120%,1.2,Inflation,20,0.000229948632008536,0.000279003123207833,4.90544911992963e-05
debt_intensity_b120,B2/Y2 = 120%,1.2,Inflation,21,0.000224591880689795,0.00027013017690769,4.55382962178952e-05
debt_intensity_b120,B2/Y2 = 120%,1.2,Inflation,22,0.000220062183287295,0.000262166336881808,4.21041535945132e-05
debt_intensity_b120,B2/Y2 = 120%,1.2,Inflation,23,0.000216181831100837,0.000254977710322013,3.87958792211762e-05
debt_intensity_b120,B2/Y2 = 120%,1.2,Inflation,24,0.000212812070029322,0.00024845323795275,3.56411679234281e-05
debt_intensity_b120,B2/Y2 = 120%,1.2,Inflation,25,0.000209845814702847,0.00024250176618712,3.26559514842728e-05
debt_intensity_b120,B2/Y2 = 120%,1.2,Inflation,26,0.000207200387124074,0.000237048092842196,2.98477057181223e-05
debt_intensity_b120,B2/Y2 = 120%,1.2,Inflation,27,0.000204811349214573,0.000232029279828572,2.72179306139986e-05
debt_intensity_b120,B2/Y2 = 120%,1.2,Inflation,28,0.000202627685332191,0.00022739167617547,2.47639908432795e-05
debt_intensity_b120,B2/Y2 = 120%,1.2,Inflation,29,0.000200608231734289,0.000223088700196383,2.24804684620938e-05
debt_intensity_b120,B2/Y2 = 120%,1.2,Inflation,30,0.000198719123749136,0.000219079271762679,2.03601480135429e-05
debt_intensity_b120,B2/Y2 = 120%,1.2,Inflation,31,0.000196932015932516,0.00021532674334046,1.83947274079443e-05
debt_intensity_b120,B2/Y2 = 120%,1.2,Inflation,32,0.000195222861037569,0.000211798187063073,1.6575326025503e-05
debt_intensity_b120,B2/Y2 = 120%,1.2,Inflation,33,0.000193571077844679,0.000208463921816282,1.48928439716034e-05
debt_intensity_b120,B2/Y2 = 120%,1.2,Inflation,34,0.000191958980968687,0.000205297193732301,1.33382127636139e-05
debt_intensity_b120,B2/Y2 = 120%,1.2,Inflation,35,0.000190371381995291,0.000202273949238219,1.19025672429274e-05
debt_intensity_b120,B2/Y2 = 120%,1.2,Inflation,36,0.00018879529947724,0.000199372660045993,1.05773605687531e-05
debt_intensity_b120,B2/Y2 = 120%,1.2,Inflation,37,0.000187219736106137,0.000196574174338604,9.35443823246729e-06
debt_intensity_b120,B2/Y2 = 120%,1.2,Inflation,38,0.000185635496148473,0.000193861578792642,8.22608264416935e-06
debt_intensity_b120,B2/Y2 = 120%,1.2,Inflation,39,0.000184035026411067,0.000191220063049391,7.18503663832415e-06
debt_intensity_b120,B2/Y2 = 120%,1.2,Inflation,40,0.000182412270801402,0.000188636782723295,6.22451192189288e-06
debt_intensity_b160,B2/Y2 = 160%,1.6,Debt service pressure,1,0.00700992179239818,0.0285988910054512,0.021588969213053
debt_intensity_b160,B2/Y2 = 160%,1.6,Debt service pressure,2,0.00583060897415317,0.0238007781719433,0.0179701691977902
debt_intensity_b160,B2/Y2 = 160%,1.6,Debt service pressure,3,0.00392503623967645,0.016069575738069,0.0121445394983925
debt_intensity_b160,B2/Y2 = 160%,1.6,Debt service pressure,4,0.00232382763600034,0.00955259113639721,0.00722876350039687
debt_intensity_b160,B2/Y2 = 160%,1.6,Debt service pressure,5,0.00123012021322238,0.00507521546390802,0.00384509525068564
debt_intensity_b160,B2/Y2 = 160%,1.6,Debt service pressure,6,0.000570960493060305,0.0023513927493247,0.0017804322562644
debt_intensity_b160,B2/Y2 = 160%,1.6,Debt service pressure,7,0.000215013196395115,0.000857426340557032,0.000642413144161917
debt_intensity_b160,B2/Y2 = 160%,1.6,Debt service pressure,8,4.69315171997067e-05,0.00013129655765786,8.43650404581536e-05
debt_intensity_b160,B2/Y2 = 160%,1.6,Debt service pressure,9,-1.56330986885713e-05,-0.000158166303769837,-0.000142533205081266
debt_intensity_b160,B2/Y2 = 160%,1.6,Debt service pressure,10,-2.51147200253342e-05,-0.00022292997753165,-0.000197815257506315
debt_intensity_b160,B2/Y2 = 160%,1.6,Debt service pressure,11,-1.20890023395659e-05,-0.000187584453436671,-0.000175495451097105
debt_intensity_b160,B2/Y2 = 160%,1.6,Debt service pressure,12,7.13294016875185e-06,-0.000119500727677028,-0.00012663366784578
debt_intensity_b160,B2/Y2 = 160%,1.6,Debt service pressure,13,2.48217835547284e-05,-5.14598529943455e-05,-7.6281636549074e-05
debt_intensity_b160,B2/Y2 = 160%,1.6,Debt service pressure,14,3.80381298895668e-05,3.2122096498173e-06,-3.48259202397495e-05
debt_intensity_b160,B2/Y2 = 160%,1.6,Debt service pressure,15,4.62918939681829e-05,4.12751927882059e-05,-5.01670117997698e-06
debt_intensity_b160,B2/Y2 = 160%,1.6,Debt service pressure,16,5.01904715937904e-05,6.41398206513988e-05,1.39493490576084e-05
debt_intensity_b160,B2/Y2 = 160%,1.6,Debt service pressure,17,5.07107782337785e-05,7.49200246118326e-05,2.42092463780541e-05
debt_intensity_b160,B2/Y2 = 160%,1.6,Debt service pressure,18,4.8841391661749e-05,7.69640217996304e-05,2.81226301378813e-05
debt_intensity_b160,B2/Y2 = 160%,1.6,Debt service pressure,19,4.54315112896377e-05,7.32149472788268e-05,2.77834359891892e-05
debt_intensity_b160,B2/Y2 = 160%,1.6,Debt service pressure,20,4.11476940417894e-05,6.6006711358868e-05,2.48590173170787e-05
debt_intensity_b160,B2/Y2 = 160%,1.6,Debt service pressure,21,3.64814343135969e-05,5.70679677027765e-05,2.05865333891796e-05
debt_intensity_b160,B2/Y2 = 160%,1.6,Debt service pressure,22,3.17766938428814e-05,4.761053808797e-05,1.58338442450886e-05
debt_intensity_b160,B2/Y2 = 160%,1.6,Debt service pressure,23,2.72618034916454e-05,3.84395477627322e-05,1.11777442710868e-05
debt_intensity_b160,B2/Y2 = 160%,1.6,Debt service pressure,24,2.30787272553013e-05,3.00566497717682e-05,6.97792251646689e-06
debt_intensity_b160,B2/Y2 = 160%,1.6,Debt service pressure,25,1.9307199108998e-05,2.27457706401188e-05,3.43857153112075e-06
debt_intensity_b160,B2/Y2 = 160%,1.6,Debt service pressure,26,1.59834430249342e-05,1.66396473523026e-05,6.56204327368314e-07
debt_intensity_b160,B2/Y2 = 160%,1.6,Debt service pressure,27,1.31141202315216e-05,1.17692299437741e-05,-1.34489028774751e-06
debt_intensity_b160,B2/Y2 = 160%,1.6,Debt service pressure,28,1.06864326220226e-05,8.09924262628117e-06,-2.58718999574144e-06
debt_intensity_b160,B2/Y2 = 160%,1.6,Debt service pressure,29,8.67529284120754e-06,5.55320019502217e-06,-3.12209264618536e-06
debt_intensity_b160,B2/Y2 = 160%,1.6,Debt service pressure,30,7.04833398834301e-06,4.03069563548186e-06,-3.01763835286115e-06
debt_intensity_b160,B2/Y2 = 160%,1.6,Debt service pressure,31,5.76936650465137e-06,3.41917274341783e-06,-2.35019376123354e-06
debt_intensity_b160,B2/Y2 = 160%,1.6,Debt service pressure,32,4.80073735506167e-06,3.6018366642819e-06,-1.19890069077977e-06
debt_intensity_b160,B2/Y2 = 160%,1.6,Debt service pressure,33,4.10492142715463e-06,4.46289376851774e-06,3.57972341363116e-07
debt_intensity_b160,B2/Y2 = 160%,1.6,Debt service pressure,34,3.64557887944355e-06,5.89095837345149e-06,2.24537949400794e-06
debt_intensity_b160,B2/Y2 = 160%,1.6,Debt service pressure,35,3.38824141353847e-06,7.7812046495318e-06,4.39296323599334e-06
debt_intensity_b160,B2/Y2 = 160%,1.6,Debt service pressure,36,3.30073998011833e-06,1.00366583903333e-05,6.73591841021497e-06
debt_intensity_b160,B2/Y2 = 160%,1.6,Debt service pressure,37,3.35345124759592e-06,1.25688963369189e-05,9.21544508932295e-06
debt_intensity_b160,B2/Y2 = 160%,1.6,Debt service pressure,38,3.5194160453644e-06,1.52983345570942e-05,1.17789185117298e-05
debt_intensity_b160,B2/Y2 = 160%,1.6,Debt service pressure,39,3.77436665481481e-06,1.81542296676593e-05,1.43798630128445e-05
debt_intensity_b160,B2/Y2 = 160%,1.6,Debt service pressure,40,4.09668882815802e-06,2.10744783762651e-05,1.69777895481071e-05
debt_intensity_b160,B2/Y2 = 160%,1.6,Public investment,1,-0.000623914719317969,-0.00159793794386175,-0.000974023224543777
debt_intensity_b160,B2/Y2 = 160%,1.6,Public investment,2,-0.00100914277402472,-0.00279244207761072,-0.00178329930358599
debt_intensity_b160,B2/Y2 = 160%,1.6,Public investment,3,-0.0012413886155835,-0.00367650110236613,-0.00243511248678263
debt_intensity_b160,B2/Y2 = 160%,1.6,Public investment,4,-0.00137976341606963,-0.00432107591931738,-0.00294131250324775
debt_intensity_b160,B2/Y2 = 160%,1.6,Public investment,5,-0.00146066924286797,-0.00477703659594339,-0.00331636735307542
debt_intensity_b160,B2/Y2 = 160%,1.6,Public investment,6,-0.00150482705416764,-0.00508059549349631,-0.00357576843932866
debt_intensity_b160,B2/Y2 = 160%,1.6,Public investment,7,-0.00152338215626363,-0.00525833069926,-0.00373494854299637
debt_intensity_b160,B2/Y2 = 160%,1.6,Public investment,8,-0.00152219136513053,-0.00533082385035945,-0.00380863248522892
debt_intensity_b160,B2/Y2 = 160%,1.6,Public investment,9,-0.00150448974381955,-0.00531498202130425,-0.0038104922774847
debt_intensity_b160,B2/Y2 = 160%,1.6,Public investment,10,-0.00147239365206496,-0.0052253893870034,-0.00375299573493844
debt_intensity_b160,B2/Y2 = 160%,1.6,Public investment,11,-0.00142766069218569,-0.00507502974272224,-0.00364736905053654
debt_intensity_b160,B2/Y2 = 160%,1.6,Public investment,12,-0.00137201585966812,-0.00487563784896546,-0.00350362198929734
debt_intensity_b160,B2/Y2 = 160%,1.6,Public investment,13,-0.00130724647297845,-0.00463785137055271,-0.00333060489757427
debt_intensity_b160,B2/Y2 = 160%,1.6,Public investment,14,-0.00123518801632354,-0.00437126818903222,-0.00313608017270868
debt_intensity_b160,B2/Y2 = 160%,1.6,Public investment,15,-0.00115766912934678,-0.00408446813737809,-0.00292679900803131
debt_intensity_b160,B2/Y2 = 160%,1.6,Public investment,16,-0.00107645060621929,-0.00378502948120159,-0.0027085788749823
debt_intensity_b160,B2/Y2 = 160%,1.6,Public investment,17,-0.000993173944927775,-0.00347955361789201,-0.00248637967296424
debt_intensity_b160,B2/Y2 = 160%,1.6,Public investment,18,-0.000909324560560462,-0.00317370224465412,-0.00226437768409365
debt_intensity_b160,B2/Y2 = 160%,1.6,Public investment,19,-0.000826209641947767,-0.00287224663422626,-0.0020460369922785
debt_intensity_b160,B2/Y2 = 160%,1.6,Public investment,20,-0.000744948463344372,-0.002579126670467,-0.00183417820712263
debt_intensity_b160,B2/Y2 = 160%,1.6,Public investment,21,-0.000666472346995961,-0.00229751671175576,-0.0016310443647598
debt_intensity_b160,B2/Y2 = 160%,1.6,Public investment,22,-0.000591531592497252,-0.00202989545207116,-0.00143836385957391
debt_intensity_b160,B2/Y2 = 160%,1.6,Public investment,23,-0.000520707100395465,-0.00177811734002889,-0.00125741023963342
debt_intensity_b160,B2/Y2 = 160%,1.6,Public investment,24,-0.000454424895243111,-0.00154348358782674,-0.00108905869258363
debt_intensity_b160,B2/Y2 = 160%,1.6,Public investment,25,-0.000392972194973917,-0.00132681125627014,-0.000933839061296224
debt_intensity_b160,B2/Y2 = 160%,1.6,Public investment,26,-0.000336514041946123,-0.00112849929891738,-0.000791985256971259
debt_intensity_b160,B2/Y2 = 160%,1.6,Public investment,27,-0.000285109801077474,-0.000948590777753,-0.000663480976675526
debt_intensity_b160,B2/Y2 = 160%,1.6,Public investment,28,-0.000238729050719227,-0.000786830728179089,-0.000548101677459861
debt_intensity_b160,B2/Y2 = 160%,1.6,Public investment,29,-0.000197266555172493,-0.000642719361170704,-0.000445452805998212
debt_intensity_b160,B2/Y2 = 160%,1.6,Public investment,30,-0.000160556126867759,-0.000515560454811992,-0.000355004327944233
debt_intensity_b160,B2/Y2 = 160%,1.6,Public investment,31,-0.000128383272213553,-0.000404504914931297,-0.000276121642717744
debt_intensity_b160,B2/Y2 = 160%,1.6,Public investment,32,-0.000100496576704717,-0.000308589582568741,-0.000208093005864024
debt_intensity_b160,B2/Y2 = 160%,1.6,Public investment,33,-7.66178286832897e-05,-0.0002267714404596,-0.00015015361177631
debt_intensity_b160,B2/Y2 = 160%,1.6,Public investment,34,-5.64509120287021e-05,-0.000157957426246677,-0.000101506514217975
debt_intensity_b160,B2/Y2 = 160%,1.6,Public investment,35,-3.96895195299007e-05,-0.000101030100375377,-6.13405808454759e-05
debt_intensity_b160,B2/Y2 = 160%,1.6,Public investment,36,-2.60237532677815e-05,-5.486944442544e-05,-2.88456911576584e-05
debt_intensity_b160,B2/Y2 = 160%,1.6,Public investment,37,-1.51456878017125e-05,-1.83710832610678e-05,-3.2253954593553e-06
debt_intensity_b160,B2/Y2 = 160%,1.6,Public investment,38,-6.75397758991003e-06,9.53876632610318e-06,1.62927439160132e-05
debt_intensity_b160,B2/Y2 = 160%,1.6,Public investment,39,-5.57592809924401e-07,2.98913153362751e-05,3.04489081461995e-05
debt_intensity_b160,B2/Y2 = 160%,1.6,Public investment,40,3.72123172938388e-06,4.36658885747399e-05,3.9944656845356e-05
debt_intensity_b160,B2/Y2 = 160%,1.6,Public capital,1,-0.000623914719318108,-0.00159793794386154,-0.00097402322454343
debt_intensity_b160,B2/Y2 = 160%,1.6,Public capital,2,-0.00161745962535953,-0.00435043157287662,-0.00273297194751709
debt_intensity_b160,B2/Y2 = 160%,1.6,Public capital,3,-0.00281841175030895,-0.00791817188592159,-0.00509976013561264
debt_intensity_b160,B2/Y2 = 160%,1.6,Public capital,4,-0.00412771487262109,-0.0120412935080916,-0.00791357863547049
debt_intensity_b160,B2/Y2 = 160%,1.6,Public capital,5,-0.00548519124367353,-0.0165172977663328,-0.0110321065226593
debt_intensity_b160,B2/Y2 = 160%,1.6,Public capital,6,-0.00685288851674937,-0.0211849608156713,-0.014332072298922
debt_intensity_b160,B2/Y2 = 160%,1.6,Public capital,7,-0.00820494846009456,-0.0259136674945397,-0.0177087190344452
debt_intensity_b160,B2/Y2 = 160%,1.6,Public capital,8,-0.00952201611372239,-0.0305966496575358,-0.0210746335438134
debt_intensity_b160,B2/Y2 = 160%,1.6,Public capital,9,-0.0107884554546986,-0.0351467154374019,-0.0243582599827032
debt_intensity_b160,B2/Y2 = 160%,1.6,Public capital,10,-0.0119911377203961,-0.0394934369384705,-0.0275022992180745
debt_intensity_b160,B2/Y2 = 160%,1.6,Public capital,11,-0.0131190199695723,-0.0435811307577314,-0.0304621107881591
debt_intensity_b160,B2/Y2 = 160%,1.6,Public capital,12,-0.0141630603300014,-0.0473672403377536,-0.0332041800077523
debt_intensity_b160,B2/Y2 = 160%,1.6,Public capital,13,-0.0151162302947299,-0.0508209106998629,-0.0357046804051331
debt_intensity_b160,B2/Y2 = 160%,1.6,Public capital,14,-0.0159735125536846,-0.0539216561213989,-0.0379481435677143
debt_intensity_b160,B2/Y2 = 160%,1.6,Public capital,15,-0.0167318438691897,-0.0566580828557424,-0.0399262389865527
debt_intensity_b160,B2/Y2 = 160%,1.6,Public capital,16,-0.0173899983786789,-0.05902666026555,-0.0416366618868711
debt_intensity_b160,B2/Y2 = 160%,1.6,Public capital,17,-0.0179484223641397,-0.061030547376804,-0.0430821250126643
debt_intensity_b160,B2/Y2 = 160%,1.6,Public capital,18,-0.0184090363655969,-0.0626784859370373,-0.0442694495714404
debt_intensity_b160,B2/Y2 = 160%,1.6,Public capital,19,-0.0187750200984045,-0.0639837704228379,-0.0452087503244334
debt_intensity_b160,B2/Y2 = 160%,1.6,Public capital,20,-0.0190505930592897,-0.0649633028327345,-0.0459127097734449
debt_intensity_b160,B2/Y2 = 160%,1.6,Public capital,21,-0.0192408005798033,-0.0656367369736719,-0.0463959363938686
debt_intensity_b160,B2/Y2 = 160%,1.6,Public capital,22,-0.0193513121578057,-0.0660257140014009,-0.0466744018435952
debt_intensity_b160,B2/Y2 = 160%,1.6,Public capital,23,-0.0193882364542555,-0.0661531884913948,-0.0467649520371394
debt_intensity_b160,B2/Y2 = 160%,1.6,Public capital,24,-0.0193579554381431,-0.0660428423669366,-0.0466848869287935
debt_intensity_b160,B2/Y2 = 160%,1.6,Public capital,25,-0.0192669787471633,-0.0657185825640338,-0.0464516038168705
debt_intensity_b160,B2/Y2 = 160%,1.6,Public capital,26,-0.0191218183204303,-0.0652041172988502,-0.04608229897842
debt_intensity_b160,B2/Y2 = 160%,1.6,Public capital,27,-0.0189288826634968,-0.0645226051441314,-0.0455937224806346
debt_intensity_b160,B2/Y2 = 160%,1.6,Public capital,28,-0.0186943896476288,-0.063696370743707,-0.0450019810960782
debt_intensity_b160,B2/Y2 = 160%,1.6,Public capital,29,-0.0184242964616113,-0.0627466808362858,-0.0443223843746745
debt_intensity_b160,B2/Y2 = 160%,1.6,Public capital,30,-0.0181242451769386,-0.0616935742701905,-0.043569329093252
debt_intensity_b160,B2/Y2 = 160%,1.6,Public capital,31,-0.0177995223197289,-0.0605557398283665,-0.0427562175086376
debt_intensity_b160,B2/Y2 = 160%,1.6,Public capital,32,-0.0174550308384402,-0.0593504359152259,-0.0418954050767857
debt_intensity_b160,B2/Y2 = 160%,1.6,Public capital,33,-0.0170952728961629,-0.0580934464578053,-0.0409981735616425
debt_intensity_b160,B2/Y2 = 160%,1.6,Public capital,34,-0.0167243419857881,-0.0567990677226069,-0.0400747257368188
debt_intensity_b160,B2/Y2 = 160%,1.6,Public capital,35,-0.0163459229556731,-0.055480121129917,-0.0391341981742439
debt_intensity_b160,B2/Y2 = 160%,1.6,Public capital,36,-0.0159632986350493,-0.0541479875460942,-0.0381846889110449
debt_intensity_b160,B2/Y2 = 160%,1.6,Public capital,37,-0.0155793618569753,-0.0528126589407032,-0.0372332970837279
debt_intensity_b160,B2/Y2 = 160%,1.6,Public capital,38,-0.0151966317881405,-0.0514828037008597,-0.0362861719127192
debt_intensity_b160,B2/Y2 = 160%,1.6,Public capital,39,-0.0148172735862468,-0.0501658422930014,-0.0353485687067545
debt_intensity_b160,B2/Y2 = 160%,1.6,Public capital,40,-0.0144431205148621,-0.0488680303471023,-0.0344249098322402
debt_intensity_b160,B2/Y2 = 160%,1.6,Final output,1,-0.0168064062434909,-0.0179321835119632,-0.00112577726847229
debt_intensity_b160,B2/Y2 = 160%,1.6,Final output,2,-0.0147549690697443,-0.0167018433339068,-0.00194687426416251
debt_intensity_b160,B2/Y2 = 160%,1.6,Final output,3,-0.0117207587004354,-0.0142403963336778,-0.00251963763324237
debt_intensity_b160,B2/Y2 = 160%,1.6,Final output,4,-0.00880660287028046,-0.0117014869223281,-0.00289488405204763
debt_intensity_b160,B2/Y2 = 160%,1.6,Final output,5,-0.00639996083923544,-0.00951659934691618,-0.00311663850768074
debt_intensity_b160,B2/Y2 = 160%,1.6,Final output,6,-0.00456359981273657,-0.00778533932906489,-0.00322173951632831
debt_intensity_b160,B2/Y2 = 160%,1.6,Final output,7,-0.00323045654239251,-0.00647060720967729,-0.00324015066728478
debt_intensity_b160,B2/Y2 = 160%,1.6,Final output,8,-0.00229598419527199,-0.00549167810909612,-0.00319569391382413
debt_intensity_b160,B2/Y2 = 160%,1.6,Final output,9,-0.00165822369449786,-0.00476518601309217,-0.00310696231859431
debt_intensity_b160,B2/Y2 = 160%,1.6,Final output,10,-0.00123226235564744,-0.00422051171404991,-0.00298824935840247
debt_intensity_b160,B2/Y2 = 160%,1.6,Final output,11,-0.000952929645008926,-0.00380333218498907,-0.00285040253998015
debt_intensity_b160,B2/Y2 = 160%,1.6,Final output,12,-0.000772698473775035,-0.00347425804092727,-0.00270155956715223
debt_intensity_b160,B2/Y2 = 160%,1.6,Final output,13,-0.000658129323499179,-0.00320588622197693,-0.00254775689847775
debt_intensity_b160,B2/Y2 = 160%,1.6,Final output,14,-0.000586327368293893,-0.00297974537540224,-0.00239341800710835
debt_intensity_b160,B2/Y2 = 160%,1.6,Final output,15,-0.000541959140972326,-0.00278369590929484,-0.00224173676832251
debt_intensity_b160,B2/Y2 = 160%,1.6,Final output,16,-0.000514945737718486,-0.00260991960680257,-0.00209497386908408
debt_intensity_b160,B2/Y2 = 160%,1.6,Final output,17,-0.000498770807569882,-0.00245345432981325,-0.00195468352224337
debt_intensity_b160,B2/Y2 = 160%,1.6,Final output,18,-0.00048928425585526,-0.00231116996088443,-0.00182188570502917
debt_intensity_b160,B2/Y2 = 160%,1.6,Final output,19,-0.000483879621283378,-0.00218107620990704,-0.00169719658862366
debt_intensity_b160,B2/Y2 = 160%,1.6,Final output,20,-0.000480940955825737,-0.00206186825936161,-0.00158092730353587
debt_intensity_b160,B2/Y2 = 160%,1.6,Final output,21,-0.000479477958475361,-0.00195263690043468,-0.00147315894195932
debt_intensity_b160,B2/Y2 = 160%,1.6,Final output,22,-0.000478889378751624,-0.00185268920114201,-0.00137379982239039
debt_intensity_b160,B2/Y2 = 160%,1.6,Final output,23,-0.000478812047094768,-0.0017614415840681,-0.00128262953697333
debt_intensity_b160,B2/Y2 = 160%,1.6,Final output,24,-0.000479026061284138,-0.00167835919200676,-0.00119933313072262
debt_intensity_b160,B2/Y2 = 160%,1.6,Final output,25,-0.000479396213713845,-0.00160292408463814,-0.00112352787092429
debt_intensity_b160,B2/Y2 = 160%,1.6,Final output,26,-0.00047983645236549,-0.00153462085232958,-0.00105478439996409
debt_intensity_b160,B2/Y2 = 160%,1.6,Final output,27,-0.000480288759836633,-0.00147293233575074,-0.000992643575914109
debt_intensity_b160,B2/Y2 = 160%,1.6,Final output,28,-0.000480710913824955,-0.00141734086425993,-0.000936629950434975
debt_intensity_b160,B2/Y2 = 160%,1.6,Final output,29,-0.000481069621639851,-0.0013673322005443,-0.000886262578904451
debt_intensity_b160,B2/Y2 = 160%,1.6,Final output,30,-0.000481336838188295,-0.0013224005147463,-0.000841063676558007
debt_intensity_b160,B2/Y2 = 160%,1.6,Final output,31,-0.000481487919538504,-0.0012820534260185,-0.00080056550648
debt_intensity_b160,B2/Y2 = 160%,1.6,Final output,32,-0.000481500796206569,-0.00124581659145784,-0.000764315795251269
debt_intensity_b160,B2/Y2 = 160%,1.6,Final output,33,-0.000481355681814732,-0.00121323759055847,-0.000731881908743737
debt_intensity_b160,B2/Y2 = 160%,1.6,Final output,34,-0.00048103503652841,-0.00118388901231581,-0.000702853975787399
debt_intensity_b160,B2/Y2 = 160%,1.6,Final output,35,-0.000480523628089258,-0.00115737074349831,-0.000676847115409052
debt_intensity_b160,B2/Y2 = 160%,1.6,Final output,36,-0.000479808606748011,-0.00113331150670137,-0.000653502899953362
debt_intensity_b160,B2/Y2 = 160%,1.6,Final output,37,-0.000478879553280964,-0.00111136972206716,-0.000632490168786193
debt_intensity_b160,B2/Y2 = 160%,1.6,Final output,38,-0.000477728483608275,-0.00109123377712461,-0.000613505293516337
debt_intensity_b160,B2/Y2 = 160%,1.6,Final output,39,-0.000476349806830423,-0.00107262179125611,-0.000596271984425689
debt_intensity_b160,B2/Y2 = 160%,1.6,Final output,40,-0.000474740240304472,-0.00105528095853968,-0.000580540718235212
debt_intensity_b160,B2/Y2 = 160%,1.6,Consumption,1,-0.0107674334617327,-0.0107466343831051,2.07990786276202e-05
debt_intensity_b160,B2/Y2 = 160%,1.6,Consumption,2,-0.00660360965091977,-0.00654688370171808,5.67259492016969e-05
debt_intensity_b160,B2/Y2 = 160%,1.6,Consumption,3,-0.00363733568009217,-0.00354290085322351,9.44348268686612e-05
debt_intensity_b160,B2/Y2 = 160%,1.6,Consumption,4,-0.00179563531788296,-0.0016687400812625,0.000126895236620461
debt_intensity_b160,B2/Y2 = 160%,1.6,Consumption,5,-0.000773612124554957,-0.000622602466338162,0.000151009658216794
debt_intensity_b160,B2/Y2 = 160%,1.6,Consumption,6,-0.000275983464005258,-0.000109953391700501,0.000166030072304757
debt_intensity_b160,B2/Y2 = 160%,1.6,Consumption,7,-8.24747685866933e-05,9.00418759931521e-05,0.000172516644579845
debt_intensity_b160,B2/Y2 = 160%,1.6,Consumption,8,-4.84744856118491e-05,0.000123195303135537,0.000171669788747386
debt_intensity_b160,B2/Y2 = 160%,1.6,Consumption,9,-8.71914755840031e-05,7.77268007153831e-05,0.000164918276299386
debt_intensity_b160,B2/Y2 = 160%,1.6,Consumption,10,-0.000150678582504282,3.00130339125904e-06,0.000153679885895541
debt_intensity_b160,B2/Y2 = 160%,1.6,Consumption,11,-0.000214949732355918,-7.57145716252516e-05,0.000139235160730666
debt_intensity_b160,B2/Y2 = 160%,1.6,Consumption,12,-0.000269762998336365,-0.000147090420910323,0.000122672577426042
debt_intensity_b160,B2/Y2 = 160%,1.6,Consumption,13,-0.00031217004323425,-0.000207293506672368,0.000104876536561882
debt_intensity_b160,B2/Y2 = 160%,1.6,Consumption,14,-0.0003427065878292,-0.000256167450153444,8.65391376757563e-05
debt_intensity_b160,B2/Y2 = 160%,1.6,Consumption,15,-0.000363285227380161,-0.000295101717001867,6.81835103782946e-05
debt_intensity_b160,B2/Y2 = 160%,1.6,Consumption,16,-0.000376118001217396,-0.000325926803245613,5.01911979717828e-05
debt_intensity_b160,B2/Y2 = 160%,1.6,Consumption,17,-0.000383226731289543,-0.000350397460270435,3.2829271019108e-05
debt_intensity_b160,B2/Y2 = 160%,1.6,Consumption,18,-0.000386268184661476,-0.000369993267011814,1.62749176496613e-05
debt_intensity_b160,B2/Y2 = 160%,1.6,Consumption,19,-0.000386514285170225,-0.000385877736058471,6.3654911175437e-07
debt_intensity_b160,B2/Y2 = 160%,1.6,Consumption,20,-0.00038489879898429,-0.000398927575813057,-1.40287768287672e-05
debt_intensity_b160,B2/Y2 = 160%,1.6,Consumption,21,-0.000382084492408619,-0.000409785886818836,-2.77013944102178e-05
debt_intensity_b160,B2/Y2 = 160%,1.6,Consumption,22,-0.000378529009650519,-0.000418917121198015,-4.03881115474958e-05
debt_intensity_b160,B2/Y2 = 160%,1.6,Consumption,23,-0.000374540804792822,-0.000426654654330672,-5.21138495378493e-05
debt_intensity_b160,B2/Y2 = 160%,1.6,Consumption,24,-0.000370323046983922,-0.000433238411059578,-6.29153640756552e-05
debt_intensity_b160,B2/Y2 = 160%,1.6,Consumption,25,-0.000366006388610174,-0.000438843005880374,-7.28366172702e-05
debt_intensity_b160,B2/Y2 = 160%,1.6,Consumption,26,-0.000361672557440351,-0.000443597989774336,-8.19254323339846e-05
debt_intensity_b160,B2/Y2 = 160%,1.6,Consumption,27,-0.000357370881478913,-0.000447602008557202,-9.02311270782885e-05
debt_intensity_b160,B2/Y2 = 160%,1.6,Consumption,28,-0.000353129609648062,-0.000450932492043088,-9.78028823950261e-05
debt_intensity_b160,B2/Y2 = 160%,1.6,Consumption,29,-0.00034896352356617,-0.000453652177877739,-0.000104688654311569
debt_intensity_b160,B2/Y2 = 160%,1.6,Consumption,30,-0.000344878972311613,-0.000455813454361853,-0.00011093448205024
debt_intensity_b160,B2/Y2 = 160%,1.6,Consumption,31,-0.00034087715325759,-0.000457461233340339,-0.000116584080082749
debt_intensity_b160,B2/Y2 = 160%,1.6,Consumption,32,-0.000336956219880502,-0.000458634850205475,-0.000121678630324973
debt_intensity_b160,B2/Y2 = 160%,1.6,Consumption,33,-0.00033311261697111,-0.000459369329466774,-0.000126256712495665
debt_intensity_b160,B2/Y2 = 160%,1.6,Consumption,34,-0.000329341913961279,-0.000459696241345675,-0.000130354327384397
debt_intensity_b160,B2/Y2 = 160%,1.6,Consumption,35,-0.000325639316364756,-0.000459644296753603,-0.000134004980388847
debt_intensity_b160,B2/Y2 = 160%,1.6,Consumption,36,-0.000321999973272091,-0.000459239775347231,-0.00013723980207514
debt_intensity_b160,B2/Y2 = 160%,1.6,Consumption,37,-0.000318419157154692,-0.000458506846589435,-0.000140087689434742
debt_intensity_b160,B2/Y2 = 160%,1.6,Consumption,38,-0.000314892364671859,-0.000457467821238566,-0.000142575456566707
debt_intensity_b160,B2/Y2 = 160%,1.6,Consumption,39,-0.000311415369214973,-0.000456143356363237,-0.000144727987148263
debt_intensity_b160,B2/Y2 = 160%,1.6,Consumption,40,-0.000307984244358406,-0.000454552628032956,-0.00014656838367455
debt_intensity_b160,B2/Y2 = 160%,1.6,Inflation,1,-0.0171814923737506,-0.0175162419745033,-0.000334749600752748
debt_intensity_b160,B2/Y2 = 160%,1.6,Inflation,2,-0.0111402578030365,-0.0114324179990544,-0.000292160196017854
debt_intensity_b160,B2/Y2 = 160%,1.6,Inflation,3,-0.00676748668956528,-0.00699712048861489,-0.000229633799049611
debt_intensity_b160,B2/Y2 = 160%,1.6,Inflation,4,-0.0038532072670725,-0.00401590597596302,-0.000162698708890519
debt_intensity_b160,B2/Y2 = 160%,1.6,Inflation,5,-0.0020211026330913,-0.00212109298164964,-9.99903485583431e-05
debt_intensity_b160,B2/Y2 = 160%,1.6,Inflation,6,-0.000924426549660295,-0.000970149981194379,-4.57234315340838e-05
debt_intensity_b160,B2/Y2 = 160%,1.6,Inflation,7,-0.000298873961864787,-0.000300261937028923,-1.38797516413547e-06
debt_intensity_b160,B2/Y2 = 160%,1.6,Inflation,8,3.867319397588e-05,7.17819727660274e-05,3.31087787901474e-05
debt_intensity_b160,B2/Y2 = 160%,1.6,Inflation,9,0.000207540047533206,0.000266234755473826,5.86947079406208e-05
debt_intensity_b160,B2/Y2 = 160%,1.6,Inflation,10,0.00028195856429436,0.000358619858035647,7.66612937412869e-05
debt_intensity_b160,B2/Y2 = 160%,1.6,Inflation,11,0.000306288469613225,0.000394669504458989,8.83810348457637e-05
debt_intensity_b160,B2/Y2 = 160%,1.6,Inflation,12,0.000306010910722021,0.000401161309224962,9.51503985029412e-05
debt_intensity_b160,B2/Y2 = 160%,1.6,Inflation,13,0.000295133258942926,0.000393246531080971,9.81132721380451e-05
debt_intensity_b160,B2/Y2 = 160%,1.6,Inflation,14,0.000280939401818614,0.000379173160831359,9.82337590127447e-05
debt_intensity_b160,B2/Y2 = 160%,1.6,Inflation,15,0.000266920975988238,0.000363218373737206,9.62973977489678e-05
debt_intensity_b160,B2/Y2 = 160%,1.6,Inflation,16,0.00025452428381767,0.000347451510303243,9.29272264855729e-05
debt_intensity_b160,B2/Y2 = 160%,1.6,Inflation,17,0.000244155903742715,0.000332762132286613,8.86062285438971e-05
debt_intensity_b160,B2/Y2 = 160%,1.6,Inflation,18,0.000235739753332131,0.000319440910657054,8.37011573249224e-05
debt_intensity_b160,B2/Y2 = 160%,1.6,Inflation,19,0.000229011398313661,0.000307496403352481,7.84850050388197e-05
debt_intensity_b160,B2/Y2 = 160%,1.6,Inflation,20,0.000223663620287029,0.000296820430848665,7.31568105616365e-05
debt_intensity_b160,B2/Y2 = 160%,1.6,Inflation,21,0.000219411078859144,0.000287269442694527,6.78583638353825e-05
debt_intensity_b160,B2/Y2 = 160%,1.6,Inflation,22,0.000216013187187114,0.000278701038502582,6.26878513154683e-05
debt_intensity_b160,B2/Y2 = 160%,1.6,Inflation,23,0.000213276989488254,0.000270987724532157,5.77107350439032e-05
debt_intensity_b160,B2/Y2 = 160%,1.6,Inflation,24,0.000211051671112239,0.00026401993092029,5.29682598080505e-05
debt_intensity_b160,B2/Y2 = 160%,1.6,Inflation,25,0.000209220559798329,0.000257704559858629,4.84840000603004e-05
debt_intensity_b160,B2/Y2 = 160%,1.6,Inflation,26,0.000207693313253765,0.000251962143643425,4.42688303896599e-05
debt_intensity_b160,B2/Y2 = 160%,1.6,Inflation,27,0.000206399332647766,0.000246723987448183,4.03246548004166e-05
debt_intensity_b160,B2/Y2 = 160%,1.6,Inflation,28,0.000205282630711068,0.000241929806043428,3.66471753323605e-05
debt_intensity_b160,B2/Y2 = 160%,1.6,Inflation,29,0.000204298027573158,0.000237525955173457,3.32279276002989e-05
debt_intensity_b160,B2/Y2 = 160%,1.6,Inflation,30,0.000203408425206941,0.000233464188755805,3.00557635488641e-05
debt_intensity_b160,B2/Y2 = 160%,1.6,Inflation,31,0.00020258289970787,0.000229700821304579,2.71179215967088e-05
debt_intensity_b160,B2/Y2 = 160%,1.6,Inflation,32,0.000201795384692005,0.00022619617615538,2.44007914633748e-05
debt_intensity_b160,B2/Y2 = 160%,1.6,Inflation,33,0.000201023766303043,0.000222914221055914,2.18904547528709e-05
debt_intensity_b160,B2/Y2 = 160%,1.6,Inflation,34,0.000200249255872587,0.000219822317746754,1.95730618741674e-05
debt_intensity_b160,B2/Y2 = 160%,1.6,Inflation,35,0.000199455944480897,0.000216891034626521,1.74350901456233e-05
debt_intensity_b160,B2/Y2 = 160%,1.6,Inflation,36,0.000198630473370542,0.000214093989386432,1.546351601589e-05
debt_intensity_b160,B2/Y2 = 160%,1.6,Inflation,37,0.000197761776110417,0.000211407701537603,1.36459254271859e-05
debt_intensity_b160,B2/Y2 = 160%,1.6,Inflation,38,0.000196840864023606,0.000208811443778156,1.197057975455e-05
debt_intensity_b160,B2/Y2 = 160%,1.6,Inflation,39,0.000195860637181022,0.000206287087112234,1.04264499312112e-05
debt_intensity_b160,B2/Y2 = 160%,1.6,Inflation,40,0.000194815710482077,0.00020381893834065,9.00322785857277e-06
